"GEO_ID","NAME","B19013_001E","B19013_001M",
"Geography","Geographic Area Name","Estimate!!Median household income in the past 12 months (in 2024 inflation-adjusted dollars)","Margin of Error!!Median household income in the past 12 months (in 2024 inflation-adjusted dollars)",
"1400000US34001000100","Census Tract 1; Atlantic County; New Jersey","56222","13213",
"1400000US34001000200","Census Tract 2; Atlantic County; New Jersey","42346","28560",
"1400000US34001000300","Census Tract 3; Atlantic County; New Jersey","52763","18124",
"1400000US34001000400","Census Tract 4; Atlantic County; New Jersey","50104","13921",
"1400000US34001000500","Census Tract 5; Atlantic County; New Jersey","53378","14617",
"1400000US34001001100","Census Tract 11; Atlantic County; New Jersey","38869","15987",
"1400000US34001001200","Census Tract 12; Atlantic County; New Jersey","48008","20994",
"1400000US34001001300","Census Tract 13; Atlantic County; New Jersey","51354","16678",
"1400000US34001001400","Census Tract 14; Atlantic County; New Jersey","24289","11147",
"1400000US34001001500","Census Tract 15; Atlantic County; New Jersey","21061","3556",
"1400000US34001001900","Census Tract 19; Atlantic County; New Jersey","45581","11856",
"1400000US34001002300","Census Tract 23; Atlantic County; New Jersey","40130","8507",
"1400000US34001002400","Census Tract 24; Atlantic County; New Jersey","26427","5489",
"1400000US34001002500","Census Tract 25; Atlantic County; New Jersey","37670","16899",
"1400000US34001010101","Census Tract 101.01; Atlantic County; New Jersey","134342","19228",
"1400000US34001010102","Census Tract 101.02; Atlantic County; New Jersey","121250","28490",
"1400000US34001010104","Census Tract 101.04; Atlantic County; New Jersey","62050","34307",
"1400000US34001010105","Census Tract 101.05; Atlantic County; New Jersey","67396","12456",
"1400000US34001010200","Census Tract 102; Atlantic County; New Jersey","65000","11290",
"1400000US34001010300","Census Tract 103; Atlantic County; New Jersey","87464","22071",
"1400000US34001010401","Census Tract 104.01; Atlantic County; New Jersey","85572","21279",
"1400000US34001010403","Census Tract 104.03; Atlantic County; New Jersey","102861","11192",
"1400000US34001010501","Census Tract 105.01; Atlantic County; New Jersey","93447","16579",
"1400000US34001010503","Census Tract 105.03; Atlantic County; New Jersey","83430","10902",
"1400000US34001010505","Census Tract 105.05; Atlantic County; New Jersey","88455","18584",
"1400000US34001010506","Census Tract 105.06; Atlantic County; New Jersey","115574","16485",
"1400000US34001010600","Census Tract 106; Atlantic County; New Jersey","71711","20915",
"1400000US34001010700","Census Tract 107; Atlantic County; New Jersey","93421","16364",
"1400000US34001010800","Census Tract 108; Atlantic County; New Jersey","66524","16969",
"1400000US34001010900","Census Tract 109; Atlantic County; New Jersey","76351","19475",
"1400000US34001011000","Census Tract 110; Atlantic County; New Jersey","95329","7647",
"1400000US34001011100","Census Tract 111; Atlantic County; New Jersey","81719","38374",
"1400000US34001011201","Census Tract 112.01; Atlantic County; New Jersey","110227","17522",
"1400000US34001011202","Census Tract 112.02; Atlantic County; New Jersey","87581","16087",
"1400000US34001011300","Census Tract 113; Atlantic County; New Jersey","79697","15214",
"1400000US34001011401","Census Tract 114.01; Atlantic County; New Jersey","107517","16954",
"1400000US34001011403","Census Tract 114.03; Atlantic County; New Jersey","72692","23326",
"1400000US34001011404","Census Tract 114.04; Atlantic County; New Jersey","75579","11383",
"1400000US34001011500","Census Tract 115; Atlantic County; New Jersey","75813","11273",
"1400000US34001011600","Census Tract 116; Atlantic County; New Jersey","81717","7360",
"1400000US34001011702","Census Tract 117.02; Atlantic County; New Jersey","63508","20952",
"1400000US34001011703","Census Tract 117.03; Atlantic County; New Jersey","89375","31461",
"1400000US34001011704","Census Tract 117.04; Atlantic County; New Jersey","72350","39753",
"1400000US34001011803","Census Tract 118.03; Atlantic County; New Jersey","82009","22262",
"1400000US34001011804","Census Tract 118.04; Atlantic County; New Jersey","101321","11932",
"1400000US34001011805","Census Tract 118.05; Atlantic County; New Jersey","106641","11454",
"1400000US34001011806","Census Tract 118.06; Atlantic County; New Jersey","132160","20097",
"1400000US34001011807","Census Tract 118.07; Atlantic County; New Jersey","132014","14558",
"1400000US34001011808","Census Tract 118.08; Atlantic County; New Jersey","87500","29021",
"1400000US34001011901","Census Tract 119.01; Atlantic County; New Jersey","75417","33099",
"1400000US34001011902","Census Tract 119.02; Atlantic County; New Jersey","43489","11520",
"1400000US34001012000","Census Tract 120; Atlantic County; New Jersey","60417","15470",
"1400000US34001012100","Census Tract 121; Atlantic County; New Jersey","59718","15660",
"1400000US34001012200","Census Tract 122; Atlantic County; New Jersey","52477","14727",
"1400000US34001012302","Census Tract 123.02; Atlantic County; New Jersey","114880","22611",
"1400000US34001012401","Census Tract 124.01; Atlantic County; New Jersey","91982","26772",
"1400000US34001012402","Census Tract 124.02; Atlantic County; New Jersey","118929","28445",
"1400000US34001012501","Census Tract 125.01; Atlantic County; New Jersey","114375","40870",
"1400000US34001012502","Census Tract 125.02; Atlantic County; New Jersey","136528","52848",
"1400000US34001012602","Census Tract 126.02; Atlantic County; New Jersey","164375","31582",
"1400000US34001012701","Census Tract 127.01; Atlantic County; New Jersey","92179","14242",
"1400000US34001012702","Census Tract 127.02; Atlantic County; New Jersey","56445","14659",
"1400000US34001012801","Census Tract 128.01; Atlantic County; New Jersey","53067","10957",
"1400000US34001012802","Census Tract 128.02; Atlantic County; New Jersey","74839","21763",
"1400000US34001013000","Census Tract 130; Atlantic County; New Jersey","135122","20272",
"1400000US34001013101","Census Tract 131.01; Atlantic County; New Jersey","204671","36170",
"1400000US34001013102","Census Tract 131.02; Atlantic County; New Jersey","108818","7573",
"1400000US34001013201","Census Tract 132.01; Atlantic County; New Jersey","59881","22902",
"1400000US34001013202","Census Tract 132.02; Atlantic County; New Jersey","65375","15038",
"1400000US34001013301","Census Tract 133.01; Atlantic County; New Jersey","77339","28482",
"1400000US34001013302","Census Tract 133.02; Atlantic County; New Jersey","82614","30162",
"1400000US34001013500","Census Tract 135; Atlantic County; New Jersey","133125","49928",
"1400000US34001983400","Census Tract 9834; Atlantic County; New Jersey","-","**",
"1400000US34001990000","Census Tract 9900; Atlantic County; New Jersey","-","**",
"1400000US34003001001","Census Tract 10.01; Bergen County; New Jersey","162335","19187",
"1400000US34003001002","Census Tract 10.02; Bergen County; New Jersey","146512","23655",
"1400000US34003002100","Census Tract 21; Bergen County; New Jersey","246944","77017",
"1400000US34003002200","Census Tract 22; Bergen County; New Jersey","128542","23999",
"1400000US34003002300","Census Tract 23; Bergen County; New Jersey","178311","20365",
"1400000US34003003100","Census Tract 31; Bergen County; New Jersey","123125","42087",
"1400000US34003003200","Census Tract 32; Bergen County; New Jersey","99472","15744",
"1400000US34003003300","Census Tract 33; Bergen County; New Jersey","141136","21116",
"1400000US34003003401","Census Tract 34.01; Bergen County; New Jersey","144375","53880",
"1400000US34003003402","Census Tract 34.02; Bergen County; New Jersey","156845","24195",
"1400000US34003003500","Census Tract 35; Bergen County; New Jersey","79327","53532",
"1400000US34003004001","Census Tract 40.01; Bergen County; New Jersey","106438","22365",
"1400000US34003004002","Census Tract 40.02; Bergen County; New Jersey","97750","24749",
"1400000US34003005000","Census Tract 50; Bergen County; New Jersey","115444","38476",
"1400000US34003006101","Census Tract 61.01; Bergen County; New Jersey","95667","44615",
"1400000US34003006102","Census Tract 61.02; Bergen County; New Jersey","81250","55875",
"1400000US34003006201","Census Tract 62.01; Bergen County; New Jersey","71125","53098",
"1400000US34003006202","Census Tract 62.02; Bergen County; New Jersey","110755","6557",
"1400000US34003006301","Census Tract 63.01; Bergen County; New Jersey","57345","21543",
"1400000US34003006302","Census Tract 63.02; Bergen County; New Jersey","109559","36457",
"1400000US34003007001","Census Tract 70.01; Bergen County; New Jersey","161607","26477",
"1400000US34003007002","Census Tract 70.02; Bergen County; New Jersey","237100","54272",
"1400000US34003008001","Census Tract 80.01; Bergen County; New Jersey","174375","30086",
"1400000US34003008002","Census Tract 80.02; Bergen County; New Jersey","157900","26802",
"1400000US34003009100","Census Tract 91; Bergen County; New Jersey","208036","55973",
"1400000US34003009200","Census Tract 92; Bergen County; New Jersey","236765","20085",
"1400000US34003010100","Census Tract 101; Bergen County; New Jersey","130362","30208",
"1400000US34003010200","Census Tract 102; Bergen County; New Jersey","107005","44619",
"1400000US34003010300","Census Tract 103; Bergen County; New Jersey","127202","17889",
"1400000US34003011100","Census Tract 111; Bergen County; New Jersey","114904","29561",
"1400000US34003011200","Census Tract 112; Bergen County; New Jersey","82774","27788",
"1400000US34003011300","Census Tract 113; Bergen County; New Jersey","94167","41329",
"1400000US34003011400","Census Tract 114; Bergen County; New Jersey","101979","13035",
"1400000US34003012001","Census Tract 120.01; Bergen County; New Jersey","88973","25686",
"1400000US34003012002","Census Tract 120.02; Bergen County; New Jersey","104712","14487",
"1400000US34003013002","Census Tract 130.02; Bergen County; New Jersey","106199","10596",
"1400000US34003013003","Census Tract 130.03; Bergen County; New Jersey","125515","23224",
"1400000US34003013004","Census Tract 130.04; Bergen County; New Jersey","127236","46546",
"1400000US34003014000","Census Tract 140; Bergen County; New Jersey","155536","24565",
"1400000US34003015100","Census Tract 151; Bergen County; New Jersey","195223","25920",
"1400000US34003015200","Census Tract 152; Bergen County; New Jersey","97546","44984",
"1400000US34003015300","Census Tract 153; Bergen County; New Jersey","100625","55905",
"1400000US34003015401","Census Tract 154.01; Bergen County; New Jersey","60809","27646",
"1400000US34003015402","Census Tract 154.02; Bergen County; New Jersey","86083","10539",
"1400000US34003015500","Census Tract 155; Bergen County; New Jersey","140764","40451",
"1400000US34003016000","Census Tract 160; Bergen County; New Jersey","230611","22045",
"1400000US34003017101","Census Tract 171.01; Bergen County; New Jersey","154583","32174",
"1400000US34003017102","Census Tract 171.02; Bergen County; New Jersey","122282","30433",
"1400000US34003017200","Census Tract 172; Bergen County; New Jersey","94789","19096",
"1400000US34003017301","Census Tract 173.01; Bergen County; New Jersey","182188","88855",
"1400000US34003017302","Census Tract 173.02; Bergen County; New Jersey","153991","11918",
"1400000US34003017400","Census Tract 174; Bergen County; New Jersey","184265","15400",
"1400000US34003017501","Census Tract 175.01; Bergen County; New Jersey","134707","31177",
"1400000US34003017502","Census Tract 175.02; Bergen County; New Jersey","112094","36544",
"1400000US34003018101","Census Tract 181.01; Bergen County; New Jersey","47005","19629",
"1400000US34003018102","Census Tract 181.02; Bergen County; New Jersey","63120","3974",
"1400000US34003018200","Census Tract 182; Bergen County; New Jersey","77500","26474",
"1400000US34003019102","Census Tract 191.02; Bergen County; New Jersey","105208","17127",
"1400000US34003019103","Census Tract 191.03; Bergen County; New Jersey","74951","10918",
"1400000US34003019104","Census Tract 191.04; Bergen County; New Jersey","115607","17192",
"1400000US34003019202","Census Tract 192.02; Bergen County; New Jersey","123906","34905",
"1400000US34003019203","Census Tract 192.03; Bergen County; New Jersey","98603","25403",
"1400000US34003019204","Census Tract 192.04; Bergen County; New Jersey","76667","21128",
"1400000US34003019303","Census Tract 193.03; Bergen County; New Jersey","100191","44900",
"1400000US34003019304","Census Tract 193.04; Bergen County; New Jersey","134519","41431",
"1400000US34003019305","Census Tract 193.05; Bergen County; New Jersey","143832","26817",
"1400000US34003019306","Census Tract 193.06; Bergen County; New Jersey","191477","25272",
"1400000US34003020100","Census Tract 201; Bergen County; New Jersey","175517","46550",
"1400000US34003020200","Census Tract 202; Bergen County; New Jersey","250,000+","***",
"1400000US34003021101","Census Tract 211.01; Bergen County; New Jersey","81588","15620",
"1400000US34003021102","Census Tract 211.02; Bergen County; New Jersey","89054","19472",
"1400000US34003021200","Census Tract 212; Bergen County; New Jersey","107119","11587",
"1400000US34003021300","Census Tract 213; Bergen County; New Jersey","80320","18841",
"1400000US34003021400","Census Tract 214; Bergen County; New Jersey","59180","17636",
"1400000US34003021500","Census Tract 215; Bergen County; New Jersey","79256","10234",
"1400000US34003021600","Census Tract 216; Bergen County; New Jersey","71637","10556",
"1400000US34003022100","Census Tract 221; Bergen County; New Jersey","182917","23318",
"1400000US34003022200","Census Tract 222; Bergen County; New Jersey","243233","43794",
"1400000US34003023100","Census Tract 231; Bergen County; New Jersey","96104","32431",
"1400000US34003023201","Census Tract 232.01; Bergen County; New Jersey","88515","22709",
"1400000US34003023202","Census Tract 232.02; Bergen County; New Jersey","87207","10699",
"1400000US34003023301","Census Tract 233.01; Bergen County; New Jersey","129291","32717",
"1400000US34003023303","Census Tract 233.03; Bergen County; New Jersey","77067","20202",
"1400000US34003023304","Census Tract 233.04; Bergen County; New Jersey","107143","29928",
"1400000US34003023401","Census Tract 234.01; Bergen County; New Jersey","86095","8220",
"1400000US34003023402","Census Tract 234.02; Bergen County; New Jersey","81818","24640",
"1400000US34003023501","Census Tract 235.01; Bergen County; New Jersey","67250","13122",
"1400000US34003023502","Census Tract 235.02; Bergen County; New Jersey","86053","24980",
"1400000US34003023601","Census Tract 236.01; Bergen County; New Jersey","91250","36319",
"1400000US34003023602","Census Tract 236.02; Bergen County; New Jersey","61246","4025",
"1400000US34003024100","Census Tract 241; Bergen County; New Jersey","205385","33897",
"1400000US34003024200","Census Tract 242; Bergen County; New Jersey","180500","28528",
"1400000US34003025100","Census Tract 251; Bergen County; New Jersey","95234","33746",
"1400000US34003025200","Census Tract 252; Bergen County; New Jersey","134402","26938",
"1400000US34003026100","Census Tract 261; Bergen County; New Jersey","191500","26874",
"1400000US34003026200","Census Tract 262; Bergen County; New Jersey","183553","25291",
"1400000US34003027000","Census Tract 270; Bergen County; New Jersey","250,000+","***",
"1400000US34003028001","Census Tract 280.01; Bergen County; New Jersey","111833","23612",
"1400000US34003028002","Census Tract 280.02; Bergen County; New Jersey","173262","57845",
"1400000US34003029100","Census Tract 291; Bergen County; New Jersey","71587","15458",
"1400000US34003029200","Census Tract 292; Bergen County; New Jersey","105441","33282",
"1400000US34003030100","Census Tract 301; Bergen County; New Jersey","85436","23516",
"1400000US34003030201","Census Tract 302.01; Bergen County; New Jersey","81923","20679",
"1400000US34003030202","Census Tract 302.02; Bergen County; New Jersey","66827","34197",
"1400000US34003030300","Census Tract 303; Bergen County; New Jersey","90156","23909",
"1400000US34003030401","Census Tract 304.01; Bergen County; New Jersey","92036","30766",
"1400000US34003030402","Census Tract 304.02; Bergen County; New Jersey","127372","19011",
"1400000US34003031100","Census Tract 311; Bergen County; New Jersey","114778","28280",
"1400000US34003031200","Census Tract 312; Bergen County; New Jersey","93981","23532",
"1400000US34003031300","Census Tract 313; Bergen County; New Jersey","116698","20039",
"1400000US34003031400","Census Tract 314; Bergen County; New Jersey","89943","16116",
"1400000US34003032102","Census Tract 321.02; Bergen County; New Jersey","136950","33580",
"1400000US34003032103","Census Tract 321.03; Bergen County; New Jersey","105184","26257",
"1400000US34003032104","Census Tract 321.04; Bergen County; New Jersey","138571","30257",
"1400000US34003032201","Census Tract 322.01; Bergen County; New Jersey","137522","27095",
"1400000US34003032202","Census Tract 322.02; Bergen County; New Jersey","138000","12553",
"1400000US34003033100","Census Tract 331; Bergen County; New Jersey","139101","9890",
"1400000US34003033200","Census Tract 332; Bergen County; New Jersey","104797","38470",
"1400000US34003033300","Census Tract 333; Bergen County; New Jersey","93750","21503",
"1400000US34003034001","Census Tract 340.01; Bergen County; New Jersey","110450","53346",
"1400000US34003034002","Census Tract 340.02; Bergen County; New Jersey","170035","27298",
"1400000US34003035100","Census Tract 351; Bergen County; New Jersey","178269","20952",
"1400000US34003035200","Census Tract 352; Bergen County; New Jersey","213981","52635",
"1400000US34003036100","Census Tract 361; Bergen County; New Jersey","82669","26970",
"1400000US34003036200","Census Tract 362; Bergen County; New Jersey","90260","27756",
"1400000US34003037100","Census Tract 371; Bergen County; New Jersey","123871","7920",
"1400000US34003037201","Census Tract 372.01; Bergen County; New Jersey","157850","29861",
"1400000US34003037203","Census Tract 372.03; Bergen County; New Jersey","130924","12981",
"1400000US34003037204","Census Tract 372.04; Bergen County; New Jersey","70441","8957",
"1400000US34003038100","Census Tract 381; Bergen County; New Jersey","103860","16277",
"1400000US34003038200","Census Tract 382; Bergen County; New Jersey","74216","9518",
"1400000US34003038300","Census Tract 383; Bergen County; New Jersey","115810","19717",
"1400000US34003039100","Census Tract 391; Bergen County; New Jersey","138272","25163",
"1400000US34003039200","Census Tract 392; Bergen County; New Jersey","187188","18901",
"1400000US34003039300","Census Tract 393; Bergen County; New Jersey","134044","32112",
"1400000US34003040001","Census Tract 400.01; Bergen County; New Jersey","231042","25964",
"1400000US34003040002","Census Tract 400.02; Bergen County; New Jersey","211500","46860",
"1400000US34003041100","Census Tract 411; Bergen County; New Jersey","84757","28071",
"1400000US34003041200","Census Tract 412; Bergen County; New Jersey","98750","40782",
"1400000US34003041301","Census Tract 413.01; Bergen County; New Jersey","98045","17429",
"1400000US34003041302","Census Tract 413.02; Bergen County; New Jersey","94808","15856",
"1400000US34003042101","Census Tract 421.01; Bergen County; New Jersey","123250","31366",
"1400000US34003042102","Census Tract 421.02; Bergen County; New Jersey","163114","21188",
"1400000US34003042301","Census Tract 423.01; Bergen County; New Jersey","123182","59954",
"1400000US34003042302","Census Tract 423.02; Bergen County; New Jersey","159173","12376",
"1400000US34003042400","Census Tract 424; Bergen County; New Jersey","149342","38475",
"1400000US34003042500","Census Tract 425; Bergen County; New Jersey","101068","22616",
"1400000US34003043001","Census Tract 430.01; Bergen County; New Jersey","221838","20239",
"1400000US34003043002","Census Tract 430.02; Bergen County; New Jersey","160589","28240",
"1400000US34003044100","Census Tract 441; Bergen County; New Jersey","191406","39543",
"1400000US34003044201","Census Tract 442.01; Bergen County; New Jersey","201991","26879",
"1400000US34003044202","Census Tract 442.02; Bergen County; New Jersey","112625","24734",
"1400000US34003045101","Census Tract 451.01; Bergen County; New Jersey","109950","20809",
"1400000US34003045102","Census Tract 451.02; Bergen County; New Jersey","125021","21734",
"1400000US34003045200","Census Tract 452; Bergen County; New Jersey","129620","50416",
"1400000US34003046100","Census Tract 461; Bergen County; New Jersey","94453","14363",
"1400000US34003046200","Census Tract 462; Bergen County; New Jersey","107802","24384",
"1400000US34003046300","Census Tract 463; Bergen County; New Jersey","105130","21174",
"1400000US34003047100","Census Tract 471; Bergen County; New Jersey","202625","36515",
"1400000US34003047200","Census Tract 472; Bergen County; New Jersey","208700","59564",
"1400000US34003047300","Census Tract 473; Bergen County; New Jersey","250,000+","***",
"1400000US34003047400","Census Tract 474; Bergen County; New Jersey","160278","47485",
"1400000US34003047500","Census Tract 475; Bergen County; New Jersey","224556","38166",
"1400000US34003048100","Census Tract 481; Bergen County; New Jersey","108259","18968",
"1400000US34003048200","Census Tract 482; Bergen County; New Jersey","215202","30672",
"1400000US34003049001","Census Tract 490.01; Bergen County; New Jersey","239583","25501",
"1400000US34003049002","Census Tract 490.02; Bergen County; New Jersey","188417","46852",
"1400000US34003050000","Census Tract 500; Bergen County; New Jersey","110380","31747",
"1400000US34003051100","Census Tract 511; Bergen County; New Jersey","156488","37985",
"1400000US34003051200","Census Tract 512; Bergen County; New Jersey","170658","38606",
"1400000US34003051300","Census Tract 513; Bergen County; New Jersey","117321","17642",
"1400000US34003051400","Census Tract 514; Bergen County; New Jersey","175102","15863",
"1400000US34003052100","Census Tract 521; Bergen County; New Jersey","126321","28796",
"1400000US34003052200","Census Tract 522; Bergen County; New Jersey","130038","10681",
"1400000US34003053100","Census Tract 531; Bergen County; New Jersey","212143","97827",
"1400000US34003053201","Census Tract 532.01; Bergen County; New Jersey","250,000+","***",
"1400000US34003053202","Census Tract 532.02; Bergen County; New Jersey","250,000+","***",
"1400000US34003054101","Census Tract 541.01; Bergen County; New Jersey","157705","30124",
"1400000US34003054102","Census Tract 541.02; Bergen County; New Jersey","125115","13844",
"1400000US34003054200","Census Tract 542; Bergen County; New Jersey","106607","26228",
"1400000US34003054300","Census Tract 543; Bergen County; New Jersey","185339","58609",
"1400000US34003054400","Census Tract 544; Bergen County; New Jersey","147929","13692",
"1400000US34003054500","Census Tract 545; Bergen County; New Jersey","141157","14452",
"1400000US34003054601","Census Tract 546.01; Bergen County; New Jersey","112759","28576",
"1400000US34003054602","Census Tract 546.02; Bergen County; New Jersey","148708","20804",
"1400000US34003055100","Census Tract 551; Bergen County; New Jersey","247292","58763",
"1400000US34003055201","Census Tract 552.01; Bergen County; New Jersey","213147","56665",
"1400000US34003055202","Census Tract 552.02; Bergen County; New Jersey","195375","36613",
"1400000US34003056100","Census Tract 561; Bergen County; New Jersey","166875","36653",
"1400000US34003056200","Census Tract 562; Bergen County; New Jersey","183092","36730",
"1400000US34003057101","Census Tract 571.01; Bergen County; New Jersey","79211","17543",
"1400000US34003057102","Census Tract 571.02; Bergen County; New Jersey","102734","4131",
"1400000US34003057200","Census Tract 572; Bergen County; New Jersey","65272","17691",
"1400000US34003058100","Census Tract 581; Bergen County; New Jersey","155000","37266",
"1400000US34003058200","Census Tract 582; Bergen County; New Jersey","183531","17146",
"1400000US34003059100","Census Tract 591; Bergen County; New Jersey","161083","52814",
"1400000US34003059200","Census Tract 592; Bergen County; New Jersey","166711","23540",
"1400000US34003060001","Census Tract 600.01; Bergen County; New Jersey","140211","19563",
"1400000US34003060002","Census Tract 600.02; Bergen County; New Jersey","131927","27580",
"1400000US34003061100","Census Tract 611; Bergen County; New Jersey","204000","46120",
"1400000US34003061200","Census Tract 612; Bergen County; New Jersey","233409","43202",
"1400000US34003061300","Census Tract 613; Bergen County; New Jersey","241536","38705",
"1400000US34003061400","Census Tract 614; Bergen County; New Jersey","178309","21892",
"1400000US34005700102","Census Tract 7001.02; Burlington County; New Jersey","98086","6616",
"1400000US34005700103","Census Tract 7001.03; Burlington County; New Jersey","90517","4161",
"1400000US34005700104","Census Tract 7001.04; Burlington County; New Jersey","80219","19523",
"1400000US34005700200","Census Tract 7002; Burlington County; New Jersey","121198","9549",
"1400000US34005700303","Census Tract 7003.03; Burlington County; New Jersey","106225","25764",
"1400000US34005700304","Census Tract 7003.04; Burlington County; New Jersey","111042","14787",
"1400000US34005700305","Census Tract 7003.05; Burlington County; New Jersey","127083","16269",
"1400000US34005700306","Census Tract 7003.06; Burlington County; New Jersey","131486","6179",
"1400000US34005700307","Census Tract 7003.07; Burlington County; New Jersey","173286","10268",
"1400000US34005700401","Census Tract 7004.01; Burlington County; New Jersey","103125","7899",
"1400000US34005700402","Census Tract 7004.02; Burlington County; New Jersey","86837","7335",
"1400000US34005700403","Census Tract 7004.03; Burlington County; New Jersey","90357","6881",
"1400000US34005700405","Census Tract 7004.05; Burlington County; New Jersey","86453","8172",
"1400000US34005700407","Census Tract 7004.07; Burlington County; New Jersey","49414","16770",
"1400000US34005700408","Census Tract 7004.08; Burlington County; New Jersey","72857","17883",
"1400000US34005700501","Census Tract 7005.01; Burlington County; New Jersey","130899","17205",
"1400000US34005700502","Census Tract 7005.02; Burlington County; New Jersey","123843","35103",
"1400000US34005700503","Census Tract 7005.03; Burlington County; New Jersey","154205","12889",
"1400000US34005700504","Census Tract 7005.04; Burlington County; New Jersey","171339","37049",
"1400000US34005700505","Census Tract 7005.05; Burlington County; New Jersey","234400","36189",
"1400000US34005700602","Census Tract 7006.02; Burlington County; New Jersey","109661","15457",
"1400000US34005700603","Census Tract 7006.03; Burlington County; New Jersey","89247","15625",
"1400000US34005700605","Census Tract 7006.05; Burlington County; New Jersey","127821","36670",
"1400000US34005700701","Census Tract 7007.01; Burlington County; New Jersey","98935","47415",
"1400000US34005700702","Census Tract 7007.02; Burlington County; New Jersey","85411","4906",
"1400000US34005700703","Census Tract 7007.03; Burlington County; New Jersey","50893","35929",
"1400000US34005700800","Census Tract 7008; Burlington County; New Jersey","78710","10047",
"1400000US34005700900","Census Tract 7009; Burlington County; New Jersey","89458","12220",
"1400000US34005701001","Census Tract 7010.01; Burlington County; New Jersey","59219","49411",
"1400000US34005701002","Census Tract 7010.02; Burlington County; New Jersey","88570","10721",
"1400000US34005701102","Census Tract 7011.02; Burlington County; New Jersey","101029","30945",
"1400000US34005701103","Census Tract 7011.03; Burlington County; New Jersey","109852","30662",
"1400000US34005701104","Census Tract 7011.04; Burlington County; New Jersey","108534","11630",
"1400000US34005701105","Census Tract 7011.05; Burlington County; New Jersey","85719","26992",
"1400000US34005701201","Census Tract 7012.01; Burlington County; New Jersey","95667","33229",
"1400000US34005701203","Census Tract 7012.03; Burlington County; New Jersey","69487","22212",
"1400000US34005701204","Census Tract 7012.04; Burlington County; New Jersey","71054","21053",
"1400000US34005701205","Census Tract 7012.05; Burlington County; New Jersey","98042","11988",
"1400000US34005701301","Census Tract 7013.01; Burlington County; New Jersey","85219","11205",
"1400000US34005701302","Census Tract 7013.02; Burlington County; New Jersey","79500","48454",
"1400000US34005701303","Census Tract 7013.03; Burlington County; New Jersey","132361","27125",
"1400000US34005701401","Census Tract 7014.01; Burlington County; New Jersey","176250","35050",
"1400000US34005701402","Census Tract 7014.02; Burlington County; New Jersey","71587","12148",
"1400000US34005701502","Census Tract 7015.02; Burlington County; New Jersey","100559","11537",
"1400000US34005701700","Census Tract 7017; Burlington County; New Jersey","103375","22351",
"1400000US34005702101","Census Tract 7021.01; Burlington County; New Jersey","73189","24113",
"1400000US34005702203","Census Tract 7022.03; Burlington County; New Jersey","74972","10807",
"1400000US34005702204","Census Tract 7022.04; Burlington County; New Jersey","89102","23147",
"1400000US34005702206","Census Tract 7022.06; Burlington County; New Jersey","79107","16442",
"1400000US34005702207","Census Tract 7022.07; Burlington County; New Jersey","56420","16056",
"1400000US34005702208","Census Tract 7022.08; Burlington County; New Jersey","118506","9610",
"1400000US34005702209","Census Tract 7022.09; Burlington County; New Jersey","79183","4278",
"1400000US34005702210","Census Tract 7022.10; Burlington County; New Jersey","70750","7815",
"1400000US34005702300","Census Tract 7023; Burlington County; New Jersey","90899","3958",
"1400000US34005702400","Census Tract 7024; Burlington County; New Jersey","146157","8153",
"1400000US34005702500","Census Tract 7025; Burlington County; New Jersey","110000","18846",
"1400000US34005702601","Census Tract 7026.01; Burlington County; New Jersey","91385","13536",
"1400000US34005702603","Census Tract 7026.03; Burlington County; New Jersey","72976","10014",
"1400000US34005702701","Census Tract 7027.01; Burlington County; New Jersey","117874","4234",
"1400000US34005702702","Census Tract 7027.02; Burlington County; New Jersey","130346","24259",
"1400000US34005702801","Census Tract 7028.01; Burlington County; New Jersey","104420","9162",
"1400000US34005702802","Census Tract 7028.02; Burlington County; New Jersey","95536","13835",
"1400000US34005702803","Census Tract 7028.03; Burlington County; New Jersey","123802","31670",
"1400000US34005702804","Census Tract 7028.04; Burlington County; New Jersey","88500","18459",
"1400000US34005702805","Census Tract 7028.05; Burlington County; New Jersey","84788","26755",
"1400000US34005702806","Census Tract 7028.06; Burlington County; New Jersey","89940","27648",
"1400000US34005702807","Census Tract 7028.07; Burlington County; New Jersey","99205","22974",
"1400000US34005702808","Census Tract 7028.08; Burlington County; New Jersey","98173","17407",
"1400000US34005702809","Census Tract 7028.09; Burlington County; New Jersey","100556","43862",
"1400000US34005702810","Census Tract 7028.10; Burlington County; New Jersey","89841","24828",
"1400000US34005702811","Census Tract 7028.11; Burlington County; New Jersey","106579","10348",
"1400000US34005702905","Census Tract 7029.05; Burlington County; New Jersey","111923","13576",
"1400000US34005702906","Census Tract 7029.06; Burlington County; New Jersey","121339","19912",
"1400000US34005702907","Census Tract 7029.07; Burlington County; New Jersey","111862","31640",
"1400000US34005702908","Census Tract 7029.08; Burlington County; New Jersey","120231","16759",
"1400000US34005702909","Census Tract 7029.09; Burlington County; New Jersey","121471","17636",
"1400000US34005702910","Census Tract 7029.10; Burlington County; New Jersey","132344","25928",
"1400000US34005702913","Census Tract 7029.13; Burlington County; New Jersey","113433","14591",
"1400000US34005702914","Census Tract 7029.14; Burlington County; New Jersey","129647","48577",
"1400000US34005702915","Census Tract 7029.15; Burlington County; New Jersey","110911","22738",
"1400000US34005702917","Census Tract 7029.17; Burlington County; New Jersey","149107","21898",
"1400000US34005702918","Census Tract 7029.18; Burlington County; New Jersey","112500","15708",
"1400000US34005703000","Census Tract 7030; Burlington County; New Jersey","142899","28094",
"1400000US34005703102","Census Tract 7031.02; Burlington County; New Jersey","191464","14644",
"1400000US34005703103","Census Tract 7031.03; Burlington County; New Jersey","92784","18458",
"1400000US34005703104","Census Tract 7031.04; Burlington County; New Jersey","120000","12930",
"1400000US34005703201","Census Tract 7032.01; Burlington County; New Jersey","130388","11423",
"1400000US34005703202","Census Tract 7032.02; Burlington County; New Jersey","154028","49282",
"1400000US34005703203","Census Tract 7032.03; Burlington County; New Jersey","60530","9978",
"1400000US34005703600","Census Tract 7036; Burlington County; New Jersey","120735","21845",
"1400000US34005703700","Census Tract 7037; Burlington County; New Jersey","128271","16566",
"1400000US34005703801","Census Tract 7038.01; Burlington County; New Jersey","176620","21130",
"1400000US34005703802","Census Tract 7038.02; Burlington County; New Jersey","105662","23977",
"1400000US34005703803","Census Tract 7038.03; Burlington County; New Jersey","157993","18337",
"1400000US34005703804","Census Tract 7038.04; Burlington County; New Jersey","209781","21163",
"1400000US34005703900","Census Tract 7039; Burlington County; New Jersey","141188","19825",
"1400000US34005704004","Census Tract 7040.04; Burlington County; New Jersey","72919","2948",
"1400000US34005704005","Census Tract 7040.05; Burlington County; New Jersey","102132","18061",
"1400000US34005704006","Census Tract 7040.06; Burlington County; New Jersey","115288","15694",
"1400000US34005704007","Census Tract 7040.07; Burlington County; New Jersey","93750","15377",
"1400000US34005704008","Census Tract 7040.08; Burlington County; New Jersey","119626","20147",
"1400000US34005704009","Census Tract 7040.09; Burlington County; New Jersey","94917","26324",
"1400000US34005704011","Census Tract 7040.11; Burlington County; New Jersey","189185","26861",
"1400000US34005704012","Census Tract 7040.12; Burlington County; New Jersey","124173","26772",
"1400000US34005704013","Census Tract 7040.13; Burlington County; New Jersey","166042","30614",
"1400000US34005704015","Census Tract 7040.15; Burlington County; New Jersey","113185","30218",
"1400000US34005704016","Census Tract 7040.16; Burlington County; New Jersey","196157","13998",
"1400000US34005704201","Census Tract 7042.01; Burlington County; New Jersey","117394","13152",
"1400000US34005704202","Census Tract 7042.02; Burlington County; New Jersey","111583","32420",
"1400000US34005704302","Census Tract 7043.02; Burlington County; New Jersey","209095","16849",
"1400000US34005704500","Census Tract 7045; Burlington County; New Jersey","94325","19203",
"1400000US34005704600","Census Tract 7046; Burlington County; New Jersey","77451","14731",
"1400000US34005704700","Census Tract 7047; Burlington County; New Jersey","107647","18916",
"1400000US34005704801","Census Tract 7048.01; Burlington County; New Jersey","96083","21328",
"1400000US34005981802","Census Tract 9818.02; Burlington County; New Jersey","-","**",
"1400000US34005982111","Census Tract 9821.11; Burlington County; New Jersey","95139","55385",
"1400000US34005982200","Census Tract 9822; Burlington County; New Jersey","104911","23631",
"1400000US34007600200","Census Tract 6002; Camden County; New Jersey","47150","33073",
"1400000US34007600400","Census Tract 6004; Camden County; New Jersey","16406","14454",
"1400000US34007600700","Census Tract 6007; Camden County; New Jersey","36336","20213",
"1400000US34007600800","Census Tract 6008; Camden County; New Jersey","19451","5632",
"1400000US34007600900","Census Tract 6009; Camden County; New Jersey","32217","5229",
"1400000US34007601000","Census Tract 6010; Camden County; New Jersey","56322","14188",
"1400000US34007601101","Census Tract 6011.01; Camden County; New Jersey","46731","27302",
"1400000US34007601102","Census Tract 6011.02; Camden County; New Jersey","49393","12672",
"1400000US34007601200","Census Tract 6012; Camden County; New Jersey","45255","13136",
"1400000US34007601300","Census Tract 6013; Camden County; New Jersey","44321","7131",
"1400000US34007601400","Census Tract 6014; Camden County; New Jersey","42230","10769",
"1400000US34007601500","Census Tract 6015; Camden County; New Jersey","44519","16014",
"1400000US34007601600","Census Tract 6016; Camden County; New Jersey","32245","22350",
"1400000US34007601700","Census Tract 6017; Camden County; New Jersey","26474","6868",
"1400000US34007601800","Census Tract 6018; Camden County; New Jersey","-","**",
"1400000US34007601900","Census Tract 6019; Camden County; New Jersey","32034","13210",
"1400000US34007602000","Census Tract 6020; Camden County; New Jersey","47838","5723",
"1400000US34007602503","Census Tract 6025.03; Camden County; New Jersey","73558","16558",
"1400000US34007602601","Census Tract 6026.01; Camden County; New Jersey","93068","14353",
"1400000US34007602602","Census Tract 6026.02; Camden County; New Jersey","93542","28041",
"1400000US34007602901","Census Tract 6029.01; Camden County; New Jersey","113558","26401",
"1400000US34007602902","Census Tract 6029.02; Camden County; New Jersey","92905","40265",
"1400000US34007603001","Census Tract 6030.01; Camden County; New Jersey","90338","25778",
"1400000US34007603002","Census Tract 6030.02; Camden County; New Jersey","84892","15169",
"1400000US34007603100","Census Tract 6031; Camden County; New Jersey","90706","32393",
"1400000US34007603201","Census Tract 6032.01; Camden County; New Jersey","100095","7917",
"1400000US34007603202","Census Tract 6032.02; Camden County; New Jersey","101636","19692",
"1400000US34007603301","Census Tract 6033.01; Camden County; New Jersey","106597","16379",
"1400000US34007603302","Census Tract 6033.02; Camden County; New Jersey","100793","20596",
"1400000US34007603303","Census Tract 6033.03; Camden County; New Jersey","78375","15138",
"1400000US34007603400","Census Tract 6034; Camden County; New Jersey","112543","5295",
"1400000US34007603501","Census Tract 6035.01; Camden County; New Jersey","133866","12734",
"1400000US34007603503","Census Tract 6035.03; Camden County; New Jersey","197167","23836",
"1400000US34007603504","Census Tract 6035.04; Camden County; New Jersey","177212","22822",
"1400000US34007603505","Census Tract 6035.05; Camden County; New Jersey","111932","23286",
"1400000US34007603506","Census Tract 6035.06; Camden County; New Jersey","186897","17794",
"1400000US34007603507","Census Tract 6035.07; Camden County; New Jersey","150119","17167",
"1400000US34007603601","Census Tract 6036.01; Camden County; New Jersey","115673","13480",
"1400000US34007603602","Census Tract 6036.02; Camden County; New Jersey","174911","28591",
"1400000US34007603603","Census Tract 6036.03; Camden County; New Jersey","143868","7058",
"1400000US34007603700","Census Tract 6037; Camden County; New Jersey","83821","22521",
"1400000US34007603800","Census Tract 6038; Camden County; New Jersey","125332","16191",
"1400000US34007603901","Census Tract 6039.01; Camden County; New Jersey","114193","21708",
"1400000US34007603902","Census Tract 6039.02; Camden County; New Jersey","98750","25512",
"1400000US34007604100","Census Tract 6041; Camden County; New Jersey","74808","23930",
"1400000US34007604200","Census Tract 6042; Camden County; New Jersey","93636","12180",
"1400000US34007604300","Census Tract 6043; Camden County; New Jersey","112404","21236",
"1400000US34007604400","Census Tract 6044; Camden County; New Jersey","119583","32697",
"1400000US34007604600","Census Tract 6046; Camden County; New Jersey","83011","12797",
"1400000US34007604700","Census Tract 6047; Camden County; New Jersey","102321","9961",
"1400000US34007605100","Census Tract 6051; Camden County; New Jersey","74839","24599",
"1400000US34007605200","Census Tract 6052; Camden County; New Jersey","81146","31635",
"1400000US34007605300","Census Tract 6053; Camden County; New Jersey","59063","15790",
"1400000US34007605400","Census Tract 6054; Camden County; New Jersey","82500","23373",
"1400000US34007605602","Census Tract 6056.02; Camden County; New Jersey","129792","33163",
"1400000US34007605700","Census Tract 6057; Camden County; New Jersey","111756","19763",
"1400000US34007605800","Census Tract 6058; Camden County; New Jersey","138281","10356",
"1400000US34007605900","Census Tract 6059; Camden County; New Jersey","114318","35234",
"1400000US34007606000","Census Tract 6060; Camden County; New Jersey","126094","44136",
"1400000US34007606100","Census Tract 6061; Camden County; New Jersey","208393","47899",
"1400000US34007606200","Census Tract 6062; Camden County; New Jersey","183182","16823",
"1400000US34007606300","Census Tract 6063; Camden County; New Jersey","142062","8493",
"1400000US34007606400","Census Tract 6064; Camden County; New Jersey","250,000+","***",
"1400000US34007606500","Census Tract 6065; Camden County; New Jersey","71607","10747",
"1400000US34007606600","Census Tract 6066; Camden County; New Jersey","86783","15305",
"1400000US34007606700","Census Tract 6067; Camden County; New Jersey","90774","33102",
"1400000US34007606800","Census Tract 6068; Camden County; New Jersey","98969","12956",
"1400000US34007607000","Census Tract 6070; Camden County; New Jersey","67153","6998",
"1400000US34007607100","Census Tract 6071; Camden County; New Jersey","93721","28665",
"1400000US34007607200","Census Tract 6072; Camden County; New Jersey","85536","25878",
"1400000US34007607300","Census Tract 6073; Camden County; New Jersey","100511","22213",
"1400000US34007607401","Census Tract 6074.01; Camden County; New Jersey","87865","7044",
"1400000US34007607402","Census Tract 6074.02; Camden County; New Jersey","79825","15726",
"1400000US34007607502","Census Tract 6075.02; Camden County; New Jersey","138717","37994",
"1400000US34007607503","Census Tract 6075.03; Camden County; New Jersey","146129","26968",
"1400000US34007607504","Census Tract 6075.04; Camden County; New Jersey","234635","29360",
"1400000US34007607505","Census Tract 6075.05; Camden County; New Jersey","183313","19428",
"1400000US34007607506","Census Tract 6075.06; Camden County; New Jersey","95476","16210",
"1400000US34007607507","Census Tract 6075.07; Camden County; New Jersey","62441","8111",
"1400000US34007607600","Census Tract 6076; Camden County; New Jersey","100313","25152",
"1400000US34007607701","Census Tract 6077.01; Camden County; New Jersey","33333","14849",
"1400000US34007607702","Census Tract 6077.02; Camden County; New Jersey","71593","14769",
"1400000US34007607801","Census Tract 6078.01; Camden County; New Jersey","59627","8873",
"1400000US34007607802","Census Tract 6078.02; Camden County; New Jersey","83939","16090",
"1400000US34007607900","Census Tract 6079; Camden County; New Jersey","118750","18899",
"1400000US34007608001","Census Tract 6080.01; Camden County; New Jersey","73750","20683",
"1400000US34007608202","Census Tract 6082.02; Camden County; New Jersey","104896","12839",
"1400000US34007608205","Census Tract 6082.05; Camden County; New Jersey","118190","28538",
"1400000US34007608206","Census Tract 6082.06; Camden County; New Jersey","111223","6998",
"1400000US34007608209","Census Tract 6082.09; Camden County; New Jersey","88014","23002",
"1400000US34007608210","Census Tract 6082.10; Camden County; New Jersey","57448","7129",
"1400000US34007608211","Census Tract 6082.11; Camden County; New Jersey","88942","13528",
"1400000US34007608302","Census Tract 6083.02; Camden County; New Jersey","85439","13731",
"1400000US34007608303","Census Tract 6083.03; Camden County; New Jersey","95493","32451",
"1400000US34007608304","Census Tract 6083.04; Camden County; New Jersey","101306","7452",
"1400000US34007608401","Census Tract 6084.01; Camden County; New Jersey","130114","15983",
"1400000US34007608402","Census Tract 6084.02; Camden County; New Jersey","107368","17594",
"1400000US34007608403","Census Tract 6084.03; Camden County; New Jersey","139861","24879",
"1400000US34007608404","Census Tract 6084.04; Camden County; New Jersey","109295","27336",
"1400000US34007608503","Census Tract 6085.03; Camden County; New Jersey","61723","6064",
"1400000US34007608504","Census Tract 6085.04; Camden County; New Jersey","62050","18972",
"1400000US34007608600","Census Tract 6086; Camden County; New Jersey","62979","7466",
"1400000US34007608700","Census Tract 6087; Camden County; New Jersey","102855","14479",
"1400000US34007608800","Census Tract 6088; Camden County; New Jersey","75238","21234",
"1400000US34007608901","Census Tract 6089.01; Camden County; New Jersey","104688","12143",
"1400000US34007608903","Census Tract 6089.03; Camden County; New Jersey","120483","21210",
"1400000US34007608904","Census Tract 6089.04; Camden County; New Jersey","129750","27235",
"1400000US34007609000","Census Tract 6090; Camden County; New Jersey","91683","9135",
"1400000US34007609103","Census Tract 6091.03; Camden County; New Jersey","96269","30571",
"1400000US34007609201","Census Tract 6092.01; Camden County; New Jersey","95756","21003",
"1400000US34007609202","Census Tract 6092.02; Camden County; New Jersey","83739","10534",
"1400000US34007609204","Census Tract 6092.04; Camden County; New Jersey","78851","6912",
"1400000US34007609205","Census Tract 6092.05; Camden County; New Jersey","75476","27538",
"1400000US34007609206","Census Tract 6092.06; Camden County; New Jersey","143194","50113",
"1400000US34007609207","Census Tract 6092.07; Camden County; New Jersey","112941","17932",
"1400000US34007610300","Census Tract 6103; Camden County; New Jersey","49201","8880",
"1400000US34007610400","Census Tract 6104; Camden County; New Jersey","46522","25786",
"1400000US34007610500","Census Tract 6105; Camden County; New Jersey","88125","8794",
"1400000US34007610600","Census Tract 6106; Camden County; New Jersey","54904","7778",
"1400000US34007610800","Census Tract 6108; Camden County; New Jersey","73750","14951",
"1400000US34007610900","Census Tract 6109; Camden County; New Jersey","88625","17736",
"1400000US34007611000","Census Tract 6110; Camden County; New Jersey","57917","15455",
"1400000US34007611100","Census Tract 6111; Camden County; New Jersey","79375","7622",
"1400000US34007611200","Census Tract 6112; Camden County; New Jersey","101823","12706",
"1400000US34007611300","Census Tract 6113; Camden County; New Jersey","91776","21690",
"1400000US34007611400","Census Tract 6114; Camden County; New Jersey","89408","13096",
"1400000US34007611500","Census Tract 6115; Camden County; New Jersey","109500","17848",
"1400000US34007611600","Census Tract 6116; Camden County; New Jersey","62333","14537",
"1400000US34007611700","Census Tract 6117; Camden County; New Jersey","96392","15409",
"1400000US34009020101","Census Tract 201.01; Cape May County; New Jersey","95304","15061",
"1400000US34009020102","Census Tract 201.02; Cape May County; New Jersey","71667","27656",
"1400000US34009020201","Census Tract 202.01; Cape May County; New Jersey","120313","38576",
"1400000US34009020203","Census Tract 202.03; Cape May County; New Jersey","102778","32339",
"1400000US34009020205","Census Tract 202.05; Cape May County; New Jersey","108000","25144",
"1400000US34009020206","Census Tract 202.06; Cape May County; New Jersey","161875","84463",
"1400000US34009020301","Census Tract 203.01; Cape May County; New Jersey","106875","17126",
"1400000US34009020302","Census Tract 203.02; Cape May County; New Jersey","111549","10748",
"1400000US34009020400","Census Tract 204; Cape May County; New Jersey","116150","28277",
"1400000US34009020500","Census Tract 205; Cape May County; New Jersey","46078","6823",
"1400000US34009020600","Census Tract 206; Cape May County; New Jersey","105357","13954",
"1400000US34009020700","Census Tract 207; Cape May County; New Jersey","105538","22862",
"1400000US34009020800","Census Tract 208; Cape May County; New Jersey","108359","14443",
"1400000US34009020901","Census Tract 209.01; Cape May County; New Jersey","169167","72024",
"1400000US34009020902","Census Tract 209.02; Cape May County; New Jersey","139167","16144",
"1400000US34009021001","Census Tract 210.01; Cape May County; New Jersey","101607","25004",
"1400000US34009021002","Census Tract 210.02; Cape May County; New Jersey","118983","12832",
"1400000US34009021100","Census Tract 211; Cape May County; New Jersey","74464","9903",
"1400000US34009021300","Census Tract 213; Cape May County; New Jersey","90833","12264",
"1400000US34009021400","Census Tract 214; Cape May County; New Jersey","65227","24067",
"1400000US34009021500","Census Tract 215; Cape May County; New Jersey","77295","18840",
"1400000US34009021600","Census Tract 216; Cape May County; New Jersey","69089","24619",
"1400000US34009021701","Census Tract 217.01; Cape May County; New Jersey","77115","32580",
"1400000US34009021702","Census Tract 217.02; Cape May County; New Jersey","107122","19317",
"1400000US34009021803","Census Tract 218.03; Cape May County; New Jersey","83790","5405",
"1400000US34009021804","Census Tract 218.04; Cape May County; New Jersey","78623","12297",
"1400000US34009021805","Census Tract 218.05; Cape May County; New Jersey","89667","6873",
"1400000US34009021806","Census Tract 218.06; Cape May County; New Jersey","87656","35184",
"1400000US34009021900","Census Tract 219; Cape May County; New Jersey","94861","38226",
"1400000US34009022000","Census Tract 220; Cape May County; New Jersey","62576","14495",
"1400000US34009022101","Census Tract 221.01; Cape May County; New Jersey","81875","17451",
"1400000US34009022102","Census Tract 221.02; Cape May County; New Jersey","76667","30487",
"1400000US34009990100","Census Tract 9901; Cape May County; New Jersey","-","**",
"1400000US34011010101","Census Tract 101.01; Cumberland County; New Jersey","76964","25850",
"1400000US34011010103","Census Tract 101.03; Cumberland County; New Jersey","-","**",
"1400000US34011010200","Census Tract 102; Cumberland County; New Jersey","55733","11099",
"1400000US34011010301","Census Tract 103.01; Cumberland County; New Jersey","85515","22015",
"1400000US34011010302","Census Tract 103.02; Cumberland County; New Jersey","67708","16472",
"1400000US34011010401","Census Tract 104.01; Cumberland County; New Jersey","60929","4240",
"1400000US34011010402","Census Tract 104.02; Cumberland County; New Jersey","-","**",
"1400000US34011010500","Census Tract 105; Cumberland County; New Jersey","94844","10639",
"1400000US34011010600","Census Tract 106; Cumberland County; New Jersey","97546","23144",
"1400000US34011010701","Census Tract 107.01; Cumberland County; New Jersey","64408","13988",
"1400000US34011010702","Census Tract 107.02; Cumberland County; New Jersey","91398","19449",
"1400000US34011010800","Census Tract 108; Cumberland County; New Jersey","85094","13089",
"1400000US34011020100","Census Tract 201; Cumberland County; New Jersey","29458","16631",
"1400000US34011020200","Census Tract 202; Cumberland County; New Jersey","56852","10460",
"1400000US34011020301","Census Tract 203.01; Cumberland County; New Jersey","65132","60634",
"1400000US34011020302","Census Tract 203.02; Cumberland County; New Jersey","46189","30032",
"1400000US34011020400","Census Tract 204; Cumberland County; New Jersey","73873","11429",
"1400000US34011020502","Census Tract 205.02; Cumberland County; New Jersey","-","**",
"1400000US34011020503","Census Tract 205.03; Cumberland County; New Jersey","32044","6824",
"1400000US34011020600","Census Tract 206; Cumberland County; New Jersey","69410","20986",
"1400000US34011030100","Census Tract 301; Cumberland County; New Jersey","22989","10170",
"1400000US34011030200","Census Tract 302; Cumberland County; New Jersey","61559","15104",
"1400000US34011030300","Census Tract 303; Cumberland County; New Jersey","52841","21157",
"1400000US34011030401","Census Tract 304.01; Cumberland County; New Jersey","66238","10392",
"1400000US34011030402","Census Tract 304.02; Cumberland County; New Jersey","79844","27261",
"1400000US34011030501","Census Tract 305.01; Cumberland County; New Jersey","85741","8746",
"1400000US34011030502","Census Tract 305.02; Cumberland County; New Jersey","82083","16122",
"1400000US34011040300","Census Tract 403; Cumberland County; New Jersey","66396","6537",
"1400000US34011040400","Census Tract 404; Cumberland County; New Jersey","69221","17780",
"1400000US34011040500","Census Tract 405; Cumberland County; New Jersey","55193","14386",
"1400000US34011040601","Census Tract 406.01; Cumberland County; New Jersey","90580","22646",
"1400000US34011040602","Census Tract 406.02; Cumberland County; New Jersey","47635","7402",
"1400000US34011040701","Census Tract 407.01; Cumberland County; New Jersey","66000","14784",
"1400000US34011040702","Census Tract 407.02; Cumberland County; New Jersey","93000","27876",
"1400000US34011040800","Census Tract 408; Cumberland County; New Jersey","115898","30110",
"1400000US34011040901","Census Tract 409.01; Cumberland County; New Jersey","59007","34566",
"1400000US34011040902","Census Tract 409.02; Cumberland County; New Jersey","61013","14258",
"1400000US34011041001","Census Tract 410.01; Cumberland County; New Jersey","98265","21814",
"1400000US34011041002","Census Tract 410.02; Cumberland County; New Jersey","83088","16164",
"1400000US34011041101","Census Tract 411.01; Cumberland County; New Jersey","65616","13014",
"1400000US34011041102","Census Tract 411.02; Cumberland County; New Jersey","55125","25513",
"1400000US34011990000","Census Tract 9900; Cumberland County; New Jersey","-","**",
"1400000US34013000100","Census Tract 1; Essex County; New Jersey","72533","30948",
"1400000US34013000200","Census Tract 2; Essex County; New Jersey","67946","19388",
"1400000US34013000300","Census Tract 3; Essex County; New Jersey","48725","11401",
"1400000US34013000400","Census Tract 4; Essex County; New Jersey","70054","18983",
"1400000US34013000500","Census Tract 5; Essex County; New Jersey","53487","25836",
"1400000US34013000600","Census Tract 6; Essex County; New Jersey","56771","38512",
"1400000US34013000700","Census Tract 7; Essex County; New Jersey","49097","21689",
"1400000US34013000800","Census Tract 8; Essex County; New Jersey","45399","13411",
"1400000US34013000900","Census Tract 9; Essex County; New Jersey","35574","28533",
"1400000US34013001000","Census Tract 10; Essex County; New Jersey","52788","14404",
"1400000US34013001100","Census Tract 11; Essex County; New Jersey","108674","7848",
"1400000US34013001300","Census Tract 13; Essex County; New Jersey","64464","23568",
"1400000US34013001400","Census Tract 14; Essex County; New Jersey","79482","12445",
"1400000US34013001500","Census Tract 15; Essex County; New Jersey","33628","17699",
"1400000US34013001600","Census Tract 16; Essex County; New Jersey","63981","16552",
"1400000US34013001700","Census Tract 17; Essex County; New Jersey","44569","17796",
"1400000US34013001800","Census Tract 18; Essex County; New Jersey","62550","19630",
"1400000US34013001900","Census Tract 19; Essex County; New Jersey","41649","9404",
"1400000US34013002000","Census Tract 20; Essex County; New Jersey","29044","13911",
"1400000US34013002100","Census Tract 21; Essex County; New Jersey","56000","19847",
"1400000US34013002202","Census Tract 22.02; Essex County; New Jersey","93718","31017",
"1400000US34013002203","Census Tract 22.03; Essex County; New Jersey","37166","20155",
"1400000US34013002204","Census Tract 22.04; Essex County; New Jersey","88389","9760",
"1400000US34013002300","Census Tract 23; Essex County; New Jersey","112882","44230",
"1400000US34013002400","Census Tract 24; Essex County; New Jersey","47474","10458",
"1400000US34013002500","Census Tract 25; Essex County; New Jersey","82231","19854",
"1400000US34013002600","Census Tract 26; Essex County; New Jersey","51033","12112",
"1400000US34013002800","Census Tract 28; Essex County; New Jersey","71429","11012",
"1400000US34013003100","Census Tract 31; Essex County; New Jersey","47409","22414",
"1400000US34013003500","Census Tract 35; Essex County; New Jersey","51399","17915",
"1400000US34013003700","Census Tract 37; Essex County; New Jersey","43102","21659",
"1400000US34013003800","Census Tract 38; Essex County; New Jersey","55254","15351",
"1400000US34013003900","Census Tract 39; Essex County; New Jersey","25294","10188",
"1400000US34013004100","Census Tract 41; Essex County; New Jersey","59038","32903",
"1400000US34013004200","Census Tract 42; Essex County; New Jersey","48396","12476",
"1400000US34013004300","Census Tract 43; Essex County; New Jersey","59413","14881",
"1400000US34013004400","Census Tract 44; Essex County; New Jersey","58088","8584",
"1400000US34013004500","Census Tract 45; Essex County; New Jersey","53105","12801",
"1400000US34013004600","Census Tract 46; Essex County; New Jersey","55789","22804",
"1400000US34013004700","Census Tract 47; Essex County; New Jersey","85189","45210",
"1400000US34013004801","Census Tract 48.01; Essex County; New Jersey","59153","6151",
"1400000US34013004802","Census Tract 48.02; Essex County; New Jersey","15943","7379",
"1400000US34013004900","Census Tract 49; Essex County; New Jersey","63671","14285",
"1400000US34013005000","Census Tract 50; Essex County; New Jersey","51709","24047",
"1400000US34013005100","Census Tract 51; Essex County; New Jersey","50446","18649",
"1400000US34013005200","Census Tract 52; Essex County; New Jersey","53125","32325",
"1400000US34013005300","Census Tract 53; Essex County; New Jersey","60625","30674",
"1400000US34013005400","Census Tract 54; Essex County; New Jersey","18405","11804",
"1400000US34013005700","Census Tract 57; Essex County; New Jersey","51389","21046",
"1400000US34013006200","Census Tract 62; Essex County; New Jersey","26219","14234",
"1400000US34013006400","Census Tract 64; Essex County; New Jersey","80345","38650",
"1400000US34013006600","Census Tract 66; Essex County; New Jersey","75625","50301",
"1400000US34013006700","Census Tract 67; Essex County; New Jersey","21575","15039",
"1400000US34013006800","Census Tract 68; Essex County; New Jersey","70091","12292",
"1400000US34013006900","Census Tract 69; Essex County; New Jersey","63462","12511",
"1400000US34013007000","Census Tract 70; Essex County; New Jersey","57591","10542",
"1400000US34013007100","Census Tract 71; Essex County; New Jersey","57240","14543",
"1400000US34013007200","Census Tract 72; Essex County; New Jersey","69758","20327",
"1400000US34013007300","Census Tract 73; Essex County; New Jersey","52014","14475",
"1400000US34013007400","Census Tract 74; Essex County; New Jersey","80313","30219",
"1400000US34013007501","Census Tract 75.01; Essex County; New Jersey","50443","4571",
"1400000US34013007502","Census Tract 75.02; Essex County; New Jersey","56581","21410",
"1400000US34013007600","Census Tract 76; Essex County; New Jersey","67222","24461",
"1400000US34013007700","Census Tract 77; Essex County; New Jersey","73573","6675",
"1400000US34013007800","Census Tract 78; Essex County; New Jersey","50798","5286",
"1400000US34013007900","Census Tract 79; Essex County; New Jersey","62661","9041",
"1400000US34013008000","Census Tract 80; Essex County; New Jersey","83208","18151",
"1400000US34013008100","Census Tract 81; Essex County; New Jersey","33521","14779",
"1400000US34013008200","Census Tract 82; Essex County; New Jersey","31536","7879",
"1400000US34013008700","Census Tract 87; Essex County; New Jersey","66951","56462",
"1400000US34013008800","Census Tract 88; Essex County; New Jersey","73344","4878",
"1400000US34013008900","Census Tract 89; Essex County; New Jersey","59808","12442",
"1400000US34013009000","Census Tract 90; Essex County; New Jersey","56974","11955",
"1400000US34013009100","Census Tract 91; Essex County; New Jersey","46792","19364",
"1400000US34013009200","Census Tract 92; Essex County; New Jersey","43310","20930",
"1400000US34013009300","Census Tract 93; Essex County; New Jersey","46579","18412",
"1400000US34013009400","Census Tract 94; Essex County; New Jersey","34743","17746",
"1400000US34013009500","Census Tract 95; Essex County; New Jersey","56337","20994",
"1400000US34013009600","Census Tract 96; Essex County; New Jersey","32500","22941",
"1400000US34013009700","Census Tract 97; Essex County; New Jersey","71623","22866",
"1400000US34013009900","Census Tract 99; Essex County; New Jersey","65502","18509",
"1400000US34013010000","Census Tract 100; Essex County; New Jersey","64844","39902",
"1400000US34013010100","Census Tract 101; Essex County; New Jersey","95833","20006",
"1400000US34013010200","Census Tract 102; Essex County; New Jersey","31919","26274",
"1400000US34013010300","Census Tract 103; Essex County; New Jersey","84570","26360",
"1400000US34013010400","Census Tract 104; Essex County; New Jersey","46156","28622",
"1400000US34013010500","Census Tract 105; Essex County; New Jersey","57673","8797",
"1400000US34013010600","Census Tract 106; Essex County; New Jersey","47197","16073",
"1400000US34013010700","Census Tract 107; Essex County; New Jersey","62485","46754",
"1400000US34013010800","Census Tract 108; Essex County; New Jersey","57212","18534",
"1400000US34013010900","Census Tract 109; Essex County; New Jersey","42153","28352",
"1400000US34013011100","Census Tract 111; Essex County; New Jersey","20458","8039",
"1400000US34013011200","Census Tract 112; Essex County; New Jersey","63321","15200",
"1400000US34013011300","Census Tract 113; Essex County; New Jersey","54545","11938",
"1400000US34013011400","Census Tract 114; Essex County; New Jersey","89041","18637",
"1400000US34013011500","Census Tract 115; Essex County; New Jersey","81033","15039",
"1400000US34013011600","Census Tract 116; Essex County; New Jersey","69343","22218",
"1400000US34013011700","Census Tract 117; Essex County; New Jersey","62853","13426",
"1400000US34013011800","Census Tract 118; Essex County; New Jersey","77692","20181",
"1400000US34013011900","Census Tract 119; Essex County; New Jersey","68608","5029",
"1400000US34013012000","Census Tract 120; Essex County; New Jersey","61530","12119",
"1400000US34013012100","Census Tract 121; Essex County; New Jersey","81388","38919",
"1400000US34013012200","Census Tract 122; Essex County; New Jersey","54648","16596",
"1400000US34013012300","Census Tract 123; Essex County; New Jersey","72389","23752",
"1400000US34013012400","Census Tract 124; Essex County; New Jersey","64409","35248",
"1400000US34013012500","Census Tract 125; Essex County; New Jersey","70192","25537",
"1400000US34013012600","Census Tract 126; Essex County; New Jersey","59294","38442",
"1400000US34013012700","Census Tract 127; Essex County; New Jersey","64292","32101",
"1400000US34013012800","Census Tract 128; Essex County; New Jersey","90306","40279",
"1400000US34013012900","Census Tract 129; Essex County; New Jersey","57436","18959",
"1400000US34013013000","Census Tract 130; Essex County; New Jersey","52003","13056",
"1400000US34013013100","Census Tract 131; Essex County; New Jersey","34963","25508",
"1400000US34013013200","Census Tract 132; Essex County; New Jersey","55490","13769",
"1400000US34013013300","Census Tract 133; Essex County; New Jersey","63030","25280",
"1400000US34013013400","Census Tract 134; Essex County; New Jersey","166188","49021",
"1400000US34013013500","Census Tract 135; Essex County; New Jersey","146615","20250",
"1400000US34013013600","Census Tract 136; Essex County; New Jersey","109057","21649",
"1400000US34013013700","Census Tract 137; Essex County; New Jersey","103925","20561",
"1400000US34013013800","Census Tract 138; Essex County; New Jersey","158452","40910",
"1400000US34013013900","Census Tract 139; Essex County; New Jersey","109474","19574",
"1400000US34013014000","Census Tract 140; Essex County; New Jersey","102900","11490",
"1400000US34013014100","Census Tract 141; Essex County; New Jersey","109740","26657",
"1400000US34013014200","Census Tract 142; Essex County; New Jersey","133773","22277",
"1400000US34013014300","Census Tract 143; Essex County; New Jersey","98594","24770",
"1400000US34013014400","Census Tract 144; Essex County; New Jersey","73452","9180",
"1400000US34013014500","Census Tract 145; Essex County; New Jersey","83283","19237",
"1400000US34013014600","Census Tract 146; Essex County; New Jersey","85046","17127",
"1400000US34013014700","Census Tract 147; Essex County; New Jersey","75324","14713",
"1400000US34013014800","Census Tract 148; Essex County; New Jersey","166680","24243",
"1400000US34013014900","Census Tract 149; Essex County; New Jersey","172813","37357",
"1400000US34013015000","Census Tract 150; Essex County; New Jersey","101379","19845",
"1400000US34013015100","Census Tract 151; Essex County; New Jersey","127464","17651",
"1400000US34013015200","Census Tract 152; Essex County; New Jersey","101582","18265",
"1400000US34013015300","Census Tract 153; Essex County; New Jersey","80800","40122",
"1400000US34013015400","Census Tract 154; Essex County; New Jersey","82755","29446",
"1400000US34013015500","Census Tract 155; Essex County; New Jersey","86696","13234",
"1400000US34013015600","Census Tract 156; Essex County; New Jersey","104722","17298",
"1400000US34013015700","Census Tract 157; Essex County; New Jersey","107891","20536",
"1400000US34013015800","Census Tract 158; Essex County; New Jersey","100000","14112",
"1400000US34013015900","Census Tract 159; Essex County; New Jersey","69045","13072",
"1400000US34013016000","Census Tract 160; Essex County; New Jersey","250,000+","***",
"1400000US34013016100","Census Tract 161; Essex County; New Jersey","236548","57675",
"1400000US34013016200","Census Tract 162; Essex County; New Jersey","250,000+","***",
"1400000US34013016300","Census Tract 163; Essex County; New Jersey","216964","68123",
"1400000US34013016400","Census Tract 164; Essex County; New Jersey","219779","43829",
"1400000US34013016500","Census Tract 165; Essex County; New Jersey","229766","49311",
"1400000US34013016600","Census Tract 166; Essex County; New Jersey","121369","30315",
"1400000US34013016700","Census Tract 167; Essex County; New Jersey","97024","14509",
"1400000US34013016800","Census Tract 168; Essex County; New Jersey","130108","34911",
"1400000US34013016900","Census Tract 169; Essex County; New Jersey","212375","92327",
"1400000US34013017000","Census Tract 170; Essex County; New Jersey","92801","19402",
"1400000US34013017100","Census Tract 171; Essex County; New Jersey","70250","20605",
"1400000US34013017200","Census Tract 172; Essex County; New Jersey","125083","27995",
"1400000US34013017301","Census Tract 173.01; Essex County; New Jersey","132976","22029",
"1400000US34013017302","Census Tract 173.02; Essex County; New Jersey","156154","44009",
"1400000US34013017400","Census Tract 174; Essex County; New Jersey","152298","24306",
"1400000US34013017500","Census Tract 175; Essex County; New Jersey","112885","42530",
"1400000US34013017600","Census Tract 176; Essex County; New Jersey","89770","31106",
"1400000US34013017700","Census Tract 177; Essex County; New Jersey","75274","12363",
"1400000US34013017800","Census Tract 178; Essex County; New Jersey","84632","24701",
"1400000US34013017900","Census Tract 179; Essex County; New Jersey","182849","48049",
"1400000US34013018000","Census Tract 180; Essex County; New Jersey","206803","25074",
"1400000US34013018100","Census Tract 181; Essex County; New Jersey","51818","19865",
"1400000US34013018200","Census Tract 182; Essex County; New Jersey","49705","8570",
"1400000US34013018300","Census Tract 183; Essex County; New Jersey","61102","10039",
"1400000US34013018400","Census Tract 184; Essex County; New Jersey","52500","34049",
"1400000US34013018600","Census Tract 186; Essex County; New Jersey","36068","18515",
"1400000US34013018700","Census Tract 187; Essex County; New Jersey","41325","18834",
"1400000US34013018800","Census Tract 188; Essex County; New Jersey","87232","36045",
"1400000US34013018900","Census Tract 189; Essex County; New Jersey","61503","6144",
"1400000US34013019000","Census Tract 190; Essex County; New Jersey","250,000+","***",
"1400000US34013019100","Census Tract 191; Essex County; New Jersey","239773","17763",
"1400000US34013019200","Census Tract 192; Essex County; New Jersey","55708","36147",
"1400000US34013019300","Census Tract 193; Essex County; New Jersey","172411","26718",
"1400000US34013019400","Census Tract 194; Essex County; New Jersey","250,000+","***",
"1400000US34013019500","Census Tract 195; Essex County; New Jersey","250,000+","***",
"1400000US34013019600","Census Tract 196; Essex County; New Jersey","111647","19549",
"1400000US34013019700","Census Tract 197; Essex County; New Jersey","142703","42137",
"1400000US34013019800","Census Tract 198; Essex County; New Jersey","184167","59384",
"1400000US34013019900","Census Tract 199; Essex County; New Jersey","214167","52769",
"1400000US34013020000","Census Tract 200; Essex County; New Jersey","250,000+","***",
"1400000US34013020100","Census Tract 201; Essex County; New Jersey","250,000+","***",
"1400000US34013020200","Census Tract 202; Essex County; New Jersey","250,000+","***",
"1400000US34013020300","Census Tract 203; Essex County; New Jersey","210291","23586",
"1400000US34013020400","Census Tract 204; Essex County; New Jersey","250,000+","***",
"1400000US34013020500","Census Tract 205; Essex County; New Jersey","250,000+","***",
"1400000US34013020600","Census Tract 206; Essex County; New Jersey","224408","52522",
"1400000US34013020700","Census Tract 207; Essex County; New Jersey","194306","17081",
"1400000US34013020800","Census Tract 208; Essex County; New Jersey","243333","34885",
"1400000US34013020901","Census Tract 209.01; Essex County; New Jersey","250,000+","***",
"1400000US34013020902","Census Tract 209.02; Essex County; New Jersey","164458","33332",
"1400000US34013021000","Census Tract 210; Essex County; New Jersey","165690","42770",
"1400000US34013021100","Census Tract 211; Essex County; New Jersey","159091","20467",
"1400000US34013021200","Census Tract 212; Essex County; New Jersey","151058","47383",
"1400000US34013021300","Census Tract 213; Essex County; New Jersey","151300","19441",
"1400000US34013021400","Census Tract 214; Essex County; New Jersey","137356","51024",
"1400000US34013021601","Census Tract 216.01; Essex County; New Jersey","115980","14772",
"1400000US34013021602","Census Tract 216.02; Essex County; New Jersey","208245","53210",
"1400000US34013021701","Census Tract 217.01; Essex County; New Jersey","111328","35147",
"1400000US34013021702","Census Tract 217.02; Essex County; New Jersey","81771","22851",
"1400000US34013021801","Census Tract 218.01; Essex County; New Jersey","159064","1434",
"1400000US34013021802","Census Tract 218.02; Essex County; New Jersey","151181","33095",
"1400000US34013021803","Census Tract 218.03; Essex County; New Jersey","151767","24735",
"1400000US34013022700","Census Tract 227; Essex County; New Jersey","45134","18667",
"1400000US34013022800","Census Tract 228; Essex County; New Jersey","25682","22603",
"1400000US34013022900","Census Tract 229; Essex County; New Jersey","62891","17782",
"1400000US34013023000","Census Tract 230; Essex County; New Jersey","-","**",
"1400000US34013023100","Census Tract 231; Essex County; New Jersey","52461","24874",
"1400000US34013023200","Census Tract 232; Essex County; New Jersey","33381","10426",
"1400000US34013980100","Census Tract 9801; Essex County; New Jersey","-","**",
"1400000US34013980200","Census Tract 9802; Essex County; New Jersey","-","**",
"1400000US34015500100","Census Tract 5001; Gloucester County; New Jersey","70639","20997",
"1400000US34015500201","Census Tract 5002.01; Gloucester County; New Jersey","90357","21395",
"1400000US34015500202","Census Tract 5002.02; Gloucester County; New Jersey","90871","15586",
"1400000US34015500203","Census Tract 5002.03; Gloucester County; New Jersey","103561","42791",
"1400000US34015500204","Census Tract 5002.04; Gloucester County; New Jersey","96331","12315",
"1400000US34015500205","Census Tract 5002.05; Gloucester County; New Jersey","84167","24093",
"1400000US34015500300","Census Tract 5003; Gloucester County; New Jersey","82838","8941",
"1400000US34015500400","Census Tract 5004; Gloucester County; New Jersey","64239","13175",
"1400000US34015500500","Census Tract 5005; Gloucester County; New Jersey","92128","11707",
"1400000US34015500601","Census Tract 5006.01; Gloucester County; New Jersey","133244","14627",
"1400000US34015500602","Census Tract 5006.02; Gloucester County; New Jersey","203360","16625",
"1400000US34015500702","Census Tract 5007.02; Gloucester County; New Jersey","122482","37811",
"1400000US34015500703","Census Tract 5007.03; Gloucester County; New Jersey","141875","25935",
"1400000US34015500704","Census Tract 5007.04; Gloucester County; New Jersey","83545","13264",
"1400000US34015500705","Census Tract 5007.05; Gloucester County; New Jersey","126604","18389",
"1400000US34015500800","Census Tract 5008; Gloucester County; New Jersey","131667","14619",
"1400000US34015500900","Census Tract 5009; Gloucester County; New Jersey","123083","12519",
"1400000US34015501001","Census Tract 5010.01; Gloucester County; New Jersey","77740","14239",
"1400000US34015501002","Census Tract 5010.02; Gloucester County; New Jersey","44167","10803",
"1400000US34015501003","Census Tract 5010.03; Gloucester County; New Jersey","106354","19467",
"1400000US34015501101","Census Tract 5011.01; Gloucester County; New Jersey","47364","11060",
"1400000US34015501102","Census Tract 5011.02; Gloucester County; New Jersey","88315","12895",
"1400000US34015501103","Census Tract 5011.03; Gloucester County; New Jersey","128984","44765",
"1400000US34015501104","Census Tract 5011.04; Gloucester County; New Jersey","87174","19716",
"1400000US34015501105","Census Tract 5011.05; Gloucester County; New Jersey","75650","7423",
"1400000US34015501106","Census Tract 5011.06; Gloucester County; New Jersey","109680","19557",
"1400000US34015501107","Census Tract 5011.07; Gloucester County; New Jersey","107091","11815",
"1400000US34015501201","Census Tract 5012.01; Gloucester County; New Jersey","163078","17081",
"1400000US34015501202","Census Tract 5012.02; Gloucester County; New Jersey","152500","8375",
"1400000US34015501203","Census Tract 5012.03; Gloucester County; New Jersey","100592","15854",
"1400000US34015501204","Census Tract 5012.04; Gloucester County; New Jersey","122014","7928",
"1400000US34015501205","Census Tract 5012.05; Gloucester County; New Jersey","90083","24416",
"1400000US34015501206","Census Tract 5012.06; Gloucester County; New Jersey","93750","32089",
"1400000US34015501208","Census Tract 5012.08; Gloucester County; New Jersey","93229","16259",
"1400000US34015501209","Census Tract 5012.09; Gloucester County; New Jersey","93550","52927",
"1400000US34015501210","Census Tract 5012.10; Gloucester County; New Jersey","129727","9787",
"1400000US34015501212","Census Tract 5012.12; Gloucester County; New Jersey","87621","17511",
"1400000US34015501213","Census Tract 5012.13; Gloucester County; New Jersey","117250","27394",
"1400000US34015501301","Census Tract 5013.01; Gloucester County; New Jersey","101190","23835",
"1400000US34015501302","Census Tract 5013.02; Gloucester County; New Jersey","85208","17315",
"1400000US34015501303","Census Tract 5013.03; Gloucester County; New Jersey","98250","23047",
"1400000US34015501402","Census Tract 5014.02; Gloucester County; New Jersey","86325","21457",
"1400000US34015501403","Census Tract 5014.03; Gloucester County; New Jersey","91077","23361",
"1400000US34015501404","Census Tract 5014.04; Gloucester County; New Jersey","52917","17450",
"1400000US34015501405","Census Tract 5014.05; Gloucester County; New Jersey","126923","14575",
"1400000US34015501406","Census Tract 5014.06; Gloucester County; New Jersey","59763","15394",
"1400000US34015501501","Census Tract 5015.01; Gloucester County; New Jersey","91339","40893",
"1400000US34015501502","Census Tract 5015.02; Gloucester County; New Jersey","89907","23118",
"1400000US34015501603","Census Tract 5016.03; Gloucester County; New Jersey","74712","12985",
"1400000US34015501604","Census Tract 5016.04; Gloucester County; New Jersey","93578","19585",
"1400000US34015501605","Census Tract 5016.05; Gloucester County; New Jersey","75952","24768",
"1400000US34015501606","Census Tract 5016.06; Gloucester County; New Jersey","124442","18398",
"1400000US34015501608","Census Tract 5016.08; Gloucester County; New Jersey","77461","9530",
"1400000US34015501609","Census Tract 5016.09; Gloucester County; New Jersey","161667","37008",
"1400000US34015501701","Census Tract 5017.01; Gloucester County; New Jersey","131474","14041",
"1400000US34015501702","Census Tract 5017.02; Gloucester County; New Jersey","89419","14375",
"1400000US34015501703","Census Tract 5017.03; Gloucester County; New Jersey","106625","23962",
"1400000US34015501704","Census Tract 5017.04; Gloucester County; New Jersey","109063","39524",
"1400000US34015501800","Census Tract 5018; Gloucester County; New Jersey","104107","13227",
"1400000US34015501900","Census Tract 5019; Gloucester County; New Jersey","141382","22625",
"1400000US34015502001","Census Tract 5020.01; Gloucester County; New Jersey","164400","14296",
"1400000US34015502002","Census Tract 5020.02; Gloucester County; New Jersey","172841","34212",
"1400000US34015502100","Census Tract 5021; Gloucester County; New Jersey","139773","29576",
"1400000US34015502201","Census Tract 5022.01; Gloucester County; New Jersey","160069","18529",
"1400000US34015502202","Census Tract 5022.02; Gloucester County; New Jersey","121607","30186",
"1400000US34015502203","Census Tract 5022.03; Gloucester County; New Jersey","173929","25896",
"1400000US34015502204","Census Tract 5022.04; Gloucester County; New Jersey","169659","30004",
"1400000US34015502300","Census Tract 5023; Gloucester County; New Jersey","88542","12052",
"1400000US34015502400","Census Tract 5024; Gloucester County; New Jersey","114355","19389",
"1400000US34017000101","Census Tract 1.01; Hudson County; New Jersey","125769","47107",
"1400000US34017000102","Census Tract 1.02; Hudson County; New Jersey","105045","36556",
"1400000US34017000200","Census Tract 2; Hudson County; New Jersey","50092","11198",
"1400000US34017000300","Census Tract 3; Hudson County; New Jersey","101765","15560",
"1400000US34017000400","Census Tract 4; Hudson County; New Jersey","91207","22102",
"1400000US34017000500","Census Tract 5; Hudson County; New Jersey","92885","26150",
"1400000US34017000600","Census Tract 6; Hudson County; New Jersey","62550","13710",
"1400000US34017000700","Census Tract 7; Hudson County; New Jersey","67096","12267",
"1400000US34017000800","Census Tract 8; Hudson County; New Jersey","120442","11384",
"1400000US34017000902","Census Tract 9.02; Hudson County; New Jersey","112578","37304",
"1400000US34017001000","Census Tract 10; Hudson County; New Jersey","74699","17607",
"1400000US34017001100","Census Tract 11; Hudson County; New Jersey","82151","30318",
"1400000US34017001201","Census Tract 12.01; Hudson County; New Jersey","72644","28749",
"1400000US34017001202","Census Tract 12.02; Hudson County; New Jersey","47708","37679",
"1400000US34017001300","Census Tract 13; Hudson County; New Jersey","143698","38899",
"1400000US34017001400","Census Tract 14; Hudson County; New Jersey","74088","29871",
"1400000US34017001701","Census Tract 17.01; Hudson County; New Jersey","82933","17408",
"1400000US34017001800","Census Tract 18; Hudson County; New Jersey","64524","33363",
"1400000US34017001900","Census Tract 19; Hudson County; New Jersey","85129","24818",
"1400000US34017002001","Census Tract 20.01; Hudson County; New Jersey","71014","17136",
"1400000US34017002002","Census Tract 20.02; Hudson County; New Jersey","70554","22575",
"1400000US34017002200","Census Tract 22; Hudson County; New Jersey","137500","28439",
"1400000US34017002300","Census Tract 23; Hudson County; New Jersey","129000","26466",
"1400000US34017002400","Census Tract 24; Hudson County; New Jersey","168875","34003",
"1400000US34017002700","Census Tract 27; Hudson County; New Jersey","54333","23891",
"1400000US34017002800","Census Tract 28; Hudson County; New Jersey","71400","34536",
"1400000US34017002900","Census Tract 29; Hudson County; New Jersey","99636","21668",
"1400000US34017003000","Census Tract 30; Hudson County; New Jersey","54615","20517",
"1400000US34017003101","Census Tract 31.01; Hudson County; New Jersey","91223","9422",
"1400000US34017003102","Census Tract 31.02; Hudson County; New Jersey","61611","21635",
"1400000US34017003500","Census Tract 35; Hudson County; New Jersey","151403","10507",
"1400000US34017004000","Census Tract 40; Hudson County; New Jersey","60964","23629",
"1400000US34017004102","Census Tract 41.02; Hudson County; New Jersey","98529","57944",
"1400000US34017004103","Census Tract 41.03; Hudson County; New Jersey","84867","41615",
"1400000US34017004104","Census Tract 41.04; Hudson County; New Jersey","63833","14768",
"1400000US34017004200","Census Tract 42; Hudson County; New Jersey","60337","29301",
"1400000US34017004300","Census Tract 43; Hudson County; New Jersey","92829","53570",
"1400000US34017004400","Census Tract 44; Hudson County; New Jersey","-","**",
"1400000US34017004500","Census Tract 45; Hudson County; New Jersey","63061","13879",
"1400000US34017004600","Census Tract 46; Hudson County; New Jersey","73993","10075",
"1400000US34017004700","Census Tract 47; Hudson County; New Jersey","90000","50039",
"1400000US34017004800","Census Tract 48; Hudson County; New Jersey","100583","19628",
"1400000US34017004900","Census Tract 49; Hudson County; New Jersey","80625","42797",
"1400000US34017005200","Census Tract 52; Hudson County; New Jersey","53923","10409",
"1400000US34017005300","Census Tract 53; Hudson County; New Jersey","51973","15622",
"1400000US34017005400","Census Tract 54; Hudson County; New Jersey","127813","34116",
"1400000US34017005500","Census Tract 55; Hudson County; New Jersey","65938","30950",
"1400000US34017005600","Census Tract 56; Hudson County; New Jersey","94844","27440",
"1400000US34017005801","Census Tract 58.01; Hudson County; New Jersey","54774","15013",
"1400000US34017005802","Census Tract 58.02; Hudson County; New Jersey","243750","41389",
"1400000US34017005901","Census Tract 59.01; Hudson County; New Jersey","112358","48344",
"1400000US34017005902","Census Tract 59.02; Hudson County; New Jersey","108942","23210",
"1400000US34017006000","Census Tract 60; Hudson County; New Jersey","60842","11370",
"1400000US34017006101","Census Tract 61.01; Hudson County; New Jersey","123320","18254",
"1400000US34017006102","Census Tract 61.02; Hudson County; New Jersey","54821","33677",
"1400000US34017006200","Census Tract 62; Hudson County; New Jersey","39847","21767",
"1400000US34017006300","Census Tract 63; Hudson County; New Jersey","70179","18223",
"1400000US34017006400","Census Tract 64; Hudson County; New Jersey","153106","30674",
"1400000US34017006500","Census Tract 65; Hudson County; New Jersey","148636","66332",
"1400000US34017006600","Census Tract 66; Hudson County; New Jersey","102446","27201",
"1400000US34017006700","Census Tract 67; Hudson County; New Jersey","36404","6559",
"1400000US34017006800","Census Tract 68; Hudson County; New Jersey","67939","21856",
"1400000US34017006900","Census Tract 69; Hudson County; New Jersey","-","**",
"1400000US34017007001","Census Tract 70.01; Hudson County; New Jersey","118545","27455",
"1400000US34017007002","Census Tract 70.02; Hudson County; New Jersey","163438","83014",
"1400000US34017007100","Census Tract 71; Hudson County; New Jersey","60265","16559",
"1400000US34017007200","Census Tract 72; Hudson County; New Jersey","233750","84357",
"1400000US34017007300","Census Tract 73; Hudson County; New Jersey","199279","17694",
"1400000US34017007400","Census Tract 74; Hudson County; New Jersey","231549","22872",
"1400000US34017007500","Census Tract 75; Hudson County; New Jersey","147770","14075",
"1400000US34017007601","Census Tract 76.01; Hudson County; New Jersey","214161","45978",
"1400000US34017007602","Census Tract 76.02; Hudson County; New Jersey","250,000+","***",
"1400000US34017007701","Census Tract 77.01; Hudson County; New Jersey","152286","17575",
"1400000US34017007702","Census Tract 77.02; Hudson County; New Jersey","163713","39780",
"1400000US34017007703","Census Tract 77.03; Hudson County; New Jersey","185648","46486",
"1400000US34017007800","Census Tract 78; Hudson County; New Jersey","136691","51390",
"1400000US34017010100","Census Tract 101; Hudson County; New Jersey","96829","12417",
"1400000US34017010200","Census Tract 102; Hudson County; New Jersey","88636","10960",
"1400000US34017010300","Census Tract 103; Hudson County; New Jersey","114688","38024",
"1400000US34017010400","Census Tract 104; Hudson County; New Jersey","114124","13366",
"1400000US34017010500","Census Tract 105; Hudson County; New Jersey","96297","13967",
"1400000US34017010601","Census Tract 106.01; Hudson County; New Jersey","36667","25794",
"1400000US34017010602","Census Tract 106.02; Hudson County; New Jersey","64526","46432",
"1400000US34017010701","Census Tract 107.01; Hudson County; New Jersey","77288","12500",
"1400000US34017010702","Census Tract 107.02; Hudson County; New Jersey","-","**",
"1400000US34017010800","Census Tract 108; Hudson County; New Jersey","111500","33875",
"1400000US34017010900","Census Tract 109; Hudson County; New Jersey","62132","22141",
"1400000US34017011000","Census Tract 110; Hudson County; New Jersey","75250","14678",
"1400000US34017011100","Census Tract 111; Hudson County; New Jersey","56349","12278",
"1400000US34017011200","Census Tract 112; Hudson County; New Jersey","70287","15919",
"1400000US34017011300","Census Tract 113; Hudson County; New Jersey","57824","22587",
"1400000US34017011400","Census Tract 114; Hudson County; New Jersey","85192","13126",
"1400000US34017011500","Census Tract 115; Hudson County; New Jersey","89080","8814",
"1400000US34017011600","Census Tract 116; Hudson County; New Jersey","57346","10641",
"1400000US34017012300","Census Tract 123; Hudson County; New Jersey","76563","15971",
"1400000US34017012400","Census Tract 124; Hudson County; New Jersey","103487","29573",
"1400000US34017012500","Census Tract 125; Hudson County; New Jersey","104688","22417",
"1400000US34017012600","Census Tract 126; Hudson County; New Jersey","84444","28876",
"1400000US34017012700","Census Tract 127; Hudson County; New Jersey","84432","23314",
"1400000US34017012800","Census Tract 128; Hudson County; New Jersey","73105","10943",
"1400000US34017012900","Census Tract 129; Hudson County; New Jersey","71250","20294",
"1400000US34017013000","Census Tract 130; Hudson County; New Jersey","77739","9796",
"1400000US34017013100","Census Tract 131; Hudson County; New Jersey","74583","26924",
"1400000US34017013200","Census Tract 132; Hudson County; New Jersey","71826","11959",
"1400000US34017013300","Census Tract 133; Hudson County; New Jersey","73621","24956",
"1400000US34017013400","Census Tract 134; Hudson County; New Jersey","48646","29229",
"1400000US34017013500","Census Tract 135; Hudson County; New Jersey","57313","17053",
"1400000US34017013600","Census Tract 136; Hudson County; New Jersey","63559","3690",
"1400000US34017013700","Census Tract 137; Hudson County; New Jersey","70855","13009",
"1400000US34017013800","Census Tract 138; Hudson County; New Jersey","127224","19692",
"1400000US34017013900","Census Tract 139; Hudson County; New Jersey","124113","24328",
"1400000US34017014000","Census Tract 140; Hudson County; New Jersey","79080","11668",
"1400000US34017014101","Census Tract 141.01; Hudson County; New Jersey","131015","25623",
"1400000US34017014102","Census Tract 141.02; Hudson County; New Jersey","66994","15560",
"1400000US34017014200","Census Tract 142; Hudson County; New Jersey","108640","18934",
"1400000US34017014300","Census Tract 143; Hudson County; New Jersey","72433","12113",
"1400000US34017014401","Census Tract 144.01; Hudson County; New Jersey","84063","13294",
"1400000US34017014402","Census Tract 144.02; Hudson County; New Jersey","88811","20993",
"1400000US34017014501","Census Tract 145.01; Hudson County; New Jersey","57156","19184",
"1400000US34017014502","Census Tract 145.02; Hudson County; New Jersey","29990","19235",
"1400000US34017014600","Census Tract 146; Hudson County; New Jersey","106250","29881",
"1400000US34017014700","Census Tract 147; Hudson County; New Jersey","92900","20890",
"1400000US34017014801","Census Tract 148.01; Hudson County; New Jersey","75045","37198",
"1400000US34017014802","Census Tract 148.02; Hudson County; New Jersey","43411","4370",
"1400000US34017014900","Census Tract 149; Hudson County; New Jersey","85545","18450",
"1400000US34017015001","Census Tract 150.01; Hudson County; New Jersey","113431","13450",
"1400000US34017015003","Census Tract 150.03; Hudson County; New Jersey","47386","14753",
"1400000US34017015004","Census Tract 150.04; Hudson County; New Jersey","72650","22636",
"1400000US34017015100","Census Tract 151; Hudson County; New Jersey","70682","29170",
"1400000US34017015201","Census Tract 152.01; Hudson County; New Jersey","153000","31835",
"1400000US34017015202","Census Tract 152.02; Hudson County; New Jersey","96473","20723",
"1400000US34017015300","Census Tract 153; Hudson County; New Jersey","51250","12358",
"1400000US34017015500","Census Tract 155; Hudson County; New Jersey","49310","16782",
"1400000US34017015600","Census Tract 156; Hudson County; New Jersey","64453","9638",
"1400000US34017015700","Census Tract 157; Hudson County; New Jersey","57583","20874",
"1400000US34017015801","Census Tract 158.01; Hudson County; New Jersey","175618","11941",
"1400000US34017015802","Census Tract 158.02; Hudson County; New Jersey","58431","28275",
"1400000US34017015900","Census Tract 159; Hudson County; New Jersey","71930","13675",
"1400000US34017016000","Census Tract 160; Hudson County; New Jersey","55607","17085",
"1400000US34017016100","Census Tract 161; Hudson County; New Jersey","68929","21921",
"1400000US34017016200","Census Tract 162; Hudson County; New Jersey","53510","15072",
"1400000US34017016300","Census Tract 163; Hudson County; New Jersey","66484","25284",
"1400000US34017016400","Census Tract 164; Hudson County; New Jersey","22071","17083",
"1400000US34017016500","Census Tract 165; Hudson County; New Jersey","102940","24861",
"1400000US34017016600","Census Tract 166; Hudson County; New Jersey","45114","12943",
"1400000US34017016700","Census Tract 167; Hudson County; New Jersey","78047","13774",
"1400000US34017016800","Census Tract 168; Hudson County; New Jersey","64375","30979",
"1400000US34017016900","Census Tract 169; Hudson County; New Jersey","32841","13673",
"1400000US34017017000","Census Tract 170; Hudson County; New Jersey","60078","9034",
"1400000US34017017100","Census Tract 171; Hudson County; New Jersey","88273","13748",
"1400000US34017017200","Census Tract 172; Hudson County; New Jersey","63393","31535",
"1400000US34017017300","Census Tract 173; Hudson County; New Jersey","82292","19886",
"1400000US34017017400","Census Tract 174; Hudson County; New Jersey","47652","13275",
"1400000US34017017500","Census Tract 175; Hudson County; New Jersey","69821","18565",
"1400000US34017017600","Census Tract 176; Hudson County; New Jersey","54521","16640",
"1400000US34017017700","Census Tract 177; Hudson County; New Jersey","85000","25928",
"1400000US34017017800","Census Tract 178; Hudson County; New Jersey","88352","29522",
"1400000US34017017900","Census Tract 179; Hudson County; New Jersey","190625","58154",
"1400000US34017018000","Census Tract 180; Hudson County; New Jersey","85486","15199",
"1400000US34017018100","Census Tract 181; Hudson County; New Jersey","88567","11814",
"1400000US34017018200","Census Tract 182; Hudson County; New Jersey","161604","48181",
"1400000US34017018301","Census Tract 183.01; Hudson County; New Jersey","250,000+","***",
"1400000US34017018302","Census Tract 183.02; Hudson County; New Jersey","207702","52466",
"1400000US34017018401","Census Tract 184.01; Hudson County; New Jersey","179107","77495",
"1400000US34017018402","Census Tract 184.02; Hudson County; New Jersey","250,000+","***",
"1400000US34017018501","Census Tract 185.01; Hudson County; New Jersey","202592","24093",
"1400000US34017018502","Census Tract 185.02; Hudson County; New Jersey","173906","82701",
"1400000US34017018600","Census Tract 186; Hudson County; New Jersey","152150","36273",
"1400000US34017018701","Census Tract 187.01; Hudson County; New Jersey","150156","49143",
"1400000US34017018702","Census Tract 187.02; Hudson County; New Jersey","79792","35244",
"1400000US34017018800","Census Tract 188; Hudson County; New Jersey","172857","53156",
"1400000US34017018900","Census Tract 189; Hudson County; New Jersey","142396","38471",
"1400000US34017019000","Census Tract 190; Hudson County; New Jersey","151600","68115",
"1400000US34017019100","Census Tract 191; Hudson County; New Jersey","131513","46275",
"1400000US34017019200","Census Tract 192; Hudson County; New Jersey","216875","60134",
"1400000US34017019300","Census Tract 193; Hudson County; New Jersey","141250","50829",
"1400000US34017019400","Census Tract 194; Hudson County; New Jersey","133581","36271",
"1400000US34017019800","Census Tract 198; Hudson County; New Jersey","147591","24442",
"1400000US34017019900","Census Tract 199; Hudson County; New Jersey","99341","19326",
"1400000US34017020000","Census Tract 200; Hudson County; New Jersey","146107","26563",
"1400000US34017020100","Census Tract 201; Hudson County; New Jersey","199773","29193",
"1400000US34017032400","Census Tract 324; Hudson County; New Jersey","47396","21668",
"1400000US34017980100","Census Tract 9801; Hudson County; New Jersey","-","**",
"1400000US34019010100","Census Tract 101; Hunterdon County; New Jersey","192576","27321",
"1400000US34019010201","Census Tract 102.01; Hunterdon County; New Jersey","131591","12910",
"1400000US34019010202","Census Tract 102.02; Hunterdon County; New Jersey","127986","28487",
"1400000US34019010300","Census Tract 103; Hunterdon County; New Jersey","90645","9847",
"1400000US34019010400","Census Tract 104; Hunterdon County; New Jersey","136533","9969",
"1400000US34019010500","Census Tract 105; Hunterdon County; New Jersey","136875","7180",
"1400000US34019010600","Census Tract 106; Hunterdon County; New Jersey","145053","12069",
"1400000US34019010701","Census Tract 107.01; Hunterdon County; New Jersey","137568","18275",
"1400000US34019010702","Census Tract 107.02; Hunterdon County; New Jersey","161169","21042",
"1400000US34019010801","Census Tract 108.01; Hunterdon County; New Jersey","141146","18255",
"1400000US34019010802","Census Tract 108.02; Hunterdon County; New Jersey","110104","26948",
"1400000US34019010900","Census Tract 109; Hunterdon County; New Jersey","112467","30676",
"1400000US34019011001","Census Tract 110.01; Hunterdon County; New Jersey","187143","32703",
"1400000US34019011003","Census Tract 110.03; Hunterdon County; New Jersey","155750","25223",
"1400000US34019011004","Census Tract 110.04; Hunterdon County; New Jersey","143221","25784",
"1400000US34019011100","Census Tract 111; Hunterdon County; New Jersey","132744","30448",
"1400000US34019011202","Census Tract 112.02; Hunterdon County; New Jersey","139786","40604",
"1400000US34019011203","Census Tract 112.03; Hunterdon County; New Jersey","199135","31653",
"1400000US34019011204","Census Tract 112.04; Hunterdon County; New Jersey","183750","53999",
"1400000US34019011301","Census Tract 113.01; Hunterdon County; New Jersey","188750","37844",
"1400000US34019011303","Census Tract 113.03; Hunterdon County; New Jersey","116646","12010",
"1400000US34019011304","Census Tract 113.04; Hunterdon County; New Jersey","192955","18693",
"1400000US34019011305","Census Tract 113.05; Hunterdon County; New Jersey","147824","21332",
"1400000US34019011306","Census Tract 113.06; Hunterdon County; New Jersey","208094","32581",
"1400000US34019011400","Census Tract 114; Hunterdon County; New Jersey","69978","19622",
"1400000US34019011500","Census Tract 115; Hunterdon County; New Jersey","120739","24957",
"1400000US34019011600","Census Tract 116; Hunterdon County; New Jersey","186534","25488",
"1400000US34019011700","Census Tract 117; Hunterdon County; New Jersey","152361","27890",
"1400000US34019011800","Census Tract 118; Hunterdon County; New Jersey","151250","43753",
"1400000US34019011900","Census Tract 119; Hunterdon County; New Jersey","109733","24846",
"1400000US34021000100","Census Tract 1; Mercer County; New Jersey","43497","19687",
"1400000US34021000200","Census Tract 2; Mercer County; New Jersey","87632","34173",
"1400000US34021000300","Census Tract 3; Mercer County; New Jersey","61147","22614",
"1400000US34021000400","Census Tract 4; Mercer County; New Jersey","49023","12547",
"1400000US34021000500","Census Tract 5; Mercer County; New Jersey","52679","22338",
"1400000US34021000600","Census Tract 6; Mercer County; New Jersey","69950","24417",
"1400000US34021000700","Census Tract 7; Mercer County; New Jersey","61318","14047",
"1400000US34021000800","Census Tract 8; Mercer County; New Jersey","78785","6416",
"1400000US34021000900","Census Tract 9; Mercer County; New Jersey","79260","31875",
"1400000US34021001000","Census Tract 10; Mercer County; New Jersey","24659","8206",
"1400000US34021001101","Census Tract 11.01; Mercer County; New Jersey","35015","11508",
"1400000US34021001102","Census Tract 11.02; Mercer County; New Jersey","33035","8429",
"1400000US34021001200","Census Tract 12; Mercer County; New Jersey","53100","24952",
"1400000US34021001300","Census Tract 13; Mercer County; New Jersey","79810","16625",
"1400000US34021001401","Census Tract 14.01; Mercer County; New Jersey","16326","11185",
"1400000US34021001402","Census Tract 14.02; Mercer County; New Jersey","61875","17959",
"1400000US34021001500","Census Tract 15; Mercer County; New Jersey","58642","15306",
"1400000US34021001600","Census Tract 16; Mercer County; New Jersey","36190","15493",
"1400000US34021001700","Census Tract 17; Mercer County; New Jersey","36790","21054",
"1400000US34021001800","Census Tract 18; Mercer County; New Jersey","57734","13122",
"1400000US34021001900","Census Tract 19; Mercer County; New Jersey","48182","24549",
"1400000US34021002000","Census Tract 20; Mercer County; New Jersey","39734","13301",
"1400000US34021002100","Census Tract 21; Mercer County; New Jersey","28720","16064",
"1400000US34021002200","Census Tract 22; Mercer County; New Jersey","83443","21754",
"1400000US34021002500","Census Tract 25; Mercer County; New Jersey","91250","15855",
"1400000US34021002601","Census Tract 26.01; Mercer County; New Jersey","86875","14235",
"1400000US34021002602","Census Tract 26.02; Mercer County; New Jersey","88860","19062",
"1400000US34021002701","Census Tract 27.01; Mercer County; New Jersey","79505","14874",
"1400000US34021002702","Census Tract 27.02; Mercer County; New Jersey","73633","4653",
"1400000US34021002800","Census Tract 28; Mercer County; New Jersey","93341","23156",
"1400000US34021002902","Census Tract 29.02; Mercer County; New Jersey","97167","17777",
"1400000US34021002903","Census Tract 29.03; Mercer County; New Jersey","143533","17122",
"1400000US34021002904","Census Tract 29.04; Mercer County; New Jersey","144623","14089",
"1400000US34021003001","Census Tract 30.01; Mercer County; New Jersey","118804","27173",
"1400000US34021003002","Census Tract 30.02; Mercer County; New Jersey","134257","7708",
"1400000US34021003003","Census Tract 30.03; Mercer County; New Jersey","86844","18967",
"1400000US34021003004","Census Tract 30.04; Mercer County; New Jersey","103103","28941",
"1400000US34021003006","Census Tract 30.06; Mercer County; New Jersey","137982","11440",
"1400000US34021003007","Census Tract 30.07; Mercer County; New Jersey","139167","16438",
"1400000US34021003008","Census Tract 30.08; Mercer County; New Jersey","133110","5007",
"1400000US34021003009","Census Tract 30.09; Mercer County; New Jersey","65886","13295",
"1400000US34021003100","Census Tract 31; Mercer County; New Jersey","69235","21730",
"1400000US34021003201","Census Tract 32.01; Mercer County; New Jersey","117179","26307",
"1400000US34021003202","Census Tract 32.02; Mercer County; New Jersey","122540","8511",
"1400000US34021003301","Census Tract 33.01; Mercer County; New Jersey","156926","15839",
"1400000US34021003303","Census Tract 33.03; Mercer County; New Jersey","152983","23296",
"1400000US34021003304","Census Tract 33.04; Mercer County; New Jersey","219091","69924",
"1400000US34021003400","Census Tract 34; Mercer County; New Jersey","67807","14109",
"1400000US34021003500","Census Tract 35; Mercer County; New Jersey","79176","20406",
"1400000US34021003601","Census Tract 36.01; Mercer County; New Jersey","84375","27049",
"1400000US34021003602","Census Tract 36.02; Mercer County; New Jersey","80726","25985",
"1400000US34021003703","Census Tract 37.03; Mercer County; New Jersey","104715","14538",
"1400000US34021003704","Census Tract 37.04; Mercer County; New Jersey","142120","16586",
"1400000US34021003706","Census Tract 37.06; Mercer County; New Jersey","104079","26678",
"1400000US34021003707","Census Tract 37.07; Mercer County; New Jersey","73750","43279",
"1400000US34021003708","Census Tract 37.08; Mercer County; New Jersey","91263","12043",
"1400000US34021003800","Census Tract 38; Mercer County; New Jersey","171250","32106",
"1400000US34021003902","Census Tract 39.02; Mercer County; New Jersey","145114","25426",
"1400000US34021003903","Census Tract 39.03; Mercer County; New Jersey","192586","25175",
"1400000US34021003904","Census Tract 39.04; Mercer County; New Jersey","164554","29706",
"1400000US34021003905","Census Tract 39.05; Mercer County; New Jersey","230125","31107",
"1400000US34021004000","Census Tract 40; Mercer County; New Jersey","110375","20450",
"1400000US34021004203","Census Tract 42.03; Mercer County; New Jersey","244038","49054",
"1400000US34021004204","Census Tract 42.04; Mercer County; New Jersey","207207","41920",
"1400000US34021004205","Census Tract 42.05; Mercer County; New Jersey","250,000+","***",
"1400000US34021004206","Census Tract 42.06; Mercer County; New Jersey","181528","64204",
"1400000US34021004306","Census Tract 43.06; Mercer County; New Jersey","250,000+","***",
"1400000US34021004307","Census Tract 43.07; Mercer County; New Jersey","200355","17729",
"1400000US34021004309","Census Tract 43.09; Mercer County; New Jersey","226838","34511",
"1400000US34021004311","Census Tract 43.11; Mercer County; New Jersey","114950","28621",
"1400000US34021004312","Census Tract 43.12; Mercer County; New Jersey","231544","42771",
"1400000US34021004313","Census Tract 43.13; Mercer County; New Jersey","117000","50310",
"1400000US34021004314","Census Tract 43.14; Mercer County; New Jersey","167458","41042",
"1400000US34021004315","Census Tract 43.15; Mercer County; New Jersey","250,000+","***",
"1400000US34021004316","Census Tract 43.16; Mercer County; New Jersey","177344","40374",
"1400000US34021004403","Census Tract 44.03; Mercer County; New Jersey","108987","15365",
"1400000US34021004404","Census Tract 44.04; Mercer County; New Jersey","100833","18058",
"1400000US34021004406","Census Tract 44.06; Mercer County; New Jersey","93176","17346",
"1400000US34021004407","Census Tract 44.07; Mercer County; New Jersey","107778","32688",
"1400000US34021004408","Census Tract 44.08; Mercer County; New Jersey","151191","11491",
"1400000US34021004409","Census Tract 44.09; Mercer County; New Jersey","85194","18379",
"1400000US34021004501","Census Tract 45.01; Mercer County; New Jersey","197434","49316",
"1400000US34021004502","Census Tract 45.02; Mercer County; New Jersey","139922","101707",
"1400000US34021980000","Census Tract 9800; Mercer County; New Jersey","-","**",
"1400000US34023000101","Census Tract 1.01; Middlesex County; New Jersey","111588","28927",
"1400000US34023000102","Census Tract 1.02; Middlesex County; New Jersey","133523","25573",
"1400000US34023000200","Census Tract 2; Middlesex County; New Jersey","90828","11462",
"1400000US34023000300","Census Tract 3; Middlesex County; New Jersey","86967","31113",
"1400000US34023000401","Census Tract 4.01; Middlesex County; New Jersey","129491","20682",
"1400000US34023000403","Census Tract 4.03; Middlesex County; New Jersey","130147","37980",
"1400000US34023000404","Census Tract 4.04; Middlesex County; New Jersey","131652","12370",
"1400000US34023000501","Census Tract 5.01; Middlesex County; New Jersey","94913","30316",
"1400000US34023000503","Census Tract 5.03; Middlesex County; New Jersey","161550","74908",
"1400000US34023000504","Census Tract 5.04; Middlesex County; New Jersey","84961","8956",
"1400000US34023000603","Census Tract 6.03; Middlesex County; New Jersey","151000","12912",
"1400000US34023000608","Census Tract 6.08; Middlesex County; New Jersey","100982","24729",
"1400000US34023000609","Census Tract 6.09; Middlesex County; New Jersey","161638","25649",
"1400000US34023000610","Census Tract 6.10; Middlesex County; New Jersey","133684","35873",
"1400000US34023000701","Census Tract 7.01; Middlesex County; New Jersey","159167","31862",
"1400000US34023000702","Census Tract 7.02; Middlesex County; New Jersey","150313","22636",
"1400000US34023000801","Census Tract 8.01; Middlesex County; New Jersey","136085","18496",
"1400000US34023000802","Census Tract 8.02; Middlesex County; New Jersey","128421","19976",
"1400000US34023000901","Census Tract 9.01; Middlesex County; New Jersey","126000","26729",
"1400000US34023000902","Census Tract 9.02; Middlesex County; New Jersey","111789","18335",
"1400000US34023001001","Census Tract 10.01; Middlesex County; New Jersey","145724","37037",
"1400000US34023001003","Census Tract 10.03; Middlesex County; New Jersey","131282","21342",
"1400000US34023001004","Census Tract 10.04; Middlesex County; New Jersey","137727","36181",
"1400000US34023001100","Census Tract 11; Middlesex County; New Jersey","122828","30779",
"1400000US34023001200","Census Tract 12; Middlesex County; New Jersey","87078","15533",
"1400000US34023001300","Census Tract 13; Middlesex County; New Jersey","119688","30435",
"1400000US34023001409","Census Tract 14.09; Middlesex County; New Jersey","192500","43002",
"1400000US34023001410","Census Tract 14.10; Middlesex County; New Jersey","147000","28795",
"1400000US34023001411","Census Tract 14.11; Middlesex County; New Jersey","172066","30874",
"1400000US34023001412","Census Tract 14.12; Middlesex County; New Jersey","216538","21427",
"1400000US34023001413","Census Tract 14.13; Middlesex County; New Jersey","140000","28256",
"1400000US34023001414","Census Tract 14.14; Middlesex County; New Jersey","165664","25731",
"1400000US34023001415","Census Tract 14.15; Middlesex County; New Jersey","250,000+","***",
"1400000US34023001417","Census Tract 14.17; Middlesex County; New Jersey","222083","41105",
"1400000US34023001418","Census Tract 14.18; Middlesex County; New Jersey","120489","25923",
"1400000US34023001419","Census Tract 14.19; Middlesex County; New Jersey","108594","27585",
"1400000US34023001502","Census Tract 15.02; Middlesex County; New Jersey","114886","32275",
"1400000US34023001504","Census Tract 15.04; Middlesex County; New Jersey","142517","30935",
"1400000US34023001505","Census Tract 15.05; Middlesex County; New Jersey","146250","24238",
"1400000US34023001506","Census Tract 15.06; Middlesex County; New Jersey","106729","12100",
"1400000US34023001600","Census Tract 16; Middlesex County; New Jersey","82105","23644",
"1400000US34023001701","Census Tract 17.01; Middlesex County; New Jersey","138264","5138",
"1400000US34023001702","Census Tract 17.02; Middlesex County; New Jersey","99048","15879",
"1400000US34023001803","Census Tract 18.03; Middlesex County; New Jersey","126424","22925",
"1400000US34023001804","Census Tract 18.04; Middlesex County; New Jersey","84366","12608",
"1400000US34023001805","Census Tract 18.05; Middlesex County; New Jersey","141696","19856",
"1400000US34023001806","Census Tract 18.06; Middlesex County; New Jersey","81333","17778",
"1400000US34023001901","Census Tract 19.01; Middlesex County; New Jersey","81449","14160",
"1400000US34023001902","Census Tract 19.02; Middlesex County; New Jersey","92476","14041",
"1400000US34023001903","Census Tract 19.03; Middlesex County; New Jersey","79375","22819",
"1400000US34023002000","Census Tract 20; Middlesex County; New Jersey","157788","32218",
"1400000US34023002101","Census Tract 21.01; Middlesex County; New Jersey","215568","47717",
"1400000US34023002102","Census Tract 21.02; Middlesex County; New Jersey","152031","25082",
"1400000US34023002200","Census Tract 22; Middlesex County; New Jersey","142500","24816",
"1400000US34023002301","Census Tract 23.01; Middlesex County; New Jersey","150435","23053",
"1400000US34023002302","Census Tract 23.02; Middlesex County; New Jersey","149028","55938",
"1400000US34023002401","Census Tract 24.01; Middlesex County; New Jersey","107366","17047",
"1400000US34023002402","Census Tract 24.02; Middlesex County; New Jersey","149464","37303",
"1400000US34023002500","Census Tract 25; Middlesex County; New Jersey","118750","39929",
"1400000US34023002603","Census Tract 26.03; Middlesex County; New Jersey","114714","15779",
"1400000US34023002604","Census Tract 26.04; Middlesex County; New Jersey","87222","36734",
"1400000US34023002605","Census Tract 26.05; Middlesex County; New Jersey","105536","22483",
"1400000US34023002701","Census Tract 27.01; Middlesex County; New Jersey","82975","10499",
"1400000US34023002703","Census Tract 27.03; Middlesex County; New Jersey","107029","11553",
"1400000US34023002805","Census Tract 28.05; Middlesex County; New Jersey","147500","24185",
"1400000US34023002901","Census Tract 29.01; Middlesex County; New Jersey","158475","6457",
"1400000US34023002902","Census Tract 29.02; Middlesex County; New Jersey","87132","15462",
"1400000US34023003001","Census Tract 30.01; Middlesex County; New Jersey","111964","24877",
"1400000US34023003002","Census Tract 30.02; Middlesex County; New Jersey","102369","4490",
"1400000US34023003101","Census Tract 31.01; Middlesex County; New Jersey","110278","24911",
"1400000US34023003102","Census Tract 31.02; Middlesex County; New Jersey","117580","10172",
"1400000US34023003201","Census Tract 32.01; Middlesex County; New Jersey","151920","42218",
"1400000US34023003203","Census Tract 32.03; Middlesex County; New Jersey","75030","10593",
"1400000US34023003300","Census Tract 33; Middlesex County; New Jersey","82739","17096",
"1400000US34023003401","Census Tract 34.01; Middlesex County; New Jersey","108902","15730",
"1400000US34023003500","Census Tract 35; Middlesex County; New Jersey","105139","22857",
"1400000US34023003601","Census Tract 36.01; Middlesex County; New Jersey","115798","37763",
"1400000US34023003700","Census Tract 37; Middlesex County; New Jersey","108368","23704",
"1400000US34023003801","Census Tract 38.01; Middlesex County; New Jersey","102303","31753",
"1400000US34023003802","Census Tract 38.02; Middlesex County; New Jersey","65570","16793",
"1400000US34023004000","Census Tract 40; Middlesex County; New Jersey","69431","15593",
"1400000US34023004100","Census Tract 41; Middlesex County; New Jersey","72321","18497",
"1400000US34023004200","Census Tract 42; Middlesex County; New Jersey","80583","29401",
"1400000US34023004300","Census Tract 43; Middlesex County; New Jersey","59929","33955",
"1400000US34023004400","Census Tract 44; Middlesex County; New Jersey","60446","30274",
"1400000US34023004501","Census Tract 45.01; Middlesex County; New Jersey","56373","17753",
"1400000US34023004502","Census Tract 45.02; Middlesex County; New Jersey","85250","31403",
"1400000US34023004600","Census Tract 46; Middlesex County; New Jersey","63105","10159",
"1400000US34023004700","Census Tract 47; Middlesex County; New Jersey","68875","16178",
"1400000US34023004800","Census Tract 48; Middlesex County; New Jersey","50276","10808",
"1400000US34023004900","Census Tract 49; Middlesex County; New Jersey","40807","23081",
"1400000US34023005000","Census Tract 50; Middlesex County; New Jersey","87770","13224",
"1400000US34023005100","Census Tract 51; Middlesex County; New Jersey","46442","29369",
"1400000US34023005200","Census Tract 52; Middlesex County; New Jersey","46908","7145",
"1400000US34023005300","Census Tract 53; Middlesex County; New Jersey","62014","29589",
"1400000US34023005500","Census Tract 55; Middlesex County; New Jersey","53023","34540",
"1400000US34023005601","Census Tract 56.01; Middlesex County; New Jersey","82077","16725",
"1400000US34023005602","Census Tract 56.02; Middlesex County; New Jersey","76106","27772",
"1400000US34023005700","Census Tract 57; Middlesex County; New Jersey","76557","34581",
"1400000US34023005800","Census Tract 58; Middlesex County; New Jersey","37057","24628",
"1400000US34023006001","Census Tract 60.01; Middlesex County; New Jersey","95094","13654",
"1400000US34023006002","Census Tract 60.02; Middlesex County; New Jersey","62757","21801",
"1400000US34023006101","Census Tract 61.01; Middlesex County; New Jersey","91979","19998",
"1400000US34023006103","Census Tract 61.03; Middlesex County; New Jersey","92835","15791",
"1400000US34023006104","Census Tract 61.04; Middlesex County; New Jersey","134141","24154",
"1400000US34023006204","Census Tract 62.04; Middlesex County; New Jersey","151818","17568",
"1400000US34023006205","Census Tract 62.05; Middlesex County; New Jersey","141571","13460",
"1400000US34023006206","Census Tract 62.06; Middlesex County; New Jersey","168036","34133",
"1400000US34023006207","Census Tract 62.07; Middlesex County; New Jersey","114098","11582",
"1400000US34023006208","Census Tract 62.08; Middlesex County; New Jersey","138393","26347",
"1400000US34023006209","Census Tract 62.09; Middlesex County; New Jersey","62288","12554",
"1400000US34023006300","Census Tract 63; Middlesex County; New Jersey","140960","21343",
"1400000US34023006403","Census Tract 64.03; Middlesex County; New Jersey","186111","36923",
"1400000US34023006500","Census Tract 65; Middlesex County; New Jersey","176349","34125",
"1400000US34023006601","Census Tract 66.01; Middlesex County; New Jersey","178438","32883",
"1400000US34023006604","Census Tract 66.04; Middlesex County; New Jersey","108724","21670",
"1400000US34023006605","Census Tract 66.05; Middlesex County; New Jersey","158839","32936",
"1400000US34023006606","Census Tract 66.06; Middlesex County; New Jersey","213929","43905",
"1400000US34023006607","Census Tract 66.07; Middlesex County; New Jersey","210625","29035",
"1400000US34023006608","Census Tract 66.08; Middlesex County; New Jersey","133315","16987",
"1400000US34023006701","Census Tract 67.01; Middlesex County; New Jersey","141385","8316",
"1400000US34023006703","Census Tract 67.03; Middlesex County; New Jersey","155591","11786",
"1400000US34023006800","Census Tract 68; Middlesex County; New Jersey","97234","16545",
"1400000US34023006900","Census Tract 69; Middlesex County; New Jersey","72575","14766",
"1400000US34023007000","Census Tract 70; Middlesex County; New Jersey","108170","53646",
"1400000US34023007101","Census Tract 71.01; Middlesex County; New Jersey","95122","32039",
"1400000US34023007102","Census Tract 71.02; Middlesex County; New Jersey","133021","21854",
"1400000US34023007103","Census Tract 71.03; Middlesex County; New Jersey","64107","19695",
"1400000US34023007202","Census Tract 72.02; Middlesex County; New Jersey","148009","20309",
"1400000US34023007203","Census Tract 72.03; Middlesex County; New Jersey","122904","25484",
"1400000US34023007301","Census Tract 73.01; Middlesex County; New Jersey","130425","24854",
"1400000US34023007303","Census Tract 73.03; Middlesex County; New Jersey","115741","15569",
"1400000US34023007305","Census Tract 73.05; Middlesex County; New Jersey","79143","26648",
"1400000US34023007306","Census Tract 73.06; Middlesex County; New Jersey","110972","8814",
"1400000US34023007402","Census Tract 74.02; Middlesex County; New Jersey","72077","8775",
"1400000US34023007500","Census Tract 75; Middlesex County; New Jersey","95081","24849",
"1400000US34023007600","Census Tract 76; Middlesex County; New Jersey","88664","25415",
"1400000US34023007702","Census Tract 77.02; Middlesex County; New Jersey","127375","36780",
"1400000US34023007703","Census Tract 77.03; Middlesex County; New Jersey","147656","18427",
"1400000US34023007704","Census Tract 77.04; Middlesex County; New Jersey","104286","22434",
"1400000US34023007801","Census Tract 78.01; Middlesex County; New Jersey","76266","13294",
"1400000US34023007804","Census Tract 78.04; Middlesex County; New Jersey","121111","25095",
"1400000US34023007805","Census Tract 78.05; Middlesex County; New Jersey","139632","31604",
"1400000US34023007806","Census Tract 78.06; Middlesex County; New Jersey","107917","32420",
"1400000US34023007905","Census Tract 79.05; Middlesex County; New Jersey","140938","13192",
"1400000US34023007906","Census Tract 79.06; Middlesex County; New Jersey","72077","22877",
"1400000US34023007907","Census Tract 79.07; Middlesex County; New Jersey","115764","17931",
"1400000US34023007908","Census Tract 79.08; Middlesex County; New Jersey","66271","16205",
"1400000US34023007909","Census Tract 79.09; Middlesex County; New Jersey","185272","42107",
"1400000US34023007910","Census Tract 79.10; Middlesex County; New Jersey","63147","9261",
"1400000US34023007911","Census Tract 79.11; Middlesex County; New Jersey","204119","30781",
"1400000US34023007913","Census Tract 79.13; Middlesex County; New Jersey","117246","75845",
"1400000US34023007914","Census Tract 79.14; Middlesex County; New Jersey","112132","31441",
"1400000US34023008001","Census Tract 80.01; Middlesex County; New Jersey","84291","12565",
"1400000US34023008101","Census Tract 81.01; Middlesex County; New Jersey","86769","11843",
"1400000US34023008102","Census Tract 81.02; Middlesex County; New Jersey","121563","35778",
"1400000US34023008103","Census Tract 81.03; Middlesex County; New Jersey","98952","10239",
"1400000US34023008204","Census Tract 82.04; Middlesex County; New Jersey","68844","16129",
"1400000US34023008205","Census Tract 82.05; Middlesex County; New Jersey","64950","17110",
"1400000US34023008206","Census Tract 82.06; Middlesex County; New Jersey","60756","21587",
"1400000US34023008207","Census Tract 82.07; Middlesex County; New Jersey","78107","2437",
"1400000US34023008209","Census Tract 82.09; Middlesex County; New Jersey","143135","11706",
"1400000US34023008210","Census Tract 82.10; Middlesex County; New Jersey","189320","34756",
"1400000US34023008211","Census Tract 82.11; Middlesex County; New Jersey","195559","18780",
"1400000US34023008212","Census Tract 82.12; Middlesex County; New Jersey","236667","60033",
"1400000US34023008213","Census Tract 82.13; Middlesex County; New Jersey","134365","21389",
"1400000US34023008214","Census Tract 82.14; Middlesex County; New Jersey","175532","27345",
"1400000US34023008300","Census Tract 83; Middlesex County; New Jersey","110972","23717",
"1400000US34023008403","Census Tract 84.03; Middlesex County; New Jersey","176490","42303",
"1400000US34023008404","Census Tract 84.04; Middlesex County; New Jersey","119872","31386",
"1400000US34023008405","Census Tract 84.05; Middlesex County; New Jersey","219038","66668",
"1400000US34023008406","Census Tract 84.06; Middlesex County; New Jersey","158889","26718",
"1400000US34023008501","Census Tract 85.01; Middlesex County; New Jersey","112460","24614",
"1400000US34023008502","Census Tract 85.02; Middlesex County; New Jersey","231983","24907",
"1400000US34023008504","Census Tract 85.04; Middlesex County; New Jersey","133315","23507",
"1400000US34023008505","Census Tract 85.05; Middlesex County; New Jersey","159494","40427",
"1400000US34023008506","Census Tract 85.06; Middlesex County; New Jersey","167860","26064",
"1400000US34023008601","Census Tract 86.01; Middlesex County; New Jersey","140972","32656",
"1400000US34023008602","Census Tract 86.02; Middlesex County; New Jersey","155313","63820",
"1400000US34023008604","Census Tract 86.04; Middlesex County; New Jersey","125976","19986",
"1400000US34023008605","Census Tract 86.05; Middlesex County; New Jersey","135893","44384",
"1400000US34023008606","Census Tract 86.06; Middlesex County; New Jersey","102868","15577",
"1400000US34023008700","Census Tract 87; Middlesex County; New Jersey","216691","38482",
"1400000US34023008801","Census Tract 88.01; Middlesex County; New Jersey","146346","36457",
"1400000US34023009000","Census Tract 90; Middlesex County; New Jersey","84444","19470",
"1400000US34023009101","Census Tract 91.01; Middlesex County; New Jersey","110197","27428",
"1400000US34023009200","Census Tract 92; Middlesex County; New Jersey","128365","25079",
"1400000US34023009300","Census Tract 93; Middlesex County; New Jersey","-","**",
"1400000US34023009400","Census Tract 94; Middlesex County; New Jersey","89444","25178",
"1400000US34023980000","Census Tract 9800; Middlesex County; New Jersey","-","**",
"1400000US34023980100","Census Tract 9801; Middlesex County; New Jersey","-","**",
"1400000US34023980200","Census Tract 9802; Middlesex County; New Jersey","-","**",
"1400000US34025800101","Census Tract 8001.01; Monmouth County; New Jersey","90072","35637",
"1400000US34025800102","Census Tract 8001.02; Monmouth County; New Jersey","93833","3097",
"1400000US34025800200","Census Tract 8002; Monmouth County; New Jersey","126080","14636",
"1400000US34025800400","Census Tract 8004; Monmouth County; New Jersey","139697","54993",
"1400000US34025800500","Census Tract 8005; Monmouth County; New Jersey","121551","11114",
"1400000US34025800601","Census Tract 8006.01; Monmouth County; New Jersey","86542","54892",
"1400000US34025800602","Census Tract 8006.02; Monmouth County; New Jersey","141573","22344",
"1400000US34025800701","Census Tract 8007.01; Monmouth County; New Jersey","131436","13380",
"1400000US34025800702","Census Tract 8007.02; Monmouth County; New Jersey","165313","35659",
"1400000US34025800800","Census Tract 8008; Monmouth County; New Jersey","127065","43714",
"1400000US34025800900","Census Tract 8009; Monmouth County; New Jersey","134307","15098",
"1400000US34025801000","Census Tract 8010; Monmouth County; New Jersey","141000","33809",
"1400000US34025801100","Census Tract 8011; Monmouth County; New Jersey","197019","58659",
"1400000US34025801200","Census Tract 8012; Monmouth County; New Jersey","214671","52412",
"1400000US34025801300","Census Tract 8013; Monmouth County; New Jersey","123635","28528",
"1400000US34025801400","Census Tract 8014; Monmouth County; New Jersey","156103","38845",
"1400000US34025801500","Census Tract 8015; Monmouth County; New Jersey","189000","30358",
"1400000US34025801600","Census Tract 8016; Monmouth County; New Jersey","100445","16166",
"1400000US34025801700","Census Tract 8017; Monmouth County; New Jersey","61528","28033",
"1400000US34025801800","Census Tract 8018; Monmouth County; New Jersey","119250","14204",
"1400000US34025801900","Census Tract 8019; Monmouth County; New Jersey","94076","14710",
"1400000US34025802000","Census Tract 8020; Monmouth County; New Jersey","66862","8482",
"1400000US34025802100","Census Tract 8021; Monmouth County; New Jersey","121485","16952",
"1400000US34025802200","Census Tract 8022; Monmouth County; New Jersey","95625","26075",
"1400000US34025802300","Census Tract 8023; Monmouth County; New Jersey","98211","19598",
"1400000US34025802400","Census Tract 8024; Monmouth County; New Jersey","154152","21787",
"1400000US34025802500","Census Tract 8025; Monmouth County; New Jersey","116500","26779",
"1400000US34025802600","Census Tract 8026; Monmouth County; New Jersey","112500","26879",
"1400000US34025802700","Census Tract 8027; Monmouth County; New Jersey","123505","9846",
"1400000US34025802800","Census Tract 8028; Monmouth County; New Jersey","125179","23251",
"1400000US34025802900","Census Tract 8029; Monmouth County; New Jersey","159792","13090",
"1400000US34025803000","Census Tract 8030; Monmouth County; New Jersey","123834","17139",
"1400000US34025803100","Census Tract 8031; Monmouth County; New Jersey","122547","42690",
"1400000US34025803201","Census Tract 8032.01; Monmouth County; New Jersey","98693","11862",
"1400000US34025803202","Census Tract 8032.02; Monmouth County; New Jersey","156673","61311",
"1400000US34025803300","Census Tract 8033; Monmouth County; New Jersey","236341","59218",
"1400000US34025803400","Census Tract 8034; Monmouth County; New Jersey","104375","12609",
"1400000US34025803500","Census Tract 8035; Monmouth County; New Jersey","90959","8677",
"1400000US34025803601","Census Tract 8036.01; Monmouth County; New Jersey","74107","22655",
"1400000US34025803602","Census Tract 8036.02; Monmouth County; New Jersey","122097","26468",
"1400000US34025803700","Census Tract 8037; Monmouth County; New Jersey","250,000+","***",
"1400000US34025803800","Census Tract 8038; Monmouth County; New Jersey","250,000+","***",
"1400000US34025803900","Census Tract 8039; Monmouth County; New Jersey","250,000+","***",
"1400000US34025804100","Census Tract 8041; Monmouth County; New Jersey","150188","43950",
"1400000US34025804200","Census Tract 8042; Monmouth County; New Jersey","240853","34724",
"1400000US34025804600","Census Tract 8046; Monmouth County; New Jersey","177802","26491",
"1400000US34025804801","Census Tract 8048.01; Monmouth County; New Jersey","131384","27579",
"1400000US34025804802","Census Tract 8048.02; Monmouth County; New Jersey","50813","22668",
"1400000US34025805001","Census Tract 8050.01; Monmouth County; New Jersey","70422","14531",
"1400000US34025805100","Census Tract 8051; Monmouth County; New Jersey","106083","8047",
"1400000US34025805300","Census Tract 8053; Monmouth County; New Jersey","143889","41142",
"1400000US34025805400","Census Tract 8054; Monmouth County; New Jersey","112917","40060",
"1400000US34025805500","Census Tract 8055; Monmouth County; New Jersey","66694","18223",
"1400000US34025805600","Census Tract 8056; Monmouth County; New Jersey","54523","29853",
"1400000US34025805700","Census Tract 8057; Monmouth County; New Jersey","69650","24143",
"1400000US34025805800","Census Tract 8058; Monmouth County; New Jersey","57146","17329",
"1400000US34025805900","Census Tract 8059; Monmouth County; New Jersey","91531","12251",
"1400000US34025806000","Census Tract 8060; Monmouth County; New Jersey","75417","32814",
"1400000US34025806100","Census Tract 8061; Monmouth County; New Jersey","107275","18557",
"1400000US34025806201","Census Tract 8062.01; Monmouth County; New Jersey","150833","27873",
"1400000US34025806202","Census Tract 8062.02; Monmouth County; New Jersey","94672","33882",
"1400000US34025806300","Census Tract 8063; Monmouth County; New Jersey","121328","47302",
"1400000US34025806400","Census Tract 8064; Monmouth County; New Jersey","139938","17456",
"1400000US34025806501","Census Tract 8065.01; Monmouth County; New Jersey","61442","23700",
"1400000US34025806502","Census Tract 8065.02; Monmouth County; New Jersey","88072","9695",
"1400000US34025806503","Census Tract 8065.03; Monmouth County; New Jersey","159500","40238",
"1400000US34025806504","Census Tract 8065.04; Monmouth County; New Jersey","89286","23110",
"1400000US34025806600","Census Tract 8066; Monmouth County; New Jersey","151154","54407",
"1400000US34025807004","Census Tract 8070.04; Monmouth County; New Jersey","69897","37425",
"1400000US34025807005","Census Tract 8070.05; Monmouth County; New Jersey","100399","31532",
"1400000US34025807006","Census Tract 8070.06; Monmouth County; New Jersey","88802","35688",
"1400000US34025807100","Census Tract 8071; Monmouth County; New Jersey","102716","28747",
"1400000US34025807200","Census Tract 8072; Monmouth County; New Jersey","44659","20151",
"1400000US34025807300","Census Tract 8073; Monmouth County; New Jersey","55160","15844",
"1400000US34025807401","Census Tract 8074.01; Monmouth County; New Jersey","104219","41442",
"1400000US34025807402","Census Tract 8074.02; Monmouth County; New Jersey","76250","37733",
"1400000US34025807500","Census Tract 8075; Monmouth County; New Jersey","97913","33451",
"1400000US34025807600","Census Tract 8076; Monmouth County; New Jersey","49135","27564",
"1400000US34025807700","Census Tract 8077; Monmouth County; New Jersey","82188","26973",
"1400000US34025807800","Census Tract 8078; Monmouth County; New Jersey","117917","19557",
"1400000US34025807900","Census Tract 8079; Monmouth County; New Jersey","118347","9196",
"1400000US34025808001","Census Tract 8080.01; Monmouth County; New Jersey","143375","11805",
"1400000US34025808002","Census Tract 8080.02; Monmouth County; New Jersey","103750","32209",
"1400000US34025808100","Census Tract 8081; Monmouth County; New Jersey","88864","20252",
"1400000US34025808201","Census Tract 8082.01; Monmouth County; New Jersey","116310","37408",
"1400000US34025808202","Census Tract 8082.02; Monmouth County; New Jersey","81333","46395",
"1400000US34025808300","Census Tract 8083; Monmouth County; New Jersey","122635","13235",
"1400000US34025808401","Census Tract 8084.01; Monmouth County; New Jersey","80313","30128",
"1400000US34025808402","Census Tract 8084.02; Monmouth County; New Jersey","96339","16260",
"1400000US34025808501","Census Tract 8085.01; Monmouth County; New Jersey","155758","17238",
"1400000US34025808502","Census Tract 8085.02; Monmouth County; New Jersey","107702","12161",
"1400000US34025808600","Census Tract 8086; Monmouth County; New Jersey","163385","37715",
"1400000US34025808701","Census Tract 8087.01; Monmouth County; New Jersey","155966","39325",
"1400000US34025808702","Census Tract 8087.02; Monmouth County; New Jersey","213472","43307",
"1400000US34025808800","Census Tract 8088; Monmouth County; New Jersey","136250","39806",
"1400000US34025808901","Census Tract 8089.01; Monmouth County; New Jersey","120093","17833",
"1400000US34025808902","Census Tract 8089.02; Monmouth County; New Jersey","98387","19305",
"1400000US34025809000","Census Tract 8090; Monmouth County; New Jersey","82045","20913",
"1400000US34025809100","Census Tract 8091; Monmouth County; New Jersey","215625","84140",
"1400000US34025809200","Census Tract 8092; Monmouth County; New Jersey","213750","53445",
"1400000US34025809301","Census Tract 8093.01; Monmouth County; New Jersey","154891","25030",
"1400000US34025809302","Census Tract 8093.02; Monmouth County; New Jersey","124797","41927",
"1400000US34025809400","Census Tract 8094; Monmouth County; New Jersey","172250","15674",
"1400000US34025809503","Census Tract 8095.03; Monmouth County; New Jersey","175199","27681",
"1400000US34025809504","Census Tract 8095.04; Monmouth County; New Jersey","216563","61185",
"1400000US34025809505","Census Tract 8095.05; Monmouth County; New Jersey","191806","45199",
"1400000US34025809506","Census Tract 8095.06; Monmouth County; New Jersey","121964","36529",
"1400000US34025809600","Census Tract 8096; Monmouth County; New Jersey","207050","18672",
"1400000US34025809701","Census Tract 8097.01; Monmouth County; New Jersey","215675","35569",
"1400000US34025809703","Census Tract 8097.03; Monmouth County; New Jersey","185278","74819",
"1400000US34025809704","Census Tract 8097.04; Monmouth County; New Jersey","202396","44951",
"1400000US34025809901","Census Tract 8099.01; Monmouth County; New Jersey","236354","24453",
"1400000US34025809902","Census Tract 8099.02; Monmouth County; New Jersey","165795","29878",
"1400000US34025809903","Census Tract 8099.03; Monmouth County; New Jersey","195938","82483",
"1400000US34025810001","Census Tract 8100.01; Monmouth County; New Jersey","177337","33905",
"1400000US34025810002","Census Tract 8100.02; Monmouth County; New Jersey","51865","14485",
"1400000US34025810003","Census Tract 8100.03; Monmouth County; New Jersey","150943","17833",
"1400000US34025810004","Census Tract 8100.04; Monmouth County; New Jersey","184135","40186",
"1400000US34025810101","Census Tract 8101.01; Monmouth County; New Jersey","227648","67245",
"1400000US34025810102","Census Tract 8101.02; Monmouth County; New Jersey","182941","22390",
"1400000US34025810201","Census Tract 8102.01; Monmouth County; New Jersey","175281","39605",
"1400000US34025810202","Census Tract 8102.02; Monmouth County; New Jersey","148235","21637",
"1400000US34025810300","Census Tract 8103; Monmouth County; New Jersey","91111","19612",
"1400000US34025810401","Census Tract 8104.01; Monmouth County; New Jersey","165657","23704",
"1400000US34025810402","Census Tract 8104.02; Monmouth County; New Jersey","184637","24566",
"1400000US34025810501","Census Tract 8105.01; Monmouth County; New Jersey","120976","23032",
"1400000US34025810503","Census Tract 8105.03; Monmouth County; New Jersey","74904","19139",
"1400000US34025810504","Census Tract 8105.04; Monmouth County; New Jersey","178311","34531",
"1400000US34025810505","Census Tract 8105.05; Monmouth County; New Jersey","195288","43118",
"1400000US34025810600","Census Tract 8106; Monmouth County; New Jersey","109137","17933",
"1400000US34025810700","Census Tract 8107; Monmouth County; New Jersey","108750","30891",
"1400000US34025810800","Census Tract 8108; Monmouth County; New Jersey","45960","13817",
"1400000US34025810900","Census Tract 8109; Monmouth County; New Jersey","106268","11246",
"1400000US34025811000","Census Tract 8110; Monmouth County; New Jersey","68766","17042",
"1400000US34025811101","Census Tract 8111.01; Monmouth County; New Jersey","92226","33427",
"1400000US34025811102","Census Tract 8111.02; Monmouth County; New Jersey","157188","24969",
"1400000US34025811200","Census Tract 8112; Monmouth County; New Jersey","113362","29537",
"1400000US34025811301","Census Tract 8113.01; Monmouth County; New Jersey","94402","14283",
"1400000US34025811303","Census Tract 8113.03; Monmouth County; New Jersey","138231","13855",
"1400000US34025811304","Census Tract 8113.04; Monmouth County; New Jersey","131250","28528",
"1400000US34025811401","Census Tract 8114.01; Monmouth County; New Jersey","170500","18309",
"1400000US34025811402","Census Tract 8114.02; Monmouth County; New Jersey","116211","44116",
"1400000US34025811501","Census Tract 8115.01; Monmouth County; New Jersey","145775","26813",
"1400000US34025811502","Census Tract 8115.02; Monmouth County; New Jersey","161173","5645",
"1400000US34025811600","Census Tract 8116; Monmouth County; New Jersey","89327","20900",
"1400000US34025811900","Census Tract 8119; Monmouth County; New Jersey","183750","40799",
"1400000US34025812000","Census Tract 8120; Monmouth County; New Jersey","120714","17430",
"1400000US34025812100","Census Tract 8121; Monmouth County; New Jersey","143056","29562",
"1400000US34025812200","Census Tract 8122; Monmouth County; New Jersey","71058","30015",
"1400000US34025812300","Census Tract 8123; Monmouth County; New Jersey","132717","29995",
"1400000US34025812400","Census Tract 8124; Monmouth County; New Jersey","129519","20662",
"1400000US34025812501","Census Tract 8125.01; Monmouth County; New Jersey","200511","75125",
"1400000US34025812502","Census Tract 8125.02; Monmouth County; New Jersey","201932","56431",
"1400000US34025812600","Census Tract 8126; Monmouth County; New Jersey","117421","39865",
"1400000US34025990000","Census Tract 9900; Monmouth County; New Jersey","-","**",
"1400000US34027040101","Census Tract 401.01; Morris County; New Jersey","126071","32377",
"1400000US34027040102","Census Tract 401.02; Morris County; New Jersey","121893","21118",
"1400000US34027040200","Census Tract 402; Morris County; New Jersey","129034","16165",
"1400000US34027040301","Census Tract 403.01; Morris County; New Jersey","99276","20635",
"1400000US34027040302","Census Tract 403.02; Morris County; New Jersey","157961","33437",
"1400000US34027040400","Census Tract 404; Morris County; New Jersey","102950","10103",
"1400000US34027040500","Census Tract 405; Morris County; New Jersey","99452","17994",
"1400000US34027040600","Census Tract 406; Morris County; New Jersey","120731","6928",
"1400000US34027040701","Census Tract 407.01; Morris County; New Jersey","183563","48672",
"1400000US34027040702","Census Tract 407.02; Morris County; New Jersey","205705","21024",
"1400000US34027040801","Census Tract 408.01; Morris County; New Jersey","229375","35495",
"1400000US34027040803","Census Tract 408.03; Morris County; New Jersey","148333","27760",
"1400000US34027040804","Census Tract 408.04; Morris County; New Jersey","159978","37633",
"1400000US34027040805","Census Tract 408.05; Morris County; New Jersey","191932","53370",
"1400000US34027040900","Census Tract 409; Morris County; New Jersey","192188","65328",
"1400000US34027041000","Census Tract 410; Morris County; New Jersey","94375","35690",
"1400000US34027041100","Census Tract 411; Morris County; New Jersey","122160","9960",
"1400000US34027041200","Census Tract 412; Morris County; New Jersey","250,000+","***",
"1400000US34027041300","Census Tract 413; Morris County; New Jersey","166750","25774",
"1400000US34027041400","Census Tract 414; Morris County; New Jersey","134457","14989",
"1400000US34027041500","Census Tract 415; Morris County; New Jersey","184141","29506",
"1400000US34027041602","Census Tract 416.02; Morris County; New Jersey","106189","12063",
"1400000US34027041603","Census Tract 416.03; Morris County; New Jersey","91364","20334",
"1400000US34027041604","Census Tract 416.04; Morris County; New Jersey","166694","33169",
"1400000US34027041605","Census Tract 416.05; Morris County; New Jersey","184469","23832",
"1400000US34027041606","Census Tract 416.06; Morris County; New Jersey","120470","18651",
"1400000US34027041701","Census Tract 417.01; Morris County; New Jersey","100417","19471",
"1400000US34027041702","Census Tract 417.02; Morris County; New Jersey","103050","25404",
"1400000US34027041704","Census Tract 417.04; Morris County; New Jersey","120458","28935",
"1400000US34027041705","Census Tract 417.05; Morris County; New Jersey","-","**",
"1400000US34027041706","Census Tract 417.06; Morris County; New Jersey","86452","19706",
"1400000US34027041801","Census Tract 418.01; Morris County; New Jersey","100381","6348",
"1400000US34027041802","Census Tract 418.02; Morris County; New Jersey","119205","28251",
"1400000US34027041803","Census Tract 418.03; Morris County; New Jersey","183707","12378",
"1400000US34027041901","Census Tract 419.01; Morris County; New Jersey","143750","16526",
"1400000US34027041902","Census Tract 419.02; Morris County; New Jersey","156023","26536",
"1400000US34027042000","Census Tract 420; Morris County; New Jersey","148714","18012",
"1400000US34027042100","Census Tract 421; Morris County; New Jersey","165568","18237",
"1400000US34027042200","Census Tract 422; Morris County; New Jersey","166310","31614",
"1400000US34027042301","Census Tract 423.01; Morris County; New Jersey","171442","21046",
"1400000US34027042302","Census Tract 423.02; Morris County; New Jersey","154202","13807",
"1400000US34027042500","Census Tract 425; Morris County; New Jersey","184261","43336",
"1400000US34027042601","Census Tract 426.01; Morris County; New Jersey","154663","30313",
"1400000US34027042602","Census Tract 426.02; Morris County; New Jersey","144366","28837",
"1400000US34027042700","Census Tract 427; Morris County; New Jersey","220045","24327",
"1400000US34027042800","Census Tract 428; Morris County; New Jersey","250,000+","***",
"1400000US34027042900","Census Tract 429; Morris County; New Jersey","145300","26237",
"1400000US34027043000","Census Tract 430; Morris County; New Jersey","160139","33321",
"1400000US34027043100","Census Tract 431; Morris County; New Jersey","230795","36505",
"1400000US34027043200","Census Tract 432; Morris County; New Jersey","152703","35829",
"1400000US34027043301","Census Tract 433.01; Morris County; New Jersey","176111","24108",
"1400000US34027043302","Census Tract 433.02; Morris County; New Jersey","174803","79096",
"1400000US34027043303","Census Tract 433.03; Morris County; New Jersey","243403","29651",
"1400000US34027043401","Census Tract 434.01; Morris County; New Jersey","182235","40310",
"1400000US34027043402","Census Tract 434.02; Morris County; New Jersey","246927","26956",
"1400000US34027043500","Census Tract 435; Morris County; New Jersey","78654","11964",
"1400000US34027043601","Census Tract 436.01; Morris County; New Jersey","130139","43920",
"1400000US34027043602","Census Tract 436.02; Morris County; New Jersey","111603","30277",
"1400000US34027043700","Census Tract 437; Morris County; New Jersey","149864","18864",
"1400000US34027043801","Census Tract 438.01; Morris County; New Jersey","160091","59064",
"1400000US34027043802","Census Tract 438.02; Morris County; New Jersey","108472","47708",
"1400000US34027043900","Census Tract 439; Morris County; New Jersey","222668","48495",
"1400000US34027044000","Census Tract 440; Morris County; New Jersey","171875","75947",
"1400000US34027044101","Census Tract 441.01; Morris County; New Jersey","209565","22658",
"1400000US34027044102","Census Tract 441.02; Morris County; New Jersey","165720","26402",
"1400000US34027044200","Census Tract 442; Morris County; New Jersey","222429","54836",
"1400000US34027044300","Census Tract 443; Morris County; New Jersey","107053","19238",
"1400000US34027044401","Census Tract 444.01; Morris County; New Jersey","148799","11086",
"1400000US34027044403","Census Tract 444.03; Morris County; New Jersey","159954","5411",
"1400000US34027044404","Census Tract 444.04; Morris County; New Jersey","139663","9134",
"1400000US34027044502","Census Tract 445.02; Morris County; New Jersey","147606","14338",
"1400000US34027044503","Census Tract 445.03; Morris County; New Jersey","76313","19822",
"1400000US34027044504","Census Tract 445.04; Morris County; New Jersey","150400","19405",
"1400000US34027044601","Census Tract 446.01; Morris County; New Jersey","126289","28622",
"1400000US34027044602","Census Tract 446.02; Morris County; New Jersey","114179","33057",
"1400000US34027044701","Census Tract 447.01; Morris County; New Jersey","107614","17186",
"1400000US34027044702","Census Tract 447.02; Morris County; New Jersey","134229","26236",
"1400000US34027044800","Census Tract 448; Morris County; New Jersey","69133","8234",
"1400000US34027044900","Census Tract 449; Morris County; New Jersey","84762","23293",
"1400000US34027045000","Census Tract 450; Morris County; New Jersey","86708","23029",
"1400000US34027045100","Census Tract 451; Morris County; New Jersey","85767","17568",
"1400000US34027045200","Census Tract 452; Morris County; New Jersey","119583","16169",
"1400000US34027045300","Census Tract 453; Morris County; New Jersey","112598","14722",
"1400000US34027045402","Census Tract 454.02; Morris County; New Jersey","112679","24016",
"1400000US34027045403","Census Tract 454.03; Morris County; New Jersey","89766","25950",
"1400000US34027045404","Census Tract 454.04; Morris County; New Jersey","94917","20487",
"1400000US34027045501","Census Tract 455.01; Morris County; New Jersey","173438","23142",
"1400000US34027045503","Census Tract 455.03; Morris County; New Jersey","157788","24687",
"1400000US34027045504","Census Tract 455.04; Morris County; New Jersey","136681","30486",
"1400000US34027045603","Census Tract 456.03; Morris County; New Jersey","91250","29228",
"1400000US34027045701","Census Tract 457.01; Morris County; New Jersey","234330","51909",
"1400000US34027045703","Census Tract 457.03; Morris County; New Jersey","225170","37214",
"1400000US34027045704","Census Tract 457.04; Morris County; New Jersey","206154","23604",
"1400000US34027045804","Census Tract 458.04; Morris County; New Jersey","250,000+","***",
"1400000US34027045901","Census Tract 459.01; Morris County; New Jersey","171500","48024",
"1400000US34027045903","Census Tract 459.03; Morris County; New Jersey","227670","15900",
"1400000US34027045904","Census Tract 459.04; Morris County; New Jersey","250,000+","***",
"1400000US34027046000","Census Tract 460; Morris County; New Jersey","83958","30730",
"1400000US34027046103","Census Tract 461.03; Morris County; New Jersey","140230","54082",
"1400000US34027046104","Census Tract 461.04; Morris County; New Jersey","127847","34386",
"1400000US34027046107","Census Tract 461.07; Morris County; New Jersey","77965","3614",
"1400000US34027046108","Census Tract 461.08; Morris County; New Jersey","96370","21051",
"1400000US34027046109","Census Tract 461.09; Morris County; New Jersey","179236","30380",
"1400000US34027046110","Census Tract 461.10; Morris County; New Jersey","177171","35951",
"1400000US34027046201","Census Tract 462.01; Morris County; New Jersey","147253","32418",
"1400000US34027046202","Census Tract 462.02; Morris County; New Jersey","177222","26224",
"1400000US34027046297","Census Tract 462.97; Morris County; New Jersey","183594","46473",
"1400000US34027046298","Census Tract 462.98; Morris County; New Jersey","168375","38240",
"1400000US34027046400","Census Tract 464; Morris County; New Jersey","211944","53353",
"1400000US34027046500","Census Tract 465; Morris County; New Jersey","133417","25827",
"1400000US34029710101","Census Tract 7101.01; Ocean County; New Jersey","141970","28711",
"1400000US34029710102","Census Tract 7101.02; Ocean County; New Jersey","139444","35328",
"1400000US34029711100","Census Tract 7111; Ocean County; New Jersey","116360","15094",
"1400000US34029711200","Census Tract 7112; Ocean County; New Jersey","97898","18740",
"1400000US34029711300","Census Tract 7113; Ocean County; New Jersey","138013","14497",
"1400000US34029711400","Census Tract 7114; Ocean County; New Jersey","109539","23346",
"1400000US34029713000","Census Tract 7130; Ocean County; New Jersey","95880","9896",
"1400000US34029713100","Census Tract 7131; Ocean County; New Jersey","123750","16531",
"1400000US34029713201","Census Tract 7132.01; Ocean County; New Jersey","140781","20920",
"1400000US34029713202","Census Tract 7132.02; Ocean County; New Jersey","105511","12879",
"1400000US34029713203","Census Tract 7132.03; Ocean County; New Jersey","74648","16011",
"1400000US34029713300","Census Tract 7133; Ocean County; New Jersey","66520","7359",
"1400000US34029713401","Census Tract 7134.01; Ocean County; New Jersey","106476","5964",
"1400000US34029713402","Census Tract 7134.02; Ocean County; New Jersey","72409","13587",
"1400000US34029713500","Census Tract 7135; Ocean County; New Jersey","92024","26395",
"1400000US34029713600","Census Tract 7136; Ocean County; New Jersey","138969","4403",
"1400000US34029713700","Census Tract 7137; Ocean County; New Jersey","139837","26364",
"1400000US34029713800","Census Tract 7138; Ocean County; New Jersey","102250","15717",
"1400000US34029713900","Census Tract 7139; Ocean County; New Jersey","114702","20016",
"1400000US34029714000","Census Tract 7140; Ocean County; New Jersey","115707","6512",
"1400000US34029714100","Census Tract 7141; Ocean County; New Jersey","66974","13419",
"1400000US34029714200","Census Tract 7142; Ocean County; New Jersey","117557","25300",
"1400000US34029714300","Census Tract 7143; Ocean County; New Jersey","117532","5957",
"1400000US34029715001","Census Tract 7150.01; Ocean County; New Jersey","72708","28992",
"1400000US34029715002","Census Tract 7150.02; Ocean County; New Jersey","90708","20722",
"1400000US34029715201","Census Tract 7152.01; Ocean County; New Jersey","61422","36735",
"1400000US34029715202","Census Tract 7152.02; Ocean County; New Jersey","48017","15772",
"1400000US34029715301","Census Tract 7153.01; Ocean County; New Jersey","63053","26279",
"1400000US34029715303","Census Tract 7153.03; Ocean County; New Jersey","41514","6867",
"1400000US34029715304","Census Tract 7153.04; Ocean County; New Jersey","39051","1342",
"1400000US34029715401","Census Tract 7154.01; Ocean County; New Jersey","104655","39580",
"1400000US34029715403","Census Tract 7154.03; Ocean County; New Jersey","44975","11586",
"1400000US34029715404","Census Tract 7154.04; Ocean County; New Jersey","45149","20428",
"1400000US34029715501","Census Tract 7155.01; Ocean County; New Jersey","123819","50830",
"1400000US34029715502","Census Tract 7155.02; Ocean County; New Jersey","86711","38072",
"1400000US34029715503","Census Tract 7155.03; Ocean County; New Jersey","114486","7927",
"1400000US34029715600","Census Tract 7156; Ocean County; New Jersey","75893","19280",
"1400000US34029715701","Census Tract 7157.01; Ocean County; New Jersey","80547","30321",
"1400000US34029715702","Census Tract 7157.02; Ocean County; New Jersey","96319","23306",
"1400000US34029715800","Census Tract 7158; Ocean County; New Jersey","95446","17204",
"1400000US34029715901","Census Tract 7159.01; Ocean County; New Jersey","65049","4983",
"1400000US34029715902","Census Tract 7159.02; Ocean County; New Jersey","44542","8253",
"1400000US34029716000","Census Tract 7160; Ocean County; New Jersey","49198","4357",
"1400000US34029717001","Census Tract 7170.01; Ocean County; New Jersey","110568","14130",
"1400000US34029717002","Census Tract 7170.02; Ocean County; New Jersey","76740","39128",
"1400000US34029717101","Census Tract 7171.01; Ocean County; New Jersey","160170","13419",
"1400000US34029717102","Census Tract 7171.02; Ocean County; New Jersey","111250","25827",
"1400000US34029717200","Census Tract 7172; Ocean County; New Jersey","136609","6855",
"1400000US34029717300","Census Tract 7173; Ocean County; New Jersey","176484","26885",
"1400000US34029717400","Census Tract 7174; Ocean County; New Jersey","95689","24227",
"1400000US34029717501","Census Tract 7175.01; Ocean County; New Jersey","101756","8222",
"1400000US34029717502","Census Tract 7175.02; Ocean County; New Jersey","79425","14590",
"1400000US34029718000","Census Tract 7180; Ocean County; New Jersey","103625","19914",
"1400000US34029720001","Census Tract 7200.01; Ocean County; New Jersey","51929","19714",
"1400000US34029720102","Census Tract 7201.02; Ocean County; New Jersey","38697","11482",
"1400000US34029720104","Census Tract 7201.04; Ocean County; New Jersey","37206","9693",
"1400000US34029720105","Census Tract 7201.05; Ocean County; New Jersey","50332","8865",
"1400000US34029720106","Census Tract 7201.06; Ocean County; New Jersey","62235","6667",
"1400000US34029720107","Census Tract 7201.07; Ocean County; New Jersey","44196","4683",
"1400000US34029720202","Census Tract 7202.02; Ocean County; New Jersey","42346","8746",
"1400000US34029720203","Census Tract 7202.03; Ocean County; New Jersey","76118","8123",
"1400000US34029720204","Census Tract 7202.04; Ocean County; New Jersey","90585","11107",
"1400000US34029720205","Census Tract 7202.05; Ocean County; New Jersey","72149","5666",
"1400000US34029720206","Census Tract 7202.06; Ocean County; New Jersey","84838","8565",
"1400000US34029721000","Census Tract 7210; Ocean County; New Jersey","84531","21800",
"1400000US34029722001","Census Tract 7220.01; Ocean County; New Jersey","76985","20502",
"1400000US34029722003","Census Tract 7220.03; Ocean County; New Jersey","81311","31293",
"1400000US34029722004","Census Tract 7220.04; Ocean County; New Jersey","70517","25699",
"1400000US34029722100","Census Tract 7221; Ocean County; New Jersey","87817","17066",
"1400000US34029722200","Census Tract 7222; Ocean County; New Jersey","40406","9801",
"1400000US34029722300","Census Tract 7223; Ocean County; New Jersey","169423","52361",
"1400000US34029722401","Census Tract 7224.01; Ocean County; New Jersey","118229","20532",
"1400000US34029722402","Census Tract 7224.02; Ocean County; New Jersey","118594","14432",
"1400000US34029722500","Census Tract 7225; Ocean County; New Jersey","51364","19948",
"1400000US34029722600","Census Tract 7226; Ocean County; New Jersey","101750","28135",
"1400000US34029722701","Census Tract 7227.01; Ocean County; New Jersey","107730","29799",
"1400000US34029722702","Census Tract 7227.02; Ocean County; New Jersey","141510","26740",
"1400000US34029722800","Census Tract 7228; Ocean County; New Jersey","79713","11345",
"1400000US34029722900","Census Tract 7229; Ocean County; New Jersey","92071","20729",
"1400000US34029723000","Census Tract 7230; Ocean County; New Jersey","100938","17926",
"1400000US34029723100","Census Tract 7231; Ocean County; New Jersey","121875","15756",
"1400000US34029723200","Census Tract 7232; Ocean County; New Jersey","147016","29291",
"1400000US34029723300","Census Tract 7233; Ocean County; New Jersey","101342","16542",
"1400000US34029723400","Census Tract 7234; Ocean County; New Jersey","88365","22080",
"1400000US34029723500","Census Tract 7235; Ocean County; New Jersey","79222","13525",
"1400000US34029723600","Census Tract 7236; Ocean County; New Jersey","91771","37173",
"1400000US34029724000","Census Tract 7240; Ocean County; New Jersey","103503","5710",
"1400000US34029725001","Census Tract 7250.01; Ocean County; New Jersey","96474","47394",
"1400000US34029725002","Census Tract 7250.02; Ocean County; New Jersey","111143","10793",
"1400000US34029725100","Census Tract 7251; Ocean County; New Jersey","108036","23426",
"1400000US34029726000","Census Tract 7260; Ocean County; New Jersey","109231","19343",
"1400000US34029727001","Census Tract 7270.01; Ocean County; New Jersey","133056","25582",
"1400000US34029727002","Census Tract 7270.02; Ocean County; New Jersey","144844","29703",
"1400000US34029728001","Census Tract 7280.01; Ocean County; New Jersey","87500","27690",
"1400000US34029728002","Census Tract 7280.02; Ocean County; New Jersey","73922","13626",
"1400000US34029728003","Census Tract 7280.03; Ocean County; New Jersey","45694","41667",
"1400000US34029728004","Census Tract 7280.04; Ocean County; New Jersey","51985","18677",
"1400000US34029729000","Census Tract 7290; Ocean County; New Jersey","69397","18552",
"1400000US34029730000","Census Tract 7300; Ocean County; New Jersey","142920","23918",
"1400000US34029731001","Census Tract 7310.01; Ocean County; New Jersey","96250","17193",
"1400000US34029731002","Census Tract 7310.02; Ocean County; New Jersey","131674","45069",
"1400000US34029731101","Census Tract 7311.01; Ocean County; New Jersey","96250","8484",
"1400000US34029731102","Census Tract 7311.02; Ocean County; New Jersey","103615","12157",
"1400000US34029731103","Census Tract 7311.03; Ocean County; New Jersey","120464","7477",
"1400000US34029731201","Census Tract 7312.01; Ocean County; New Jersey","56653","5654",
"1400000US34029731202","Census Tract 7312.02; Ocean County; New Jersey","38663","8140",
"1400000US34029731203","Census Tract 7312.03; Ocean County; New Jersey","55938","9685",
"1400000US34029731204","Census Tract 7312.04; Ocean County; New Jersey","51753","13638",
"1400000US34029731205","Census Tract 7312.05; Ocean County; New Jersey","53013","7193",
"1400000US34029731206","Census Tract 7312.06; Ocean County; New Jersey","37500","14271",
"1400000US34029732001","Census Tract 7320.01; Ocean County; New Jersey","133790","25558",
"1400000US34029732003","Census Tract 7320.03; Ocean County; New Jersey","97545","26251",
"1400000US34029732004","Census Tract 7320.04; Ocean County; New Jersey","91134","11506",
"1400000US34029732101","Census Tract 7321.01; Ocean County; New Jersey","107539","23852",
"1400000US34029732103","Census Tract 7321.03; Ocean County; New Jersey","111910","34828",
"1400000US34029732104","Census Tract 7321.04; Ocean County; New Jersey","88778","7756",
"1400000US34029733001","Census Tract 7330.01; Ocean County; New Jersey","102396","13324",
"1400000US34029733002","Census Tract 7330.02; Ocean County; New Jersey","97034","12367",
"1400000US34029734002","Census Tract 7340.02; Ocean County; New Jersey","96111","20880",
"1400000US34029734003","Census Tract 7340.03; Ocean County; New Jersey","87536","12086",
"1400000US34029734004","Census Tract 7340.04; Ocean County; New Jersey","84338","27500",
"1400000US34029734005","Census Tract 7340.05; Ocean County; New Jersey","93386","9474",
"1400000US34029735001","Census Tract 7350.01; Ocean County; New Jersey","101123","15545",
"1400000US34029735003","Census Tract 7350.03; Ocean County; New Jersey","145730","27228",
"1400000US34029735004","Census Tract 7350.04; Ocean County; New Jersey","129205","13732",
"1400000US34029735101","Census Tract 7351.01; Ocean County; New Jersey","85417","22886",
"1400000US34029735104","Census Tract 7351.04; Ocean County; New Jersey","108407","22907",
"1400000US34029735105","Census Tract 7351.05; Ocean County; New Jersey","118673","5432",
"1400000US34029735106","Census Tract 7351.06; Ocean County; New Jersey","120588","41347",
"1400000US34029736001","Census Tract 7360.01; Ocean County; New Jersey","103750","16449",
"1400000US34029736002","Census Tract 7360.02; Ocean County; New Jersey","101875","14663",
"1400000US34029736101","Census Tract 7361.01; Ocean County; New Jersey","76719","18313",
"1400000US34029736105","Census Tract 7361.05; Ocean County; New Jersey","92697","8621",
"1400000US34029736106","Census Tract 7361.06; Ocean County; New Jersey","108273","10391",
"1400000US34029736107","Census Tract 7361.07; Ocean County; New Jersey","85425","28213",
"1400000US34029737000","Census Tract 7370; Ocean County; New Jersey","88892","15094",
"1400000US34029738001","Census Tract 7380.01; Ocean County; New Jersey","111332","7110",
"1400000US34029738002","Census Tract 7380.02; Ocean County; New Jersey","139464","33601",
"1400000US34029738100","Census Tract 7381; Ocean County; New Jersey","134563","26465",
"1400000US34029739000","Census Tract 7390; Ocean County; New Jersey","116842","14276",
"1400000US34029739100","Census Tract 7391; Ocean County; New Jersey","38139","9377",
"1400000US34029739200","Census Tract 7392; Ocean County; New Jersey","213750","23534",
"1400000US34029980000","Census Tract 9800; Ocean County; New Jersey","-","**",
"1400000US34029980100","Census Tract 9801; Ocean County; New Jersey","-","**",
"1400000US34029990000","Census Tract 9900; Ocean County; New Jersey","-","**",
"1400000US34031116500","Census Tract 1165; Passaic County; New Jersey","127500","16767",
"1400000US34031124201","Census Tract 1242.01; Passaic County; New Jersey","115987","17560",
"1400000US34031124202","Census Tract 1242.02; Passaic County; New Jersey","132647","15801",
"1400000US34031124311","Census Tract 1243.11; Passaic County; New Jersey","152165","19110",
"1400000US34031124312","Census Tract 1243.12; Passaic County; New Jersey","147450","56277",
"1400000US34031124321","Census Tract 1243.21; Passaic County; New Jersey","120156","44025",
"1400000US34031124322","Census Tract 1243.22; Passaic County; New Jersey","134030","13339",
"1400000US34031124323","Census Tract 1243.23; Passaic County; New Jersey","65000","16900",
"1400000US34031124402","Census Tract 1244.02; Passaic County; New Jersey","119946","35097",
"1400000US34031124403","Census Tract 1244.03; Passaic County; New Jersey","141172","11045",
"1400000US34031124404","Census Tract 1244.04; Passaic County; New Jersey","79215","28100",
"1400000US34031124500","Census Tract 1245; Passaic County; New Jersey","62163","40432",
"1400000US34031124601","Census Tract 1246.01; Passaic County; New Jersey","53212","17557",
"1400000US34031124602","Census Tract 1246.02; Passaic County; New Jersey","81500","22465",
"1400000US34031124700","Census Tract 1247; Passaic County; New Jersey","102705","44487",
"1400000US34031124800","Census Tract 1248; Passaic County; New Jersey","67167","29756",
"1400000US34031124900","Census Tract 1249; Passaic County; New Jersey","70859","29375",
"1400000US34031125000","Census Tract 1250; Passaic County; New Jersey","88750","8100",
"1400000US34031125100","Census Tract 1251; Passaic County; New Jersey","30644","12464",
"1400000US34031133701","Census Tract 1337.01; Passaic County; New Jersey","70938","14530",
"1400000US34031133702","Census Tract 1337.02; Passaic County; New Jersey","108345","14732",
"1400000US34031143201","Census Tract 1432.01; Passaic County; New Jersey","163438","24930",
"1400000US34031143202","Census Tract 1432.02; Passaic County; New Jersey","121273","33198",
"1400000US34031143301","Census Tract 1433.01; Passaic County; New Jersey","91016","26141",
"1400000US34031143302","Census Tract 1433.02; Passaic County; New Jersey","121771","23335",
"1400000US34031143401","Census Tract 1434.01; Passaic County; New Jersey","83908","9020",
"1400000US34031143402","Census Tract 1434.02; Passaic County; New Jersey","101534","24908",
"1400000US34031154003","Census Tract 1540.03; Passaic County; New Jersey","140461","24534",
"1400000US34031154004","Census Tract 1540.04; Passaic County; New Jersey","126471","51376",
"1400000US34031154005","Census Tract 1540.05; Passaic County; New Jersey","135186","42882",
"1400000US34031154006","Census Tract 1540.06; Passaic County; New Jersey","102848","30955",
"1400000US34031163501","Census Tract 1635.01; Passaic County; New Jersey","124583","37079",
"1400000US34031163502","Census Tract 1635.02; Passaic County; New Jersey","126161","31432",
"1400000US34031175200","Census Tract 1752; Passaic County; New Jersey","47366","10050",
"1400000US34031175301","Census Tract 1753.01; Passaic County; New Jersey","50789","5359",
"1400000US34031175302","Census Tract 1753.02; Passaic County; New Jersey","46375","21742",
"1400000US34031175401","Census Tract 1754.01; Passaic County; New Jersey","50410","6614",
"1400000US34031175402","Census Tract 1754.02; Passaic County; New Jersey","43064","3754",
"1400000US34031175501","Census Tract 1755.01; Passaic County; New Jersey","45987","30856",
"1400000US34031175502","Census Tract 1755.02; Passaic County; New Jersey","47231","14201",
"1400000US34031175601","Census Tract 1756.01; Passaic County; New Jersey","137969","45036",
"1400000US34031175603","Census Tract 1756.03; Passaic County; New Jersey","77331","11419",
"1400000US34031175604","Census Tract 1756.04; Passaic County; New Jersey","79346","16854",
"1400000US34031175701","Census Tract 1757.01; Passaic County; New Jersey","62782","22173",
"1400000US34031175703","Census Tract 1757.03; Passaic County; New Jersey","63589","5564",
"1400000US34031175704","Census Tract 1757.04; Passaic County; New Jersey","70694","17280",
"1400000US34031175801","Census Tract 1758.01; Passaic County; New Jersey","38696","10725",
"1400000US34031175803","Census Tract 1758.03; Passaic County; New Jersey","47697","9571",
"1400000US34031175804","Census Tract 1758.04; Passaic County; New Jersey","56287","9629",
"1400000US34031175900","Census Tract 1759; Passaic County; New Jersey","55573","18567",
"1400000US34031180101","Census Tract 1801.01; Passaic County; New Jersey","95238","23177",
"1400000US34031180102","Census Tract 1801.02; Passaic County; New Jersey","114375","26943",
"1400000US34031180201","Census Tract 1802.01; Passaic County; New Jersey","61984","16653",
"1400000US34031180203","Census Tract 1802.03; Passaic County; New Jersey","65192","29759",
"1400000US34031180204","Census Tract 1802.04; Passaic County; New Jersey","46857","11873",
"1400000US34031180301","Census Tract 1803.01; Passaic County; New Jersey","77917","21290",
"1400000US34031180302","Census Tract 1803.02; Passaic County; New Jersey","73375","21213",
"1400000US34031180600","Census Tract 1806; Passaic County; New Jersey","41053","10619",
"1400000US34031180700","Census Tract 1807; Passaic County; New Jersey","49587","7530",
"1400000US34031180800","Census Tract 1808; Passaic County; New Jersey","32566","18759",
"1400000US34031180900","Census Tract 1809; Passaic County; New Jersey","43714","6066",
"1400000US34031181000","Census Tract 1810; Passaic County; New Jersey","73984","24579",
"1400000US34031181101","Census Tract 1811.01; Passaic County; New Jersey","48852","36894",
"1400000US34031181102","Census Tract 1811.02; Passaic County; New Jersey","80582","25539",
"1400000US34031181200","Census Tract 1812; Passaic County; New Jersey","75339","16376",
"1400000US34031181300","Census Tract 1813; Passaic County; New Jersey","57781","21881",
"1400000US34031181400","Census Tract 1814; Passaic County; New Jersey","40774","10218",
"1400000US34031181500","Census Tract 1815; Passaic County; New Jersey","37325","20441",
"1400000US34031181702","Census Tract 1817.02; Passaic County; New Jersey","39007","9346",
"1400000US34031181800","Census Tract 1818; Passaic County; New Jersey","51371","18712",
"1400000US34031181900","Census Tract 1819; Passaic County; New Jersey","84397","12042",
"1400000US34031182000","Census Tract 1820; Passaic County; New Jersey","50417","11418",
"1400000US34031182100","Census Tract 1821; Passaic County; New Jersey","49250","7931",
"1400000US34031182200","Census Tract 1822; Passaic County; New Jersey","26462","10348",
"1400000US34031182301","Census Tract 1823.01; Passaic County; New Jersey","73347","8079",
"1400000US34031182302","Census Tract 1823.02; Passaic County; New Jersey","51467","18792",
"1400000US34031182400","Census Tract 1824; Passaic County; New Jersey","71195","9467",
"1400000US34031182501","Census Tract 1825.01; Passaic County; New Jersey","60000","38634",
"1400000US34031182502","Census Tract 1825.02; Passaic County; New Jersey","65722","13360",
"1400000US34031182600","Census Tract 1826; Passaic County; New Jersey","81851","16226",
"1400000US34031182701","Census Tract 1827.01; Passaic County; New Jersey","74049","13084",
"1400000US34031182702","Census Tract 1827.02; Passaic County; New Jersey","71324","15596",
"1400000US34031182800","Census Tract 1828; Passaic County; New Jersey","19347","11561",
"1400000US34031182900","Census Tract 1829; Passaic County; New Jersey","39750","10479",
"1400000US34031183001","Census Tract 1830.01; Passaic County; New Jersey","61632","9273",
"1400000US34031183002","Census Tract 1830.02; Passaic County; New Jersey","52944","10083",
"1400000US34031183101","Census Tract 1831.01; Passaic County; New Jersey","88952","25077",
"1400000US34031183102","Census Tract 1831.02; Passaic County; New Jersey","93563","21926",
"1400000US34031183200","Census Tract 1832; Passaic County; New Jersey","21136","10201",
"1400000US34031196401","Census Tract 1964.01; Passaic County; New Jersey","151117","12296",
"1400000US34031196403","Census Tract 1964.03; Passaic County; New Jersey","108209","6257",
"1400000US34031196404","Census Tract 1964.04; Passaic County; New Jersey","154559","27208",
"1400000US34031203600","Census Tract 2036; Passaic County; New Jersey","53125","10222",
"1400000US34031216701","Census Tract 2167.01; Passaic County; New Jersey","149304","6175",
"1400000US34031216702","Census Tract 2167.02; Passaic County; New Jersey","168229","46309",
"1400000US34031223801","Census Tract 2238.01; Passaic County; New Jersey","122557","20708",
"1400000US34031223802","Census Tract 2238.02; Passaic County; New Jersey","106406","29361",
"1400000US34031223900","Census Tract 2239; Passaic County; New Jersey","-","**",
"1400000US34031236601","Census Tract 2366.01; Passaic County; New Jersey","112917","11550",
"1400000US34031236603","Census Tract 2366.03; Passaic County; New Jersey","123882","15029",
"1400000US34031236604","Census Tract 2366.04; Passaic County; New Jersey","105125","18458",
"1400000US34031246001","Census Tract 2460.01; Passaic County; New Jersey","113409","18025",
"1400000US34031246002","Census Tract 2460.02; Passaic County; New Jersey","171098","15111",
"1400000US34031246003","Census Tract 2460.03; Passaic County; New Jersey","190306","35672",
"1400000US34031246101","Census Tract 2461.01; Passaic County; New Jersey","165792","31176",
"1400000US34031246102","Census Tract 2461.02; Passaic County; New Jersey","100633","7537",
"1400000US34031246103","Census Tract 2461.03; Passaic County; New Jersey","154000","15509",
"1400000US34031246104","Census Tract 2461.04; Passaic County; New Jersey","109798","36195",
"1400000US34031246201","Census Tract 2462.01; Passaic County; New Jersey","188104","12010",
"1400000US34031246202","Census Tract 2462.02; Passaic County; New Jersey","215539","30679",
"1400000US34031246203","Census Tract 2462.03; Passaic County; New Jersey","144708","30718",
"1400000US34031246300","Census Tract 2463; Passaic County; New Jersey","129375","41377",
"1400000US34031256801","Census Tract 2568.01; Passaic County; New Jersey","112236","20301",
"1400000US34031256802","Census Tract 2568.02; Passaic County; New Jersey","149569","33186",
"1400000US34031256803","Census Tract 2568.03; Passaic County; New Jersey","95789","21569",
"1400000US34031256804","Census Tract 2568.04; Passaic County; New Jersey","155022","13689",
"1400000US34031256805","Census Tract 2568.05; Passaic County; New Jersey","139054","14753",
"1400000US34031264101","Census Tract 2641.01; Passaic County; New Jersey","75794","13871",
"1400000US34031264102","Census Tract 2641.02; Passaic County; New Jersey","113921","9026",
"1400000US34031264200","Census Tract 2642; Passaic County; New Jersey","33590","6003",
"1400000US34033020100","Census Tract 201; Salem County; New Jersey","112917","14886",
"1400000US34033020200","Census Tract 202; Salem County; New Jersey","59688","38410",
"1400000US34033020300","Census Tract 203; Salem County; New Jersey","-","**",
"1400000US34033020400","Census Tract 204; Salem County; New Jersey","65658","24496",
"1400000US34033020500","Census Tract 205; Salem County; New Jersey","83839","12820",
"1400000US34033020600","Census Tract 206; Salem County; New Jersey","81641","13408",
"1400000US34033020700","Census Tract 207; Salem County; New Jersey","158281","10859",
"1400000US34033020800","Census Tract 208; Salem County; New Jersey","98828","13678",
"1400000US34033020900","Census Tract 209; Salem County; New Jersey","85521","30130",
"1400000US34033021000","Census Tract 210; Salem County; New Jersey","95357","9323",
"1400000US34033021101","Census Tract 211.01; Salem County; New Jersey","107798","28541",
"1400000US34033021102","Census Tract 211.02; Salem County; New Jersey","81923","20971",
"1400000US34033021201","Census Tract 212.01; Salem County; New Jersey","105156","11702",
"1400000US34033021202","Census Tract 212.02; Salem County; New Jersey","86563","16180",
"1400000US34033021300","Census Tract 213; Salem County; New Jersey","109271","45828",
"1400000US34033021400","Census Tract 214; Salem County; New Jersey","76047","10010",
"1400000US34033021500","Census Tract 215; Salem County; New Jersey","90350","37673",
"1400000US34033021600","Census Tract 216; Salem County; New Jersey","74747","6038",
"1400000US34033021700","Census Tract 217; Salem County; New Jersey","71250","21381",
"1400000US34033021900","Census Tract 219; Salem County; New Jersey","46709","17297",
"1400000US34033022000","Census Tract 220; Salem County; New Jersey","-","**",
"1400000US34033022100","Census Tract 221; Salem County; New Jersey","51821","19042",
"1400000US34033022201","Census Tract 222.01; Salem County; New Jersey","80000","12244",
"1400000US34033022202","Census Tract 222.02; Salem County; New Jersey","90385","14231",
"1400000US34033990000","Census Tract 9900; Salem County; New Jersey","-","**",
"1400000US34035050100","Census Tract 501; Somerset County; New Jersey","87525","20098",
"1400000US34035050200","Census Tract 502; Somerset County; New Jersey","93884","21206",
"1400000US34035050300","Census Tract 503; Somerset County; New Jersey","147500","25393",
"1400000US34035050400","Census Tract 504; Somerset County; New Jersey","102851","14181",
"1400000US34035050500","Census Tract 505; Somerset County; New Jersey","102031","13628",
"1400000US34035050600","Census Tract 506; Somerset County; New Jersey","112409","33385",
"1400000US34035050701","Census Tract 507.01; Somerset County; New Jersey","153375","34596",
"1400000US34035050703","Census Tract 507.03; Somerset County; New Jersey","157868","38270",
"1400000US34035050704","Census Tract 507.04; Somerset County; New Jersey","177969","27373",
"1400000US34035050801","Census Tract 508.01; Somerset County; New Jersey","193241","28576",
"1400000US34035050802","Census Tract 508.02; Somerset County; New Jersey","197500","24443",
"1400000US34035050901","Census Tract 509.01; Somerset County; New Jersey","187169","30516",
"1400000US34035050902","Census Tract 509.02; Somerset County; New Jersey","216071","25129",
"1400000US34035050903","Census Tract 509.03; Somerset County; New Jersey","249803","32401",
"1400000US34035051000","Census Tract 510; Somerset County; New Jersey","118455","8651",
"1400000US34035051100","Census Tract 511; Somerset County; New Jersey","78333","17905",
"1400000US34035051200","Census Tract 512; Somerset County; New Jersey","91417","29757",
"1400000US34035051300","Census Tract 513; Somerset County; New Jersey","124474","21626",
"1400000US34035051400","Census Tract 514; Somerset County; New Jersey","101359","23261",
"1400000US34035051500","Census Tract 515; Somerset County; New Jersey","104688","31801",
"1400000US34035051600","Census Tract 516; Somerset County; New Jersey","74394","19954",
"1400000US34035051700","Census Tract 517; Somerset County; New Jersey","67321","21551",
"1400000US34035051800","Census Tract 518; Somerset County; New Jersey","106900","5728",
"1400000US34035051900","Census Tract 519; Somerset County; New Jersey","113611","43052",
"1400000US34035052001","Census Tract 520.01; Somerset County; New Jersey","120882","19651",
"1400000US34035052002","Census Tract 520.02; Somerset County; New Jersey","54627","13375",
"1400000US34035052100","Census Tract 521; Somerset County; New Jersey","208375","44931",
"1400000US34035052201","Census Tract 522.01; Somerset County; New Jersey","200272","18645",
"1400000US34035052203","Census Tract 522.03; Somerset County; New Jersey","250,000+","***",
"1400000US34035052204","Census Tract 522.04; Somerset County; New Jersey","194028","52333",
"1400000US34035052300","Census Tract 523; Somerset County; New Jersey","173672","13493",
"1400000US34035052400","Census Tract 524; Somerset County; New Jersey","186125","43231",
"1400000US34035052603","Census Tract 526.03; Somerset County; New Jersey","109554","30637",
"1400000US34035052604","Census Tract 526.04; Somerset County; New Jersey","212841","43660",
"1400000US34035052605","Census Tract 526.05; Somerset County; New Jersey","250,000+","***",
"1400000US34035052701","Census Tract 527.01; Somerset County; New Jersey","245441","20995",
"1400000US34035052702","Census Tract 527.02; Somerset County; New Jersey","202852","30292",
"1400000US34035052800","Census Tract 528; Somerset County; New Jersey","202578","29051",
"1400000US34035052901","Census Tract 529.01; Somerset County; New Jersey","143250","38289",
"1400000US34035052904","Census Tract 529.04; Somerset County; New Jersey","153967","58441",
"1400000US34035052905","Census Tract 529.05; Somerset County; New Jersey","126908","18305",
"1400000US34035052906","Census Tract 529.06; Somerset County; New Jersey","107344","30403",
"1400000US34035053000","Census Tract 530; Somerset County; New Jersey","112961","14229",
"1400000US34035053102","Census Tract 531.02; Somerset County; New Jersey","81458","21550",
"1400000US34035053103","Census Tract 531.03; Somerset County; New Jersey","152278","29553",
"1400000US34035053105","Census Tract 531.05; Somerset County; New Jersey","129176","10128",
"1400000US34035053200","Census Tract 532; Somerset County; New Jersey","109082","21292",
"1400000US34035053300","Census Tract 533; Somerset County; New Jersey","104616","18691",
"1400000US34035053402","Census Tract 534.02; Somerset County; New Jersey","138438","30225",
"1400000US34035053403","Census Tract 534.03; Somerset County; New Jersey","105671","25586",
"1400000US34035053405","Census Tract 534.05; Somerset County; New Jersey","184338","46419",
"1400000US34035053406","Census Tract 534.06; Somerset County; New Jersey","118240","25799",
"1400000US34035053501","Census Tract 535.01; Somerset County; New Jersey","151250","28342",
"1400000US34035053602","Census Tract 536.02; Somerset County; New Jersey","218000","42207",
"1400000US34035053603","Census Tract 536.03; Somerset County; New Jersey","146771","20769",
"1400000US34035053604","Census Tract 536.04; Somerset County; New Jersey","147321","31091",
"1400000US34035053703","Census Tract 537.03; Somerset County; New Jersey","165147","24418",
"1400000US34035053704","Census Tract 537.04; Somerset County; New Jersey","182031","42953",
"1400000US34035053705","Census Tract 537.05; Somerset County; New Jersey","131727","20734",
"1400000US34035053706","Census Tract 537.06; Somerset County; New Jersey","177857","32265",
"1400000US34035053707","Census Tract 537.07; Somerset County; New Jersey","222070","10474",
"1400000US34035053801","Census Tract 538.01; Somerset County; New Jersey","141709","12192",
"1400000US34035053804","Census Tract 538.04; Somerset County; New Jersey","108869","12190",
"1400000US34035053805","Census Tract 538.05; Somerset County; New Jersey","118140","8091",
"1400000US34035053806","Census Tract 538.06; Somerset County; New Jersey","187031","50102",
"1400000US34035053807","Census Tract 538.07; Somerset County; New Jersey","250,000+","***",
"1400000US34035053901","Census Tract 539.01; Somerset County; New Jersey","148056","46157",
"1400000US34035053904","Census Tract 539.04; Somerset County; New Jersey","250,000+","***",
"1400000US34035053905","Census Tract 539.05; Somerset County; New Jersey","224900","12337",
"1400000US34035054100","Census Tract 541; Somerset County; New Jersey","186587","29809",
"1400000US34035054201","Census Tract 542.01; Somerset County; New Jersey","214784","24405",
"1400000US34035054202","Census Tract 542.02; Somerset County; New Jersey","230563","42109",
"1400000US34035054301","Census Tract 543.01; Somerset County; New Jersey","127009","30217",
"1400000US34035054302","Census Tract 543.02; Somerset County; New Jersey","119068","26145",
"1400000US34037371000","Census Tract 3710; Sussex County; New Jersey","101250","28276",
"1400000US34037371100","Census Tract 3711; Sussex County; New Jersey","111389","16206",
"1400000US34037371200","Census Tract 3712; Sussex County; New Jersey","75500","10038",
"1400000US34037371300","Census Tract 3713; Sussex County; New Jersey","137361","19252",
"1400000US34037371400","Census Tract 3714; Sussex County; New Jersey","130161","25344",
"1400000US34037371502","Census Tract 3715.02; Sussex County; New Jersey","107639","26945",
"1400000US34037371503","Census Tract 3715.03; Sussex County; New Jersey","104444","33170",
"1400000US34037371600","Census Tract 3716; Sussex County; New Jersey","84481","8921",
"1400000US34037371700","Census Tract 3717; Sussex County; New Jersey","131282","14486",
"1400000US34037371801","Census Tract 3718.01; Sussex County; New Jersey","98793","33769",
"1400000US34037371802","Census Tract 3718.02; Sussex County; New Jersey","92750","15527",
"1400000US34037371900","Census Tract 3719; Sussex County; New Jersey","103906","13616",
"1400000US34037372000","Census Tract 3720; Sussex County; New Jersey","122273","26966",
"1400000US34037372100","Census Tract 3721; Sussex County; New Jersey","93566","12373",
"1400000US34037372200","Census Tract 3722; Sussex County; New Jersey","117961","11021",
"1400000US34037372300","Census Tract 3723; Sussex County; New Jersey","117331","17081",
"1400000US34037372400","Census Tract 3724; Sussex County; New Jersey","129038","25455",
"1400000US34037372500","Census Tract 3725; Sussex County; New Jersey","108194","21074",
"1400000US34037372600","Census Tract 3726; Sussex County; New Jersey","130747","29629",
"1400000US34037372700","Census Tract 3727; Sussex County; New Jersey","86975","15816",
"1400000US34037372800","Census Tract 3728; Sussex County; New Jersey","98810","8936",
"1400000US34037372900","Census Tract 3729; Sussex County; New Jersey","88864","27370",
"1400000US34037373000","Census Tract 3730; Sussex County; New Jersey","105551","7826",
"1400000US34037373100","Census Tract 3731; Sussex County; New Jersey","200040","23845",
"1400000US34037373200","Census Tract 3732; Sussex County; New Jersey","211065","40128",
"1400000US34037373300","Census Tract 3733; Sussex County; New Jersey","150132","49314",
"1400000US34037373400","Census Tract 3734; Sussex County; New Jersey","131289","15236",
"1400000US34037373500","Census Tract 3735; Sussex County; New Jersey","143500","19975",
"1400000US34037373600","Census Tract 3736; Sussex County; New Jersey","130242","33024",
"1400000US34037373700","Census Tract 3737; Sussex County; New Jersey","64619","26653",
"1400000US34037373800","Census Tract 3738; Sussex County; New Jersey","77442","25211",
"1400000US34037373900","Census Tract 3739; Sussex County; New Jersey","123134","21471",
"1400000US34037374000","Census Tract 3740; Sussex County; New Jersey","142903","21029",
"1400000US34037374100","Census Tract 3741; Sussex County; New Jersey","141875","35711",
"1400000US34037374200","Census Tract 3742; Sussex County; New Jersey","133807","18285",
"1400000US34037374300","Census Tract 3743; Sussex County; New Jersey","117813","15270",
"1400000US34037374400","Census Tract 3744; Sussex County; New Jersey","188824","33626",
"1400000US34037374500","Census Tract 3745; Sussex County; New Jersey","125938","22442",
"1400000US34037374600","Census Tract 3746; Sussex County; New Jersey","139205","19628",
"1400000US34037374700","Census Tract 3747; Sussex County; New Jersey","116699","16941",
"1400000US34037374800","Census Tract 3748; Sussex County; New Jersey","113447","21226",
"1400000US34037374900","Census Tract 3749; Sussex County; New Jersey","107596","26186",
"1400000US34039030200","Census Tract 302; Union County; New Jersey","73277","17384",
"1400000US34039030400","Census Tract 304; Union County; New Jersey","60231","18115",
"1400000US34039030500","Census Tract 305; Union County; New Jersey","54786","38075",
"1400000US34039030600","Census Tract 306; Union County; New Jersey","73605","19686",
"1400000US34039030701","Census Tract 307.01; Union County; New Jersey","70000","23144",
"1400000US34039030703","Census Tract 307.03; Union County; New Jersey","70761","13981",
"1400000US34039030704","Census Tract 307.04; Union County; New Jersey","89741","18792",
"1400000US34039030802","Census Tract 308.02; Union County; New Jersey","108400","7968",
"1400000US34039030900","Census Tract 309; Union County; New Jersey","87379","11495",
"1400000US34039031000","Census Tract 310; Union County; New Jersey","51076","19578",
"1400000US34039031100","Census Tract 311; Union County; New Jersey","61698","12781",
"1400000US34039031200","Census Tract 312; Union County; New Jersey","68889","7106",
"1400000US34039031301","Census Tract 313.01; Union County; New Jersey","75809","32400",
"1400000US34039031302","Census Tract 313.02; Union County; New Jersey","62154","26886",
"1400000US34039031400","Census Tract 314; Union County; New Jersey","51389","7719",
"1400000US34039031500","Census Tract 315; Union County; New Jersey","69068","12918",
"1400000US34039031601","Census Tract 316.01; Union County; New Jersey","59653","16230",
"1400000US34039031602","Census Tract 316.02; Union County; New Jersey","62607","10870",
"1400000US34039031700","Census Tract 317; Union County; New Jersey","55357","11492",
"1400000US34039031801","Census Tract 318.01; Union County; New Jersey","75747","6843",
"1400000US34039031802","Census Tract 318.02; Union County; New Jersey","43711","3760",
"1400000US34039031903","Census Tract 319.03; Union County; New Jersey","60977","14568",
"1400000US34039031904","Census Tract 319.04; Union County; New Jersey","38750","9130",
"1400000US34039032002","Census Tract 320.02; Union County; New Jersey","81532","27067",
"1400000US34039032003","Census Tract 320.03; Union County; New Jersey","68729","28436",
"1400000US34039032004","Census Tract 320.04; Union County; New Jersey","65951","27937",
"1400000US34039032101","Census Tract 321.01; Union County; New Jersey","131607","51149",
"1400000US34039032102","Census Tract 321.02; Union County; New Jersey","140682","13775",
"1400000US34039032200","Census Tract 322; Union County; New Jersey","102854","14689",
"1400000US34039032300","Census Tract 323; Union County; New Jersey","80446","10687",
"1400000US34039032401","Census Tract 324.01; Union County; New Jersey","111250","48286",
"1400000US34039032402","Census Tract 324.02; Union County; New Jersey","99682","30607",
"1400000US34039032500","Census Tract 325; Union County; New Jersey","101722","13371",
"1400000US34039032600","Census Tract 326; Union County; New Jersey","107917","10818",
"1400000US34039032701","Census Tract 327.01; Union County; New Jersey","136648","21902",
"1400000US34039032702","Census Tract 327.02; Union County; New Jersey","98973","6423",
"1400000US34039032800","Census Tract 328; Union County; New Jersey","109018","30528",
"1400000US34039032901","Census Tract 329.01; Union County; New Jersey","126119","5173",
"1400000US34039032902","Census Tract 329.02; Union County; New Jersey","113468","19129",
"1400000US34039033000","Census Tract 330; Union County; New Jersey","149152","32949",
"1400000US34039033100","Census Tract 331; Union County; New Jersey","119970","39346",
"1400000US34039033200","Census Tract 332; Union County; New Jersey","130909","7846",
"1400000US34039033300","Census Tract 333; Union County; New Jersey","127086","15001",
"1400000US34039033400","Census Tract 334; Union County; New Jersey","148650","45976",
"1400000US34039033501","Census Tract 335.01; Union County; New Jersey","93750","44563",
"1400000US34039033502","Census Tract 335.02; Union County; New Jersey","110518","32892",
"1400000US34039033600","Census Tract 336; Union County; New Jersey","118611","32324",
"1400000US34039033700","Census Tract 337; Union County; New Jersey","126589","24040",
"1400000US34039033800","Census Tract 338; Union County; New Jersey","105742","22938",
"1400000US34039033900","Census Tract 339; Union County; New Jersey","81892","26643",
"1400000US34039034000","Census Tract 340; Union County; New Jersey","73171","13252",
"1400000US34039034100","Census Tract 341; Union County; New Jersey","95197","29374",
"1400000US34039034200","Census Tract 342; Union County; New Jersey","120833","36920",
"1400000US34039034300","Census Tract 343; Union County; New Jersey","104850","14409",
"1400000US34039034400","Census Tract 344; Union County; New Jersey","95388","22117",
"1400000US34039034500","Census Tract 345; Union County; New Jersey","66006","22889",
"1400000US34039034600","Census Tract 346; Union County; New Jersey","97829","14157",
"1400000US34039034700","Census Tract 347; Union County; New Jersey","89728","10193",
"1400000US34039034800","Census Tract 348; Union County; New Jersey","132656","29563",
"1400000US34039034900","Census Tract 349; Union County; New Jersey","82007","26483",
"1400000US34039035000","Census Tract 350; Union County; New Jersey","94690","8037",
"1400000US34039035100","Census Tract 351; Union County; New Jersey","87778","27123",
"1400000US34039035200","Census Tract 352; Union County; New Jersey","75972","22020",
"1400000US34039035300","Census Tract 353; Union County; New Jersey","74607","37110",
"1400000US34039035400","Census Tract 354; Union County; New Jersey","118954","31953",
"1400000US34039035500","Census Tract 355; Union County; New Jersey","72759","17801",
"1400000US34039035600","Census Tract 356; Union County; New Jersey","129198","12413",
"1400000US34039035700","Census Tract 357; Union County; New Jersey","97235","21411",
"1400000US34039035800","Census Tract 358; Union County; New Jersey","92500","39297",
"1400000US34039035900","Census Tract 359; Union County; New Jersey","92045","25854",
"1400000US34039036000","Census Tract 360; Union County; New Jersey","91250","16085",
"1400000US34039036100","Census Tract 361; Union County; New Jersey","64052","8690",
"1400000US34039036200","Census Tract 362; Union County; New Jersey","138654","16278",
"1400000US34039036301","Census Tract 363.01; Union County; New Jersey","94459","18772",
"1400000US34039036302","Census Tract 363.02; Union County; New Jersey","149895","21137",
"1400000US34039036400","Census Tract 364; Union County; New Jersey","250,000+","***",
"1400000US34039036500","Census Tract 365; Union County; New Jersey","250,000+","***",
"1400000US34039036600","Census Tract 366; Union County; New Jersey","141726","58358",
"1400000US34039036700","Census Tract 367; Union County; New Jersey","196375","40292",
"1400000US34039036800","Census Tract 368; Union County; New Jersey","250,000+","***",
"1400000US34039036900","Census Tract 369; Union County; New Jersey","110670","25596",
"1400000US34039037000","Census Tract 370; Union County; New Jersey","138421","52478",
"1400000US34039037100","Census Tract 371; Union County; New Jersey","242361","23180",
"1400000US34039037200","Census Tract 372; Union County; New Jersey","101109","27149",
"1400000US34039037300","Census Tract 373; Union County; New Jersey","165972","35795",
"1400000US34039037400","Census Tract 374; Union County; New Jersey","163056","26491",
"1400000US34039037500","Census Tract 375; Union County; New Jersey","127237","60987",
"1400000US34039037601","Census Tract 376.01; Union County; New Jersey","149405","28493",
"1400000US34039037602","Census Tract 376.02; Union County; New Jersey","178548","27583",
"1400000US34039037700","Census Tract 377; Union County; New Jersey","250,000+","***",
"1400000US34039037800","Census Tract 378; Union County; New Jersey","175491","29401",
"1400000US34039037900","Census Tract 379; Union County; New Jersey","250,000+","***",
"1400000US34039038000","Census Tract 380; Union County; New Jersey","110744","17122",
"1400000US34039038101","Census Tract 381.01; Union County; New Jersey","164643","26581",
"1400000US34039038103","Census Tract 381.03; Union County; New Jersey","153563","28073",
"1400000US34039038104","Census Tract 381.04; Union County; New Jersey","161789","21033",
"1400000US34039038201","Census Tract 382.01; Union County; New Jersey","231033","51176",
"1400000US34039038202","Census Tract 382.02; Union County; New Jersey","165750","29779",
"1400000US34039038300","Census Tract 383; Union County; New Jersey","211538","63184",
"1400000US34039038400","Census Tract 384; Union County; New Jersey","172256","20362",
"1400000US34039038500","Census Tract 385; Union County; New Jersey","185504","22791",
"1400000US34039038601","Census Tract 386.01; Union County; New Jersey","144716","28245",
"1400000US34039038602","Census Tract 386.02; Union County; New Jersey","250,000+","***",
"1400000US34039038701","Census Tract 387.01; Union County; New Jersey","167054","61763",
"1400000US34039038702","Census Tract 387.02; Union County; New Jersey","206771","58574",
"1400000US34039038800","Census Tract 388; Union County; New Jersey","82402","17108",
"1400000US34039038900","Census Tract 389; Union County; New Jersey","71174","18716",
"1400000US34039039000","Census Tract 390; Union County; New Jersey","85294","16897",
"1400000US34039039100","Census Tract 391; Union County; New Jersey","149956","12791",
"1400000US34039039200","Census Tract 392; Union County; New Jersey","83828","35226",
"1400000US34039039301","Census Tract 393.01; Union County; New Jersey","62083","10922",
"1400000US34039039302","Census Tract 393.02; Union County; New Jersey","49175","3831",
"1400000US34039039400","Census Tract 394; Union County; New Jersey","88315","10633",
"1400000US34039039501","Census Tract 395.01; Union County; New Jersey","87500","11742",
"1400000US34039039502","Census Tract 395.02; Union County; New Jersey","67604","22270",
"1400000US34039039600","Census Tract 396; Union County; New Jersey","106094","38473",
"1400000US34039039700","Census Tract 397; Union County; New Jersey","101010","15224",
"1400000US34039039801","Census Tract 398.01; Union County; New Jersey","59476","31770",
"1400000US34039039900","Census Tract 399; Union County; New Jersey","50346","4334",
"1400000US34039980000","Census Tract 9800; Union County; New Jersey","-","**",
"1400000US34041030600","Census Tract 306; Warren County; New Jersey","75494","10257",
"1400000US34041030700","Census Tract 307; Warren County; New Jersey","71679","12846",
"1400000US34041030800","Census Tract 308; Warren County; New Jersey","83906","46039",
"1400000US34041030900","Census Tract 309; Warren County; New Jersey","35083","26938",
"1400000US34041031101","Census Tract 311.01; Warren County; New Jersey","124359","17573",
"1400000US34041031102","Census Tract 311.02; Warren County; New Jersey","122986","4745",
"1400000US34041031200","Census Tract 312; Warren County; New Jersey","106791","6457",
"1400000US34041031301","Census Tract 313.01; Warren County; New Jersey","92243","14687",
"1400000US34041031302","Census Tract 313.02; Warren County; New Jersey","131626","9568",
"1400000US34041031401","Census Tract 314.01; Warren County; New Jersey","81806","14982",
"1400000US34041031402","Census Tract 314.02; Warren County; New Jersey","107877","5339",
"1400000US34041031500","Census Tract 315; Warren County; New Jersey","88845","14713",
"1400000US34041031601","Census Tract 316.01; Warren County; New Jersey","75726","23909",
"1400000US34041031602","Census Tract 316.02; Warren County; New Jersey","102600","27240",
"1400000US34041031700","Census Tract 317; Warren County; New Jersey","95714","26823",
"1400000US34041031800","Census Tract 318; Warren County; New Jersey","92176","26710",
"1400000US34041031900","Census Tract 319; Warren County; New Jersey","144444","17100",
"1400000US34041032000","Census Tract 320; Warren County; New Jersey","81336","20144",
"1400000US34041032101","Census Tract 321.01; Warren County; New Jersey","132697","14409",
"1400000US34041032102","Census Tract 321.02; Warren County; New Jersey","169079","16178",
"1400000US34041032200","Census Tract 322; Warren County; New Jersey","91114","7505",
"1400000US34041032300","Census Tract 323; Warren County; New Jersey","103611","23206",
"1400000US34041032400","Census Tract 324; Warren County; New Jersey","90333","14862",
