X,Y,OBJECTID_1,OBJECTID,GCOMPID,NAME,ADDRESS,CITY,STATE,ZIP,ZIP4,TYPE,STATUS,COUNTY,COUNTYFIPS,COUNTRY,LATITUDE,LONGITUDE,NAICS_CODE,NAICS_DESC,SOURCE,SOURCEDATE,VAL_METHOD,VAL_DATE,WEBSITE,PIPECO,COMPID,OPERATOR,POSREL,NUM_UNITS,CERT_HP,PLANT_COST,EXP_FUEL,EXP_OTHER,GAS_COMPRE,OP_COMP_HR,OP_NUM_COM,OP_DATE_PE,EXP_POWER,ELEC_COMPR
-78.7724449999999,41.057123,1,1,GCOMP1,HELVETIA,.25 MILES EAST OF DELARME RD & KRINER LN,LUTHERSBURG,PA,15848,NOT AVAILABLE,NATURAL GAS COMPRESSOR STATION,IN SERVICE,CLEARFIELD,42033,USA,41.057123,-78.772445,486210,PIPELINE TRANSPORTATION OF NATURAL GAS,"EPA ENVIROFACTS, FERC FORM 2, CORPORATE WEBSITE",2015/09/24 00:00:00+00,IMAGERY/OTHER,2016/03/14 00:00:00+00,http://escript.dom.com/,"DOMINION TRANSMISSION, INC.",22,"DOMINION TRANSMISSION, INC.",WITHIN 40 FEET,1,330,372782,17864,62170,7240,3426,1,2012/06/01 00:00:00+00,0,0
-75.672182,41.1724780000001,2,2,GCOMP10,NO. 515 BEAR CREEK,0.2 MILES SOUTHEAST OF HWY 115 & BLUEBERRY LANE,BEAR CREEK,PA,18602,NOT AVAILABLE,NATURAL GAS COMPRESSOR STATION,IN SERVICE,LUZERNE,42079,USA,41.172478,-75.672182,486210,PIPELINE TRANSPORTATION OF NATURAL GAS,"EPA ENVIROFACTS, FERC FORM 2, CORPORATE WEBSITE",2015/08/25 00:00:00+00,IMAGERY/OTHER,2016/03/14 00:00:00+00,http://www.1line.williams.com/,"TRANSCONTINENTAL GAS PIPE LINE COMPANY, LLC",29,"TRANSCONTINENTAL GAS PIPE LINE COMPANY, LLC",WITHIN 40 FEET,6,32000,30777444,1283985,2013445,426144,8119,6,2012/11/07 00:00:00+00,0,0
-83.142679529,34.151551066,3,3,GCOMP100,NO. 130 COMER,117 WINNS LAKE RD.,COMER,GA,30629,NOT AVAILABLE,NATURAL GAS COMPRESSOR STATION,IN SERVICE,MADISON,13195,USA,34.151551066,-83.142679529,486210,PIPELINE TRANSPORTATION OF NATURAL GAS,"EPA ENVIROFACTS, FERC FORM 2, CORPORATE WEBSITE",2015/08/25 00:00:00+00,IMAGERY/OTHER,2016/03/14 00:00:00+00,http://www.1line.williams.com/,"TRANSCONTINENTAL GAS PIPE LINE COMPANY, LLC",29,"TRANSCONTINENTAL GAS PIPE LINE COMPANY, LLC",WITHIN 40 FEET,18,59290,46543043,7468983,4192360,2825079,96736,18,2013/01/26 00:00:00+00,11834,-999
-99.052273972,38.5843580490001,4,4,GCOMP1000,583 OTIS,"COUNTY ROAD 390; S11-T17S-R16W",OTIS,KS,67565,NOT AVAILABLE,NATURAL GAS COMPRESSOR STATION,IN SERVICE,RUSH,20165,USA,38.584358049,-99.052273972,486210,PIPELINE TRANSPORTATION OF NATURAL GAS,"FERC FORM 2, IMAGERY",2015/09/09 00:00:00+00,IMAGERY/OTHER,2016/03/14 00:00:00+00,https://csi.sscgp.com/,"SOUTHERN STAR CENTRAL GAS PIPELINE, INC.",43,"SOUTHERN STAR CENTRAL GAS PIPELINE, INC.",WITHIN 40 FEET,1,2400,3933939,380293,153920,146889,8510,1,2012/06/03 00:00:00+00,0,0
-108.311926251,40.9505573370001,5,5,GCOMP1001,COLORADO - SKULL CREEK DEW POINT PLANT,"COUNTY ROAD 4; SW SE SEC 32 T12N R97W",MAYBELL,CO,81640,NOT AVAILABLE,NATURAL GAS COMPRESSOR STATION,IN SERVICE,MOFFAT,08081,USA,40.950557337,-108.311926251,486210,PIPELINE TRANSPORTATION OF NATURAL GAS,"EPA ENVIROFACTS, FERC FORM 2, CORPORATE WEBSITE",2015/09/11 00:00:00+00,IMAGERY/OTHER,2016/03/14 00:00:00+00,http://www.questarpipeline.com/,QUESTAR PIPELINE COMPANY,55,QUESTAR PIPELINE COMPANY,WITHIN 40 FEET,1,100,950473,84436,375595,32497,7002,1,2012/12/23 00:00:00+00,0,0
-102.182431,37.1149970000001,6,6,GCOMP1002,FLANK,COUNTY ROAD K & COUNTY ROAD H,CAMPO,CO,81029,NOT AVAILABLE,NATURAL GAS COMPRESSOR STATION,IN SERVICE,BACA,08009,USA,37.114997,-102.182431,486210,PIPELINE TRANSPORTATION OF NATURAL GAS,"EPA ENVIROFACTS, FERC FORM 2, CORPORATE WEBSITE",2015/10/19 00:00:00+00,IMAGERY/OTHER,2016/03/14 00:00:00+00,http://ebb.cigco.com/,"COLORADO INTERSTATE GAS COMPANY, L.L.C.",32,"COLORADO INTERSTATE GAS COMPANY, L.L.C.",WITHIN 40 FEET,6,7250,13773635,244467,543787,94172,13753,2,2012/08/12 00:00:00+00,0,0
-102.993106,39.8901890000001,7,7,GCOMP1003,NIOBRARA,COUNTY ROAD QQ & HWY 22,AKRON,CO,80720,NOT AVAILABLE,NATURAL GAS COMPRESSOR STATION,IN SERVICE,WASHINGTON,08121,USA,39.890189,-102.993106,486210,PIPELINE TRANSPORTATION OF NATURAL GAS,"EPA ENVIROFACTS, FERC FORM 2, CORPORATE WEBSITE",2015/10/16 00:00:00+00,IMAGERY/OTHER,2016/03/14 00:00:00+00,http://ebb.cigco.com/,"COLORADO INTERSTATE GAS COMPANY, L.L.C.",32,"COLORADO INTERSTATE GAS COMPANY, L.L.C.",WITHIN 40 FEET,1,1800,462263,152796,226165,58250,8432,1,2012/12/29 00:00:00+00,0,0
-110.79015274,41.823104066,8,8,GCOMP1004,KEMMERER,"CR 300; SW1/4,S2,SE1/4,S3,T32N,R118W",KEMMERER,WY,83101,NOT AVAILABLE,NATURAL GAS COMPRESSOR STATION,IN SERVICE,LINCOLN,56023,USA,41.823104066,-110.79015274,486210,PIPELINE TRANSPORTATION OF NATURAL GAS,"EPA ENVIROFACTS, FERC FORM 2, CORPORATE WEBSITE",2015/09/14 00:00:00+00,IMAGERY/OTHER,2016/03/14 00:00:00+00,http://www.northwest.williams.com/,NORTHWEST PIPELINE GP,37,NORTHWEST PIPELINE GP,WITHIN 40 FEET,5,11200,20512700,373112,530467,134951,13805,3,2012/01/17 00:00:00+00,0,0
-89.874112,37.358275,9,9,GCOMP1005,STATION 309 - MARBLE HILL,"CR-324/MO-34; CORNER OF CR-324 AND MO-34",MARBLE HILL,MO,63764,9417,NATURAL GAS COMPRESSOR STATION,IN SERVICE,BOLLINGER,29017,USA,37.358275,-89.874112,486210,PIPELINE TRANSPORTATION OF NATURAL GAS,"EPA ENVIROFACTS, FERC FORM 2, CORPORATE WEBSITE",2015/09/16 00:00:00+00,IMAGERY/OTHER,2016/03/14 00:00:00+00,http://www.kindermorgan.com/,NATURAL GAS PIPELINE COMPANY OF AMERICA LLC,26,NATURAL GAS PIPELINE COMPANY OF AMERICA LLC,WITHIN 40 FEET,9,29650,13028482,0,0,1187001,48633,8,2012/02/13 00:00:00+00,0,0
-102.748944,32.971281,10,10,GCOMP1006,PLAINS,"CR-355; CORNER OF CR-355 AND LIGHT PLANT RD",DENVER CITY,TX,79323,NOT AVAILABLE,NATURAL GAS COMPRESSOR STATION,IN SERVICE,YOAKUM,48501,USA,32.971281,-102.748944,486210,PIPELINE TRANSPORTATION OF NATURAL GAS,"EPA ENVIROFACTS, FERC FORM 2, CORPORATE WEBSITE",2015/09/15 00:00:00+00,IMAGERY/OTHER,2016/03/14 00:00:00+00,http://www.northernnaturalgas.com/,NORTHERN NATURAL GAS COMPANY,59,NORTHERN NATURAL GAS COMPANY,WITHIN 40 FEET,1,3546,6871877,331291,195347,118930,3914,1,2012/01/01 00:00:00+00,13454,183460
-107.974466104,40.9782697410001,11,11,GCOMP1007,SNAKE RIVER,"CR-4; SEC 20 29 T12N R94W",CRAIG,CO,81625,NOT AVAILABLE,NATURAL GAS COMPRESSOR STATION,IN SERVICE,MOFFAT,08081,USA,40.978269741,-107.974466104,486210,PIPELINE TRANSPORTATION OF NATURAL GAS,"EPA ENVIROFACTS, FERC FORM 2, CORPORATE WEBSITE",2015/08/14 00:00:00+00,IMAGERY/OTHER,2016/03/14 00:00:00+00,http://ebb.cigco.com/,"WYOMING INTERSTATE COMPANY, L.L.C.",76,"WYOMING INTERSTATE COMPANY, L.L.C.",WITHIN 40 FEET,2,13664,32518994,884854,283223,356072,4659,1,2012/02/17 00:00:00+00,0,0
-107.974271853,40.977975095,12,12,GCOMP1008,R28184002/102 AT BIG HOLE,CR-4/WEST OF CO-192N,CRAIG,CO,81625,NOT AVAILABLE,NATURAL GAS COMPRESSOR STATION,IN SERVICE,MOFFAT,08081,USA,40.977975095,-107.974271853,486210,PIPELINE TRANSPORTATION OF NATURAL GAS,"EPA ENVIROFACTS, FERC FORM 2, CORPORATE WEBSITE",2015/09/11 00:00:00+00,IMAGERY/OTHER,2016/03/14 00:00:00+00,http://www.tallgrassenergylp.com/,ROCKIES EXPRESS PIPELINE LLC,575,ROCKIES EXPRESS PIPELINE LLC,WITHIN 40 FEET,2,17683,37403559,0,0,385965,3288,1,2012/12/19 00:00:00+00,0,0
-103.050957,31.4505790000001,13,13,GCOMP1009,LONE STAR VALERO PECOS,CR-4290,MONAHANS,TX,79756,NOT AVAILABLE,NATURAL GAS COMPRESSOR STATION,IN SERVICE,WARD,48475,USA,31.450579,-103.050957,486210,PIPELINE TRANSPORTATION OF NATURAL GAS,"EPA ENVIROFACTS, FERC FORM 2, CORPORATE WEBSITE",2015/08/24 00:00:00+00,IMAGERY/OTHER,2016/03/14 00:00:00+00,http://twtransfer.energytransfer.com/,"TRANSWESTERN PIPELINE COMPANY, LLC",42,"TRANSWESTERN PIPELINE COMPANY, LLC",WITHIN 40 FEET,2,2200,5006439,246,126093,105,2,1,2012/07/12 00:00:00+00,0,0
-96.3757877529999,40.7468067930001,14,14,GCOMP101,PALMYRA,1170 NORTH 10TH ROAD,PALMYRA,NE,68418,4031,NATURAL GAS COMPRESSOR STATION,IN SERVICE,OTOE,31131,USA,40.746806793,-96.375787753,486210,PIPELINE TRANSPORTATION OF NATURAL GAS,"EPA ENVIROFACTS, FERC FORM 2, CORPORATE WEBSITE",2015/09/15 00:00:00+00,IMAGERY/OTHER,2016/03/14 00:00:00+00,http://www.northernnaturalgas.com/,NORTHERN NATURAL GAS COMPANY,59,NORTHERN NATURAL GAS COMPANY,WITHIN 40 FEET,12,31755,30495384,3006871,2371092,1057026,39465,7,2012/11/12 00:00:00+00,101678,1342272
-97.2971889999999,28.3208780000001,15,15,GCOMP1010,NO. 20 REFUGIO,CROCKETT RD/W HOUSTON,REFUGIO,TX,78377,NOT AVAILABLE,NATURAL GAS COMPRESSOR STATION,IN SERVICE,REFUGIO,48391,USA,28.320878,-97.297189,486210,PIPELINE TRANSPORTATION OF NATURAL GAS,"EPA ENVIROFACTS, FERC FORM 2, CORPORATE WEBSITE",2015/08/25 00:00:00+00,IMAGERY/OTHER,2016/03/14 00:00:00+00,http://www.1line.williams.com/,"TRANSCONTINENTAL GAS PIPE LINE COMPANY, LLC",29,"TRANSCONTINENTAL GAS PIPE LINE COMPANY, LLC",WITHIN 40 FEET,5,8320,4401889,0,0,0,0,0,1970/01/01 00:00:00+00,0,0
-78.421508789,39.725891113,16,16,GCOMP1011,ARTEMAS #1,CROOKED RUN RD. & ARTEMAS RD.,ARTEMAS,PA,17211,NOT AVAILABLE,NATURAL GAS COMPRESSOR STATION,IN SERVICE,BEDFORD,42009,USA,39.725891113,-78.421508789,486210,PIPELINE TRANSPORTATION OF NATURAL GAS,"EPA ENVIROFACTS, FERC FORM 2, CORPORATE WEBSITE",2015/09/30 00:00:00+00,IMAGERY/OTHER,2016/03/14 00:00:00+00,http://www.columbiapipeinfo.com/,"COLUMBIA GAS TRANSMISSION,LLC",21,"COLUMBIA GAS TRANSMISSION,LLC",WITHIN 40 FEET,2,4000,12011885,251237,648351,83734,6076,2,2012/09/13 00:00:00+00,39695,-999
-78.421636899,39.7258209570001,17,17,GCOMP1012,ARTEMAS #2,CROOKED RUN RD. & ARTEMAS RD.,ARTEMAS,PA,17211,NOT AVAILABLE,NATURAL GAS COMPRESSOR STATION,IN SERVICE,BEDFORD,42009,USA,39.7258209570001,-78.421636899,486210,PIPELINE TRANSPORTATION OF NATURAL GAS,"EPA ENVIROFACTS, FERC FORM 2, CORPORATE WEBSITE",2015/09/29 00:00:00+00,IMAGERY/OTHER,2016/03/14 00:00:00+00,http://www.columbiapipeinfo.com/,"COLUMBIA GAS TRANSMISSION,LLC",21,"COLUMBIA GAS TRANSMISSION,LLC",WITHIN 40 FEET,3,3670,2618898,0,0,0,0,0,1970/01/01 00:00:00+00,0,0
-112.754677,35.288728,18,18,GCOMP1013,SELIGMAN,"CROOKTON RD; (9 MI EAST OF SELIGMAN)",SELIGMAN,AZ,86337,NOT AVAILABLE,NATURAL GAS COMPRESSOR STATION,IN SERVICE,YAVAPAI,04025,USA,35.288728,-112.754677,486210,PIPELINE TRANSPORTATION OF NATURAL GAS,"EPA ENVIROFACTS, FERC FORM 2, CORPORATE WEBSITE",2015/09/21 00:00:00+00,IMAGERY/OTHER,2016/03/14 00:00:00+00,https://pipeportal.kindermorgan.com/,"EL PASO NATURAL GAS COMPANY, L.L.C.",33,"EL PASO NATURAL GAS COMPANY, L.L.C.",WITHIN 40 FEET,2,22110,21085979,493010,182088,192699,2563,2,2015/02/18 00:00:00+00,0,0
-109.19961148,40.6828068520001,19,19,GCOMP1014,DIAMOND MTN/VERNAL,"CRUSE CANYON RD/EAST OF MAIL DRAW RD; NEAR VERNAL, REMOTE",VERNAL,UT,84078,NOT AVAILABLE,NATURAL GAS COMPRESSOR STATION,IN SERVICE,UINTAH,49047,USA,40.682806852,-109.19961148,486210,PIPELINE TRANSPORTATION OF NATURAL GAS,"FERC FORM 2, CORPORATE WEBSITE",2015/08/14 00:00:00+00,IMAGERY/OTHER,2016/03/14 00:00:00+00,http://ebb.cigco.com/,"WYOMING INTERSTATE COMPANY, L.L.C.",76,"WYOMING INTERSTATE COMPANY, L.L.C.",WITHIN 40 FEET,2,18524,30585198,1441848,417931,556575,10583,1,2012/12/26 00:00:00+00,0,0
-91.514908,35.344091,20,20,GCOMP1015,RUSSELL COMPRESSOR STA.,CURTIS DAVIS RD AND US-67,BALD KNOB,AR,72010,NOT AVAILABLE,NATURAL GAS COMPRESSOR STATION,IN SERVICE,WHITE,05145,USA,35.344091,-91.514908,486210,PIPELINE TRANSPORTATION OF NATURAL GAS,"FERC FORM 2, IMAGERY",2015/09/18 00:00:00+00,IMAGERY/OTHER,2016/03/14 00:00:00+00,http://feptransfer.energytransfer.com/,FAYETTEVILLE EXPRESS PIPELINE LLC,63,FAYETTEVILLE EXPRESS PIPELINE LLC,WITHIN 40 FEET,10,71465,135877894,3504421,698612,1272671,32910,5,2012/03/21 00:00:00+00,0,0
-90.36861,29.5877800000001,21,21,GCOMP1016,LAROSE,"DELTA FARM RD (HWY 657 E),",LAROSE,LA,70373,NOT AVAILABLE,NATURAL GAS COMPRESSOR STATION,IN SERVICE,LAFOURCHE,22057,USA,29.58778,-90.36861,486210,PIPELINE TRANSPORTATION OF NATURAL GAS,"EPA ENVIROFACTS, FERC FORM 2, CORPORATE WEBSITE",2015/09/01 00:00:00+00,IMAGERY/OTHER,2016/03/14 00:00:00+00,http://www.spectraenergy.com/,"TEXAS EASTERN TRANSMISSION, LP",17,"TEXAS EASTERN TRANSMISSION, LP",WITHIN 40 FEET,1,19800,10054471,0,0,0,0,0,1970/01/01 00:00:00+00,22796,65920
-93.051668104,32.29604949,22,22,GCOMP1017,BIENVILLE,DIVIDE RD/ PAR RD 719,CASTOR,LA,71016,NOT AVAILABLE,NATURAL GAS COMPRESSOR STATION,IN SERVICE,BIENVILLE,22013,USA,32.29604949,-93.051668104,486210,PIPELINE TRANSPORTATION OF NATURAL GAS,"EPA ENVIROFACTS, FERC FORM 2, CORPORATE WEBSITE",2015/09/18 00:00:00+00,IMAGERY/OTHER,2016/03/14 00:00:00+00,http://tigertransfer.energytransfer.com/,"ETC TIGER PIPELINE, LLC",63,"ETC TIGER PIPELINE, LLC",WITHIN 40 FEET,7,50370,92545426,4897110,2147653,1809304,33372,6,2012/01/06 00:00:00+00,0,0
-94.6872090049999,41.6573205180001,23,23,GCOMP1018,GUTHRIE CENTER,"DOGWOOD AVE; NORTH OF 250TH ST",ADAIR,IA,50002,NOT AVAILABLE,NATURAL GAS COMPRESSOR STATION,IN SERVICE,GUTHRIE,19077,USA,41.657320518,-94.687209005,486210,PIPELINE TRANSPORTATION OF NATURAL GAS,"EPA ENVIROFACTS, FERC FORM 2, CORPORATE WEBSITE",2015/09/15 00:00:00+00,IMAGERY/OTHER,2016/03/14 00:00:00+00,http://www.northernnaturalgas.com/,NORTHERN NATURAL GAS COMPANY,59,NORTHERN NATURAL GAS COMPANY,WITHIN 40 FEET,1,5667,9902335,270671,91042,91032,1712,1,2012/01/19 00:00:00+00,2049,106400
-80.5084859999999,39.0651070000001,24,24,GCOMP1019,KEITH FORK,"DUTCH HOLLOW & CHERRY RIDGE RD; .5 MILES NE OF KEITH FORK RD AND US 119",WALDECK,WV,26452,NOT AVAILABLE,NATURAL GAS COMPRESSOR STATION,IN SERVICE,LEWIS,54041,USA,39.065107,-80.508486,486210,PIPELINE TRANSPORTATION OF NATURAL GAS,"FERC FORM 2, CORPORATE WEBSITE",2015/10/28 00:00:00+00,IMAGERY/OTHER,2016/03/14 00:00:00+00,http://escript.dom.com/,"DOMINION TRANSMISSION, INC.",22,"DOMINION TRANSMISSION, INC.",WITHIN 40 FEET,2,2530,6818617,252582,344284,89978,10967,2,2012/10/02 00:00:00+00,0,0
-94.844123135,32.5182512650001,25,25,GCOMP102,WHITE OAK ELECTRIC,1182 E OLD HWY 80,LONGVIEW,TX,75604,NOT AVAILABLE,NATURAL GAS COMPRESSOR STATION,IN SERVICE,GREGG,48183,USA,32.518251265,-94.844123135,486210,PIPELINE TRANSPORTATION OF NATURAL GAS,"FERC FORM 2, CORPORATE WEBSITE",2015/10/06 00:00:00+00,IMAGERY/OTHER,2016/03/14 00:00:00+00,http://infopost.bwpmlp.com/,"GULF SOUTH PIPELINE COMPANY, LP",11,"GULF SOUTH PIPELINE COMPANY, LP",WITHIN 40 FEET,2,1600,1514231,2077,164158,806,2917,1,2012/06/25 00:00:00+00,123026,1100400
-104.350958577,39.8823679130001,26,26,GCOMP1020,TOTEM,"E 104TH AVE & YULLE RD; NE NW SEC 17 T2S R62W",BENNET,CO,80102,NOT AVAILABLE,NATURAL GAS COMPRESSOR STATION,IN SERVICE,ADAMS,08001,USA,39.882367913,-104.350958577,486210,PIPELINE TRANSPORTATION OF NATURAL GAS,"EPA ENVIROFACTS, FERC FORM 2, CORPORATE WEBSITE, IMAGERY",2015/09/29 00:00:00+00,IMAGERY/OTHER,2016/03/14 00:00:00+00,http://ebb.cigco.com/,"COLORADO INTERSTATE GAS COMPANY, L.L.C.",32,"COLORADO INTERSTATE GAS COMPANY, L.L.C.",WITHIN 40 FEET,2,9470,53221942,245289,639026,92410,2814,2,2012/08/13 00:00:00+00,0,0
-96.687245,34.8318630000001,27,27,GCOMP1021,ADA,E 151ST ST,ADA,OK,74820,NOT AVAILABLE,NATURAL GAS COMPRESSOR STATION,IN SERVICE,PONTOTOC,40123,USA,34.831863,-96.687245,486210,PIPELINE TRANSPORTATION OF NATURAL GAS,"EPA ENVIROFACTS, FERC FORM 2, CORPORATE WEBSITE",2015/10/20 00:00:00+00,IMAGERY/OTHER,2016/03/14 00:00:00+00,http://pipelines.centerpointenergy.com/,"CENTERPOINT ENERGY GAS TRANSMISSION COMPANY, LLC",31,"CENTERPOINT ENERGY GAS TRANSMISSION COMPANY, LLC",WITHIN 40 FEET,7,29750,46254035,651858,245386,237083,5445,5,1970/01/01 00:00:00+00,0,0
-114.886986772,42.709557542,28,28,GCOMP1022,BUHL,E 4900 N,BUHL,ID,83316,NOT AVAILABLE,NATURAL GAS COMPRESSOR STATION,IN SERVICE,TWIN FALLS,16083,USA,42.709557542,-114.886986772,486210,PIPELINE TRANSPORTATION OF NATURAL GAS,"EPA ENVIROFACTS, FERC FORM 2, CORPORATE WEBSITE",2015/09/15 00:00:00+00,IMAGERY/OTHER,2016/03/14 00:00:00+00,http://www.northwest.williams.com/,NORTHWEST PIPELINE GP,37,NORTHWEST PIPELINE GP,WITHIN 40 FEET,2,10200,17339255,1001953,120418,342348,8382,2,2012/03/24 00:00:00+00,0,0
-111.509205,32.924043,29,29,GCOMP1023,PICACHO STATION - ARIZONA,E RANDOLPH RD/5TH AVE,RANDOLPH,AZ,85128,NOT AVAILABLE,NATURAL GAS COMPRESSOR STATION,IN SERVICE,PINAL,04021,USA,32.924043,-111.509205,486210,PIPELINE TRANSPORTATION OF NATURAL GAS,"FERC FORM 2, FERC DOCKET CP07-448-000, ARIZONA CORPORATION COMMISSION 2008 WINTER PREPAREDNESS MEETING - CORPORATE BRIEFING",2015/08/24 00:00:00+00,IMAGERY/OTHER,2016/03/14 00:00:00+00,https://pipeportal.kindermorgan.com/,"EL PASO NATURAL GAS COMPANY, L.L.C.",33,"EL PASO NATURAL GAS COMPANY, L.L.C.",WITHIN 40 FEET,3,8290,29483981,426,155094,168,8,1,2012/06/13 00:00:00+00,0,0
-99.550596,40.475154,30,30,GCOMP1024,R28264007 AT BERTRAND,E RD/SOUTH OF 735 RD,BERTRAND,NE,68927,NOT AVAILABLE,NATURAL GAS COMPRESSOR STATION,IN SERVICE,PHELPS,31137,USA,40.475154,-99.550596,486210,PIPELINE TRANSPORTATION OF NATURAL GAS,"FERC FORM 2, CORPORATE WEBSITE, IMAGERY",2015/09/10 00:00:00+00,IMAGERY/OTHER,2016/03/14 00:00:00+00,http://www.tallgrassenergylp.com/,ROCKIES EXPRESS PIPELINE LLC,575,ROCKIES EXPRESS PIPELINE LLC,WITHIN 40 FEET,5,34168,69490765,0,0,1442550,33277,5,2012/03/05 00:00:00+00,0,0
-102.317881,36.896758,31,31,GCOMP1025,KEYES,E0080 ROAD & N0390 ROAD,KEYES,OK,73947,NOT AVAILABLE,NATURAL GAS COMPRESSOR STATION,IN SERVICE,CIMARRON,40025,USA,36.896758,-102.317881,486210,PIPELINE TRANSPORTATION OF NATURAL GAS,"EPA ENVIROFACTS, FERC FORM 2, CORPORATE WEBSITE",2015/10/19 00:00:00+00,IMAGERY/OTHER,2016/03/14 00:00:00+00,http://ebb.cigco.com/,"COLORADO INTERSTATE GAS COMPANY, L.L.C.",32,"COLORADO INTERSTATE GAS COMPANY, L.L.C.",WITHIN 40 FEET,5,10100,12766464,475755,686795,182362,19247,1,2012/03/29 00:00:00+00,0,0
-100.829322,36.862264,32,32,GCOMP1026,BEAVER,E0100 ROAD,BEAVER,OK,73932,NOT AVAILABLE,NATURAL GAS COMPRESSOR STATION,IN SERVICE,BEAVER,40007,USA,36.862264,-100.829322,486210,PIPELINE TRANSPORTATION OF NATURAL GAS,"EPA ENVIROFACTS, FERC FORM 2, CORPORATE WEBSITE",2015/10/19 00:00:00+00,IMAGERY/OTHER,2016/03/14 00:00:00+00,http://ebb.cigco.com/,"COLORADO INTERSTATE GAS COMPANY, L.L.C.",32,"COLORADO INTERSTATE GAS COMPANY, L.L.C.",WITHIN 40 FEET,4,5075,10873785,198415,375242,79927,14542,4,2012/04/30 00:00:00+00,0,0
-99.920021,36.4876800000001,33,33,GCOMP1027,ELLIS COUNTY 1,E0360 RD,SHATTUCK,OK,73858,NOT AVAILABLE,NATURAL GAS COMPRESSOR STATION,IN SERVICE,ELLIS,40045,USA,36.48768,-99.920021,486210,PIPELINE TRANSPORTATION OF NATURAL GAS,"EPA ENVIROFACTS, FERC FORM 2, CORPORATE WEBSITE",2015/10/20 00:00:00+00,IMAGERY/OTHER,2016/03/14 00:00:00+00,http://www.dcpmidstream.com/,"CIMARRON RIVER PIPELINE, LLC",575,"CIMARRON RIVER PIPELINE, LLC",WITHIN 40 FEET,4,3231,3006451,0,103139,143399,47190,4,2012/04/28 00:00:00+00,8817,81979
-99.0889109999999,36.363074,34,34,GCOMP1028,WOODWARD COUNTY 3,E0450 RD,MOORELAND,OK,73852,NOT AVAILABLE,NATURAL GAS COMPRESSOR STATION,IN SERVICE,WOODWARD,40153,USA,36.363074,-99.088911,486210,PIPELINE TRANSPORTATION OF NATURAL GAS,"EPA ENVIROFACTS, FERC FORM 2, CORPORATE WEBSITE",2015/10/19 00:00:00+00,IMAGERY/OTHER,2016/03/14 00:00:00+00,http://www.dcpmidstream.com/,"CIMARRON RIVER PIPELINE, LLC",575,"CIMARRON RIVER PIPELINE, LLC",WITHIN 40 FEET,1,526,470093,0,573,0,0,0,1970/01/01 00:00:00+00,728,-999
-99.056955,35.985062,35,35,GCOMP1029,STATION 158 - TALOGA,"E0710 RD/EAST OF N2210 RD (LOCATED 5 MILES WEST OF TALOGA THEN 4 MILES SOUTH OF LENORA) CR-E0675; SECTION 6, TOWNSHIP 17N, RANGE 17W",TALOGA,OK,73667,NOT AVAILABLE,NATURAL GAS COMPRESSOR STATION,IN SERVICE,DEWEY,40043,USA,35.985062,-99.056955,486210,PIPELINE TRANSPORTATION OF NATURAL GAS,"FERC FORM 2, OKLAHOMA DEPARTMENT OF ENVIRONMENTAL QUALITY",2015/10/02 00:00:00+00,IMAGERY/OTHER,2016/03/14 00:00:00+00,http://www.kindermorgan.com/,NATURAL GAS PIPELINE COMPANY OF AMERICA LLC,26,NATURAL GAS PIPELINE COMPANY OF AMERICA LLC,WITHIN 40 FEET,1,2745,1293843,0,0,0,0,0,1970/01/01 00:00:00+00,0,0
-80.117074072,39.8137692,36,36,GCOMP103,MT. MORRIS,1182-US-19,MOUNT MORRIS,PA,15349,NOT AVAILABLE,NATURAL GAS COMPRESSOR STATION,IN SERVICE,GREENE,42059,USA,39.8137692,-80.117074072,486210,PIPELINE TRANSPORTATION OF NATURAL GAS,"FERC FORM 2, CORPORATE WEBSITE",2015/10/08 00:00:00+00,IMAGERY/OTHER,2016/03/14 00:00:00+00,http://equitrans.eqtmidstreampartners.com/,"EQUITRANS, L.P.",24,"EQUITRANS, L.P.",WITHIN 40 FEET,2,220,506735,11343,12914,4053,7751,2,2012/01/05 00:00:00+00,16892,-999
-96.2977004429999,34.70988815,37,37,GCOMP1030,CHILES DOME,E1590 RD,CENTRAHOMA,OK,74534,NOT AVAILABLE,NATURAL GAS COMPRESSOR STATION,IN SERVICE,COAL,40029,USA,34.70988815,-96.297700443,486210,PIPELINE TRANSPORTATION OF NATURAL GAS,"EPA ENVIROFACTS, FERC FORM 2, CORPORATE WEBSITE",2015/10/20 00:00:00+00,IMAGERY/OTHER,2016/03/14 00:00:00+00,http://pipelines.centerpointenergy.com/,"CENTERPOINT ENERGY GAS TRANSMISSION COMPANY, LLC",31,"CENTERPOINT ENERGY GAS TRANSMISSION COMPANY, LLC",WITHIN 40 FEET,3,6750,22383670,243961,351487,98258,6102,0,1970/01/01 00:00:00+00,0,0
-88.918954078,44.3356142870001,38,38,GCOMP1031,WEYAUWEGA,E6135 CR-X,WEYAUWEGA,WI,54983,NOT AVAILABLE,NATURAL GAS COMPRESSOR STATION,IN SERVICE,WAUPACA,55135,USA,44.335614287,-88.918954078,486210,PIPELINE TRANSPORTATION OF NATURAL GAS,"EPA ENVIROFACTS, FERC FORM 2, CORPORATE WEBSITE",2015/11/04 00:00:00+00,IMAGERY/OTHER,2016/03/14 00:00:00+00,http://anrebb.transcanada.com/,ANR PIPELINE COMPANY,48,ANR PIPELINE COMPANY,WITHIN 40 FEET,1,6000,12479763,0,0,0,1460,1,2012/11/24 00:00:00+00,554429,3463501
-110.243088265,41.4421302120001,39,39,GCOMP1032,WYOMING - EAKIN/MUDDY CREEK,"EAKIN STATION RD; 7 MI NW OF EXIT 48 I-80 E",FORT BRIDGER,WY,82933,NOT AVAILABLE,NATURAL GAS COMPRESSOR STATION,IN SERVICE,UINTA,56041,USA,41.442130212,-110.243088265,486210,PIPELINE TRANSPORTATION OF NATURAL GAS,"EPA ENVIROFACTS, FERC FORM 2, CORPORATE WEBSITE",2015/09/11 00:00:00+00,IMAGERY/OTHER,2016/03/14 00:00:00+00,http://www.questarpipeline.com/,QUESTAR PIPELINE COMPANY,55,QUESTAR PIPELINE COMPANY,WITHIN 40 FEET,5,15080,25148567,798777,544821,281700,7059,5,2012/02/29 00:00:00+00,0,0
-117.405781314,47.2774716380001,40,40,GCOMP1033,#6- ROSALIA,EAST 315 BABB ROAD,ROSALIA,WA,99170,NOT AVAILABLE,NATURAL GAS COMPRESSOR STATION,IN SERVICE,SPOKANE,53063,USA,47.277471638,-117.405781314,486210,PIPELINE TRANSPORTATION OF NATURAL GAS,"EPA ENVIROFACTS, FERC FORM 2, CORPORATE WEBSITE",2015/09/18 00:00:00+00,IMAGERY/OTHER,2016/03/14 00:00:00+00,http://www.gastransmissionnw.com/,GAS TRANSMISSION NORTHWEST LLC,86,GAS TRANSMISSION NORTHWEST LLC,WITHIN 40 FEET,3,48000,50453085,4053075,266640,1484643,11576,2,2012/04/05 00:00:00+00,0,0
-80.0535389999999,42.0976000000001,41,41,GCOMP1034,SUMMIT,EAST GRANDVIEW BLVD. & GRANDVIEW BLVD.,ERIE,PA,16510,NOT AVAILABLE,NATURAL GAS COMPRESSOR STATION,IN SERVICE,ERIE,42049,USA,42.0976,-80.053539,486210,PIPELINE TRANSPORTATION OF NATURAL GAS,"EPA ENVIROFACTS, FERC FORM 2, CORPORATE WEBSITE",2015/09/16 00:00:00+00,IMAGERY/OTHER,2016/03/14 00:00:00+00,http://www.natfuel.com/,NATIONAL FUEL GAS SUPPLY CORPORATION,16,NATIONAL FUEL GAS SUPPLY CORPORATION,WITHIN 40 FEET,2,880,1589586,32864,144438,12529,3156,1,2012/12/11 00:00:00+00,12899,149674
-104.201781768,46.3025118780001,42,42,GCOMP1035,SOUTH BAKER,EAST OF CORAL CREEK RD/ (5.83 MILES SE OF BAKER),BAKER,MT,59313,NOT AVAILABLE,NATURAL GAS COMPRESSOR STATION,IN SERVICE,FALLON,30025,USA,46.302511878,-104.201781768,486210,PIPELINE TRANSPORTATION OF NATURAL GAS,"FERC FORM 2, IMAGERY",2015/08/14 00:00:00+00,IMAGERY/OTHER,2016/03/14 00:00:00+00,http://transmission.wbienergy.com/,WILLISTON BASIN INTERSTATE PIPELINE COMPANY,49,WILLISTON BASIN INTERSTATE PIPELINE COMPANY,WITHIN 40 FEET,2,3360,4208528,194327,103510,72709,8750,2,2012/06/05 00:00:00+00,0,0
-80.312014432,25.8314664960001,43,43,GCOMP1036,STATION 22,EAST OF LEHMAN FACILITY AT 6801 NW 72ND AVENUE,HIALEAH,FL,33166,NOT AVAILABLE,NATURAL GAS COMPRESSOR STATION,IN SERVICE,MIAMI-DADE,12025,USA,25.831466496,-80.312014432,486210,PIPELINE TRANSPORTATION OF NATURAL GAS,"EPA ENVIROFACTS, FERC FORM 2, CORPORATE WEBSITE",2015/09/18 00:00:00+00,IMAGERY/OTHER,2016/03/14 00:00:00+00,http://fgttransfer.energytransfer.com/,"FLORIDA GAS TRANSMISSION COMPANY, LLC",34,"FLORIDA GAS TRANSMISSION COMPANY, LLC",WITHIN 40 FEET,2,8500,-999,0,988115,0,5580,1,2012/01/03 00:00:00+00,0,0
-102.326906404,34.30540633,44,44,GCOMP1037,DIMMITT,"EL PASO CAMP RD/TX-199; (16 MI S OF DIMMITT ON HWY 385, THEN W 1 MI)",DIMMITT,TX,79027,NOT AVAILABLE,NATURAL GAS COMPRESSOR STATION,IN SERVICE,LAMB,48279,USA,34.30540633,-102.326906404,486210,PIPELINE TRANSPORTATION OF NATURAL GAS,"EPA ENVIROFACTS, FERC FORM 2, CORPORATE WEBSITE",2015/09/21 00:00:00+00,IMAGERY/OTHER,2016/03/14 00:00:00+00,https://pipeportal.kindermorgan.com/,"EL PASO NATURAL GAS COMPANY, L.L.C.",33,"EL PASO NATURAL GAS COMPANY, L.L.C.",WITHIN 40 FEET,5,6750,5078284,131027,317366,43734,3762,2,2012/03/04 00:00:00+00,0,0
-113.455861,33.539606,45,45,GCOMP1038,WENDEN,EL PASO NATURAL GAS COMPANY ACCESS RD (SOUTH OF I 10 AT MP 63),WENDEN,AZ,85348,NOT AVAILABLE,NATURAL GAS COMPRESSOR STATION,IN SERVICE,LA PAZ,04012,USA,33.539606,-113.455861,486210,PIPELINE TRANSPORTATION OF NATURAL GAS,"FERC FORM 2, CORPORATE WEBSITE, IMAGERY",2015/10/09 00:00:00+00,IMAGERY/OTHER,2016/03/14 00:00:00+00,https://pipeportal.kindermorgan.com/,"EL PASO NATURAL GAS COMPANY, L.L.C.",33,"EL PASO NATURAL GAS COMPANY, L.L.C.",WITHIN 40 FEET,2,15760,22247765,730086,428374,282813,4750,2,2012/08/31 00:00:00+00,0,0
-109.124965645,35.6158376450001,46,46,GCOMP1039,WINDOW ROCK,EL PASO STATION RD/WEST OF INDIAN RTE 12,WINDOW ROCK,AZ,86511,NOT AVAILABLE,NATURAL GAS COMPRESSOR STATION,IN SERVICE,APACHE,04001,USA,35.615837645,-109.124965645,486210,PIPELINE TRANSPORTATION OF NATURAL GAS,"FERC FORM 2, CORPORATE WEBSITE, IMAGERY",2015/10/09 00:00:00+00,IMAGERY/OTHER,2016/03/14 00:00:00+00,https://pipeportal.kindermorgan.com/,"EL PASO NATURAL GAS COMPANY, L.L.C.",33,"EL PASO NATURAL GAS COMPANY, L.L.C.",WITHIN 40 FEET,13,36000,41931170,3497409,2970578,1329144,58301,8,2012/04/07 00:00:00+00,0,0
-122.559087546,46.9139166940001,47,47,GCOMP104,FORT LEWIS,11885 BALD HILL RD SE,YELM,WA,98597,NOT AVAILABLE,NATURAL GAS COMPRESSOR STATION,IN SERVICE,THURSTON,53067,USA,46.913916694,-122.559087546,486210,PIPELINE TRANSPORTATION OF NATURAL GAS,"FERC FORM 2, IMAGERY",2015/08/24 00:00:00+00,IMAGERY/OTHER,2016/03/14 00:00:00+00,http://www.northwest.williams.com/,NORTHWEST PIPELINE GP,37,NORTHWEST PIPELINE GP,WITHIN 40 FEET,1,4700,683466,0,0,0,0,0,1970/01/01 00:00:00+00,0,0
-80.819446592,39.132210286,48,48,GCOMP1040,MAXWELL,ELK LICK RUN (WV-5/23)/1.8 MILES SOUTH OF SUMMERS,SUMMERS,WV,26421,NOT AVAILABLE,NATURAL GAS COMPRESSOR STATION,IN SERVICE,DODDRIDGE,54017,USA,39.132210286,-80.819446592,486210,PIPELINE TRANSPORTATION OF NATURAL GAS,"FERC FORM 2, CORPORATE WEBSITE",2015/10/15 00:00:00+00,IMAGERY/OTHER,2016/03/14 00:00:00+00,http://escript.dom.com/,"DOMINION TRANSMISSION, INC.",22,"DOMINION TRANSMISSION, INC.",WITHIN 40 FEET,1,440,4555170,133121,157532,45847,8767,1,2012/12/12 00:00:00+00,133121,-999
-77.920066,42.8486770000001,49,49,GCOMP1041,#233 - GENESEO,FEDERAL RD. & DOW RD.,GENESEO,NY,14454,NOT AVAILABLE,NATURAL GAS COMPRESSOR STATION,IN SERVICE,LIVINGSTON,36051,USA,42.848677,-77.920066,486210,PIPELINE TRANSPORTATION OF NATURAL GAS,"EPA ENVIROFACTS, FERC FORM 2, CORPORATE WEBSITE",2015/09/03 00:00:00+00,IMAGERY/OTHER,2016/03/14 00:00:00+00,http://pipeline2.kindermorgan.com/,"TENNESSEE GAS PIPELINE COMPANY, L.L.C.",9,"TENNESSEE GAS PIPELINE COMPANY, L.L.C.",WITHIN 40 FEET,2,7000,15680998,179682,107516,64962,1077,1,2012/01/25 00:00:00+00,0,0
-79.835632,38.8206700000001,50,50,GCOMP1042,FILES CREEK,FILES CREEK RD.,BEVERLY,WV,26253,NOT AVAILABLE,NATURAL GAS COMPRESSOR STATION,IN SERVICE,RANDOLPH,54083,USA,38.82067,-79.835632,486210,PIPELINE TRANSPORTATION OF NATURAL GAS,"EPA ENVIROFACTS, FERC FORM 2, CORPORATE WEBSITE",2015/09/29 00:00:00+00,IMAGERY/OTHER,2016/03/14 00:00:00+00,http://www.columbiapipeinfo.com/,"COLUMBIA GAS TRANSMISSION,LLC",21,"COLUMBIA GAS TRANSMISSION,LLC",WITHIN 40 FEET,10,14600,12399660,1937622,1681725,682471,59968,10,2012/11/07 00:00:00+00,61801,-999
-80.647451,39.1102760000001,51,51,GCOMP1043,WOLF RUN,FINK CREEK ROAD,CAMDEN,WV,26338,NOT AVAILABLE,NATURAL GAS COMPRESSOR STATION,IN SERVICE,LEWIS,54041,USA,39.110276,-80.647451,486210,PIPELINE TRANSPORTATION OF NATURAL GAS,"FERC FORM 2, IMAGERY",2015/09/22 00:00:00+00,IMAGERY/OTHER,2016/03/14 00:00:00+00,http://escript.dom.com/,"DOMINION TRANSMISSION, INC.",22,"DOMINION TRANSMISSION, INC.",WITHIN 40 FEET,4,7100,27529621,181988,481882,61526,3193,2,2012/10/03 00:00:00+00,0,0
-78.678322,41.2183610000001,52,52,GCOMP1044,BOONE MOUNTAIN,FIRE TOWER-RATTLESNAKE RD/NE OF BUNDY CEMETARY RD,BROCKPORT,PA,15823,NOT AVAILABLE,NATURAL GAS COMPRESSOR STATION,IN SERVICE,ELK,42047,USA,41.218361,-78.678322,486210,PIPELINE TRANSPORTATION OF NATURAL GAS,"FERC FORM 2, CORPORATE WEBSITE",2015/10/06 00:00:00+00,IMAGERY/OTHER,2016/03/14 00:00:00+00,http://www.natfuel.com/,NATIONAL FUEL GAS SUPPLY CORPORATION,16,NATIONAL FUEL GAS SUPPLY CORPORATION,WITHIN 40 FEET,2,300,411133,20735,52736,7905,5221,2,2012/01/15 00:00:00+00,6146,46273
-80.6448369999999,39.765788,53,53,GCOMP1045,ADALINE,FISH CREEK & GREENFIELD RIDGE,ADALINE,WV,26033,NOT AVAILABLE,NATURAL GAS COMPRESSOR STATION,IN SERVICE,MARSHALL,54051,USA,39.765788,-80.644837,486210,PIPELINE TRANSPORTATION OF NATURAL GAS,"EPA ENVIROFACTS, FERC FORM 2, CORPORATE WEBSITE",2015/09/29 00:00:00+00,IMAGERY/OTHER,2016/03/14 00:00:00+00,http://www.columbiapipeinfo.com/,"COLUMBIA GAS TRANSMISSION,LLC",21,"COLUMBIA GAS TRANSMISSION,LLC",WITHIN 40 FEET,7,8800,10135818,365378,731705,135753,14827,3,2012/02/13 00:00:00+00,0,0
-79.081835605,41.120152708,54,54,GCOMP1046,KNOX,FIVE MILE RUN ROAD (SOUTH),BROOKVILLE,PA,15825,NOT AVAILABLE,NATURAL GAS COMPRESSOR STATION,IN SERVICE,JEFFERSON,42065,USA,41.120152708,-79.081835605,486210,PIPELINE TRANSPORTATION OF NATURAL GAS,"EPA ENVIROFACTS, FERC FORM 2, CORPORATE WEBSITE",2015/09/16 00:00:00+00,IMAGERY/OTHER,2016/03/14 00:00:00+00,http://www.natfuel.com/,NATIONAL FUEL GAS SUPPLY CORPORATION,16,NATIONAL FUEL GAS SUPPLY CORPORATION,WITHIN 40 FEET,4,1968,7329325,127034,190536,48430,15635,2,2012/02/08 00:00:00+00,11934,132586
-95.893353,29.1451420000001,55,55,GCOMP1047,STATION 4,FM 1728 HWY & HILL RD.,PLEDGER,TX,77468,NOT AVAILABLE,NATURAL GAS COMPRESSOR STATION,IN SERVICE,MATAGORDA,48321,USA,29.145142,-95.893353,486210,PIPELINE TRANSPORTATION OF NATURAL GAS,"EPA ENVIROFACTS, FERC FORM 2, CORPORATE WEBSITE",2015/09/18 00:00:00+00,IMAGERY/OTHER,2016/03/14 00:00:00+00,http://fgttransfer.energytransfer.com/,"FLORIDA GAS TRANSMISSION COMPANY, LLC",34,"FLORIDA GAS TRANSMISSION COMPANY, LLC",WITHIN 40 FEET,2,4000,5360931,16080,456239,5893,375,0,2012/01/03 00:00:00+00,0,0
-96.127964,29.405694,56,56,GCOMP1048,STATION 301 - WHARTON,FM-1161,WHARTON,TX,77488,NOT AVAILABLE,NATURAL GAS COMPRESSOR STATION,IN SERVICE,WHARTON,48481,USA,29.405694,-96.127964,486210,PIPELINE TRANSPORTATION OF NATURAL GAS,"EPA ENVIROFACTS, FERC FORM 2, CORPORATE WEBSITE",2015/09/16 00:00:00+00,IMAGERY/OTHER,2016/03/14 00:00:00+00,http://www.kindermorgan.com/,NATURAL GAS PIPELINE COMPANY OF AMERICA LLC,26,NATURAL GAS PIPELINE COMPANY OF AMERICA LLC,WITHIN 40 FEET,6,16800,9632203,0,0,52,2,0,1970/01/01 00:00:00+00,0,0
-101.221028512,36.4762480220001,57,57,GCOMP1049,TEXAS-HANSFORD-HANSFORD COUNTY,FM-1261,SPEARMAN,TX,79081,NOT AVAILABLE,NATURAL GAS COMPRESSOR STATION,IN SERVICE,HANSFORD,48195,USA,36.476248022,-101.221028512,486210,PIPELINE TRANSPORTATION OF NATURAL GAS,"EPA ENVIROFACTS, FERC FORM 2, CORPORATE WEBSITE",2015/09/11 00:00:00+00,IMAGERY/OTHER,2016/03/14 00:00:00+00,http://peplmessenger.energytransfer.com/,"PANHANDLE EASTERN PIPE LINE COMPANY, LP",28,"PANHANDLE EASTERN PIPE LINE COMPANY, LP",WITHIN 40 FEET,11,8200,7982888,2663461,0,887748,31023,6,2012/07/20 00:00:00+00,0,0
-121.035687904,44.4387488680001,58,58,GCOMP105,#11- MADRAS,11900 US-26,MADRAS,OR,97741,NOT AVAILABLE,NATURAL GAS COMPRESSOR STATION,IN SERVICE,JEFFERSON,41031,USA,44.438748868,-121.035687904,486210,PIPELINE TRANSPORTATION OF NATURAL GAS,"EPA ENVIROFACTS, FERC FORM 2, CORPORATE WEBSITE",2015/09/18 00:00:00+00,IMAGERY/OTHER,2016/03/14 00:00:00+00,http://www.gastransmissionnw.com/,GAS TRANSMISSION NORTHWEST LLC,86,GAS TRANSMISSION NORTHWEST LLC,WITHIN 40 FEET,2,25100,33855878,119779,78887,43875,455,2,2012/06/28 00:00:00+00,0,0
-101.048074045,36.085993611,59,59,GCOMP1050,SPEARMAN PLANT,FM-281,PERRYTON,TX,79070,NOT AVAILABLE,NATURAL GAS COMPRESSOR STATION,IN SERVICE,OCHILTREE,48357,USA,36.085993611,-101.048074045,486210,PIPELINE TRANSPORTATION OF NATURAL GAS,"EPA ENVIROFACTS, FERC FORM 2, CORPORATE WEBSITE",2015/10/19 00:00:00+00,IMAGERY/OTHER,2016/03/14 00:00:00+00,http://www.dcpmidstream.com/,"CIMARRON RIVER PIPELINE, LLC",575,"CIMARRON RIVER PIPELINE, LLC",WITHIN 40 FEET,5,12050,12392502,0,1964741,551245,32411,5,2012/10/18 00:00:00+00,115672,2096528
-101.536756,35.693162,60,60,GCOMP1051,STATION 111 - FRITCH,"FM-687; PHILLIPS CAMP RD",FRITCH,TX,79036,NOT AVAILABLE,NATURAL GAS COMPRESSOR STATION,IN SERVICE,HUTCHINSON,48233,USA,35.693162,-101.536756,486210,PIPELINE TRANSPORTATION OF NATURAL GAS,"EPA ENVIROFACTS, FERC FORM 2, CORPORATE WEBSITE",2015/09/16 00:00:00+00,IMAGERY/OTHER,2016/03/14 00:00:00+00,http://www.kindermorgan.com/,NATURAL GAS PIPELINE COMPANY OF AMERICA LLC,26,NATURAL GAS PIPELINE COMPANY OF AMERICA LLC,WITHIN 40 FEET,5,9120,3051561,0,0,0,0,0,1970/01/01 00:00:00+00,0,0
-79.719738,41.97173,61,61,GCOMP1052,CARTER HILL,FOLLET RD/WEST OF BUFFALO RD,CORRY,PA,16407,NOT AVAILABLE,NATURAL GAS COMPRESSOR STATION,IN SERVICE,ERIE,42049,USA,41.97173,-79.719738,486210,PIPELINE TRANSPORTATION OF NATURAL GAS,"FERC FORM 2, CORPORATE WEBSITE",2015/10/06 00:00:00+00,IMAGERY/OTHER,2016/03/14 00:00:00+00,http://www.natfuel.com/,NATIONAL FUEL GAS SUPPLY CORPORATION,16,NATIONAL FUEL GAS SUPPLY CORPORATION,WITHIN 40 FEET,2,765,2013247,15148,21771,5775,2480,1,2012/03/26 00:00:00+00,4262,44401
-95.337706998,30.6468341460001,62,62,GCOMP1053,HUNTSVILLE,FOREST SERVICE ROAD 207,OAKHURST,TX,77359,NOT AVAILABLE,NATURAL GAS COMPRESSOR STATION,IN SERVICE,SAN JACINTO,48407,USA,30.646834146,-95.337706998,486210,PIPELINE TRANSPORTATION OF NATURAL GAS,"EPA ENVIROFACTS, FERC FORM 2, CORPORATE WEBSITE",2015/09/01 00:00:00+00,IMAGERY/OTHER,2016/03/14 00:00:00+00,http://www.spectraenergy.com/,"TEXAS EASTERN TRANSMISSION, LP",17,"TEXAS EASTERN TRANSMISSION, LP",WITHIN 40 FEET,1,10500,9218534,5667,0,2076,38,1,2012/10/31 00:00:00+00,20605,113280
-80.4492079999999,39.129627,63,63,GCOMP1054,LIGHTBURN,FORK RIVER ROAD & RT 8,JANE LEW,WV,26378,NOT AVAILABLE,NATURAL GAS COMPRESSOR STATION,IN SERVICE,LEWIS,54033,USA,39.129627,-80.449208,486210,PIPELINE TRANSPORTATION OF NATURAL GAS,"EPA ENVIROFACTS, FERC FORM 2, CORPORATE WEBSITE",2015/08/21 00:00:00+00,IMAGERY/OTHER,2016/03/14 00:00:00+00,http://escript.dom.com/,"DOMINION TRANSMISSION, INC.",22,"DOMINION TRANSMISSION, INC.",WITHIN 40 FEET,7,28120,46132400,920109,2750757,309216,9737,5,2012/12/28 00:00:00+00,0,0
-87.225853,38.5067080000001,64,64,GCOMP1055,#2110 PETERSBURG,FORTY DOLLAR RD/ NORTH OF E. DOANE LN,PETERSBURG,IN,47567,NOT AVAILABLE,NATURAL GAS COMPRESSOR STATION,IN SERVICE,PIKE,18125,USA,38.506708,-87.225853,486210,PIPELINE TRANSPORTATION OF NATURAL GAS,"FERC FORM 2, IMAGERY",2015/10/05 00:00:00+00,IMAGERY/OTHER,2016/03/14 00:00:00+00,www.mgt.nborder.com,MIDWESTERN GAS TRANSMISSION COMPANY,5,MIDWESTERN GAS TRANSMISSION COMPANY,WITHIN 40 FEET,4,11640,12018794,0,0,233095,8054,3,2012/11/03 00:00:00+00,0,0
-91.2559199999999,46.584569,65,65,GCOMP1056,IRON RIVER,"FR-420/FR-242; 3 MILES NORTH OF 13975 US-2, IRON RIVER, WI 54847",ASHLAND,WI,54806,NOT AVAILABLE,NATURAL GAS COMPRESSOR STATION,IN SERVICE,BAYFIELD,55007,USA,46.584569,-91.25592,486210,PIPELINE TRANSPORTATION OF NATURAL GAS,"EPA ENVIROFACTS, FERC FORM 2, CORPORATE WEBSITE",2015/09/18 00:00:00+00,IMAGERY/OTHER,2016/03/14 00:00:00+00,http://www.glgt.com/,GREAT LAKES GAS TRANSMISSION LIMITED PTRSHP,51,GREAT LAKES GAS TRANSMISSION LIMITED PTRSHP,WITHIN 40 FEET,2,31300,31055820,97568,215973,36244,197,1,2012/10/03 00:00:00+00,0,0
-99.388086712,36.2864534830001,66,66,GCOMP1057,WOODWARD COUNTY 2,"FROM E0510 RD (SMITH AVE) & OK 34 (1ST ST) IN SHARON, OK, DRIVE 3 MILES WEST ON E0510 RD THEN 0.8 MILE NORTH ON N2030",FARGO,OK,73840,NOT AVAILABLE,NATURAL GAS COMPRESSOR STATION,IN SERVICE,WOODWARD,40153,USA,36.286453483,-99.388086712,486210,PIPELINE TRANSPORTATION OF NATURAL GAS,"FERC FORM 2, U.S. FEDERAL REGISTER",2015/10/16 00:00:00+00,IMAGERY/OTHER,2016/03/14 00:00:00+00,http://www.dcpmidstream.com/,"CIMARRON RIVER PIPELINE, LLC",575,"CIMARRON RIVER PIPELINE, LLC",WITHIN 40 FEET,4,1134,4352691,0,54723,43957,16375,4,2012/06/28 00:00:00+00,7676,77200
-81.516018,31.7527410000001,67,67,GCOMP1058,RICEBORO,GA HIGHWAY 119,RICEBORO,GA,31323,NOT AVAILABLE,NATURAL GAS COMPRESSOR STATION,IN SERVICE,LIBERTY,13179,USA,31.752741,-81.516018,486210,PIPELINE TRANSPORTATION OF NATURAL GAS,"EPA ENVIROFACTS, FERC FORM 2, CORPORATE WEBSITE",2015/09/10 00:00:00+00,IMAGERY/OTHER,2016/03/14 00:00:00+00,http://ixsnp.sonetpremier.com/,"SOUTHERN NATURAL GAS COMPANY, L.L.C.",7,"SOUTHERN NATURAL GAS COMPANY, L.L.C.",WITHIN 40 FEET,1,7684,-999,1522,172873,647,10,1,2012/05/10 00:00:00+00,0,0
-79.838581,39.7476600000001,68,68,GCOMP1059,MCCLELLANDTOWN,GANS RD./LAKE LYNN RD.,MC CLELLANDTOWN,PA,15458,NOT AVAILABLE,NATURAL GAS COMPRESSOR STATION,IN SERVICE,FAYETTE,42051,USA,39.74766,-79.838581,486210,PIPELINE TRANSPORTATION OF NATURAL GAS,"EPA ENVIROFACTS, FERC FORM 2, CORPORATE WEBSITE",2015/11/04 00:00:00+00,IMAGERY/OTHER,2016/03/14 00:00:00+00,http://www.columbiapipeinfo.com/,"COLUMBIA GAS TRANSMISSION,LLC",21,"COLUMBIA GAS TRANSMISSION,LLC",WITHIN 40 FEET,1,225,199456,0,4075,0,0,0,1970/01/01 00:00:00+00,194,-999
-76.925377,39.2666080000001,69,69,GCOMP106,NO. 190 ELLICOTT CITY,11910 CARROLL MILL RD.,ELLICOTT CITY,MD,21042,NOT AVAILABLE,NATURAL GAS COMPRESSOR STATION,IN SERVICE,HOWARD,24027,USA,39.266608,-76.925377,486210,PIPELINE TRANSPORTATION OF NATURAL GAS,"EPA ENVIROFACTS, FERC FORM 2, CORPORATE WEBSITE",2015/08/25 00:00:00+00,IMAGERY/OTHER,2016/03/14 00:00:00+00,http://www.1line.williams.com/,"TRANSCONTINENTAL GAS PIPE LINE COMPANY, LLC",29,"TRANSCONTINENTAL GAS PIPE LINE COMPANY, LLC",WITHIN 40 FEET,12,29250,37772316,3294813,4330283,1254802,66642,11,2012/04/01 00:00:00+00,0,0
-112.69992905,42.8177299500001,70,70,GCOMP1060,POCATELLO,GAS LINE RD,POCATELLO,ID,83204,NOT AVAILABLE,NATURAL GAS COMPRESSOR STATION,IN SERVICE,POWER,16077,USA,42.81772995,-112.69992905,486210,PIPELINE TRANSPORTATION OF NATURAL GAS,"EPA ENVIROFACTS, FERC FORM 2, CORPORATE WEBSITE",2015/09/14 00:00:00+00,IMAGERY/OTHER,2016/03/14 00:00:00+00,http://www.northwest.williams.com/,NORTHWEST PIPELINE GP,37,NORTHWEST PIPELINE GP,WITHIN 40 FEET,4,9400,7974298,1041779,544301,363019,17841,4,2012/03/18 00:00:00+00,0,0
-81.501274,38.194687,71,71,GCOMP1061,CHEYLAN,GAS PLANT RD OFF EXIT 85 ON WV TURNPIKE,CHEYLAN,WV,25035,NOT AVAILABLE,NATURAL GAS COMPRESSOR STATION,IN SERVICE,KANAWHA,54039,USA,38.194687,-81.501274,486210,PIPELINE TRANSPORTATION OF NATURAL GAS,"FERC DOCKET CP10-448-000, WEST VIRGINIA DEPARTMENT OF ENVIRONMENTAL PROTECTION, CORPORATE WEBSITE",2015/08/24 00:00:00+00,IMAGERY/OTHER,2016/03/14 00:00:00+00,http://escript.dom.com/,"DOMINION TRANSMISSION, INC.",22,"DOMINION TRANSMISSION, INC.",WITHIN 40 FEET,1,4735,24112778,2470,43539,793,19,0,1970/01/01 00:00:00+00,0,0
-97.8554235129999,27.7478974220001,72,72,GCOMP1062,#1 - AGUA DULCE,GILLRINA RD/ CO RD 32,ROBSTOWN,TX,78330,NOT AVAILABLE,NATURAL GAS COMPRESSOR STATION,IN SERVICE,NUECES,48355,USA,27.747897422,-97.855423513,486210,PIPELINE TRANSPORTATION OF NATURAL GAS,"EPA ENVIROFACTS, FERC FORM 2, CORPORATE WEBSITE",2015/09/03 00:00:00+00,IMAGERY/OTHER,2016/03/14 00:00:00+00,http://pipeline2.kindermorgan.com/,"TENNESSEE GAS PIPELINE COMPANY, L.L.C.",9,"TENNESSEE GAS PIPELINE COMPANY, L.L.C.",WITHIN 40 FEET,12,17800,19476461,566098,1103230,206134,12457,3,2012/05/05 00:00:00+00,0,0
-87.250065,37.259505,73,73,GCOMP1063,GRAHAM LAKE FIELD,GOSSETT LANE & HIGHWAY 601,GREENVILLE,KY,42345,NOT AVAILABLE,NATURAL GAS COMPRESSOR STATION,IN SERVICE,MUHLENBERG,21177,USA,37.259505,-87.250065,486210,PIPELINE TRANSPORTATION OF NATURAL GAS,"EPA ENVIROFACTS, FERC FORM 2, CORPORATE WEBSITE",2015/08/27 00:00:00+00,IMAGERY/OTHER,2016/03/14 00:00:00+00,http://infopost.bwpmlp.com/,"TEXAS GAS TRANSMISSION, LLC",18,"TEXAS GAS TRANSMISSION, LLC",WITHIN 40 FEET,2,990,3374282,7108,26108,3006,0,0,1970/01/01 00:00:00+00,0,0
-77.161215,39.8645020000001,74,74,GCOMP1064,GETTYSBURG,GRANITE STATION RD. & GREENAMYER LANE,HUNTERSTOWN,PA,17325,NOT AVAILABLE,NATURAL GAS COMPRESSOR STATION,IN SERVICE,ADAMS,42001,USA,39.864502,-77.161215,486210,PIPELINE TRANSPORTATION OF NATURAL GAS,"EPA ENVIROFACTS, FERC FORM 2, CORPORATE WEBSITE",2015/09/29 00:00:00+00,IMAGERY/OTHER,2016/03/14 00:00:00+00,http://www.columbiapipeinfo.com/,"COLUMBIA GAS TRANSMISSION,LLC",21,"COLUMBIA GAS TRANSMISSION,LLC",WITHIN 40 FEET,4,7500,10697018,160308,250725,56655,8632,4,2012/11/18 00:00:00+00,11624,-999
-82.0357339999999,37.65455,75,75,GCOMP1065,GRANT,GRANT BRANCH RD. & US-52,DELBARTON,WV,25670,NOT AVAILABLE,NATURAL GAS COMPRESSOR STATION,IN SERVICE,MINGO,54059,USA,37.65455,-82.035734,486210,PIPELINE TRANSPORTATION OF NATURAL GAS,"EPA ENVIROFACTS, FERC FORM 2, CORPORATE WEBSITE",2015/09/28 00:00:00+00,IMAGERY/OTHER,2016/03/14 00:00:00+00,http://www.columbiapipeinfo.com/,"COLUMBIA GAS TRANSMISSION,LLC",21,"COLUMBIA GAS TRANSMISSION,LLC",WITHIN 40 FEET,2,9000,10541344,0,219923,0,17296,2,2012/09/08 00:00:00+00,2703385,48395160
-89.825054799,46.4403251700001,76,76,GCOMP1066,WAKEFIELD,"GREAT LAKES RD; CORNER OF GREAT LAKES RD AND DUMP RD",WAKEFIELD,MI,49968,NOT AVAILABLE,NATURAL GAS COMPRESSOR STATION,IN SERVICE,GOGEBIC,26053,USA,46.44032517,-89.825054799,486210,PIPELINE TRANSPORTATION OF NATURAL GAS,"EPA ENVIROFACTS, FERC FORM 2, CORPORATE WEBSITE",2015/09/18 00:00:00+00,IMAGERY/OTHER,2016/03/14 00:00:00+00,http://www.glgt.com/,GREAT LAKES GAS TRANSMISSION LIMITED PTRSHP,51,GREAT LAKES GAS TRANSMISSION LIMITED PTRSHP,WITHIN 40 FEET,2,32500,27364010,77021,512479,30443,162,1,2012/05/03 00:00:00+00,0,0
-104.198982,31.4508470000001,77,77,GCOMP1067,GRESHAM,"GRESHAM RD; (40 MI. W. OF PECOS)",TOYAH,TX,79772,NOT AVAILABLE,NATURAL GAS COMPRESSOR STATION,IN SERVICE,CULBERSON,48109,USA,31.450847,-104.198982,486210,PIPELINE TRANSPORTATION OF NATURAL GAS,"FERC FORM 2, IMAGERY",2015/09/21 00:00:00+00,IMAGERY/OTHER,2016/03/14 00:00:00+00,https://pipeportal.kindermorgan.com/,"EL PASO NATURAL GAS COMPANY, L.L.C.",33,"EL PASO NATURAL GAS COMPANY, L.L.C.",WITHIN 40 FEET,1,9800,8428744,795844,173501,274631,2878,1,2012/01/11 00:00:00+00,0,0
-103.274317427,31.79505743,78,78,GCOMP1068,WALTON,"HALEY RANCH RD; 4 MI NO OF KERMIT ON SH 18, 2",KERMIT,TX,79745,NOT AVAILABLE,NATURAL GAS COMPRESSOR STATION,CLOSED,WINKLER,48495,USA,31.79505743,-103.274317427,486210,PIPELINE TRANSPORTATION OF NATURAL GAS,"EPA ENVIROFACTS, FERC FORM 2, CORPORATE WEBSITE",2015/08/20 00:00:00+00,IMAGERY/OTHER,2016/03/14 00:00:00+00,http://twtransfer.energytransfer.com/,"TRANSWESTERN PIPELINE COMPANY, LLC",42,"TRANSWESTERN PIPELINE COMPANY, LLC",WITHIN 40 FEET,-999,-999,1043622,0,0,0,0,0,1970/01/01 00:00:00+00,0,0
-80.857222,39.344166,79,79,GCOMP1069,DEEP VALLEY,HAYMOND RIDGE ROAD,DEEP VALLEY,WV,26360,NOT AVAILABLE,NATURAL GAS COMPRESSOR STATION,IN SERVICE,TYLER,54095,USA,39.344166,-80.857222,486210,PIPELINE TRANSPORTATION OF NATURAL GAS,"EPA ENVIROFACTS, FERC FORM 2, CORPORATE WEBSITE",2015/09/25 00:00:00+00,IMAGERY/OTHER,2016/03/14 00:00:00+00,http://escript.dom.com/,"DOMINION TRANSMISSION, INC.",22,"DOMINION TRANSMISSION, INC.",WITHIN 40 FEET,2,1600,4852595,235118,335078,84392,13534,2,2012/03/27 00:00:00+00,0,0
-102.738175294,47.2551800040001,80,80,GCOMP107,MANNING,11TH ST SW (EAST OF HWY 22),MANNING,ND,58642,NOT AVAILABLE,NATURAL GAS COMPRESSOR STATION,IN SERVICE,DUNN,38025,USA,47.255180004,-102.738175294,486210,PIPELINE TRANSPORTATION OF NATURAL GAS,"FERC FORM 2, U.S. FEDERAL REGISTER",2015/08/14 00:00:00+00,IMAGERY/OTHER,2016/03/14 00:00:00+00,http://transmission.wbienergy.com/,WILLISTON BASIN INTERSTATE PIPELINE COMPANY,49,WILLISTON BASIN INTERSTATE PIPELINE COMPANY,WITHIN 40 FEET,3,8915,12745478,4285,137135,1557,20,2,2012/09/07 00:00:00+00,0,0
-78.8335650349999,41.576820324,81,81,GCOMP1070,BOWEN,HIGHLAND KANE RD (4009)/NORTH OF MCCLAIN LN,DE YOUNG,PA,16735,NOT AVAILABLE,NATURAL GAS COMPRESSOR STATION,IN SERVICE,ELK,42047,USA,41.576820324,-78.833565035,486210,PIPELINE TRANSPORTATION OF NATURAL GAS,"FERC FORM 2, CORPORATE WEBSITE",2015/10/06 00:00:00+00,IMAGERY/OTHER,2016/03/14 00:00:00+00,http://www.natfuel.com/,NATIONAL FUEL GAS SUPPLY CORPORATION,16,NATIONAL FUEL GAS SUPPLY CORPORATION,WITHIN 166 FEET,3,4890,13647231,35359,122687,13480,1753,1,2012/08/18 00:00:00+00,21724,261200
-93.975833,30.0630560000001,82,82,GCOMP1071,VIDOR,HIGHWAY 105 SOUTH ON MANSFIELD FERRY,VIDOR,TX,77662,NOT AVAILABLE,NATURAL GAS COMPRESSOR STATION,IN SERVICE,ORANGE,48361,USA,30.063056,-93.975833,486210,PIPELINE TRANSPORTATION OF NATURAL GAS,"EPA ENVIROFACTS, FERC FORM 2, CORPORATE WEBSITE",2015/08/31 00:00:00+00,IMAGERY/OTHER,2016/03/14 00:00:00+00,http://www.spectraenergy.com/,"TEXAS EASTERN TRANSMISSION, LP",17,"TEXAS EASTERN TRANSMISSION, LP",WITHIN 40 FEET,9,12100,20741334,408899,0,145595,11970,9,2012/10/23 00:00:00+00,36962,94080
-88.018006494,33.359893707,83,83,GCOMP1072,REFORM,HIGHWAY 17 SOUTH,REFORM,AL,35481,NOT AVAILABLE,NATURAL GAS COMPRESSOR STATION,IN SERVICE,PICKENS,01107,USA,33.359893707,-88.018006494,486210,PIPELINE TRANSPORTATION OF NATURAL GAS,"EPA ENVIROFACTS, FERC FORM 2, CORPORATE WEBSITE",2015/09/10 00:00:00+00,IMAGERY/OTHER,2016/03/14 00:00:00+00,http://ixsnp.sonetpremier.com/,"SOUTHERN NATURAL GAS COMPANY, L.L.C.",7,"SOUTHERN NATURAL GAS COMPANY, L.L.C.",WITHIN 40 FEET,13,21950,20568009,360741,704318,117945,10183,7,2012/11/28 00:00:00+00,0,0
-103.287286,32.5164830000001,84,84,GCOMP1073,EUNICE,"HIGHWAY 175 & HIGHWAY 26; (1 MI N OF OIL CENTER)",OIL CENTER,NM,88240,NOT AVAILABLE,NATURAL GAS COMPRESSOR STATION,IN SERVICE,LEA,35025,USA,32.516483,-103.287286,486210,PIPELINE TRANSPORTATION OF NATURAL GAS,"FERC FORM 2, IMAGERY",2015/09/21 00:00:00+00,IMAGERY/OTHER,2016/03/14 00:00:00+00,https://pipeportal.kindermorgan.com/,"EL PASO NATURAL GAS COMPANY, L.L.C.",33,"EL PASO NATURAL GAS COMPANY, L.L.C.",WITHIN 40 FEET,4,21672,45944174,2552556,838772,956178,23245,3,2012/12/25 00:00:00+00,0,0
-91.526345965,35.325545521,85,85,GCOMP1074,BALD KNOB,HIGHWAY 258 EAST,BALD KNOB,AR,72010,NOT AVAILABLE,NATURAL GAS COMPRESSOR STATION,IN SERVICE,WHITE,05145,USA,35.325545521,-91.526345965,486210,PIPELINE TRANSPORTATION OF NATURAL GAS,"EPA ENVIROFACTS, FERC FORM 2, CORPORATE WEBSITE",2015/09/01 00:00:00+00,IMAGERY/OTHER,2016/03/14 00:00:00+00,http://www.spectraenergy.com/,"TEXAS EASTERN TRANSMISSION, LP",17,"TEXAS EASTERN TRANSMISSION, LP",WITHIN 40 FEET,8,8800,3584594,196522,0,66525,7717,6,2012/11/13 00:00:00+00,34797,369468
-108.842153146,44.9793770110001,86,86,GCOMP1075,ELK BASIN,HIGHWAY 295 & 1NG ROAD,POWELL,WY,82435,NOT AVAILABLE,NATURAL GAS COMPRESSOR STATION,IN SERVICE,PARK,56029,USA,44.979377011,-108.842153146,486210,PIPELINE TRANSPORTATION OF NATURAL GAS,"EPA ENVIROFACTS, FERC FORM 2, CORPORATE WEBSITE",2015/10/19 00:00:00+00,IMAGERY/OTHER,2016/03/14 00:00:00+00,http://ebb.cigco.com/,"COLORADO INTERSTATE GAS COMPANY, L.L.C.",32,"COLORADO INTERSTATE GAS COMPANY, L.L.C.",WITHIN 40 FEET,2,5800,9980761,178509,332137,70118,3576,1,2012/06/17 00:00:00+00,0,0
-92.501586,30.5593260000001,87,87,GCOMP1076,MAMOU,HIGHWAY 374,MAMOU,LA,70554,NOT AVAILABLE,NATURAL GAS COMPRESSOR STATION,IN SERVICE,EVANGELINE,22039,USA,30.559326,-92.501586,486210,PIPELINE TRANSPORTATION OF NATURAL GAS,"EPA ENVIROFACTS, FERC FORM 2, CORPORATE WEBSITE",2015/08/28 00:00:00+00,IMAGERY/OTHER,2016/03/14 00:00:00+00,http://infopost.bwpmlp.com/,"TEXAS GAS TRANSMISSION, LLC",18,"TEXAS GAS TRANSMISSION, LLC",WITHIN 40 FEET,2,2216,2186120,0,0,0,0,0,1970/01/01 00:00:00+00,0,0
-103.575204416,33.3320339210001,88,88,GCOMP1077,CAPROCK,"HIGHWAY 380; (13 MI NW OF TATUM)",TATUM,NM,88213,NOT AVAILABLE,NATURAL GAS COMPRESSOR STATION,IN SERVICE,LEA,35025,USA,33.332033921,-103.575204416,486210,PIPELINE TRANSPORTATION OF NATURAL GAS,"EPA ENVIROFACTS, FERC FORM 2, CORPORATE WEBSITE",2015/09/21 00:00:00+00,IMAGERY/OTHER,2016/03/14 00:00:00+00,https://pipeportal.kindermorgan.com/,"EL PASO NATURAL GAS COMPANY, L.L.C.",33,"EL PASO NATURAL GAS COMPANY, L.L.C.",WITHIN 40 FEET,2,12740,8660349,10570,127379,4081,87,2,2012/08/15 00:00:00+00,0,0
-103.309739035,32.6103522500001,89,89,GCOMP1078,MONUMENT,"HIGHWAY 46; (5 KM E OF MONUMENT W OF HWY 8)",MONUMENT,NM,88265,NOT AVAILABLE,NATURAL GAS COMPRESSOR STATION,IN SERVICE,LEA,35025,USA,32.61035225,-103.309739035,486210,PIPELINE TRANSPORTATION OF NATURAL GAS,"EPA ENVIROFACTS, FERC FORM 2, CORPORATE WEBSITE",2015/09/21 00:00:00+00,IMAGERY/OTHER,2016/03/14 00:00:00+00,https://pipeportal.kindermorgan.com/,"EL PASO NATURAL GAS COMPANY, L.L.C.",33,"EL PASO NATURAL GAS COMPANY, L.L.C.",WITHIN 40 FEET,6,8000,16517729,561458,1110592,210026,23935,2,2012/12/11 00:00:00+00,0,0
-108.65005,35.895291,90,90,GCOMP1079,GALLUP,"HIGHWAY 491; (7 MI N OF TOHATCHI)",TOHATCHI,NM,87325,NOT AVAILABLE,NATURAL GAS COMPRESSOR STATION,IN SERVICE,MCKINLEY,35031,USA,35.895291,-108.65005,486210,PIPELINE TRANSPORTATION OF NATURAL GAS,"EPA ENVIROFACTS, FERC FORM 2, CORPORATE WEBSITE",2015/09/21 00:00:00+00,IMAGERY/OTHER,2016/03/14 00:00:00+00,https://pipeportal.kindermorgan.com/,"EL PASO NATURAL GAS COMPANY, L.L.C.",33,"EL PASO NATURAL GAS COMPANY, L.L.C.",WITHIN 40 FEET,2,34810,29519226,323569,213027,117938,1785,1,2012/04/09 00:00:00+00,0,0
-120.79946132,45.771300329,91,91,GCOMP108,GOLDENDALE,120 HOCTOR ROAD,GOLDENDALE,WA,98620,NOT AVAILABLE,NATURAL GAS COMPRESSOR STATION,IN SERVICE,KLICKITAT,53039,USA,45.771300329,-120.79946132,486210,PIPELINE TRANSPORTATION OF NATURAL GAS,"EPA ENVIROFACTS, FERC FORM 2, CORPORATE WEBSITE",2015/09/14 00:00:00+00,IMAGERY/OTHER,2016/03/14 00:00:00+00,http://www.northwest.williams.com/,NORTHWEST PIPELINE GP,37,NORTHWEST PIPELINE GP,WITHIN 40 FEET,3,19400,21589195,1207652,284440,424420,6918,2,2012/01/27 00:00:00+00,0,0
-94.3378455449999,32.11936029,92,92,GCOMP1080,CARTHAGE JCT,HIGHWAY 59,CARTHAGE,TX,75633,NOT AVAILABLE,NATURAL GAS COMPRESSOR STATION,IN SERVICE,PANOLA,48365,USA,32.11936029,-94.337845545,486210,PIPELINE TRANSPORTATION OF NATURAL GAS,"EPA ENVIROFACTS, FERC FORM 2, CORPORATE WEBSITE",2015/09/17 00:00:00+00,IMAGERY/OTHER,2016/03/14 00:00:00+00,http://infopost.bwpmlp.com/,"GULF SOUTH PIPELINE COMPANY, LP",11,"GULF SOUTH PIPELINE COMPANY, LP",EXCEEDS 1 MILE,4,8650,15091210,1884347,415671,668938,9256,4,2012/03/15 00:00:00+00,0,0
-94.336739897,32.1390814650001,93,93,GCOMP1081,CARTHAGE,HIGHWAY 59 (772 SOUTH SHELBY),CARTHAGE,TX,75633,NOT AVAILABLE,NATURAL GAS COMPRESSOR STATION,IN SERVICE,PANOLA,48365,USA,32.139081465,-94.336739897,486210,PIPELINE TRANSPORTATION OF NATURAL GAS,"EPA ENVIROFACTS, FERC FORM 2, CORPORATE WEBSITE",2015/09/18 00:00:00+00,IMAGERY/OTHER,2016/03/14 00:00:00+00,http://tigertransfer.energytransfer.com/,"ETC TIGER PIPELINE, LLC",63,"ETC TIGER PIPELINE, LLC",WITHIN 40 FEET,4,18940,34556854,10871,215860,4477,274,0,2012/01/06 00:00:00+00,0,0
-79.5585159999999,40.3649560000001,94,94,GCOMP1082,SOUTH OAKFORD,HIGHWAY 66 & MCILVAINE ROAD,GREENSBURG,PA,15601,NOT AVAILABLE,NATURAL GAS COMPRESSOR STATION,IN SERVICE,WESTMORELAND,42129,USA,40.364956,-79.558516,486210,PIPELINE TRANSPORTATION OF NATURAL GAS,"EPA ENVIROFACTS, FERC FORM 2, CORPORATE WEBSITE",2015/09/24 00:00:00+00,IMAGERY/OTHER,2016/03/14 00:00:00+00,http://escript.dom.com/,"DOMINION TRANSMISSION, INC.",22,"DOMINION TRANSMISSION, INC.",WITHIN 40 FEET,4,24200,12914807,267588,771296,87110,19955,4,2012/11/29 00:00:00+00,1564597,26785173
-79.555428696,40.382036376,95,95,GCOMP1083,DELMONT,HIGHWAY 66 NORTH BEAVER RUN ROAD AND JOBES RD.,GREENSBURG,PA,15601,NOT AVAILABLE,NATURAL GAS COMPRESSOR STATION,IN SERVICE,WESTMORELAND,42129,USA,40.382036376,-79.555428696,486210,PIPELINE TRANSPORTATION OF NATURAL GAS,"EPA ENVIROFACTS, FERC FORM 2, CORPORATE WEBSITE",2015/08/31 00:00:00+00,IMAGERY/OTHER,2016/03/14 00:00:00+00,http://www.spectraenergy.com/,"TEXAS EASTERN TRANSMISSION, LP",17,"TEXAS EASTERN TRANSMISSION, LP",WITHIN 40 FEET,2,510,1164785,0,0,0,7922,2,2012/11/08 00:00:00+00,0,0
-91.2185729999999,30.7630970000001,96,96,GCOMP1084,NO. 61 ETHEL,HIGHWAY 68 & HOWELL LANE,JACKSON,LA,70748,NOT AVAILABLE,NATURAL GAS COMPRESSOR STATION,IN SERVICE,EAST FELICIANA,22037,USA,30.763097,-91.218573,486210,PIPELINE TRANSPORTATION OF NATURAL GAS,"EPA ENVIROFACTS, FERC FORM 2, CORPORATE WEBSITE",2015/08/24 00:00:00+00,IMAGERY/OTHER,2016/03/14 00:00:00+00,http://www.1line.williams.com/,"TRANSCONTINENTAL GAS PIPE LINE COMPANY, LLC",29,"TRANSCONTINENTAL GAS PIPE LINE COMPANY, LLC",WITHIN 40 FEET,2,3050,3797432,0,132,0,0,0,1970/01/01 00:00:00+00,0,0
-104.018698546,32.0634497990001,97,97,GCOMP1085,PECOS RIVER,"HIGHWAY 725; (17 MI SW OF MALAGA)",MALAGA,NM,88263,NOT AVAILABLE,NATURAL GAS COMPRESSOR STATION,IN SERVICE,EDDY,35015,USA,32.063449799,-104.018698546,486210,PIPELINE TRANSPORTATION OF NATURAL GAS,"EPA ENVIROFACTS, FERC FORM 2, CORPORATE WEBSITE",2015/09/21 00:00:00+00,IMAGERY/OTHER,2016/03/14 00:00:00+00,https://pipeportal.kindermorgan.com/,"EL PASO NATURAL GAS COMPANY, L.L.C.",33,"EL PASO NATURAL GAS COMPANY, L.L.C.",WITHIN 40 FEET,3,21450,16795247,3285981,614864,1217001,19137,2,2012/01/17 00:00:00+00,0,0
-94.410057861,30.333355668,98,98,GCOMP1086,TEXAS - KOUNTZE - HARDIN COUNTY,HIGHWAY 770 & HIGHWAY 1003,KOUNTZE,TX,77625,NOT AVAILABLE,NATURAL GAS COMPRESSOR STATION,IN SERVICE,HARDIN,48199,USA,30.333355668,-94.410057861,486210,PIPELINE TRANSPORTATION OF NATURAL GAS,"EPA ENVIROFACTS, FERC FORM 2, CORPORATE WEBSITE",2015/08/19 00:00:00+00,IMAGERY/OTHER,2016/03/14 00:00:00+00,http://feptransfer.energytransfer.com/,"TRUNKLINE GAS COMPANY, LLC",30,"TRUNKLINE GAS COMPANY, LLC",WITHIN 40 FEET,1,10350,19621922,160,253609,53,47,0,2012/03/07 00:00:00+00,873741,384000
-107.42641351,42.3756400010001,99,99,GCOMP1087,MUDDY GAP,HIGHWAY 789 & US-220,MUDDY GAP,WY,82334,NOT AVAILABLE,NATURAL GAS COMPRESSOR STATION,IN SERVICE,CARBON,56007,USA,42.375640001,-107.42641351,486210,PIPELINE TRANSPORTATION OF NATURAL GAS,"EPA ENVIROFACTS, FERC FORM 2, CORPORATE WEBSITE",2015/10/16 00:00:00+00,IMAGERY/OTHER,2016/03/14 00:00:00+00,http://ebb.cigco.com/,"COLORADO INTERSTATE GAS COMPANY, L.L.C.",32,"COLORADO INTERSTATE GAS COMPANY, L.L.C.",WITHIN 40 FEET,2,10556,24362745,1120158,1053905,436986,11129,2,2012/01/16 00:00:00+00,0,0
-100.007491,36.9210610000001,100,100,GCOMP1088,BEAVER COUNTY 1,HOLLOW E0060,GATE,OK,73844,NOT AVAILABLE,NATURAL GAS COMPRESSOR STATION,IN SERVICE,BEAVER,40007,USA,36.921061,-100.007491,486210,PIPELINE TRANSPORTATION OF NATURAL GAS,"EPA ENVIROFACTS, FERC FORM 2, CORPORATE WEBSITE",2015/10/20 00:00:00+00,IMAGERY/OTHER,2016/03/14 00:00:00+00,http://www.dcpmidstream.com/,"CIMARRON RIVER PIPELINE, LLC",575,"CIMARRON RIVER PIPELINE, LLC",WITHIN 40 FEET,5,3840,3660007,0,241453,141288,34922,5,2012/09/07 00:00:00+00,6764,80735
-100.188995,36.8192070000001,101,101,GCOMP1089,BEAVER COUNTY 2,HOLLOW E0130,GATE,OK,73844,NOT AVAILABLE,NATURAL GAS COMPRESSOR STATION,IN SERVICE,BEAVER,40007,USA,36.819207,-100.188995,486210,PIPELINE TRANSPORTATION OF NATURAL GAS,"EPA ENVIROFACTS, FERC FORM 2, CORPORATE WEBSITE",2015/10/20 00:00:00+00,IMAGERY/OTHER,2016/03/14 00:00:00+00,http://www.dcpmidstream.com/,"CIMARRON RIVER PIPELINE, LLC",575,"CIMARRON RIVER PIPELINE, LLC",WITHIN 40 FEET,4,3344,3125489,0,97987,133518,23737,4,2012/03/19 00:00:00+00,13645,178364
-86.074515353,36.3629199550001,102,102,GCOMP109,DIXON SPRINGS - STATION 3104,120 J.D. HOOD LANE,DIXON SPRINGS,TN,37057,NOT AVAILABLE,NATURAL GAS COMPRESSOR STATION,IN SERVICE,TROUSDALE,47169,USA,36.362919955,-86.074515353,486210,PIPELINE TRANSPORTATION OF NATURAL GAS,"FERC FORM 2, IMAGERY",2015/10/09 00:00:00+00,IMAGERY/OTHER,2016/03/14 00:00:00+00,http://www.spectraenergy.com/,"EAST TENNESSEE NATURAL GAS, LLC",2,"EAST TENNESSEE NATURAL GAS, LLC",WITHIN 40 FEET,4,5440,9097898,564357,0,196946,14777,0,2012/01/03 00:00:00+00,0,0
-100.583047,36.7545910000001,103,103,GCOMP1090,BEAVER COUNTY 12,HOLLOW E0175,BEAVER,OK,73932,NOT AVAILABLE,NATURAL GAS COMPRESSOR STATION,IN SERVICE,BEAVER,40007,USA,36.754591,-100.583047,486210,PIPELINE TRANSPORTATION OF NATURAL GAS,"EPA ENVIROFACTS, FERC FORM 2, CORPORATE WEBSITE",2015/10/20 00:00:00+00,IMAGERY/OTHER,2016/03/14 00:00:00+00,http://www.dcpmidstream.com/,"CIMARRON RIVER PIPELINE, LLC",575,"CIMARRON RIVER PIPELINE, LLC",WITHIN 40 FEET,4,2921,2761968,0,51342,60137,15600,3,2012/04/23 00:00:00+00,10052,84033
-100.483584028,36.706383552,104,104,GCOMP1091,STATION 64 - BEAVER,HOLLOW E0210/EAST OF HOLLOW N1410,FORGAN,OK,73931,NOT AVAILABLE,NATURAL GAS COMPRESSOR STATION,IN SERVICE,BEAVER,40007,USA,36.706383552,-100.483584028,486210,PIPELINE TRANSPORTATION OF NATURAL GAS,"FERC FORM 2, CORPORATE WEBSITE",2015/10/01 00:00:00+00,IMAGERY/OTHER,2016/03/14 00:00:00+00,http://www.kindermorgan.com/,NATURAL GAS PIPELINE COMPANY OF AMERICA LLC,26,NATURAL GAS PIPELINE COMPANY OF AMERICA LLC,WITHIN 40 FEET,1,120,114175,0,0,9791,12,1,2012/12/18 00:00:00+00,0,0
-100.3672,36.6014060000001,105,105,GCOMP1092,BEAVER COUNTY 5,HOLLOW E0280,LOGAN,OK,73848,NOT AVAILABLE,NATURAL GAS COMPRESSOR STATION,IN SERVICE,BEAVER,40007,USA,36.601406,-100.3672,486210,PIPELINE TRANSPORTATION OF NATURAL GAS,"EPA ENVIROFACTS, FERC FORM 2, CORPORATE WEBSITE",2015/10/20 00:00:00+00,IMAGERY/OTHER,2016/03/14 00:00:00+00,http://www.dcpmidstream.com/,"CIMARRON RIVER PIPELINE, LLC",575,"CIMARRON RIVER PIPELINE, LLC",WITHIN 40 FEET,2,310,277051,0,0,0,0,0,1970/01/01 00:00:00+00,688,1438
-100.044398,36.5146480000001,106,106,GCOMP1093,BEAVER COUNTY 6,HOLLOW E0340,LOGAN,OK,73848,NOT AVAILABLE,NATURAL GAS COMPRESSOR STATION,IN SERVICE,BEAVER,40007,USA,36.514648,-100.044398,486210,PIPELINE TRANSPORTATION OF NATURAL GAS,"EPA ENVIROFACTS, FERC FORM 2, CORPORATE WEBSITE",2015/10/20 00:00:00+00,IMAGERY/OTHER,2016/03/14 00:00:00+00,http://www.dcpmidstream.com/,"CIMARRON RIVER PIPELINE, LLC",575,"CIMARRON RIVER PIPELINE, LLC",WITHIN 40 FEET,3,2201,1822153,0,40720,89503,16523,3,2012/04/28 00:00:00+00,6746,62524
-100.941806924,36.50326238,107,107,GCOMP1094,STATION 102 - BALKO,HOLLOW N 1158/HOLLOW E 0348,BALKO,OK,73931,NOT AVAILABLE,NATURAL GAS COMPRESSOR STATION,IN SERVICE,BEAVER,40007,USA,36.50326238,-100.941806924,486210,PIPELINE TRANSPORTATION OF NATURAL GAS,OKLAHOMA DEPARTMENT OF ENVIRONMENTAL QUALITY,2015/10/02 00:00:00+00,IMAGERY/OTHER,2016/03/14 00:00:00+00,http://www.kindermorgan.com/,NATURAL GAS PIPELINE COMPANY OF AMERICA LLC,26,NATURAL GAS PIPELINE COMPANY OF AMERICA LLC,WITHIN 40 FEET,3,12900,16024589,0,0,136868,4248,3,2012/12/04 00:00:00+00,0,0
-100.470172,36.6443380000001,108,108,GCOMP1095,BEAVER COUNTY 3,HOLLOW N1420,ELMWOOD,OK,73932,NOT AVAILABLE,NATURAL GAS COMPRESSOR STATION,IN SERVICE,BEAVER,40007,USA,36.644338,-100.470172,486210,PIPELINE TRANSPORTATION OF NATURAL GAS,"EPA ENVIROFACTS, FERC FORM 2, CORPORATE WEBSITE",2015/10/20 00:00:00+00,IMAGERY/OTHER,2016/03/14 00:00:00+00,http://www.dcpmidstream.com/,"CIMARRON RIVER PIPELINE, LLC",575,"CIMARRON RIVER PIPELINE, LLC",WITHIN 40 FEET,1,407,402171,0,18541,10796,8234,1,2012/10/22 00:00:00+00,2506,16195
-100.429047,36.7109160000001,109,109,GCOMP1096,BEAVER COUNTY 13,HOLLOW N1443,BEAVER,OK,73932,NOT AVAILABLE,NATURAL GAS COMPRESSOR STATION,IN SERVICE,BEAVER,40007,USA,36.710916,-100.429047,486210,PIPELINE TRANSPORTATION OF NATURAL GAS,"EPA ENVIROFACTS, FERC FORM 2, CORPORATE WEBSITE",2015/10/20 00:00:00+00,IMAGERY/OTHER,2016/03/14 00:00:00+00,http://www.dcpmidstream.com/,"CIMARRON RIVER PIPELINE, LLC",575,"CIMARRON RIVER PIPELINE, LLC",WITHIN 40 FEET,1,546,487967,0,15103,16073,8381,1,2012/08/24 00:00:00+00,1918,14829
-100.419835,36.6165350000001,110,110,GCOMP1097,BEAVER STATION,HOLLOW N1445 /HWY 3,BALKO,OK,73931,NOT AVAILABLE,NATURAL GAS COMPRESSOR STATION,IN SERVICE,BEAVER,40007,USA,36.616535,-100.419835,486210,PIPELINE TRANSPORTATION OF NATURAL GAS,"EPA ENVIROFACTS, FERC FORM 2, CORPORATE WEBSITE",2015/10/20 00:00:00+00,IMAGERY/OTHER,2016/03/14 00:00:00+00,http://www.dcpmidstream.com/,"CIMARRON RIVER PIPELINE, LLC",575,"CIMARRON RIVER PIPELINE, LLC",WITHIN 40 FEET,7,13279,17843636,0,2549276,607501,39305,6,2012/07/19 00:00:00+00,306059,4311000
-100.307613,36.5881900000001,111,111,GCOMP1098,BEAVER COUNTY 9,HOLLOW N1510,LAVERNE,OK,73848,NOT AVAILABLE,NATURAL GAS COMPRESSOR STATION,IN SERVICE,BEAVER,40007,USA,36.58819,-100.307613,486210,PIPELINE TRANSPORTATION OF NATURAL GAS,"FERC FORM 2, CORPORATE WEBSITE",2015/11/03 00:00:00+00,IMAGERY/OTHER,2016/03/14 00:00:00+00,http://www.dcpmidstream.com/,"CIMARRON RIVER PIPELINE, LLC",575,"CIMARRON RIVER PIPELINE, LLC",WITHIN 40 FEET,1,-999,-999,0,0,0,0,0,1970/01/01 00:00:00+00,0,0
-100.253677,36.569776,112,112,GCOMP1099,BEAVER COUNTY 7,HOLLOW N1540,LOGAN,OK,73848,NOT AVAILABLE,NATURAL GAS COMPRESSOR STATION,IN SERVICE,BEAVER,40007,USA,36.569776,-100.253677,486210,PIPELINE TRANSPORTATION OF NATURAL GAS,"EPA ENVIROFACTS, FERC FORM 2, CORPORATE WEBSITE",2015/10/20 00:00:00+00,IMAGERY/OTHER,2016/03/14 00:00:00+00,http://www.dcpmidstream.com/,"CIMARRON RIVER PIPELINE, LLC",575,"CIMARRON RIVER PIPELINE, LLC",WITHIN 40 FEET,3,2619,2557263,0,65951,92569,20828,3,2012/06/14 00:00:00+00,3083,24915
-87.949446123,32.203171356,113,113,GCOMP11,NO. 90 MYRTLEWOOD,0.25 MILES NORTH OF AL HWY 69 & CAMPGROUND RD.,MYRTLEWOOD,AL,36763,NOT AVAILABLE,NATURAL GAS COMPRESSOR STATION,IN SERVICE,MARENGO,01091,USA,32.203171356,-87.949446123,486210,PIPELINE TRANSPORTATION OF NATURAL GAS,"EPA ENVIROFACTS, FERC FORM 2, CORPORATE WEBSITE",2015/08/24 00:00:00+00,IMAGERY/OTHER,2016/03/14 00:00:00+00,http://www.1line.williams.com/,"TRANSCONTINENTAL GAS PIPE LINE COMPANY, LLC",29,"TRANSCONTINENTAL GAS PIPE LINE COMPANY, LLC",WITHIN 40 FEET,18,80370,66638467,7283853,3714424,2830030,77196,17,2013/01/18 00:00:00+00,0,0
-81.312271,38.495149,114,114,GCOMP110,CLENDENIN,120 WEST UNION RIDGE RD.,CLENDENIN,WV,25045,NOT AVAILABLE,NATURAL GAS COMPRESSOR STATION,IN SERVICE,KANAWHA,54039,USA,38.495149,-81.312271,486210,PIPELINE TRANSPORTATION OF NATURAL GAS,"EPA ENVIROFACTS, FERC FORM 2, CORPORATE WEBSITE",2015/09/29 00:00:00+00,IMAGERY/OTHER,2016/03/14 00:00:00+00,http://www.columbiapipeinfo.com/,"COLUMBIA GAS TRANSMISSION,LLC",21,"COLUMBIA GAS TRANSMISSION,LLC",WITHIN 40 FEET,7,22550,26934140,546011,2186009,201394,13263,3,2012/12/03 00:00:00+00,1510589,17018000
-100.144673,36.545717,115,115,GCOMP1100,BEAVER COUNTY 11,HOLLOW N1600,LAVERNE,OK,73848,NOT AVAILABLE,NATURAL GAS COMPRESSOR STATION,IN SERVICE,BEAVER,40007,USA,36.545717,-100.144673,486210,PIPELINE TRANSPORTATION OF NATURAL GAS,"FERC FORM 2, CORPORATE WEBSITE",2015/11/03 00:00:00+00,IMAGERY/OTHER,2016/03/14 00:00:00+00,http://www.dcpmidstream.com/,"CIMARRON RIVER PIPELINE, LLC",575,"CIMARRON RIVER PIPELINE, LLC",WITHIN 40 FEET,1,-999,-999,0,0,0,0,0,1970/01/01 00:00:00+00,0,0
-82.187561418,38.201847747,116,116,GCOMP1101,HUBBALL,HUBALL RD & 6 MILE CREEK RD,BRANCHLAND,WV,25506,NOT AVAILABLE,NATURAL GAS COMPRESSOR STATION,IN SERVICE,LINCOLN,54043,USA,38.201847747,-82.187561418,486210,PIPELINE TRANSPORTATION OF NATURAL GAS,"FERC FORM 2, IMAGERY",2015/09/28 00:00:00+00,IMAGERY/OTHER,2016/03/14 00:00:00+00,http://www.columbiapipeinfo.com/,"COLUMBIA GAS TRANSMISSION,LLC",21,"COLUMBIA GAS TRANSMISSION,LLC",WITHIN 40 FEET,3,3240,5514106,214160,268157,75744,8141,1,2012/03/19 00:00:00+00,31731,-999
-81.786772694,37.7311547510001,117,117,GCOMP1102,HUFF CREEK,HUFF CREEK PARKWAY (WV-10)/ EAST OF GILLMAN BOTTOM,GILLMAN BOTTOM,WV,25617,NOT AVAILABLE,NATURAL GAS COMPRESSOR STATION,IN SERVICE,LOGAN,54045,USA,37.731154751,-81.786772694,486210,PIPELINE TRANSPORTATION OF NATURAL GAS,"FERC FORM 2, CORPORATE WEBSITE",2015/10/27 00:00:00+00,IMAGERY/OTHER,2016/03/14 00:00:00+00,http://escript.dom.com/,"DOMINION TRANSMISSION, INC.",22,"DOMINION TRANSMISSION, INC.",WITHIN 40 FEET,1,500,728422,76804,121758,27465,8497,1,2012/05/02 00:00:00+00,0,0
-82.616386,37.531712,118,118,GCOMP1103,BOLDMAN,HURRICANE ROAD & PORTER ROAD,BOLDMAN,KY,41635,NOT AVAILABLE,NATURAL GAS COMPRESSOR STATION,IN SERVICE,PIKE,21195,USA,37.531712,-82.616386,486210,PIPELINE TRANSPORTATION OF NATURAL GAS,"EPA ENVIROFACTS, FERC FORM 2, CORPORATE WEBSITE",2015/09/29 00:00:00+00,IMAGERY/OTHER,2016/03/14 00:00:00+00,http://www.columbiapipeinfo.com/,"COLUMBIA GAS TRANSMISSION,LLC",21,"COLUMBIA GAS TRANSMISSION,LLC",WITHIN 40 FEET,4,6000,6563777,728722,598042,259417,18252,4,2012/09/07 00:00:00+00,35293,-999
-88.314756017,37.98274573,119,119,GCOMP1104,NORRIS CITY,HWY 1 AND BY-PASS 45,NORRIS CITY,IL,62869,NOT AVAILABLE,NATURAL GAS COMPRESSOR STATION,IN SERVICE,WHITE,17193,USA,37.98274573,-88.314756017,486210,PIPELINE TRANSPORTATION OF NATURAL GAS,"EPA ENVIROFACTS, FERC FORM 2, CORPORATE WEBSITE",2015/09/01 00:00:00+00,IMAGERY/OTHER,2016/03/14 00:00:00+00,http://www.spectraenergy.com/,"TEXAS EASTERN TRANSMISSION, LP",17,"TEXAS EASTERN TRANSMISSION, LP",WITHIN 40 FEET,7,7000,6235782,117663,0,39062,7591,7,2012/12/07 00:00:00+00,32902,191854
-104.068301083,46.1298321360001,120,120,GCOMP1105,BIG GUMBO,HWY 12 NEAR ND BORDER (20 MILES SOUTHEAST OF BAKER),BAKER,MT,59313,NOT AVAILABLE,NATURAL GAS COMPRESSOR STATION,IN SERVICE,FALLON,30025,USA,46.129832136,-104.068301083,486210,PIPELINE TRANSPORTATION OF NATURAL GAS,"EPA ENVIROFACTS, MONTANA DEPARTMENT OF ENVIRONMENTAL QUALITY",2015/08/14 00:00:00+00,IMAGERY/OTHER,2016/03/14 00:00:00+00,http://deq.mt.gov/,WILLISTON BASIN INTERSTATE PIPELINE COMPANY,49,WILLISTON BASIN INTERSTATE PIPELINE COMPANY,WITHIN 40 FEET,1,1680,3786301,67738,60665,31573,2647,1,2012/01/16 00:00:00+00,0,0
-103.619963367,41.0754750840001,121,121,GCOMP1106,KIMBALL JUNCTION,HWY 12/HWY 45,KIMBALL,NE,69145,NOT AVAILABLE,NATURAL GAS COMPRESSOR STATION,IN SERVICE,KIMBALL,31105,USA,41.075475084,-103.619963367,486210,PIPELINE TRANSPORTATION OF NATURAL GAS,"FERC FORM 2, CORPORATE WEBSITE, IMAGERY",2015/08/18 00:00:00+00,IMAGERY/OTHER,2016/03/14 00:00:00+00,http://pipeline.tallgrassenergylp.com/,TALLGRASS INTERSTATE GAS TRANSMISSION LLC,53,TALLGRASS INTERSTATE GAS TRANSMISSION LLC,WITHIN 40 FEET,2,2208,5785257,0,0,1025,169,1,2012/12/29 00:00:00+00,0,0
-100.727332749,36.3617224440001,122,122,GCOMP1107,PERRYTON-BARLOW,HWY 20/ K RD,PERRYTON,TX,79070,NOT AVAILABLE,NATURAL GAS COMPRESSOR STATION,IN SERVICE,OCHILTREE,48357,USA,36.361722444,-100.727332749,486210,PIPELINE TRANSPORTATION OF NATURAL GAS,"EPA ENVIROFACTS, FERC FORM 2, CORPORATE WEBSITE, IMAGERY",2015/10/19 00:00:00+00,IMAGERY/OTHER,2016/03/14 00:00:00+00,http://www.dcpmidstream.com/,"CIMARRON RIVER PIPELINE, LLC",575,"CIMARRON RIVER PIPELINE, LLC",WITHIN 40 FEET,3,2475,2284969,0,175497,83080,15251,3,2012/12/18 00:00:00+00,14980,244758
-80.5996,39.369922,123,123,GCOMP1108,SEDALIA,HWY 23 & ROUNDBOTTOM RD.,SEDALIA,WV,26339,NOT AVAILABLE,NATURAL GAS COMPRESSOR STATION,IN SERVICE,DODDRIDGE,54017,USA,39.369922,-80.5996,486210,PIPELINE TRANSPORTATION OF NATURAL GAS,"EPA ENVIROFACTS, FERC FORM 2, CORPORATE WEBSITE",2015/11/04 00:00:00+00,IMAGERY/OTHER,2016/03/14 00:00:00+00,http://www.columbiapipeinfo.com/,"COLUMBIA GAS TRANSMISSION,LLC",21,"COLUMBIA GAS TRANSMISSION,LLC",WITHIN 40 FEET,1,350,249222,0,20,0,0,0,1970/01/01 00:00:00+00,0,0
-80.232062029,39.3198910420001,124,124,GCOMP1109,SWIGER,HWY 279 & FARM ROAD,BRIDGEPORT,WV,26330,NOT AVAILABLE,NATURAL GAS COMPRESSOR STATION,IN SERVICE,HARRISON,54033,USA,39.319891042,-80.232062029,486210,PIPELINE TRANSPORTATION OF NATURAL GAS,"FERC FORM 2, IMAGERY",2015/10/09 00:00:00+00,IMAGERY/OTHER,2016/03/14 00:00:00+00,http://escript.dom.com/,"DOMINION TRANSMISSION, INC.",22,"DOMINION TRANSMISSION, INC.",WITHIN 40 FEET,1,633,831700,49822,75546,17819,8185,1,2012/08/05 00:00:00+00,0,0
-80.274052,41.2779100000001,125,125,GCOMP111,#219 - MERCER,1211 GREENVILLE MERCER RD,MERCER,PA,16137,NOT AVAILABLE,NATURAL GAS COMPRESSOR STATION,IN SERVICE,MERCER,42085,USA,41.27791,-80.274052,486210,PIPELINE TRANSPORTATION OF NATURAL GAS,"EPA ENVIROFACTS, FERC FORM 2, CORPORATE WEBSITE",2015/09/03 00:00:00+00,IMAGERY/OTHER,2016/03/14 00:00:00+00,http://pipeline2.kindermorgan.com/,"TENNESSEE GAS PIPELINE COMPANY, L.L.C.",9,"TENNESSEE GAS PIPELINE COMPANY, L.L.C.",WITHIN 40 FEET,14,21550,26241188,340613,1066312,117116,1113,6,2012/01/02 00:00:00+00,0,0
-79.375991622,38.848854488,126,126,GCOMP1110,SENECA,HWY 28 & HWY 33,SENECA ROCKS,WV,26884,NOT AVAILABLE,NATURAL GAS COMPRESSOR STATION,IN SERVICE,PENDLETON,54071,USA,38.848854488,-79.375991622,486210,PIPELINE TRANSPORTATION OF NATURAL GAS,"EPA ENVIROFACTS, FERC FORM 2, CORPORATE WEBSITE",2015/09/28 00:00:00+00,IMAGERY/OTHER,2016/03/14 00:00:00+00,http://www.columbiapipeinfo.com/,"COLUMBIA GAS TRANSMISSION,LLC",21,"COLUMBIA GAS TRANSMISSION,LLC",WITHIN 40 FEET,4,35350,42482913,557176,398761,182992,2451,3,2012/02/13 00:00:00+00,32891,-999
-110.789835,41.823123486,127,127,GCOMP1111,ROBERSON CREEK,HWY 330/ EAST OF HWY 30 (13.2 MILES WEST OF KEMMERER),KEMMERER,WY,83101,NOT AVAILABLE,NATURAL GAS COMPRESSOR STATION,IN SERVICE,LINCOLN,56023,USA,41.823123486,-110.789835,486210,PIPELINE TRANSPORTATION OF NATURAL GAS,"FERC FORM 2, CORPORATE WEBSITE, IMAGERY",2015/08/18 00:00:00+00,IMAGERY/OTHER,2016/03/14 00:00:00+00,http://ebb.cigco.com/,"RUBY PIPELINE, L.L.C.",63,"RUBY PIPELINE, L.L.C.",WITHIN 40 FEET,3,69000,95604882,0,653413,0,17118,1,2012/07/01 00:00:00+00,12038826,199038045
-92.942441,32.37523,128,128,GCOMP1112,SOUTHERN NATURAL GAS - BIENVILLE STATION,HWY 507 3.75 MILES N OF HWY. 9,BIENVILLE,LA,71008,NOT AVAILABLE,NATURAL GAS COMPRESSOR STATION,IN SERVICE,BIENVILLE,22013,USA,32.37523,-92.942441,486210,PIPELINE TRANSPORTATION OF NATURAL GAS,"EPA ENVIROFACTS, FERC FORM 2, CORPORATE WEBSITE, IMAGERY",2015/09/25 00:00:00+00,IMAGERY/OTHER,2016/03/14 00:00:00+00,http://www.kindermorgan.com/,"SOUTHERN NATURAL GAS COMPANY, L.L.C.",63,"SOUTHERN NATURAL GAS COMPANY, L.L.C.",WITHIN 40 FEET,4,28000,51717521,1211549,1934753,446115,9603,4,2012/05/13 00:00:00+00,0,0
-90.940707332,32.7162382170001,129,129,GCOMP1113,ONWARD,HWY 61 SOUTH,ONWARD,MS,39159,NOT AVAILABLE,NATURAL GAS COMPRESSOR STATION,IN SERVICE,SHARKEY,28125,USA,32.716238217,-90.940707332,486210,PIPELINE TRANSPORTATION OF NATURAL GAS,"EPA ENVIROFACTS, FERC FORM 2, CORPORATE WEBSITE",2015/09/10 00:00:00+00,IMAGERY/OTHER,2016/03/14 00:00:00+00,http://ixsnp.sonetpremier.com/,"SOUTHERN NATURAL GAS COMPANY, L.L.C.",7,"SOUTHERN NATURAL GAS COMPANY, L.L.C.",WITHIN 40 FEET,5,7600,10220757,459891,469650,161462,10025,2,2012/01/04 00:00:00+00,0,0
-87.714718262,32.4995972300001,130,130,GCOMP1114,GALLION,HWY 69 1 MILE S OF HWY 80,GALLION,AL,36742,NOT AVAILABLE,NATURAL GAS COMPRESSOR STATION,IN SERVICE,MARENGO,01065,USA,32.49959723,-87.714718262,486210,PIPELINE TRANSPORTATION OF NATURAL GAS,"EPA ENVIROFACTS, FERC FORM 2, CORPORATE WEBSITE",2015/09/10 00:00:00+00,IMAGERY/OTHER,2016/03/14 00:00:00+00,http://ixsnp.sonetpremier.com/,"SOUTHERN NATURAL GAS COMPANY, L.L.C.",7,"SOUTHERN NATURAL GAS COMPANY, L.L.C.",WITHIN 40 FEET,6,28670,35822489,800725,3062549,280867,19559,1,2012/09/25 00:00:00+00,5044653,88261410
-86.2547748659999,33.6015181610001,131,131,GCOMP1115,PELL CITY,HWY 78 TO PLEASANT VALLEY ROAD,PELL CITY,AL,35125,NOT AVAILABLE,NATURAL GAS COMPRESSOR STATION,IN SERVICE,SAINT CLAIR,01115,USA,33.601518161,-86.254774866,486210,PIPELINE TRANSPORTATION OF NATURAL GAS,"EPA ENVIROFACTS, FERC FORM 2, CORPORATE WEBSITE",2015/09/10 00:00:00+00,IMAGERY/OTHER,2016/03/14 00:00:00+00,http://ixsnp.sonetpremier.com/,"SOUTHERN NATURAL GAS COMPANY, L.L.C.",7,"SOUTHERN NATURAL GAS COMPANY, L.L.C.",WITHIN 40 FEET,2,10390,16470281,8371,357424,3122,454,1,2012/07/24 00:00:00+00,120292,1358728
-91.420024578,29.7303873550001,132,132,GCOMP1116,BAYOU SALE,HWY 90 E SERVICE RD,CENTERVILLE,LA,70522,NOT AVAILABLE,NATURAL GAS COMPRESSOR STATION,IN SERVICE,SAINT MARY,22101,USA,29.730387355,-91.420024578,486210,PIPELINE TRANSPORTATION OF NATURAL GAS,"EPA ENVIROFACTS, FERC FORM 2, CORPORATE WEBSITE",2015/09/17 00:00:00+00,IMAGERY/OTHER,2016/03/14 00:00:00+00,http://infopost.bwpmlp.com/,"GULF SOUTH PIPELINE COMPANY, LP",11,"GULF SOUTH PIPELINE COMPANY, LP",WITHIN 40 FEET,2,4000,2656013,0,19184,0,0,0,1970/01/01 00:00:00+00,0,0
-116.173813,48.9666140000001,133,133,GCOMP1117,#3- EASTPORT,HWY 95 2 MI S OF EASTPORT,BONNERS FERRY,ID,83805,NOT AVAILABLE,NATURAL GAS COMPRESSOR STATION,IN SERVICE,BOUNDARY,16021,USA,48.966614,-116.173813,486210,PIPELINE TRANSPORTATION OF NATURAL GAS,"EPA ENVIROFACTS, FERC FORM 2, CORPORATE WEBSITE",2015/09/18 00:00:00+00,IMAGERY/OTHER,2016/03/14 00:00:00+00,http://www.gastransmissionnw.com/,GAS TRANSMISSION NORTHWEST LLC,86,GAS TRANSMISSION NORTHWEST LLC,WITHIN 40 FEET,2,51500,48030161,375244,142878,137452,1072,1,2012/08/09 00:00:00+00,0,0
-106.075515,46.3169490000001,134,134,GCOMP1118,HATHAWAY,I-94 W (W OF MOON CREEK RD/OFF FRONTAGE RD),MILES CITY,MT,59301,NOT AVAILABLE,NATURAL GAS COMPRESSOR STATION,IN SERVICE,CUSTER,30017,USA,46.316949,-106.075515,486210,PIPELINE TRANSPORTATION OF NATURAL GAS,"FERC FORM 2, MONTANA DEPARTMENT OF ENVIRONMENTAL QUALITY",2015/08/14 00:00:00+00,IMAGERY/OTHER,2016/03/14 00:00:00+00,http://transmission.wbienergy.com/,WILLISTON BASIN INTERSTATE PIPELINE COMPANY,49,WILLISTON BASIN INTERSTATE PIPELINE COMPANY,WITHIN 40 FEET,2,7358,5120155,477865,192904,185382,7500,2,2012/04/12 00:00:00+00,0,0
-110.335022,35.3964030000001,135,135,GCOMP1119,DILKON,INDIAN ROUTE 60/INDIAN ROUTE 15,DILKON,AZ,86047,NOT AVAILABLE,NATURAL GAS COMPRESSOR STATION,IN SERVICE,NAVAJO,04017,USA,35.396403,-110.335022,486210,PIPELINE TRANSPORTATION OF NATURAL GAS,"EPA ENVIROFACTS, FERC FORM 2, CORPORATE WEBSITE",2015/09/21 00:00:00+00,IMAGERY/OTHER,2016/03/14 00:00:00+00,https://pipeportal.kindermorgan.com/,"EL PASO NATURAL GAS COMPANY, L.L.C.",33,"EL PASO NATURAL GAS COMPANY, L.L.C.",WITHIN 40 FEET,2,27450,24962092,189013,153330,70864,672,1,2012/11/10 00:00:00+00,0,0
-99.609211236,35.2571620630001,136,136,GCOMP112,STATION 184 - SAYRE,12128 N. 1890 RD,SAYRE,OK,73662,NOT AVAILABLE,NATURAL GAS COMPRESSOR STATION,IN SERVICE,BECKHAM,40009,USA,35.257162063,-99.609211236,486210,PIPELINE TRANSPORTATION OF NATURAL GAS,"EPA ENVIROFACTS, FERC FORM 2, CORPORATE WEBSITE",2015/09/16 00:00:00+00,IMAGERY/OTHER,2016/03/14 00:00:00+00,http://www.kindermorgan.com/,NATURAL GAS PIPELINE COMPANY OF AMERICA LLC,26,NATURAL GAS PIPELINE COMPANY OF AMERICA LLC,WITHIN 40 FEET,8,26185,37095927,0,0,81834,3821,3,2012/03/26 00:00:00+00,0,0
-109.727265,35.554986,137,137,GCOMP1120,NAVAJO,INDIAN RTE 9205 (7.6 MILES NE OF GREASEWOOD),GREASEWOOD,AZ,86502,NOT AVAILABLE,NATURAL GAS COMPRESSOR STATION,IN SERVICE,APACHE,04001,USA,35.554986,-109.727265,486210,PIPELINE TRANSPORTATION OF NATURAL GAS,"FERC FORM 2, CORPORATE WEBSITE, IMAGERY",2015/10/09 00:00:00+00,IMAGERY/OTHER,2016/03/14 00:00:00+00,https://pipeportal.kindermorgan.com/,"EL PASO NATURAL GAS COMPANY, L.L.C.",33,"EL PASO NATURAL GAS COMPANY, L.L.C.",WITHIN 40 FEET,4,41020,48594953,770705,112510,289673,3464,2,2012/04/09 00:00:00+00,0,0
-107.315775,34.993438,138,138,GCOMP1121,LAGUNA,"INDIAN SERVICE ROUTE 522; (6 MILES EAST OF NEW LAGUNA)",MESITA,NM,87038,NOT AVAILABLE,NATURAL GAS COMPRESSOR STATION,IN SERVICE,CIBOLA,35006,USA,34.993438,-107.315775,486210,PIPELINE TRANSPORTATION OF NATURAL GAS,"EPA ENVIROFACTS, FERC FORM 2, CORPORATE WEBSITE",2015/09/21 00:00:00+00,IMAGERY/OTHER,2016/03/14 00:00:00+00,https://pipeportal.kindermorgan.com/,"EL PASO NATURAL GAS COMPANY, L.L.C.",33,"EL PASO NATURAL GAS COMPANY, L.L.C.",WITHIN 40 FEET,3,10200,9624750,499115,907172,195093,7188,2,2012/08/02 00:00:00+00,0,0
-108.075757,39.4695550000001,139,139,GCOMP1122,PARACHUTE,INTERSECTION OF HWY 215 AND GARDEN GULCH RD.,PARACHUTE,CO,81635,NOT AVAILABLE,NATURAL GAS COMPRESSOR STATION,NOT AVAILABLE,GARFIELD,08045,USA,39.469555,-108.075757,486210,PIPELINE TRANSPORTATION OF NATURAL GAS,"EPA ENVIROFACTS, FERC FORM 2, IMAGERY",2015/11/04 00:00:00+00,IMAGERY/OTHER,2016/03/14 00:00:00+00,NOT AVAILABLE,"COLORADO INTERSTATE GAS COMPANY, L.L.C.",32,"COLORADO INTERSTATE GAS COMPANY, L.L.C.",WITHIN 40 FEET,0,2936,-999,0,0,0,0,0,1970/01/01 00:00:00+00,0,0
-99.322987,37.614245,140,140,GCOMP1123,GREENSBURG,INTERSECTION OF US 183 AND US 54,GREENSBURG,KS,67054,NOT AVAILABLE,NATURAL GAS COMPRESSOR STATION,IN SERVICE,KIOWA,20097,USA,37.614245,-99.322987,486210,PIPELINE TRANSPORTATION OF NATURAL GAS,"EPA ENVIROFACTS, FERC FORM 2, CORPORATE WEBSITE, IMAGERY",2015/10/21 00:00:00+00,IMAGERY/OTHER,2016/03/14 00:00:00+00,http://anrebb.transcanada.com/,ANR PIPELINE COMPANY,48,ANR PIPELINE COMPANY,WITHIN 40 FEET,10,16940,15484923,2107045,1013227,769921,66037,9,2012/11/30 00:00:00+00,0,0
-80.874049,39.1994930000001,141,141,GCOMP1124,NEW OXFORD,INTERSECTION OF WHITE OAK ROAD & HARRISVILLE-PULLMAN OXFORD,OXFORD,WV,26421,NOT AVAILABLE,NATURAL GAS COMPRESSOR STATION,IN SERVICE,RITCHIE,54085,USA,39.199493,-80.874049,486210,PIPELINE TRANSPORTATION OF NATURAL GAS,"EPA ENVIROFACTS, FERC FORM 2, CORPORATE WEBSITE",2015/09/24 00:00:00+00,IMAGERY/OTHER,2016/03/14 00:00:00+00,http://escript.dom.com/,"DOMINION TRANSMISSION, INC.",22,"DOMINION TRANSMISSION, INC.",WITHIN 40 FEET,1,600,2129342,95452,61474,34230,8398,1,2012/11/18 00:00:00+00,0,0
-90.5271721,33.312587072,142,142,GCOMP1125,INVERNESS,INVERNESS RD/EAST OF RAWLAND,BELZONI,MS,39038,NOT AVAILABLE,NATURAL GAS COMPRESSOR STATION,IN SERVICE,HUMPHREYS,28053,USA,33.312587072,-90.5271721,486210,PIPELINE TRANSPORTATION OF NATURAL GAS,"EPA ENVIROFACTS, FERC FORM 2, CORPORATE WEBSITE",2015/09/25 00:00:00+00,IMAGERY/OTHER,2016/03/14 00:00:00+00,http://www.columbiapipeinfo.com/,COLUMBIA GULF TRANSMISSION COMPANY,70,COLUMBIA GULF TRANSMISSION COMPANY,WITHIN 40 FEET,6,48050,39075452,1718824,1018602,634295,10760,6,2012/04/29 00:00:00+00,0,0
-81.879985,40.9747370000001,143,143,GCOMP1126,CRESTON,JORDAN RD & EAST BAUM ST.,CRESTON,OH,44217,NOT AVAILABLE,NATURAL GAS COMPRESSOR STATION,IN SERVICE,WAYNE,39169,USA,40.974737,-81.879985,486210,PIPELINE TRANSPORTATION OF NATURAL GAS,"EPA ENVIROFACTS, FERC FORM 2, CORPORATE WEBSITE",2015/11/04 00:00:00+00,IMAGERY/OTHER,2016/03/14 00:00:00+00,http://www.columbiapipeinfo.com/,"COLUMBIA GAS TRANSMISSION,LLC",21,"COLUMBIA GAS TRANSMISSION,LLC",WITHIN 40 FEET,1,360,525391,0,3290,0,0,0,1970/01/01 00:00:00+00,0,0
-80.658833,38.8627000000001,144,144,GCOMP1127,BURNSVILLE,KANAWHA & SARTOAGO STS,BURNSVILLE,WV,26335,NOT AVAILABLE,NATURAL GAS COMPRESSOR STATION,IN SERVICE,BRAXTON,54007,USA,38.8627,-80.658833,486210,PIPELINE TRANSPORTATION OF NATURAL GAS,"EPA ENVIROFACTS, FERC FORM 2, CORPORATE WEBSITE",2015/09/21 00:00:00+00,IMAGERY/OTHER,2016/03/14 00:00:00+00,http://equitrans.eqtmidstreampartners.com/,"EQUITRANS, L.P.",24,"EQUITRANS, L.P.",WITHIN 40 FEET,3,3300,8804265,406745,222692,145272,16434,2,2012/09/18 00:00:00+00,36111,-999
-109.662300595,32.1088613110001,145,145,GCOMP1128,WILCOX,"KANSAS SETTLEMENT (3 MI SOUTH OF MP-63 ON I-10); (3 MI SOUTH OF MP-63 ON I-10)",WILLCOX,AZ,85643,NOT AVAILABLE,NATURAL GAS COMPRESSOR STATION,IN SERVICE,COCHISE,04003,USA,32.108861311,-109.662300595,486210,PIPELINE TRANSPORTATION OF NATURAL GAS,"EPA ENVIROFACTS, FERC FORM 2, CORPORATE WEBSITE",2015/09/21 00:00:00+00,IMAGERY/OTHER,2016/03/14 00:00:00+00,https://pipeportal.kindermorgan.com/,"EL PASO NATURAL GAS COMPANY, L.L.C.",33,"EL PASO NATURAL GAS COMPANY, L.L.C.",WITHIN 40 FEET,2,28000,21089579,972,226940,300,0,0,1970/01/01 00:00:00+00,0,0
-81.4074009999999,38.2381770000001,146,146,GCOMP1129,BUFF LICK,KELLEYS CREEK RD & LAUNA DR,CEDAR GROVE,WV,25039,NOT AVAILABLE,NATURAL GAS COMPRESSOR STATION,IN SERVICE,KANAWHA,54039,USA,38.238177,-81.407401,486210,PIPELINE TRANSPORTATION OF NATURAL GAS,"FERC FORM 2, IMAGERY",2015/09/29 00:00:00+00,IMAGERY/OTHER,2016/03/14 00:00:00+00,http://www.columbiapipeinfo.com/,"COLUMBIA GAS TRANSMISSION,LLC",21,"COLUMBIA GAS TRANSMISSION,LLC",WITHIN 40 FEET,1,600,1241456,59051,126212,20955,8105,1,2012/12/19 00:00:00+00,1200,-999
-79.563843,40.3870810000001,147,147,GCOMP113,DELMONT,"121B BEAVER RUN RD.; 807 ADA LN, DELMONT, PA 15626",DELMONT,PA,15626,NOT AVAILABLE,NATURAL GAS COMPRESSOR STATION,IN SERVICE,WESTMORELAND,42129,USA,40.387081,-79.563843,486210,PIPELINE TRANSPORTATION OF NATURAL GAS,"FERC FORM 2, IMAGERY",2015/09/29 00:00:00+00,IMAGERY/OTHER,2016/03/14 00:00:00+00,http://www.columbiapipeinfo.com/,"COLUMBIA GAS TRANSMISSION,LLC",21,"COLUMBIA GAS TRANSMISSION,LLC",NOTIONAL,2,1904,7442691,181114,216883,62448,6643,2,2012/03/05 00:00:00+00,12409,-999
-113.108192002,41.760687004,148,148,GCOMP1130,WILDCAT HILLS,KELTON RD (0.12 MILES NE OF KELTON),KELTON,UT,84329,NOT AVAILABLE,NATURAL GAS COMPRESSOR STATION,IN SERVICE,BOX ELDER,49003,USA,41.760687004,-113.108192002,486210,PIPELINE TRANSPORTATION OF NATURAL GAS,"FERC FORM 2, CORPORATE WEBSITE, IMAGERY",2015/08/18 00:00:00+00,IMAGERY/OTHER,2016/03/14 00:00:00+00,http://ebb.cigco.com/,"RUBY PIPELINE, L.L.C.",63,"RUBY PIPELINE, L.L.C.",WITHIN 40 FEET,2,28668,41651749,790851,234759,247422,2439,1,2012/03/20 00:00:00+00,0,0
-97.8091240909999,37.9063941840001,149,149,GCOMP1131,KANSAS-HAVEN-RENO COUNTY,KENT ROAD & HWY K-96,HAVEN,KS,67543,NOT AVAILABLE,NATURAL GAS COMPRESSOR STATION,IN SERVICE,RENO,20155,USA,37.906394184,-97.809124091,486210,PIPELINE TRANSPORTATION OF NATURAL GAS,"EPA ENVIROFACTS, FERC FORM 2, CORPORATE WEBSITE",2015/09/11 00:00:00+00,IMAGERY/OTHER,2016/03/14 00:00:00+00,http://peplmessenger.energytransfer.com/,"PANHANDLE EASTERN PIPE LINE COMPANY, LP",28,"PANHANDLE EASTERN PIPE LINE COMPANY, LP",WITHIN 40 FEET,17,38200,20750179,3446061,1856448,1293001,62593,12,2012/10/02 00:00:00+00,0,0
-88.652229,42.782541,150,150,GCOMP1132,WISCONSIN - BLUFF CREEK - WALWORTH COUNTY,KETTLE MORAINE DR/EAST OF MCCABE RD,WHITEWATER,WI,53190,NOT AVAILABLE,NATURAL GAS COMPRESSOR STATION,IN SERVICE,WALWORTH,55127,USA,42.782541,-88.652229,486210,PIPELINE TRANSPORTATION OF NATURAL GAS,"FERC FORM 2, IMAGERY",2015/10/07 00:00:00+00,IMAGERY/OTHER,2016/03/14 00:00:00+00,http://www.gpl.oneokpartners.com/,"GUARDIAN PIPELINE, L.L.C.",63,"GUARDIAN PIPELINE, L.L.C.",WITHIN 40 FEET,1,39000,35803934,0,0,0,18,0,1970/01/01 00:00:00+00,56584,122232
-101.93744415,39.9272478880001,151,151,GCOMP1133,576 ST. FRANCIS,KS-27,ST FRANCIS,KS,67756,NOT AVAILABLE,NATURAL GAS COMPRESSOR STATION,IN SERVICE,CHEYENNE,20023,USA,39.927247888,-101.93744415,486210,PIPELINE TRANSPORTATION OF NATURAL GAS,"EPA ENVIROFACTS, FERC FORM 2, CORPORATE WEBSITE",2015/09/09 00:00:00+00,IMAGERY/OTHER,2016/03/14 00:00:00+00,https://csi.sscgp.com/,"SOUTHERN STAR CENTRAL GAS PIPELINE, INC.",43,"SOUTHERN STAR CENTRAL GAS PIPELINE, INC.",WITHIN 40 FEET,1,2400,4413378,232340,127751,92124,4736,1,2012/06/03 00:00:00+00,0,0
-100.835451,39.9155900000001,152,152,GCOMP1134,HERNDON,KS-314/3.7 MILES EAST OF ROAD 28,HERNDON,KS,67739,NOT AVAILABLE,NATURAL GAS COMPRESSOR STATION,IN SERVICE,RAWLINS,20153,USA,39.91559,-100.835451,486210,PIPELINE TRANSPORTATION OF NATURAL GAS,"FERC FORM 2, CORPORATE WEBSITE, IMAGERY",2015/09/09 00:00:00+00,IMAGERY/OTHER,2016/03/14 00:00:00+00,http://pipeline.tallgrassenergylp.com/,TALLGRASS INTERSTATE GAS TRANSMISSION LLC,53,TALLGRASS INTERSTATE GAS TRANSMISSION LLC,WITHIN 40 FEET,2,6670,12789867,0,0,56579,2927,2,2012/07/27 00:00:00+00,0,0
-86.838298962,37.5061307350001,153,153,GCOMP1135,#2105 HARTFORD,KY HWY 69 PO BOX 185,HARTFORD,KY,42347,NOT AVAILABLE,NATURAL GAS COMPRESSOR STATION,IN SERVICE,OHIO,21183,USA,37.506130735,-86.838298962,486210,PIPELINE TRANSPORTATION OF NATURAL GAS,"EPA ENVIROFACTS, FERC FORM 2, CORPORATE WEBSITE",2015/09/17 00:00:00+00,IMAGERY/OTHER,2016/03/14 00:00:00+00,www.mgt.nborder.com,MIDWESTERN GAS TRANSMISSION COMPANY,5,MIDWESTERN GAS TRANSMISSION COMPANY,WITHIN 40 FEET,2,15590,7969854,0,0,0,0,0,1970/01/01 00:00:00+00,0,0
-83.924517,37.604542,154,154,GCOMP1136,STATION CAMP,KY RT 1209/NW OF SEARCY BRANCH RD,STATION CAMP,KY,40336,NOT AVAILABLE,NATURAL GAS COMPRESSOR STATION,IN SERVICE,ESTILL,21065,USA,37.604542,-83.924517,486210,PIPELINE TRANSPORTATION OF NATURAL GAS,CORPORATE WEBSITE,2015/10/27 00:00:00+00,IMAGERY/OTHER,2016/03/14 00:00:00+00,http://www.columbiapipeinfo.com/,"COLUMBIA GAS TRANSMISSION,LLC",21,"COLUMBIA GAS TRANSMISSION,LLC",WITHIN 40 FEET,4,920,206989,186936,450878,66781,30172,4,2012/11/07 00:00:00+00,0,0
-87.3138,37.2966410000001,155,155,GCOMP1137,MIDLAND FIELD,KY-175/KY-70,GRAHAM,KY,42344,NOT AVAILABLE,NATURAL GAS COMPRESSOR STATION,IN SERVICE,MUHLENBERG,21177,USA,37.296641,-87.3138,486210,PIPELINE TRANSPORTATION OF NATURAL GAS,"FERC FORM 2, CORPORATE WEBSITE",2015/08/27 00:00:00+00,IMAGERY/OTHER,2016/03/14 00:00:00+00,http://infopost.bwpmlp.com/,"TEXAS GAS TRANSMISSION, LLC",18,"TEXAS GAS TRANSMISSION, LLC",WITHIN 40 FEET,8,27000,56474451,437265,1873156,171897,3766,2,2012/04/15 00:00:00+00,231542,1878400
-99.504193,37.9289860000001,156,156,GCOMP1138,STATION 193 - KINSLEY,L RD,KINSLEY,KS,67547,NOT AVAILABLE,NATURAL GAS COMPRESSOR STATION,IN SERVICE,EDWARDS,20047,USA,37.928986,-99.504193,486210,PIPELINE TRANSPORTATION OF NATURAL GAS,"EPA ENVIROFACTS, FERC FORM 2, CORPORATE WEBSITE",2015/09/16 00:00:00+00,IMAGERY/OTHER,2016/03/14 00:00:00+00,http://www.kindermorgan.com/,NATURAL GAS PIPELINE COMPANY OF AMERICA LLC,26,NATURAL GAS PIPELINE COMPANY OF AMERICA LLC,WITHIN 40 FEET,1,14500,7411310,0,0,420,0,0,1970/01/01 00:00:00+00,0,0
-92.2121922599999,31.5275064300001,157,157,GCOMP1139,JENA,LA-127,JENA,LA,71342,NOT AVAILABLE,NATURAL GAS COMPRESSOR STATION,IN SERVICE,LA SALLE,22059,USA,31.52750643,-92.21219226,486210,PIPELINE TRANSPORTATION OF NATURAL GAS,"EPA ENVIROFACTS, FERC FORM 2, CORPORATE WEBSITE",2015/10/21 00:00:00+00,IMAGERY/OTHER,2016/03/14 00:00:00+00,http://anrebb.transcanada.com/,ANR PIPELINE COMPANY,48,ANR PIPELINE COMPANY,WITHIN 40 FEET,7,32330,20499937,24180,378463,9658,480,4,2012/06/09 00:00:00+00,0,0
-89.3081051139999,35.9398274120001,158,158,GCOMP114,TENNESSEE - DYERSBERG - DYER COUNTY,1224 BONICORD ROAD,DYERSBURG,TN,38024,NOT AVAILABLE,NATURAL GAS COMPRESSOR STATION,IN SERVICE,DYER,47045,USA,35.939827412,-89.308105114,486210,PIPELINE TRANSPORTATION OF NATURAL GAS,"EPA ENVIROFACTS, FERC FORM 2, CORPORATE WEBSITE",2015/08/20 00:00:00+00,IMAGERY/OTHER,2016/03/14 00:00:00+00,http://feptransfer.energytransfer.com/,"TRUNKLINE GAS COMPANY, LLC",30,"TRUNKLINE GAS COMPANY, LLC",WITHIN 40 FEET,8,30001,18366113,2200354,1111762,809766,29201,6,2012/01/14 00:00:00+00,0,0
-91.575730062,32.620129789,159,159,GCOMP1140,LOUISIANA - EPPS - WEST CARROL PARISH,LA-134/WEST OF GWIN RD,EPPS,LA,71237,NOT AVAILABLE,NATURAL GAS COMPRESSOR STATION,IN SERVICE,WEST CARROLL,22123,USA,32.620129789,-91.575730062,486210,PIPELINE TRANSPORTATION OF NATURAL GAS,"EPA ENVIROFACTS, FERC FORM 2, CORPORATE WEBSITE",2015/08/20 00:00:00+00,IMAGERY/OTHER,2016/03/14 00:00:00+00,http://feptransfer.energytransfer.com/,"TRUNKLINE GAS COMPANY, LLC",30,"TRUNKLINE GAS COMPANY, LLC",WITHIN 40 FEET,8,33100,25117332,0,1139424,0,2749,0,2012/01/13 00:00:00+00,0,0
-91.859359505,32.3511184270001,160,160,GCOMP1141,ALTO,LA-135 (0.46 MILES SOUTH OF ALTO),ALTO,LA,71269,NOT AVAILABLE,NATURAL GAS COMPRESSOR STATION,IN SERVICE,RICHLAND,22083,USA,32.351118427,-91.859359505,486210,PIPELINE TRANSPORTATION OF NATURAL GAS,"FERC FORM 2, LOUISIANA DEPARTMENT OF ENVIRONMENTAL QUALITY",2015/08/19 00:00:00+00,IMAGERY/OTHER,2016/03/14 00:00:00+00,http://pipelines.centerpointenergy.com/,"CENTERPOINT ENERGY GAS TRANSMISSION COMPANY, LLC",31,"CENTERPOINT ENERGY GAS TRANSMISSION COMPANY, LLC",WITHIN 40 FEET,1,15000,25075626,23383,179438,7399,54,0,1970/01/01 00:00:00+00,0,0
-111.464694235,39.8194386600001,161,161,GCOMP1142,UTAH - THISTLE CREEK,LAKE FORK RD,FAIRVIEW,UT,84629,NOT AVAILABLE,NATURAL GAS COMPRESSOR STATION,IN SERVICE,UTAH,49049,USA,39.81943866,-111.464694235,486210,PIPELINE TRANSPORTATION OF NATURAL GAS,"EPA ENVIROFACTS, FERC FORM 2, CORPORATE WEBSITE",2015/09/11 00:00:00+00,IMAGERY/OTHER,2016/03/14 00:00:00+00,http://www.questarpipeline.com/,QUESTAR PIPELINE COMPANY,55,QUESTAR PIPELINE COMPANY,WITHIN 40 FEET,1,7800,12987911,1140547,161728,441705,8627,1,2012/01/16 00:00:00+00,0,0
-79.65838,41.31719,162,162,GCOMP1143,VAN,LAKES TO THE SEA HIGHWAY (ROUTE 322) & VAN ROAD,CRANBERRY,PA,16319,NOT AVAILABLE,NATURAL GAS COMPRESSOR STATION,IN SERVICE,VENANGO,42121,USA,41.31719,-79.65838,486210,PIPELINE TRANSPORTATION OF NATURAL GAS,"EPA ENVIROFACTS, FERC FORM 2, CORPORATE WEBSITE",2015/09/16 00:00:00+00,IMAGERY/OTHER,2016/03/14 00:00:00+00,http://www.natfuel.com/,NATIONAL FUEL GAS SUPPLY CORPORATION,16,NATIONAL FUEL GAS SUPPLY CORPORATION,WITHIN 40 FEET,2,476,1059161,13543,912,5163,10842,2,2012/01/24 00:00:00+00,1189,6675
-81.630352,37.603958,163,163,GCOMP1144,SEARLS,LANESBRANCH RD & WV-97,BRENTON,WV,24818,NOT AVAILABLE,NATURAL GAS COMPRESSOR STATION,IN SERVICE,WYOMING,54109,USA,37.603958,-81.630352,486210,PIPELINE TRANSPORTATION OF NATURAL GAS,"FERC FORM 2, IMAGERY",2015/10/14 00:00:00+00,IMAGERY/OTHER,2016/03/14 00:00:00+00,http://escript.dom.com/,"DOMINION TRANSMISSION, INC.",22,"DOMINION TRANSMISSION, INC.",WITHIN 40 FEET,1,637,1175813,70177,51928,25987,7878,1,2012/05/15 00:00:00+00,0,0
-80.4397999999999,39.5235300000001,164,164,GCOMP1145,CURTISVILLE,LAUREL RUN LEFT/N OF CURTISVILLE PIKE,MANNINGTON,WV,26582,NOT AVAILABLE,NATURAL GAS COMPRESSOR STATION,IN SERVICE,MARION,54049,USA,39.52353,-80.4398,486210,PIPELINE TRANSPORTATION OF NATURAL GAS,"EPA ENVIROFACTS, FERC FORM 2, CORPORATE WEBSITE",2015/09/18 00:00:00+00,IMAGERY/OTHER,2016/03/14 00:00:00+00,http://equitrans.eqtmidstreampartners.com/,"EQUITRANS, L.P.",24,"EQUITRANS, L.P.",WITHIN 40 FEET,1,1100,2304791,95848,30538,35409,5172,1,2012/10/25 00:00:00+00,7673,-999
-80.866557809,39.2618424030001,165,165,GCOMP1146,LEASON,LEASON RUN(WV-19)/SOUTH OF WV-36/4,GREENWOOD,WV,26415,NOT AVAILABLE,NATURAL GAS COMPRESSOR STATION,IN SERVICE,DODDRIDGE,54017,USA,39.261842403,-80.866557809,486210,PIPELINE TRANSPORTATION OF NATURAL GAS,"FERC FORM 2, CORPORATE WEBSITE, IMAGERY",2015/10/08 00:00:00+00,IMAGERY/OTHER,2016/03/14 00:00:00+00,http://equitrans.eqtmidstreampartners.com/,"EQUITRANS, L.P.",24,"EQUITRANS, L.P.",WITHIN 40 FEET,1,140,231010,21348,7394,7609,8274,1,2012/02/01 00:00:00+00,861,-999
-89.260801,31.369743,166,166,GCOMP1147,PETAL # 1,LEEVILLE RD/CHAPEL HILL RD,PETAL,MS,39439,NOT AVAILABLE,NATURAL GAS COMPRESSOR STATION,IN SERVICE,JASPER,28035,USA,31.369743,-89.260801,486210,PIPELINE TRANSPORTATION OF NATURAL GAS,"EPA ENVIROFACTS, FERC FORM 2, CORPORATE WEBSITE",2015/08/24 00:00:00+00,IMAGERY/OTHER,2016/03/14 00:00:00+00,http://infopost.bwpmlp.com/,"PETAL GAS STORAGE, L.L.C.",63,"PETAL GAS STORAGE, L.L.C.",WITHIN 40 FEET,5,10435,13213704,135304,232639,44878,3588,5,2012/10/14 00:00:00+00,0,0
-89.264065,31.3717730000001,167,167,GCOMP1148,PETAL #2,LEEVILLE RD/CHAPEL HILL RD,PETAL,MS,39439,NOT AVAILABLE,NATURAL GAS COMPRESSOR STATION,IN SERVICE,JASPER,28035,USA,31.371773,-89.264065,486210,PIPELINE TRANSPORTATION OF NATURAL GAS,"EPA ENVIROFACTS, FERC FORM 2, CORPORATE WEBSITE",2015/08/24 00:00:00+00,IMAGERY/OTHER,2016/03/14 00:00:00+00,http://infopost.bwpmlp.com/,"PETAL GAS STORAGE, L.L.C.",63,"PETAL GAS STORAGE, L.L.C.",WITHIN 40 FEET,5,25000,37341208,107055,64667,37098,998,4,2012/12/25 00:00:00+00,285395,2552699
-89.260868,31.3782170000001,168,168,GCOMP1149,PETAL #3,LEEVILLE RD/CHAPEL HILL RD,HEIDELBERG,MS,39439,NOT AVAILABLE,NATURAL GAS COMPRESSOR STATION,IN SERVICE,JASPER,28035,USA,31.378217,-89.260868,486210,PIPELINE TRANSPORTATION OF NATURAL GAS,"EPA ENVIROFACTS, FERC FORM 2, CORPORATE WEBSITE",2015/08/18 00:00:00+00,IMAGERY/OTHER,2016/03/14 00:00:00+00,http://infopost.bwpmlp.com/,"PETAL GAS STORAGE, L.L.C.",63,"PETAL GAS STORAGE, L.L.C.",WITHIN 40 FEET,3,15000,73149344,0,488681,0,7538,3,2012/03/24 00:00:00+00,206493,1846962
-100.922723102,35.8026721300001,169,169,GCOMP115,PAMPA,1224 TX-70,MIAMI,TX,79059,NOT AVAILABLE,NATURAL GAS COMPRESSOR STATION,IN SERVICE,ROBERTS,48393,USA,35.80267213,-100.922723102,486210,PIPELINE TRANSPORTATION OF NATURAL GAS,"EPA ENVIROFACTS, FERC FORM 2, CORPORATE WEBSITE",2015/09/15 00:00:00+00,IMAGERY/OTHER,2016/03/14 00:00:00+00,http://www.northernnaturalgas.com/,NORTHERN NATURAL GAS COMPANY,59,NORTHERN NATURAL GAS COMPANY,WITHIN 40 FEET,1,9300,3420798,421,219607,148,11,1,2012/12/03 00:00:00+00,7809,91520
-110.619300979,41.3298848630001,170,170,GCOMP1150,WYOMING - LEROY,"LEROY RD; SEC33, T16N, RANGE 117W",FORT BRIDGER,WY,82933,NOT AVAILABLE,NATURAL GAS COMPRESSOR STATION,IN SERVICE,UINTA,56041,USA,41.329884863,-110.619300979,486210,PIPELINE TRANSPORTATION OF NATURAL GAS,"EPA ENVIROFACTS, FERC FORM 2, CORPORATE WEBSITE",2015/09/11 00:00:00+00,IMAGERY/OTHER,2016/03/14 00:00:00+00,http://www.questarpipeline.com/,QUESTAR PIPELINE COMPANY,55,QUESTAR PIPELINE COMPANY,WITHIN 40 FEET,1,3830,2686581,80803,48116,31446,582,0,2012/10/08 00:00:00+00,0,0
-111.093967,35.3055400000001,171,171,GCOMP1151,LEUPP,LEUPP RD,LEUPP,AZ,86035,NOT AVAILABLE,NATURAL GAS COMPRESSOR STATION,IN SERVICE,COCONINO,04005,USA,35.30554,-111.093967,486210,PIPELINE TRANSPORTATION OF NATURAL GAS,"EPA ENVIROFACTS, FERC FORM 2, CORPORATE WEBSITE",2015/09/21 00:00:00+00,IMAGERY/OTHER,2016/03/14 00:00:00+00,https://pipeportal.kindermorgan.com/,"EL PASO NATURAL GAS COMPANY, L.L.C.",33,"EL PASO NATURAL GAS COMPANY, L.L.C.",WITHIN 40 FEET,18,43260,43932041,3495371,2183227,1336565,92011,15,2012/05/09 00:00:00+00,0,0
-84.4322163849999,35.5118536000001,172,172,GCOMP1152,MADISONVILLE,LIBERALITY RD & HARRISON ROAD,MADISONVILLE,TN,37354,NOT AVAILABLE,NATURAL GAS COMPRESSOR STATION,IN SERVICE,MONROE,47123,USA,35.5118536,-84.432216385,486210,PIPELINE TRANSPORTATION OF NATURAL GAS,"EPA ENVIROFACTS, FERC FORM 2, CORPORATE WEBSITE, IMAGERY",2015/10/14 00:00:00+00,IMAGERY/OTHER,2016/03/14 00:00:00+00,http://www.spectraenergy.com/,"EAST TENNESSEE NATURAL GAS, LLC",2,"EAST TENNESSEE NATURAL GAS, LLC",WITHIN 40 FEET,1,1100,2804388,87063,0,30995,2302,0,2012/01/30 00:00:00+00,0,0
-108.191147,39.898449,173,173,GCOMP1153,GREASEWOOD,LITTLE CORRAL GULCH SPRING,MEEKER,CO,81650,NOT AVAILABLE,NATURAL GAS COMPRESSOR STATION,IN SERVICE,RIO BLANCO,08103,USA,39.898449,-108.191147,486210,PIPELINE TRANSPORTATION OF NATURAL GAS,"EPA ENVIROFACTS, FERC FORM 2, CORPORATE WEBSITE",2015/10/19 00:00:00+00,IMAGERY/OTHER,2016/03/14 00:00:00+00,http://ebb.cigco.com/,"COLORADO INTERSTATE GAS COMPANY, L.L.C.",32,"COLORADO INTERSTATE GAS COMPANY, L.L.C.",WITHIN 40 FEET,1,5278,6735330,488267,366775,189264,7437,1,2012/08/20 00:00:00+00,0,0
-81.787426,37.551433,174,174,GCOMP1154,HUFF CREEK,LITTLE HUFF CREEK & HW 52,STEELES,WV,24844,NOT AVAILABLE,NATURAL GAS COMPRESSOR STATION,IN SERVICE,WYOMING,54109,USA,37.551433,-81.787426,486210,PIPELINE TRANSPORTATION OF NATURAL GAS,"EPA ENVIROFACTS, FERC FORM 2, CORPORATE WEBSITE",2015/09/28 00:00:00+00,IMAGERY/OTHER,2016/03/14 00:00:00+00,http://www.columbiapipeinfo.com/,"COLUMBIA GAS TRANSMISSION,LLC",21,"COLUMBIA GAS TRANSMISSION,LLC",WITHIN 40 FEET,4,5680,14607184,419628,379864,147285,8136,1,2012/03/25 00:00:00+00,39483,-999
-80.772250014,38.927770434,175,175,GCOMP1155,GLENVILLE,LITTLE KANAWHA PARWAY (HWY-5)/ EAST OF MUD LICK RD JAKES RUN & HWY 5,GLENVILLE,WV,26351,NOT AVAILABLE,NATURAL GAS COMPRESSOR STATION,IN SERVICE,GILMER,54021,USA,38.927770434,-80.772250014,486210,PIPELINE TRANSPORTATION OF NATURAL GAS,"FERC FORM 2, IMAGERY",2015/09/29 00:00:00+00,IMAGERY/OTHER,2016/03/14 00:00:00+00,http://www.columbiapipeinfo.com/,"COLUMBIA GAS TRANSMISSION,LLC",21,"COLUMBIA GAS TRANSMISSION,LLC",WITHIN 40 FEET,5,10000,20911556,123881,1084508,43562,3454,3,2012/09/18 00:00:00+00,78356,-999
-80.8204279999999,38.9394,176,176,GCOMP1156,GLENVILLE,LITTLE KANAWHA PARWAY (WV-5),GLENVILLE,WV,26351,1306,NATURAL GAS COMPRESSOR STATION,IN SERVICE,GILMER,54021,USA,38.9394,-80.820428,486210,PIPELINE TRANSPORTATION OF NATURAL GAS,"FERC FORM 2, IMAGERY",2015/10/08 00:00:00+00,IMAGERY/OTHER,2016/03/14 00:00:00+00,http://equitrans.eqtmidstreampartners.com/,"EQUITRANS, L.P.",24,"EQUITRANS, L.P.",WITHIN 40 FEET,3,900,697588,135994,48741,49641,17440,2,2012/07/27 00:00:00+00,10383,-999
-78.138617,40.309244,177,177,GCOMP1157,ENTRIKEN,LOGGING RD 31118/WEST OF OLD FORGE RD,JAMES CREEK,PA,16657,NOT AVAILABLE,NATURAL GAS COMPRESSOR STATION,IN SERVICE,HUNTINGDON,42061,USA,40.309244,-78.138617,486210,PIPELINE TRANSPORTATION OF NATURAL GAS,"EPA ENVIROFACTS, FERC FORM 2, CORPORATE WEBSITE",2015/09/01 00:00:00+00,IMAGERY/OTHER,2016/03/14 00:00:00+00,http://www.spectraenergy.com/,"TEXAS EASTERN TRANSMISSION, LP",17,"TEXAS EASTERN TRANSMISSION, LP",WITHIN 40 FEET,1,22000,17810545,152571,0,57519,329,1,2012/01/21 00:00:00+00,26212,178200
-70.365786,43.7229,178,178,GCOMP1158,WESTBROOK,LOREZEN HILL -SMALL HARDY RD/HARDY RD,WESTBROOK,ME,04092,NOT AVAILABLE,NATURAL GAS COMPRESSOR STATION,IN SERVICE,CUMBERLAND,23005,USA,43.7229,-70.365786,486210,PIPELINE TRANSPORTATION OF NATURAL GAS,"FERC FORM 2, CORPORATE WEBSITE",2015/10/06 00:00:00+00,IMAGERY/OTHER,2016/03/14 00:00:00+00,http://www.spectraenergy.com/,"MARITIMES & NORTHEAST PIPELINE, L.L.C.",63,"MARITIMES & NORTHEAST PIPELINE, L.L.C.",WITHIN 40 FEET,2,26666,56853207,264154,0,58502,572,1,2012/01/20 00:00:00+00,0,0
-107.593524,43.2814250000001,179,179,GCOMP1159,LOST CABIN,LOST CABIN ROAD,LOST CABIN,WY,82642,NOT AVAILABLE,NATURAL GAS COMPRESSOR STATION,IN SERVICE,FREMONT,56013,USA,43.281425,-107.593524,486210,PIPELINE TRANSPORTATION OF NATURAL GAS,"EPA ENVIROFACTS, FERC FORM 2, CORPORATE WEBSITE",2015/10/19 00:00:00+00,IMAGERY/OTHER,2016/03/14 00:00:00+00,http://ebb.cigco.com/,"COLORADO INTERSTATE GAS COMPANY, L.L.C.",32,"COLORADO INTERSTATE GAS COMPANY, L.L.C.",WITHIN 40 FEET,3,2400,6150769,22568,253161,8022,1944,2,2012/12/22 00:00:00+00,0,0
-91.453978,29.7339480000001,180,180,GCOMP116,LOUISIANA - CENTERVILLE - ST. MARY PARISH,1230 TRUNKLINE LANE,CENTERVILLE,LA,70522,NOT AVAILABLE,NATURAL GAS COMPRESSOR STATION,IN SERVICE,SAINT MARY,22101,USA,29.733948,-91.453978,486210,PIPELINE TRANSPORTATION OF NATURAL GAS,"EPA ENVIROFACTS, FERC FORM 2, CORPORATE WEBSITE",2015/08/20 00:00:00+00,IMAGERY/OTHER,2016/03/14 00:00:00+00,http://feptransfer.energytransfer.com/,"TRUNKLINE GAS COMPANY, LLC",30,"TRUNKLINE GAS COMPANY, LLC",WITHIN 40 FEET,7,11250,10622481,71477,369000,25962,1807,0,2012/09/09 00:00:00+00,0,0
-74.2526,40.6053000000001,181,181,GCOMP1160,LINDEN,LOWER RD & RANGE RD,LINDEN,NJ,07036,NOT AVAILABLE,NATURAL GAS COMPRESSOR STATION,IN SERVICE,UNION,34039,USA,40.6053,-74.2526,486210,PIPELINE TRANSPORTATION OF NATURAL GAS,"EPA ENVIROFACTS, FERC FORM 2, CORPORATE WEBSITE",2015/09/01 00:00:00+00,IMAGERY/OTHER,2016/03/14 00:00:00+00,http://www.spectraenergy.com/,"TEXAS EASTERN TRANSMISSION, LP",17,"TEXAS EASTERN TRANSMISSION, LP",WITHIN 40 FEET,3,6150,22003283,598593,0,218480,11553,3,2012/01/15 00:00:00+00,94728,161098
-77.458042,42.4141980000001,182,182,GCOMP1161,#405A - CONNEXION NEW ENGLAND (AVOCA,MACKEY RD/WEST OF HWY 415,AVOCA,NY,14809,NOT AVAILABLE,NATURAL GAS COMPRESSOR STATION,IN SERVICE,STEUBEN,36101,USA,42.414198,-77.458042,486210,PIPELINE TRANSPORTATION OF NATURAL GAS,"FERC FORM 2, CORPORATE WEBSITE",2015/08/20 00:00:00+00,IMAGERY/OTHER,2016/03/14 00:00:00+00,http://pipeline2.kindermorgan.com/,"TENNESSEE GAS PIPELINE COMPANY, L.L.C.",9,"TENNESSEE GAS PIPELINE COMPANY, L.L.C.",WITHIN 40 FEET,1,7700,16502024,847380,139812,300377,5034,1,2012/10/12 00:00:00+00,0,0
-90.125258724,38.6821504070001,183,183,GCOMP1162,HORSESHOE LAKE,"MADISON COUNTY TRANSIT SCHOOLHOUSE TRAIL; 2.5 MILES EAST/NORTH OF VENICE",VENICE,IL,62090,NOT AVAILABLE,NATURAL GAS COMPRESSOR STATION,IN SERVICE,MADISON,17119,USA,38.682150407,-90.125258724,486210,PIPELINE TRANSPORTATION OF NATURAL GAS,"FERC FORM 2, CORPORATE WEBSITE",2015/11/03 00:00:00+00,IMAGERY/OTHER,2016/03/14 00:00:00+00,http://pipelines.centerpointenergy.com/,"CENTERPOINT ENERGY - MISSISSIPPI RIVER TRANSMISSION, LLC",25,"CENTERPOINT ENERGY - MISSISSIPPI RIVER TRANSMISSION, LLC",WITHIN 40 FEET,4,5580,13481065,677819,399572,258965,13000,3,1970/01/01 00:00:00+00,0,0
-79.662108,41.3673910000001,184,184,GCOMP1163,#303 - SENECA PA 303A,MEADOW CHURCH RD/ZACKREAL RD,SENECA,PA,16346,NOT AVAILABLE,NATURAL GAS COMPRESSOR STATION,IN SERVICE,VENANGO,42121,USA,41.367391,-79.662108,486210,PIPELINE TRANSPORTATION OF NATURAL GAS,"FERC FORM 2, IMAGERY",2015/08/18 00:00:00+00,IMAGERY/OTHER,2016/03/14 00:00:00+00,http://pipeline2.kindermorgan.com/,"TENNESSEE GAS PIPELINE COMPANY, L.L.C.",9,"TENNESSEE GAS PIPELINE COMPANY, L.L.C.",WITHIN 40 FEET,1,16000,31714703,11176,65502,3874,14,1,2012/08/28 00:00:00+00,0,0
-80.665710958,39.5481754510001,185,185,GCOMP1164,MOCKINGBIRD HILL,MOCKINGBIRD HILL RD/WV- STATE RT 20,PINE GROVE,WV,26419,NOT AVAILABLE,NATURAL GAS COMPRESSOR STATION,IN SERVICE,WETZEL,54103,USA,39.548175451,-80.665710958,486210,PIPELINE TRANSPORTATION OF NATURAL GAS,"FERC FORM 2, IMAGERY",2015/09/24 00:00:00+00,IMAGERY/OTHER,2016/03/14 00:00:00+00,http://escript.dom.com/,"DOMINION TRANSMISSION, INC.",22,"DOMINION TRANSMISSION, INC.",WITHIN 40 FEET,1,7800,12253213,315406,580488,107828,1715,1,2012/12/28 00:00:00+00,0,0
-80.3847249999999,39.126003,186,186,GCOMP1165,DAVIS,MT CLARE-LOST CREEK ROAD/EAST OF MCKENNEY RUN RD,LOST CREEK,WV,26385,NOT AVAILABLE,NATURAL GAS COMPRESSOR STATION,IN SERVICE,HARRISON,54033,USA,39.126003,-80.384725,486210,PIPELINE TRANSPORTATION OF NATURAL GAS,"FERC FORM 2, CORPORATE WEBSITE",2015/08/28 00:00:00+00,IMAGERY/OTHER,2016/03/14 00:00:00+00,http://escript.dom.com/,"DOMINION TRANSMISSION, INC.",22,"DOMINION TRANSMISSION, INC.",WITHIN 40 FEET,1,600,9109355,15016,147646,5828,0,0,1970/01/01 00:00:00+00,0,0
-81.912513,37.4693040000001,187,187,GCOMP1166,PANTHER CREEK,MURDIES FORK & SOUTH OF PANTHER MOUNTAIN RD,PANTHER,WV,24872,NOT AVAILABLE,NATURAL GAS COMPRESSOR STATION,IN SERVICE,MCDOWELL,54047,USA,37.469304,-81.912513,486210,PIPELINE TRANSPORTATION OF NATURAL GAS,"FERC FORM 2, EPA ENVIROFACTS, CORPORATE WEBSITE",2015/11/04 00:00:00+00,IMAGERY/OTHER,2016/03/14 00:00:00+00,http://escript.dom.com/,"DOMINION TRANSMISSION, INC.",22,"DOMINION TRANSMISSION, INC.",WITHIN 40 FEET,1,350,711093,44029,110108,15422,8421,1,2012/03/25 00:00:00+00,0,0
-87.82273,40.2616800000001,188,188,GCOMP1167,#2118 POTOMAC,N 620 E RD,POTOMAC,IL,61865,NOT AVAILABLE,NATURAL GAS COMPRESSOR STATION,IN SERVICE,VERMILION,17183,USA,40.26168,-87.82273,486210,PIPELINE TRANSPORTATION OF NATURAL GAS,"EPA ENVIROFACTS, FERC FORM 2, CORPORATE WEBSITE",2015/09/17 00:00:00+00,IMAGERY/OTHER,2016/03/14 00:00:00+00,www.mgt.nborder.com,MIDWESTERN GAS TRANSMISSION COMPANY,5,MIDWESTERN GAS TRANSMISSION COMPANY,WITHIN 40 FEET,4,9540,11249966,0,0,265696,11562,3,2012/11/03 00:00:00+00,0,0
-109.114724,41.648447,189,189,GCOMP1168,BAXTER,N BAXTER RD,ROCK SPRINGS,WY,82901,NOT AVAILABLE,NATURAL GAS COMPRESSOR STATION,IN SERVICE,SWEETWATER,56037,USA,41.648447,-109.114724,486210,PIPELINE TRANSPORTATION OF NATURAL GAS,"EPA ENVIROFACTS, FERC FORM 2, CORPORATE WEBSITE",2015/08/14 00:00:00+00,IMAGERY/OTHER,2016/03/14 00:00:00+00,http://ebb.cigco.com/,"WYOMING INTERSTATE COMPANY, L.L.C.",76,"WYOMING INTERSTATE COMPANY, L.L.C.",WITHIN 40 FEET,4,4800,8666919,188399,366007,69229,10774,3,2012/07/08 00:00:00+00,0,0
-76.15048,40.4090100000001,190,190,GCOMP1169,BERNVILLE,N HEIDLEBURG TWP,BERNVILLE,PA,19506,NOT AVAILABLE,NATURAL GAS COMPRESSOR STATION,IN SERVICE,BERKS,42011,USA,40.40901,-76.15048,486210,PIPELINE TRANSPORTATION OF NATURAL GAS,"EPA ENVIROFACTS, FERC FORM 2, CORPORATE WEBSITE",2015/09/01 00:00:00+00,IMAGERY/OTHER,2016/03/14 00:00:00+00,http://www.spectraenergy.com/,"TEXAS EASTERN TRANSMISSION, LP",17,"TEXAS EASTERN TRANSMISSION, LP",WITHIN 40 FEET,2,41800,22886022,1823297,0,637439,2721,2,2012/01/15 00:00:00+00,88070,579506
-111.318551957,40.922823411,191,191,GCOMP117,UTAH - CHALK CREEK,1247 E CHALK CREEK RD,COALVILLE,UT,84017,NOT AVAILABLE,NATURAL GAS COMPRESSOR STATION,IN SERVICE,SUMMIT,49043,USA,40.922823411,-111.318551957,486210,PIPELINE TRANSPORTATION OF NATURAL GAS,"EPA ENVIROFACTS, FERC FORM 2, CORPORATE WEBSITE",2015/09/11 00:00:00+00,IMAGERY/OTHER,2016/03/14 00:00:00+00,http://www.questarpipeline.com/,QUESTAR PIPELINE COMPANY,55,QUESTAR PIPELINE COMPANY,WITHIN 40 FEET,1,550,919218,21236,34372,6753,1097,0,2012/02/14 00:00:00+00,0,0
-103.108459,31.9498570000001,192,192,GCOMP1170,KEYSTONE MAINLINE,"N HIGHWAY 18; (8 MI N OF KERMIT ON HWY 18)",KERMIT,TX,79745,NOT AVAILABLE,NATURAL GAS COMPRESSOR STATION,IN SERVICE,WINKLER,48495,USA,31.949857,-103.108459,486210,PIPELINE TRANSPORTATION OF NATURAL GAS,"EPA ENVIROFACTS, FERC FORM 2, CORPORATE WEBSITE",2015/09/21 00:00:00+00,IMAGERY/OTHER,2016/03/14 00:00:00+00,https://pipeportal.kindermorgan.com/,"EL PASO NATURAL GAS COMPANY, L.L.C.",33,"EL PASO NATURAL GAS COMPANY, L.L.C.",WITHIN 40 FEET,15,24051,16735338,3086453,1989529,1152321,108651,15,2012/04/08 00:00:00+00,0,0
-104.708232,45.156322,193,193,GCOMP1171,WILLOW CREEK,N OF US 212 NEAR WY-ND BORDER,ALZADA,MT,59311,NOT AVAILABLE,NATURAL GAS COMPRESSOR STATION,IN SERVICE,CARTER,30011,USA,45.156322,-104.708232,486210,PIPELINE TRANSPORTATION OF NATURAL GAS,"EPA ENVIROFACTS, FERC FORM 2, CORPORATE WEBSITE",2015/08/14 00:00:00+00,IMAGERY/OTHER,2016/03/14 00:00:00+00,http://transmission.wbienergy.com/,WILLISTON BASIN INTERSTATE PIPELINE COMPANY,49,WILLISTON BASIN INTERSTATE PIPELINE COMPANY,WITHIN 40 FEET,2,7100,11197944,4604,53527,1617,0,0,1970/01/01 00:00:00+00,0,0
-110.755806,32.62282,194,194,GCOMP1172,ORACLE,"N. ORACLE TURBINE STATION RD; (2308 S. TURBINE RD)",ORACLE,AZ,85623,NOT AVAILABLE,NATURAL GAS COMPRESSOR STATION,IN SERVICE,PINAL,04021,USA,32.62282,-110.755806,486210,PIPELINE TRANSPORTATION OF NATURAL GAS,"EPA ENVIROFACTS, FERC FORM 2, CORPORATE WEBSITE",2015/09/21 00:00:00+00,IMAGERY/OTHER,2016/03/14 00:00:00+00,https://pipeportal.kindermorgan.com/,"EL PASO NATURAL GAS COMPANY, L.L.C.",33,"EL PASO NATURAL GAS COMPANY, L.L.C.",WITHIN 40 FEET,1,13450,6969246,2021230,113558,743869,6681,1,2012/01/15 00:00:00+00,0,0
-100.396354,36.895635,195,195,GCOMP1173,MOCANE,N1456 ROAD & US-64,MOCANE,OK,73938,NOT AVAILABLE,NATURAL GAS COMPRESSOR STATION,IN SERVICE,BEAVER,40007,USA,36.895635,-100.396354,486210,PIPELINE TRANSPORTATION OF NATURAL GAS,"EPA ENVIROFACTS, FERC FORM 2, CORPORATE WEBSITE",2015/10/19 00:00:00+00,IMAGERY/OTHER,2016/03/14 00:00:00+00,http://ebb.cigco.com/,"COLORADO INTERSTATE GAS COMPANY, L.L.C.",32,"COLORADO INTERSTATE GAS COMPANY, L.L.C.",WITHIN 40 FEET,9,16900,15248815,1453019,1124591,552765,50107,6,2012/12/31 00:00:00+00,0,0
-99.973766527,36.499771491,196,196,GCOMP1174,ELLIS COUNTY 4,N1710 RD/SOUTH OF E0350 RD,SHATTUCK,OK,73858,NOT AVAILABLE,NATURAL GAS COMPRESSOR STATION,NOT AVAILABLE,ELLIS,40045,USA,36.499771491,-99.973766527,486210,PIPELINE TRANSPORTATION OF NATURAL GAS,"EPA ENVIROFACTS, FERC FORM 2, CORPORATE WEBSITE, IMAGERY",2015/10/27 00:00:00+00,IMAGERY/OTHER,2016/03/14 00:00:00+00,http://www.dcpmidstream.com/,"CIMARRON RIVER PIPELINE, LLC",575,"CIMARRON RIVER PIPELINE, LLC",WITHIN 40 FEET,2,-999,-999,0,0,0,0,0,1970/01/01 00:00:00+00,0,0
-99.85539312,36.4558502080001,197,197,GCOMP1175,ELLIS COUNTY 3,N1770 RD/NORTH OF E0390 RD,SHATTUCK,OK,73858,NOT AVAILABLE,NATURAL GAS COMPRESSOR STATION,IN SERVICE,ELLIS,40045,USA,36.455850208,-99.85539312,486210,PIPELINE TRANSPORTATION OF NATURAL GAS,"FERC FORM 2, CORPORATE WEBSITE",2015/10/27 00:00:00+00,IMAGERY/OTHER,2016/03/14 00:00:00+00,http://www.dcpmidstream.com/,"CIMARRON RIVER PIPELINE, LLC",575,"CIMARRON RIVER PIPELINE, LLC",WITHIN 40 FEET,2,927,873322,0,31084,48888,16338,2,2012/03/27 00:00:00+00,5032,37670
-99.661152,36.357378,198,198,GCOMP1176,ELLIS COUNTY 2,N1880 RD,FARGO,OK,73840,NOT AVAILABLE,NATURAL GAS COMPRESSOR STATION,IN SERVICE,ELLIS,40045,USA,36.357378,-99.661152,486210,PIPELINE TRANSPORTATION OF NATURAL GAS,"EPA ENVIROFACTS, FERC FORM 2, CORPORATE WEBSITE",2015/10/19 00:00:00+00,IMAGERY/OTHER,2016/03/14 00:00:00+00,http://www.dcpmidstream.com/,"CIMARRON RIVER PIPELINE, LLC",575,"CIMARRON RIVER PIPELINE, LLC",WITHIN 40 FEET,4,3889,2474692,0,175161,184924,31763,4,2012/01/21 00:00:00+00,18896,215389
-99.551321,36.3373120000001,199,199,GCOMP1177,WOODWARD COUNTY 1,N1940 RD,SHARON,OK,73857,NOT AVAILABLE,NATURAL GAS COMPRESSOR STATION,IN SERVICE,WOODWARD,40153,USA,36.337312,-99.551321,486210,PIPELINE TRANSPORTATION OF NATURAL GAS,"EPA ENVIROFACTS, FERC FORM 2, CORPORATE WEBSITE",2015/10/19 00:00:00+00,IMAGERY/OTHER,2016/03/14 00:00:00+00,http://www.dcpmidstream.com/,"CIMARRON RIVER PIPELINE, LLC",575,"CIMARRON RIVER PIPELINE, LLC",WITHIN 40 FEET,2,1291,1212411,0,32330,18372,9538,2,2012/03/22 00:00:00+00,2695,21644
-99.22808,36.435644,200,200,GCOMP1178,STATION 159 - MOORELAND,"N2120 RD; CORNER OF N2120 RD AND US-412",MOORELAND,OK,73852,NOT AVAILABLE,NATURAL GAS COMPRESSOR STATION,IN SERVICE,WOODWARD,40153,USA,36.435644,-99.22808,486210,PIPELINE TRANSPORTATION OF NATURAL GAS,"EPA ENVIROFACTS, FERC FORM 2, CORPORATE WEBSITE",2015/10/02 00:00:00+00,IMAGERY/OTHER,2016/03/14 00:00:00+00,http://www.kindermorgan.com/,NATURAL GAS PIPELINE COMPANY OF AMERICA LLC,26,NATURAL GAS PIPELINE COMPANY OF AMERICA LLC,WITHIN 40 FEET,1,3165,1352386,0,0,0,0,0,1970/01/01 00:00:00+00,0,0
-99.2033440019999,36.2379654260001,201,201,GCOMP1179,548 MUTUAL,N2130 RD,MUTUAL,OK,73853,NOT AVAILABLE,NATURAL GAS COMPRESSOR STATION,IN SERVICE,WOODWARD,40153,USA,36.237965426,-99.203344002,486210,PIPELINE TRANSPORTATION OF NATURAL GAS,"EPA ENVIROFACTS, FERC FORM 2, CORPORATE WEBSITE",2015/09/10 00:00:00+00,IMAGERY/OTHER,2016/03/14 00:00:00+00,https://csi.sscgp.com/,"SOUTHERN STAR CENTRAL GAS PIPELINE, INC.",43,"SOUTHERN STAR CENTRAL GAS PIPELINE, INC.",WITHIN 40 FEET,1,1100,1795076,13464,362423,6432,918,1,2012/04/11 00:00:00+00,0,0
-101.862565,34.1653690000001,202,202,GCOMP118,PLAINVIEW,1249 COUNTY ROAD 105,PLAINVIEW,TX,79072,NOT AVAILABLE,NATURAL GAS COMPRESSOR STATION,IN SERVICE,HALE,48189,USA,34.165369,-101.862565,486210,PIPELINE TRANSPORTATION OF NATURAL GAS,"EPA ENVIROFACTS, FERC FORM 2, CORPORATE WEBSITE",2015/09/15 00:00:00+00,IMAGERY/OTHER,2016/03/14 00:00:00+00,http://www.northernnaturalgas.com/,NORTHERN NATURAL GAS COMPANY,59,NORTHERN NATURAL GAS COMPANY,WITHIN 40 FEET,1,9300,4399860,247372,102143,83369,1430,1,2012/09/11 00:00:00+00,10550,115920
-99.1512124399999,36.1016007420001,203,203,GCOMP1180,LENORA,N2160 RD/E0630 RD,LENORA,OK,73667,NOT AVAILABLE,NATURAL GAS COMPRESSOR STATION,IN SERVICE,DEWEY,40043,USA,36.101600742,-99.15121244,486210,PIPELINE TRANSPORTATION OF NATURAL GAS,"FERC FORM 2, OKLAHOMA DEPARTMENT OF ENVIRONMENTAL QUALITY",2015/10/27 00:00:00+00,IMAGERY/OTHER,2016/03/14 00:00:00+00,http://anrebb.transcanada.com/,ANR PIPELINE COMPANY,48,ANR PIPELINE COMPANY,WITHIN 40 FEET,2,17226,-999,0,0,0,0,0,1970/01/01 00:00:00+00,0,0
-98.897126127,35.6480313500001,204,204,GCOMP1181,TRANSOK,"N2300 RD; 2 MILES E OFF HWY 33",CUSTER CITY,OK,73639,NOT AVAILABLE,NATURAL GAS COMPRESSOR STATION,IN SERVICE,CUSTER,40039,USA,35.64803135,-98.897126127,486210,PIPELINE TRANSPORTATION OF NATURAL GAS,"EPA ENVIROFACTS, FERC FORM 2, CORPORATE WEBSITE",2015/11/04 00:00:00+00,IMAGERY/OTHER,2016/03/14 00:00:00+00,http://anrebb.transcanada.com/,ANR PIPELINE COMPANY,48,ANR PIPELINE COMPANY,WITHIN 40 FEET,1,720,36698,94772,0,35661,7818,1,2012/03/20 00:00:00+00,0,0
-85.4451535109999,46.1154737530001,205,205,GCOMP1182,NAUBINWAY,N6725 NAUBINWAY RD,ENGADINE,MI,49827,NOT AVAILABLE,NATURAL GAS COMPRESSOR STATION,IN SERVICE,MACKINAC,26097,USA,46.115473753,-85.445153511,486210,PIPELINE TRANSPORTATION OF NATURAL GAS,"EPA ENVIROFACTS, FERC FORM 2, CORPORATE WEBSITE",2015/09/18 00:00:00+00,IMAGERY/OTHER,2016/03/14 00:00:00+00,http://www.glgt.com/,GREAT LAKES GAS TRANSMISSION LIMITED PTRSHP,51,GREAT LAKES GAS TRANSMISSION LIMITED PTRSHP,WITHIN 40 FEET,2,25000,20697728,1610510,641973,600521,4360,2,2012/01/23 00:00:00+00,0,0
-103.630852329,32.912932105,206,206,GCOMP1183,STATION 167 - LOVINGTON,NATURAL RD/HWY 82,LOVINGTON,NM,88260,NOT AVAILABLE,NATURAL GAS COMPRESSOR STATION,IN SERVICE,LEA,35025,USA,32.912932105,-103.630852329,486210,PIPELINE TRANSPORTATION OF NATURAL GAS,"EPA ENVIROFACTS, FERC FORM 2, CORPORATE WEBSITE",2015/09/16 00:00:00+00,IMAGERY/OTHER,2016/03/14 00:00:00+00,http://www.kindermorgan.com/,NATURAL GAS PIPELINE COMPANY OF AMERICA LLC,26,NATURAL GAS PIPELINE COMPANY OF AMERICA LLC,WITHIN 40 FEET,3,6000,7767702,0,0,9505,680,3,2012/03/20 00:00:00+00,0,0
-104.35742,46.4922800000001,207,207,GCOMP1184,MONARCH,"NE 1/4, SEC. 36, T9N, R58E",BAKER,MT,59313,NOT AVAILABLE,NATURAL GAS COMPRESSOR STATION,IN SERVICE,FALLON,30025,USA,46.49228,-104.35742,486210,PIPELINE TRANSPORTATION OF NATURAL GAS,"EPA ENVIROFACTS, FERC FORM 2, CORPORATE WEBSITE",2015/08/17 00:00:00+00,IMAGERY/OTHER,2016/03/14 00:00:00+00,http://transmission.wbienergy.com/,WILLISTON BASIN INTERSTATE PIPELINE COMPANY,49,WILLISTON BASIN INTERSTATE PIPELINE COMPANY,WITHIN 40 FEET,4,8740,14870688,253784,264554,90075,5899,4,2012/12/18 00:00:00+00,0,0
-85.575735,40.4252930000001,208,208,GCOMP1185,GAS CITY,NE OF CR 500W & SR 40,GAS CITY,IN,46933,NOT AVAILABLE,NATURAL GAS COMPRESSOR STATION,IN SERVICE,GRANT,18053,USA,40.425293,-85.575735,486210,PIPELINE TRANSPORTATION OF NATURAL GAS,"EPA ENVIROFACTS, FERC FORM 2, CORPORATE WEBSITE",2015/09/01 00:00:00+00,IMAGERY/OTHER,2016/03/14 00:00:00+00,http://www.spectraenergy.com/,"TEXAS EASTERN TRANSMISSION, LP",17,"TEXAS EASTERN TRANSMISSION, LP",WITHIN 40 FEET,3,12300,29068635,44020,0,16667,699,2,2012/01/27 00:00:00+00,26603,236400
-94.3226698509999,39.6096714600001,209,209,GCOMP1186,R28304009 AT TURNEY,NE STATE HWY A/NE 284TH ST (MO-123),TURNEY,MO,64493,NOT AVAILABLE,NATURAL GAS COMPRESSOR STATION,IN SERVICE,CLINTON,29049,USA,39.60967146,-94.322669851,486210,PIPELINE TRANSPORTATION OF NATURAL GAS,"FERC FORM 2, CORPORATE WEBSITE",2015/09/10 00:00:00+00,IMAGERY/OTHER,2016/03/14 00:00:00+00,http://www.tallgrassenergylp.com/,ROCKIES EXPRESS PIPELINE LLC,575,ROCKIES EXPRESS PIPELINE LLC,WITHIN 40 FEET,2,35000,41242482,0,0,0,9982,2,2012/04/16 00:00:00+00,-999,115562861
-101.783055,46.8475,210,210,GCOMP1187,GLEN ULLIN,"NE1/4 NE1/4 S21-T139N-R88W (ON 39TH ST./WEST OF HWY 49); WEST OF INTERSECTION BETWEEN 39TH ST AND ND-49",GLEN ULLIN,ND,58631,NOT AVAILABLE,NATURAL GAS COMPRESSOR STATION,IN SERVICE,MORTON,38059,USA,46.8475,-101.783055,486210,PIPELINE TRANSPORTATION OF NATURAL GAS,"EPA ENVIROFACTS, FERC FORM 2, CORPORATE WEBSITE",2015/08/14 00:00:00+00,IMAGERY/OTHER,2016/03/14 00:00:00+00,http://transmission.wbienergy.com/,WILLISTON BASIN INTERSTATE PIPELINE COMPANY,49,WILLISTON BASIN INTERSTATE PIPELINE COMPANY,WITHIN 40 FEET,2,5300,5983144,76741,195558,27642,2011,2,2012/12/19 00:00:00+00,0,0
-88.2867524179999,32.3399824300001,211,211,GCOMP1188,YORK,NEAR 12962 CR-10,WARD,AL,36925,NOT AVAILABLE,NATURAL GAS COMPRESSOR STATION,IN SERVICE,CHOCTAW,01119,USA,32.33998243,-88.286752418,486210,PIPELINE TRANSPORTATION OF NATURAL GAS,"EPA ENVIROFACTS, FERC FORM 2, CORPORATE WEBSITE",2015/09/10 00:00:00+00,IMAGERY/OTHER,2016/03/14 00:00:00+00,http://ixsnp.sonetpremier.com/,"SOUTHERN NATURAL GAS COMPANY, L.L.C.",7,"SOUTHERN NATURAL GAS COMPANY, L.L.C.",WITHIN 40 FEET,3,33320,25040354,2514685,2895337,904209,15152,2,2012/11/14 00:00:00+00,5063100,81742249
-108.191171,39.898463,212,212,GCOMP1189,COLORADO - GREASEWOOD,"NEAR CORNER OF COUNTY ROAD 76 AND COUNTY ROAD 3A; SE SE SEC 5 T2S R96W",MEEKER,CO,81641,NOT AVAILABLE,NATURAL GAS COMPRESSOR STATION,IN SERVICE,RIO BLANCO,08103,USA,39.898463,-108.191171,486210,PIPELINE TRANSPORTATION OF NATURAL GAS,"EPA ENVIROFACTS, FERC FORM 2, CORPORATE WEBSITE",2015/09/11 00:00:00+00,IMAGERY/OTHER,2016/03/14 00:00:00+00,http://www.questarpipeline.com/,QUESTAR PIPELINE COMPANY,55,QUESTAR PIPELINE COMPANY,WITHIN 40 FEET,2,7100,24024015,35290,238495,14825,1042,2,2012/04/25 00:00:00+00,0,0
-95.484721,29.9677600000001,213,213,GCOMP119,NO. 35 HOUSTON,12501 VETERANS MEMORIAL DR.,HOUSTON,TX,77001,NOT AVAILABLE,NATURAL GAS COMPRESSOR STATION,IN SERVICE,HARRIS,48201,USA,29.96776,-95.484721,486210,PIPELINE TRANSPORTATION OF NATURAL GAS,"EPA ENVIROFACTS, FERC FORM 2, CORPORATE WEBSITE",2015/08/25 00:00:00+00,IMAGERY/OTHER,2016/03/14 00:00:00+00,http://www.1line.williams.com/,"TRANSCONTINENTAL GAS PIPE LINE COMPANY, LLC",29,"TRANSCONTINENTAL GAS PIPE LINE COMPANY, LLC",WITHIN 40 FEET,2,13200,26429812,4365,1604958,713,3,2,2013/01/21 00:00:00+00,463,827256
-69.22953,44.3919910000001,214,214,GCOMP1190,SEARSMONT COMPRESSOR STAION,NEW ENGLAND RD/WEST OF BELFAST AUGUSTA RD,SEARSMONT,ME,04973,NOT AVAILABLE,NATURAL GAS COMPRESSOR STATION,IN SERVICE,WALDO,23027,USA,44.391991,-69.22953,486210,PIPELINE TRANSPORTATION OF NATURAL GAS,"FERC FORM 2, CORPORATE WEBSITE",2015/10/06 00:00:00+00,IMAGERY/OTHER,2016/03/14 00:00:00+00,http://www.spectraenergy.com/,"MARITIMES & NORTHEAST PIPELINE, L.L.C.",63,"MARITIMES & NORTHEAST PIPELINE, L.L.C.",WITHIN 40 FEET,1,18085,46801845,304705,0,58276,420,1,2012/01/03 00:00:00+00,0,0
-111.86729954,35.287037141,215,215,GCOMP1191,STATION 2,NF-160,BELLEMONT,AZ,86015,NOT AVAILABLE,NATURAL GAS COMPRESSOR STATION,IN SERVICE,COCONINO,04005,USA,35.287037141,-111.86729954,486210,PIPELINE TRANSPORTATION OF NATURAL GAS,"EPA ENVIROFACTS, FERC FORM 2, CORPORATE WEBSITE",2015/08/21 00:00:00+00,IMAGERY/OTHER,2016/03/14 00:00:00+00,http://twtransfer.energytransfer.com/,"TRANSWESTERN PIPELINE COMPANY, LLC",42,"TRANSWESTERN PIPELINE COMPANY, LLC",WITHIN 40 FEET,1,41500,32802496,3930260,1383833,1333997,8045,1,2012/07/13 00:00:00+00,0,0
-89.552988517,32.989021613,216,216,GCOMP1192,KOSCIUSKO,NILE RD/JAMISON RD,KOSCIUSKO,MS,39090,NOT AVAILABLE,NATURAL GAS COMPRESSOR STATION,IN SERVICE,ATTALA,28007,USA,32.989021613,-89.552988517,486210,PIPELINE TRANSPORTATION OF NATURAL GAS,"EPA ENVIROFACTS, FERC FORM 2, CORPORATE WEBSITE",2015/09/01 00:00:00+00,IMAGERY/OTHER,2016/03/14 00:00:00+00,http://www.spectraenergy.com/,"TEXAS EASTERN TRANSMISSION, LP",17,"TEXAS EASTERN TRANSMISSION, LP",WITHIN 40 FEET,15,47500,21749519,1160355,0,440726,27487,10,2012/04/24 00:00:00+00,4191583,31914010
-80.549888086,39.557174752,217,217,GCOMP1193,LOGANSPORT,NORTH FORK RD/MOBLEY RUN,BIG RUN,WV,26561,NOT AVAILABLE,NATURAL GAS COMPRESSOR STATION,IN SERVICE,WETZEL,54103,USA,39.557174752,-80.549888086,486210,PIPELINE TRANSPORTATION OF NATURAL GAS,"EPA ENVIROFACTS, FERC FORM 2, CORPORATE WEBSITE",2015/09/18 00:00:00+00,IMAGERY/OTHER,2016/03/14 00:00:00+00,http://equitrans.eqtmidstreampartners.com/,"EQUITRANS, L.P.",24,"EQUITRANS, L.P.",WITHIN 40 FEET,2,1600,6063373,161228,141333,61596,8503,2,2012/01/04 00:00:00+00,9071,-999
-79.5597319999999,40.4018060000001,218,218,GCOMP1194,NORTH OAKFORD,NORTH OF HWY 22/SCENIC DR,DELMONT,PA,15626,NOT AVAILABLE,NATURAL GAS COMPRESSOR STATION,IN SERVICE,WESTMORELAND,42129,USA,40.401806,-79.559732,486210,PIPELINE TRANSPORTATION OF NATURAL GAS,"FERC FORM 2, CORPORATE WEBSITE, IMAGERY",2015/10/16 00:00:00+00,IMAGERY/OTHER,2016/03/14 00:00:00+00,http://escript.dom.com/,"DOMINION TRANSMISSION, INC.",22,"DOMINION TRANSMISSION, INC.",WITHIN 40 FEET,2,-999,-999,0,0,0,0,0,1970/01/01 00:00:00+00,1487489,25419907
-95.294845725,38.212814597,219,219,GCOMP1195,414 N. WELDA,NORTH OF 1100 RD (WEST OF SW MARYLAND RD,WELDA,KS,66091,NOT AVAILABLE,NATURAL GAS COMPRESSOR STATION,IN SERVICE,ANDERSON,20003,USA,38.212814597,-95.294845725,486210,PIPELINE TRANSPORTATION OF NATURAL GAS,"FERC FORM 2, IMAGERY",2015/08/18 00:00:00+00,IMAGERY/OTHER,2016/03/14 00:00:00+00,https://csi.sscgp.com/,"SOUTHERN STAR CENTRAL GAS PIPELINE, INC.",43,"SOUTHERN STAR CENTRAL GAS PIPELINE, INC.",WITHIN 40 FEET,1,265,1704537,5998,78250,1964,1628,1,2012/12/31 00:00:00+00,0,0
-92.50146595,30.559647517,220,220,GCOMP1196,NO. 51 EUNICE,NORTH OF ASHFORD CEMETRY ROAD/ EAST OF MCCLELLAND RD (3729 DURALDE HWY),EUNICE,LA,70535,NOT AVAILABLE,NATURAL GAS COMPRESSOR STATION,IN SERVICE,SAINT LANDRY,22097,USA,30.559647517,-92.50146595,486210,PIPELINE TRANSPORTATION OF NATURAL GAS,"EPA ENVIROFACTS, FERC FORM 2, CORPORATE WEBSITE",2015/09/30 00:00:00+00,IMAGERY/OTHER,2016/03/14 00:00:00+00,http://www.1line.williams.com/,"TRANSCONTINENTAL GAS PIPE LINE COMPANY, LLC",29,"TRANSCONTINENTAL GAS PIPE LINE COMPANY, LLC",WITHIN 40 FEET,5,10000,8150429,2795,21369,1048,75,2,2013/03/14 00:00:00+00,0,0
-77.654470789,40.3569115430001,221,221,GCOMP1197,PERULACK,NORTH OF RHINE HOLLOW RD (HWY 3020)/WEST OF HWY 3023,PERULACK,PA,17021,NOT AVAILABLE,NATURAL GAS COMPRESSOR STATION,IN SERVICE,JUNIATA,42067,USA,40.356911543,-77.654470789,486210,PIPELINE TRANSPORTATION OF NATURAL GAS,"FERC FORM 2, IMAGERY",2015/11/04 00:00:00+00,IMAGERY/OTHER,2016/03/14 00:00:00+00,http://escript.dom.com/,"DOMINION TRANSMISSION, INC.",22,"DOMINION TRANSMISSION, INC.",WITHIN 40 FEET,1,4735,15754594,21139,228487,8204,236,1,2012/06/01 00:00:00+00,0,0
-68.086715,44.989357,222,222,GCOMP1198,WOOD CHOPPING RIDGE,NORTH OF STUD MILL RD & 35-00-0 RD,AURORA,ME,04461,NOT AVAILABLE,NATURAL GAS COMPRESSOR STATION,IN SERVICE,HANCOCK,23009,USA,44.989357,-68.086715,486210,PIPELINE TRANSPORTATION OF NATURAL GAS,"FERC FORM 2, CORPORATE WEBSITE",2015/10/06 00:00:00+00,IMAGERY/OTHER,2016/03/14 00:00:00+00,http://www.spectraenergy.com/,"MARITIMES & NORTHEAST PIPELINE, L.L.C.",63,"MARITIMES & NORTHEAST PIPELINE, L.L.C.",WITHIN 40 FEET,1,18085,51370001,1279327,0,363609,1810,1,2012/02/12 00:00:00+00,0,0
-104.907826,31.773577,223,223,GCOMP1199,BLACK RIVER,"NORTH OF TX-62/3 MILES WEST OF TX-54; SECTION 17, T&P TOWNSHIP 2, BLOCK 60",PINE SPRINGS,TX,79847,NOT AVAILABLE,NATURAL GAS COMPRESSOR STATION,IN SERVICE,CULBERSON,48109,USA,31.773577,-104.907826,486210,PIPELINE TRANSPORTATION OF NATURAL GAS,"FERC FORM 2, IMAGERY",2015/09/21 00:00:00+00,IMAGERY/OTHER,2016/03/14 00:00:00+00,https://pipeportal.kindermorgan.com/,"EL PASO NATURAL GAS COMPANY, L.L.C.",33,"EL PASO NATURAL GAS COMPANY, L.L.C.",WITHIN 40 FEET,1,15000,12984669,17052,96050,5283,81,1,2012/10/19 00:00:00+00,0,0
-108.241190823,39.8352377160001,224,224,GCOMP12,WHITE RIVER,0.75 MILES SOUTH OF 18834 CO RD 5 ADDRESS,MEEKER,CO,81641,NOT AVAILABLE,NATURAL GAS COMPRESSOR STATION,IN SERVICE,RIO BLANCO,08103,USA,39.835237716,-108.241190823,486210,PIPELINE TRANSPORTATION OF NATURAL GAS,"FERC FORM 2, CORPORATE WEBSITE, IMAGERY",2015/10/16 00:00:00+00,IMAGERY/OTHER,2016/03/14 00:00:00+00,http://pipelines.centerpointenergy.com/,"CENTERPOINT ENERGY GAS TRANSMISSION COMPANY, LLC",31,"CENTERPOINT ENERGY GAS TRANSMISSION COMPANY, LLC",WITHIN 40 FEET,2,4700,9532724,0,18536,0,0,0,1970/01/01 00:00:00+00,0,0
-88.6968449999999,30.974728,225,225,GCOMP120,LUCEDALE,1252 OBIE JACKSON RD,LUCEDALE,MS,39452,NOT AVAILABLE,NATURAL GAS COMPRESSOR STATION,IN SERVICE,GEORGE,28039,USA,30.974728,-88.696845,486210,PIPELINE TRANSPORTATION OF NATURAL GAS,"EPA ENVIROFACTS, FERC FORM 2, CORPORATE WEBSITE",2015/09/10 00:00:00+00,IMAGERY/OTHER,2016/03/14 00:00:00+00,http://www.spectraenergy.com/,"SOUTHEAST SUPPLY HEADER, LLC.",575,"SOUTHEAST SUPPLY HEADER, LLC.",WITHIN 40 FEET,1,12916,27919783,1946559,0,722819,8623,1,2012/10/01 00:00:00+00,0,0
-100.581863273,48.3132408160001,226,226,GCOMP1200,TOWNER,NORTH OF US RTE 2/CENTER AVE,TOWNER,ND,58788,NOT AVAILABLE,NATURAL GAS COMPRESSOR STATION,IN SERVICE,MCHENRY,38049,USA,48.313240816,-100.581863273,486210,PIPELINE TRANSPORTATION OF NATURAL GAS,"EPA ENVIROFACTS, FERC FORM 2, CORPORATE WEBSITE",2015/10/28 00:00:00+00,IMAGERY/OTHER,2016/03/14 00:00:00+00,http://tariff.alliance-pipeline.com/,ALLIANCE PIPELINE,63,ALLIANCE PIPELINE,WITHIN 40 FEET,1,31206,31519772,0,1749859,1759638,8429,0,2012/12/11 00:00:00+00,0,0
-104.28731914,46.394690467,227,227,GCOMP1201,BAKER BOOSTER HIGH PRESSURE,"NORTHEAST OF SECTION 2, TOWNSHIP 7 NORTH, RANGE 59 EAST (EAST OF PENNEL RD/1.5 MILES NORTH OF BAKER)",BAKER,MT,59313,NOT AVAILABLE,NATURAL GAS COMPRESSOR STATION,IN SERVICE,FALLON,30025,USA,46.394690467,-104.28731914,486210,PIPELINE TRANSPORTATION OF NATURAL GAS,"FERC FORM 2, MONTANA DEPARTMENT OF ENVIRONMENTAL QUALITY",2015/08/14 00:00:00+00,IMAGERY/OTHER,2016/03/14 00:00:00+00,http://deq.mt.gov/,WILLISTON BASIN INTERSTATE PIPELINE COMPANY,49,WILLISTON BASIN INTERSTATE PIPELINE COMPANY,WITHIN 40 FEET,3,5040,5464257,683259,320816,259731,20346,3,2012/01/24 00:00:00+00,0,0
-104.285128861,46.3944702150001,228,228,GCOMP1202,BAKER BOOSTER LOW PRESSURE,"NORTHEAST OF SECTION 2, TOWNSHIP 7 NORTH, RANGE 59 EAST (EAST OF PENNEL RD/1.5 MILES NORTH OF BAKER)",BAKER,MT,59313,NOT AVAILABLE,NATURAL GAS COMPRESSOR STATION,IN SERVICE,FALLON,30025,USA,46.3944702150001,-104.285128861,486210,PIPELINE TRANSPORTATION OF NATURAL GAS,"FERC FORM 2, MONTANA DEPARTMENT OF ENVIRONMENTAL QUALITY",2015/08/14 00:00:00+00,IMAGERY/OTHER,2016/03/14 00:00:00+00,http://deq.mt.gov/,WILLISTON BASIN INTERSTATE PIPELINE COMPANY,49,WILLISTON BASIN INTERSTATE PIPELINE COMPANY,WITHIN 40 FEET,1,1680,2898630,0,267912,0,8729,1,2012/01/24 00:00:00+00,237948,3494338
-104.286376953,46.3944702150001,229,229,GCOMP1203,SANDSTONE,"NORTHEAST OF SECTION 2, TOWNSHIP 7 NORTH, RANGE 59 EAST (EAST OF PENNEL RD/1.5 MILES NORTH OF BAKER)",BAKER,MT,59313,NOT AVAILABLE,NATURAL GAS COMPRESSOR STATION,IN SERVICE,FALLON,30025,USA,46.3944702150001,-104.286376953,486210,PIPELINE TRANSPORTATION OF NATURAL GAS,"FERC FORM 2, MONTANA DEPARTMENT OF ENVIRONMENTAL QUALITY",2015/08/14 00:00:00+00,IMAGERY/OTHER,2016/03/14 00:00:00+00,http://deq.mt.gov/,WILLISTON BASIN INTERSTATE PIPELINE COMPANY,49,WILLISTON BASIN INTERSTATE PIPELINE COMPANY,WITHIN 40 FEET,3,5040,7316311,99899,67848,34271,3288,2,2012/12/22 00:00:00+00,0,0
-82.592004,38.3708810000001,230,230,GCOMP1204,KENOVA,NOVAMONT RD/ CO HWY 1/16,KENOVA,WV,25530,NOT AVAILABLE,NATURAL GAS COMPRESSOR STATION,IN SERVICE,WAYNE,54099,USA,38.370881,-82.592004,486210,PIPELINE TRANSPORTATION OF NATURAL GAS,"FERC FORM 2, IMAGERY",2015/10/15 00:00:00+00,IMAGERY/OTHER,2016/03/14 00:00:00+00,http://www.columbiapipeinfo.com/,"COLUMBIA GAS TRANSMISSION,LLC",21,"COLUMBIA GAS TRANSMISSION,LLC",WITHIN 40 FEET,9,16400,12897973,1594650,1383209,578019,55355,7,2012/05/29 00:00:00+00,1282920,22046400
-96.3527319999999,34.86647,231,231,GCOMP1205,ALLEN,NS374 RD/EW 148 RD (3.54 MILES SE OF ALLEN),ALLEN,OK,74825,NOT AVAILABLE,NATURAL GAS COMPRESSOR STATION,IN SERVICE,HUGHES,40063,USA,34.86647,-96.352732,486210,PIPELINE TRANSPORTATION OF NATURAL GAS,"FERC FORM 2, CORPORATE WEBSITE",2015/08/19 00:00:00+00,IMAGERY/OTHER,2016/03/14 00:00:00+00,http://pipelines.centerpointenergy.com/,"CENTERPOINT ENERGY GAS TRANSMISSION COMPANY, LLC",31,"CENTERPOINT ENERGY GAS TRANSMISSION COMPANY, LLC",WITHIN 40 FEET,1,13220,13895806,188567,66366,78155,1027,0,1970/01/01 00:00:00+00,0,0
-97.798033085,45.0677696220001,232,232,GCOMP1206,#10 - CLARK COUNTY,"NW CORNER OF 421ST AVE AND 160TH ST; SOUTH OF CROCKER",BRADLEY,SD,57217,NOT AVAILABLE,NATURAL GAS COMPRESSOR STATION,IN SERVICE,CLARK,46025,USA,45.067769622,-97.798033085,486210,PIPELINE TRANSPORTATION OF NATURAL GAS,"EPA ENVIROFACTS, FERC FORM 2, CORPORATE WEBSITE",2015/09/15 00:00:00+00,IMAGERY/OTHER,2016/03/14 00:00:00+00,http://www.northernborder.com/,NORTHERN BORDER PIPELINE COMPANY,89,NORTHERN BORDER PIPELINE COMPANY,WITHIN 40 FEET,1,38000,31514772,5455569,215601,1898245,8705,1,2012/01/29 00:00:00+00,0,0
-79.627708,40.2996900000001,233,233,GCOMP1207,LINCOLN HEIGHTS,NW OF BEAVER ROAD/ 0.5 MILES NE OF LASKOSKI RD,JEANNETTE,PA,15644,NOT AVAILABLE,NATURAL GAS COMPRESSOR STATION,IN SERVICE,WESTMORELAND,42129,USA,40.29969,-79.627708,486210,PIPELINE TRANSPORTATION OF NATURAL GAS,"FERC FORM 2, IMAGERY",2015/09/24 00:00:00+00,IMAGERY/OTHER,2016/03/14 00:00:00+00,http://escript.dom.com/,"DOMINION TRANSMISSION, INC.",22,"DOMINION TRANSMISSION, INC.",WITHIN 40 FEET,2,510,631538,14556,95290,5107,7922,2,2012/11/08 00:00:00+00,0,0
-70.790471,43.1417050000001,234,234,GCOMP1208,ELIOT,OFF DOW HWY 236/NORTH OF BEECH RD,ELIOT,ME,03903,NOT AVAILABLE,NATURAL GAS COMPRESSOR STATION,IN SERVICE,YORK,23031,USA,43.141705,-70.790471,486210,PIPELINE TRANSPORTATION OF NATURAL GAS,"FERC FORM 2, CORPORATE WEBSITE",2015/10/06 00:00:00+00,IMAGERY/OTHER,2016/03/14 00:00:00+00,http://www.spectraenergy.com/,"MARITIMES & NORTHEAST PIPELINE, L.L.C.",63,"MARITIMES & NORTHEAST PIPELINE, L.L.C.",WITHIN 40 FEET,1,8960,40905401,13817,0,3078,41,1,2012/01/03 00:00:00+00,0,0
-80.451689007,39.890586123,235,235,GCOMP1209,HOLBROOK,OFF HWY 21,WIND RIDGE,PA,15380,NOT AVAILABLE,NATURAL GAS COMPRESSOR STATION,IN SERVICE,GREENE,42059,USA,39.890586123,-80.451689007,486210,PIPELINE TRANSPORTATION OF NATURAL GAS,"EPA ENVIROFACTS, FERC FORM 2, CORPORATE WEBSITE",2015/09/01 00:00:00+00,IMAGERY/OTHER,2016/03/14 00:00:00+00,http://www.spectraenergy.com/,"TEXAS EASTERN TRANSMISSION, LP",17,"TEXAS EASTERN TRANSMISSION, LP",WITHIN 40 FEET,15,58800,116490573,1947883,0,710840,13268,15,2012/01/03 00:00:00+00,242481,343430
-84.22609198,39.4919304540001,236,236,GCOMP121,LEBANON,1262 W ST RTE 122,LEBANON,OH,45036,NOT AVAILABLE,NATURAL GAS COMPRESSOR STATION,IN SERVICE,WARREN,39165,USA,39.491930454,-84.22609198,486210,PIPELINE TRANSPORTATION OF NATURAL GAS,"FERC FORM 2, IMAGERY",2015/09/24 00:00:00+00,IMAGERY/OTHER,2016/03/14 00:00:00+00,http://escript.dom.com/,"DOMINION TRANSMISSION, INC.",22,"DOMINION TRANSMISSION, INC.",WITHIN 40 FEET,6,14600,15486510,314763,1588263,119681,10342,3,2012/02/08 00:00:00+00,0,0
-91.186842502,32.3721988950001,237,237,GCOMP1210,TALLULAH,OFF HWY 602 SE OF,TALLULAH,LA,70000,NOT AVAILABLE,NATURAL GAS COMPRESSOR STATION,IN SERVICE,MADISON,22065,USA,32.372198895,-91.186842502,486210,PIPELINE TRANSPORTATION OF NATURAL GAS,"EPA ENVIROFACTS, FERC FORM 2, CORPORATE WEBSITE",2015/09/17 00:00:00+00,IMAGERY/OTHER,2016/03/14 00:00:00+00,http://infopost.bwpmlp.com/,"GULF SOUTH PIPELINE COMPANY, LP",11,"GULF SOUTH PIPELINE COMPANY, LP",WITHIN 40 FEET,4,60802,97588993,6027814,696943,2154142,22194,5,2012/10/11 00:00:00+00,0,0
-109.470908,40.9706390000001,238,238,GCOMP1211,UTAH - CLAY BASIN PARK AND LOAN,OFF JUG HOLLOW RD/ WEST OF HWY 191,DUTCH JOHN,UT,84023,NOT AVAILABLE,NATURAL GAS COMPRESSOR STATION,IN SERVICE,DAGGETT,49009,USA,40.970639,-109.470908,486210,PIPELINE TRANSPORTATION OF NATURAL GAS,"EPA ENVIROFACTS, FERC FORM 2, CORPORATE WEBSITE",2015/10/01 00:00:00+00,IMAGERY/OTHER,2016/03/14 00:00:00+00,http://www.questarpipeline.com/,QUESTAR PIPELINE COMPANY,55,QUESTAR PIPELINE COMPANY,WITHIN 40 FEET,1,1680,3954703,17211,47429,5307,83,0,2012/11/27 00:00:00+00,0,0
-93.066264036,32.2913249490001,239,239,GCOMP1212,CASTOR,"OFF LITTLE HOPE RD, 8.6 MI NE",CASTOR,LA,70000,NOT AVAILABLE,NATURAL GAS COMPRESSOR STATION,IN SERVICE,BIENVILLE,22013,USA,32.291324949,-93.066264036,486210,PIPELINE TRANSPORTATION OF NATURAL GAS,"FERC FORM 2, IMAGERY",2015/09/17 00:00:00+00,IMAGERY/OTHER,2016/03/14 00:00:00+00,http://infopost.bwpmlp.com/,"GULF SOUTH PIPELINE COMPANY, LP",11,"GULF SOUTH PIPELINE COMPANY, LP",WITHIN 40 FEET,1,1350,3780743,39539,28521,13979,1513,1,2012/02/25 00:00:00+00,0,0
-106.68345,48.6321600000001,240,240,GCOMP1213,#1 - VALLEY COUNTY,OFF OF BRITCH RD,GLASGOW,MT,59230,NOT AVAILABLE,NATURAL GAS COMPRESSOR STATION,IN SERVICE,VALLEY,30105,USA,48.63216,-106.68345,486210,PIPELINE TRANSPORTATION OF NATURAL GAS,"EPA ENVIROFACTS, FERC FORM 2, CORPORATE WEBSITE",2015/09/15 00:00:00+00,IMAGERY/OTHER,2016/03/14 00:00:00+00,http://www.northernborder.com/,NORTHERN BORDER PIPELINE COMPANY,89,NORTHERN BORDER PIPELINE COMPANY,WITHIN 40 FEET,1,38000,36071399,3472908,159899,1213551,6456,1,2012/03/02 00:00:00+00,0,0
-74.429208,40.791597,241,241,GCOMP1214,HANOVER,OFF OF COLUMBIA TPKE,MORRISTOWN,NJ,07960,NOT AVAILABLE,NATURAL GAS COMPRESSOR STATION,IN SERVICE,MORRIS,34027,USA,40.791597,-74.429208,486210,PIPELINE TRANSPORTATION OF NATURAL GAS,"EPA ENVIROFACTS, FERC FORM 2, CORPORATE WEBSITE",2015/09/01 00:00:00+00,IMAGERY/OTHER,2016/03/14 00:00:00+00,http://www.spectraenergy.com/,"TEXAS EASTERN TRANSMISSION, LP",17,"TEXAS EASTERN TRANSMISSION, LP",WITHIN 40 FEET,1,6500,18458426,261949,0,92036,4,1,2012/04/05 00:00:00+00,13561,38880
-109.68817,32.3165490000001,242,242,GCOMP1215,CIMARRON,OFF PAGE RANGE RD/11.7 MILES WEST OF BOWIE,BOWIE,AZ,85605,NOT AVAILABLE,NATURAL GAS COMPRESSOR STATION,IN SERVICE,COCHISE,04003,USA,32.316549,-109.68817,486210,PIPELINE TRANSPORTATION OF NATURAL GAS,"FERC FORM 2, CORPORATE WEBSITE, IMAGERY",2015/10/09 00:00:00+00,IMAGERY/OTHER,2016/03/14 00:00:00+00,https://pipeportal.kindermorgan.com/,"EL PASO NATURAL GAS COMPANY, L.L.C.",33,"EL PASO NATURAL GAS COMPANY, L.L.C.",WITHIN 40 FEET,1,15000,12571023,526138,157642,191072,1588,1,2012/12/19 00:00:00+00,0,0
-88.361446659,32.057195114,243,243,GCOMP1216,NO. 85 BUTLER,OFF PINEVIEW RD/0.6 MILES SE OF BRIGHTWATER ROAD,BUTLER,AL,36904,NOT AVAILABLE,NATURAL GAS COMPRESSOR STATION,IN SERVICE,CHOCTAW,01023,USA,32.057195114,-88.361446659,486210,PIPELINE TRANSPORTATION OF NATURAL GAS,"FERC FORM 2, CORPORATE WEBSITE",2015/08/17 00:00:00+00,IMAGERY/OTHER,2016/03/14 00:00:00+00,http://www.1line.williams.com/,"TRANSCONTINENTAL GAS PIPE LINE COMPANY, LLC",29,"TRANSCONTINENTAL GAS PIPE LINE COMPANY, LLC",WITHIN 40 FEET,3,17650,52672504,2204842,2104016,823683,21806,3,2012/07/14 00:00:00+00,0,0
-82.575687,34.487495,244,244,GCOMP1217,NO. 135 ANDERSON SOUTH CAROLINA,OFF STATE HWY 480 (BOLT DR)/4.3 MILES EAST OF ANDERSON,ANDERSON,SC,29621,NOT AVAILABLE,NATURAL GAS COMPRESSOR STATION,IN SERVICE,ANDERSON,45007,USA,34.487495,-82.575687,486210,PIPELINE TRANSPORTATION OF NATURAL GAS,"FERC FORM 2, CORPORATE WEBSITE",2015/08/17 00:00:00+00,IMAGERY/OTHER,2016/03/14 00:00:00+00,http://www.1line.williams.com/,"TRANSCONTINENTAL GAS PIPE LINE COMPANY, LLC",29,"TRANSCONTINENTAL GAS PIPE LINE COMPANY, LLC",WITHIN 40 FEET,1,20500,34518225,532652,181917,204064,1395,1,2013/01/26 00:00:00+00,0,0
-108.393899506,37.653499567,245,245,GCOMP1218,DOLORES,OFF US HWY FS RD 532/EAST OF HWY 526 (14 MILES NE OF DOLORES),DOLORES,CO,81323,NOT AVAILABLE,NATURAL GAS COMPRESSOR STATION,IN SERVICE,DOLORES,08033,USA,37.653499567,-108.393899506,486210,PIPELINE TRANSPORTATION OF NATURAL GAS,"FERC FROM 2, U.S. FEDERAL REGISTER. CORPORATE WEBSITE, IMAGERY",2015/08/17 00:00:00+00,IMAGERY/OTHER,2016/03/14 00:00:00+00,http://pipeline2.kindermorgan.com/,TRANSCOLORADO GAS TRANSMISSION COMPANY LLC,63,TRANSCOLORADO GAS TRANSMISSION COMPANY LLC,WITHIN 40 FEET,3,9363,20770315,0,0,100742,4193,3,2012/03/28 00:00:00+00,0,0
-93.67590332,28.1323242190001,246,246,GCOMP1219,FIELD: BLOCK 334B - H.I. (SEE FOOTNOTE),OFFSHORE CS,NOT APPLICABLE,NOT APPLICABLE,NOT APPLICABLE,NOT APPLICABLE,NATURAL GAS COMPRESSOR STATION,IN SERVICE,NOT APPLICABLE,NOT APPLICABLE,USA,28.1323242190001,-93.67590332,486210,PIPELINE TRANSPORTATION OF NATURAL GAS,FERC FORM 2,2014/06/01 00:00:00+00,UNVERIFIED,2016/03/14 00:00:00+00,http://anrebb.transcanada.com/,ANR PIPELINE COMPANY,48,ANR PIPELINE COMPANY,THIRD PARTY,1,156,-999,0,0,0,0,0,1970/01/01 00:00:00+00,0,0
-99.9650482599999,37.5227959480001,247,247,GCOMP122,STATION 103 - MINNEOLA,12653 114TH ROAD,MINNEOLA,KS,67865,NOT AVAILABLE,NATURAL GAS COMPRESSOR STATION,IN SERVICE,CLARK,20057,USA,37.522795948,-99.96504826,486210,PIPELINE TRANSPORTATION OF NATURAL GAS,"EPA ENVIROFACTS, FERC FORM 2, CORPORATE WEBSITE",2015/09/16 00:00:00+00,IMAGERY/OTHER,2016/03/14 00:00:00+00,http://www.kindermorgan.com/,NATURAL GAS PIPELINE COMPANY OF AMERICA LLC,26,NATURAL GAS PIPELINE COMPANY OF AMERICA LLC,WITHIN 40 FEET,5,20111,21198572,0,0,497467,13601,3,2012/12/16 00:00:00+00,0,0
-93.169457,28.2714110000001,248,248,GCOMP1220,FIELD: BLOCK 560 - W.C. (SEE FOOTNOTE),OFFSHORE CS,NOT APPLICABLE,NOT APPLICABLE,NOT APPLICABLE,NOT APPLICABLE,NATURAL GAS COMPRESSOR STATION,IN SERVICE,NOT APPLICABLE,NOT APPLICABLE,USA,28.271411,-93.169457,486210,PIPELINE TRANSPORTATION OF NATURAL GAS,FERC FORM 2,2014/06/01 00:00:00+00,UNVERIFIED,2016/03/14 00:00:00+00,http://anrebb.transcanada.com/,ANR PIPELINE COMPANY,48,ANR PIPELINE COMPANY,THIRD PARTY,1,1780,-999,0,0,0,0,0,1970/01/01 00:00:00+00,0,0
-93.9911069999999,27.8665560000001,249,249,GCOMP1221,FIELD: BLOCK 595D - H.I. (SEE FOOTNOTE),OFFSHORE CS,NOT APPLICABLE,NOT APPLICABLE,NOT APPLICABLE,NOT APPLICABLE,NATURAL GAS COMPRESSOR STATION,IN SERVICE,NOT APPLICABLE,NOT APPLICABLE,USA,27.866556,-93.991107,486210,PIPELINE TRANSPORTATION OF NATURAL GAS,FERC FORM 2,2014/06/01 00:00:00+00,UNVERIFIED,2016/03/14 00:00:00+00,http://anrebb.transcanada.com/,ANR PIPELINE COMPANY,48,ANR PIPELINE COMPANY,THIRD PARTY,1,133,-999,0,0,0,0,0,1970/01/01 00:00:00+00,0,0
-93.675869112,28.132358427,250,250,GCOMP1222,TRANS: BLOCK 334A - H.I.,OFFSHORE CS,NOT APPLICABLE,NOT APPLICABLE,NOT APPLICABLE,NOT APPLICABLE,NATURAL GAS COMPRESSOR STATION,IN SERVICE,NOT APPLICABLE,NOT APPLICABLE,USA,28.132358427,-93.675869112,486210,PIPELINE TRANSPORTATION OF NATURAL GAS,FERC FORM 2,2014/06/01 00:00:00+00,UNVERIFIED,2016/03/14 00:00:00+00,http://anrebb.transcanada.com/,ANR PIPELINE COMPANY,48,ANR PIPELINE COMPANY,THIRD PARTY,1,205,-999,0,0,0,0,0,1970/01/01 00:00:00+00,0,0
-92.2596923039999,28.3981294320001,251,251,GCOMP1223,TRANS: BLOCK 188 - E.I. -- OFFSHORE CS,OFFSHORE CS,NOT APPLICABLE,NOT APPLICABLE,NOT APPLICABLE,NOT APPLICABLE,NATURAL GAS COMPRESSOR STATION,IN SERVICE,NOT APPLICABLE,NOT APPLICABLE,USA,28.398129432,-92.259692304,486210,PIPELINE TRANSPORTATION OF NATURAL GAS,FERC FORM 2,2014/06/01 00:00:00+00,UNVERIFIED,2016/03/14 00:00:00+00,http://anrebb.transcanada.com/,ANR PIPELINE COMPANY,48,ANR PIPELINE COMPANY,THIRD PARTY,3,50400,-999,122056,878089,47036,0,0,1970/01/01 00:00:00+00,0,0
-92.292398,28.991901,252,252,GCOMP1224,LOUISIANA - VERMILION AREA BLOCK 149 OFFSHORE,OFFSHORE GULF OF MEXICO,NOT APPLICABLE,NOT APPLICABLE,NOT APPLICABLE,NOT APPLICABLE,NATURAL GAS COMPRESSOR STATION,IN SERVICE,NOT APPLICABLE,NOT APPLICABLE,USA,28.991901,-92.292398,486210,PIPELINE TRANSPORTATION OF NATURAL GAS,"FERC FORM 2, CORPORATE WEBSITE",2014/06/01 00:00:00+00,UNVERIFIED,2016/03/14 00:00:00+00,http://sermessenger.energytransfer.com/,"SEA ROBIN PIPELINE COMPANY, LLC",6,"SEA ROBIN PIPELINE COMPANY, LLC",THIRD PARTY,2,24700,47624706,0,0,0,0,0,2012/05/31 00:00:00+00,1717006,-999
-93.6741939999999,28.120637,253,253,GCOMP1225,BLOCK A 334A - HIOS,OFFSHORE GULF OF MEXICO,NOT APPLICABLE,NOT APPLICABLE,NOT APPLICABLE,NOT APPLICABLE,NATURAL GAS COMPRESSOR STATION,IN SERVICE,NOT APPLICABLE,NOT APPLICABLE,USA,28.120637,-93.674194,486210,PIPELINE TRANSPORTATION OF NATURAL GAS,FERC FORM 2,2014/06/01 00:00:00+00,UNVERIFIED,2016/03/14 00:00:00+00,http://infopost.bwpmlp.com/,"TEXAS GAS TRANSMISSION, LLC",18,"TEXAS GAS TRANSMISSION, LLC",THIRD PARTY,-999,-999,81373,0,0,0,0,0,1970/01/01 00:00:00+00,0,0
-90.950226,28.788827,254,254,GCOMP1226,OFFSHORE - T-25 SHIP SHOAL BLK 139,OFFSHORE GULF OF MEXICO,NOT APPLICABLE,NOT APPLICABLE,NOT APPLICABLE,NOT APPLICABLE,NATURAL GAS COMPRESSOR STATION,IN SERVICE,NOT APPLICABLE,NOT APPLICABLE,USA,28.788827,-90.950226,486210,PIPELINE TRANSPORTATION OF NATURAL GAS,FERC FORM 2,2015/08/20 00:00:00+00,UNVERIFIED,2016/03/14 00:00:00+00,http://feptransfer.energytransfer.com/,"TRUNKLINE GAS COMPANY, LLC",30,"TRUNKLINE GAS COMPANY, LLC",THIRD PARTY,3,28950,-999,76865,512011,30540,0,0,1970/01/01 00:00:00+00,0,0
-98.727425387,35.073913056,255,255,GCOMP1227,STATION 156 - MT. VIEW,"OK-115/E 1340 RD; CORNER OF E1340 RD AND OK-115",MOUNTAIN VIEW,OK,73062,NOT AVAILABLE,NATURAL GAS COMPRESSOR STATION,IN SERVICE,KIOWA,40075,USA,35.073913056,-98.727425387,486210,PIPELINE TRANSPORTATION OF NATURAL GAS,"EPA ENVIROFACTS, FERC FORM 2, CORPORATE WEBSITE",2015/09/16 00:00:00+00,IMAGERY/OTHER,2016/03/14 00:00:00+00,http://www.kindermorgan.com/,NATURAL GAS PIPELINE COMPANY OF AMERICA LLC,26,NATURAL GAS PIPELINE COMPANY OF AMERICA LLC,WITHIN 40 FEET,3,9000,10296372,0,0,10825,274,1,2012/12/24 00:00:00+00,0,0
-99.026752,35.6408060000001,256,256,GCOMP1228,CUSTER,OK-33/N2230 RD,CLINTON,OK,73601,NOT AVAILABLE,NATURAL GAS COMPRESSOR STATION,IN SERVICE,CUSTER,40039,USA,35.640806,-99.026752,486210,PIPELINE TRANSPORTATION OF NATURAL GAS,"EPA ENVIROFACTS, FERC FORM 2, CORPORATE WEBSITE",2015/10/20 00:00:00+00,IMAGERY/OTHER,2016/03/14 00:00:00+00,http://pipelines.centerpointenergy.com/,"CENTERPOINT ENERGY GAS TRANSMISSION COMPANY, LLC",31,"CENTERPOINT ENERGY GAS TRANSMISSION COMPANY, LLC",WITHIN 40 FEET,4,4782,7197673,110215,199430,45645,16774,2,1970/01/01 00:00:00+00,0,0
-81.6903179999999,38.878005,257,257,GCOMP1229,RIPLEY,OLD US 21 PARKERSBURG RD & STONEGATE ESTATES,RIPLEY,WV,25271,NOT AVAILABLE,NATURAL GAS COMPRESSOR STATION,IN SERVICE,JACKSON,54035,USA,38.878005,-81.690318,486210,PIPELINE TRANSPORTATION OF NATURAL GAS,"FERC FORM 2, IMAGERY",2015/09/28 00:00:00+00,IMAGERY/OTHER,2016/03/14 00:00:00+00,http://www.columbiapipeinfo.com/,"COLUMBIA GAS TRANSMISSION,LLC",21,"COLUMBIA GAS TRANSMISSION,LLC",WITHIN 40 FEET,2,4500,10374081,242840,751315,89576,6053,2,2012/02/09 00:00:00+00,0,0
-95.77266623,44.23455926,258,258,GCOMP123,#12 - LYNN COUNTY,1270 260TH AVE,GARVIN,MN,56132,NOT AVAILABLE,NATURAL GAS COMPRESSOR STATION,IN SERVICE,LYON,27083,USA,44.23455926,-95.77266623,486210,PIPELINE TRANSPORTATION OF NATURAL GAS,"EPA ENVIROFACTS, FERC FORM 2, CORPORATE WEBSITE",2015/09/15 00:00:00+00,IMAGERY/OTHER,2016/03/14 00:00:00+00,http://www.northernborder.com/,NORTHERN BORDER PIPELINE COMPANY,89,NORTHERN BORDER PIPELINE COMPANY,WITHIN 40 FEET,1,38000,25798108,6253896,213347,2157634,8614,1,2012/01/15 00:00:00+00,0,0
-88.3631054109999,30.635287884,259,259,GCOMP1230,AIRPORT ROAD,ON AIRPORT ROAD EAST OF GRAND BAY WILMER RD,MOBILE,AL,36608,NOT AVAILABLE,NATURAL GAS COMPRESSOR STATION,IN SERVICE,MOBILE,01097,USA,30.635287884,-88.363105411,486210,PIPELINE TRANSPORTATION OF NATURAL GAS,"FERC FORM 2, CORPORATE WEBSITE",2015/10/07 00:00:00+00,IMAGERY/OTHER,2016/03/14 00:00:00+00,http://infopost.bwpmlp.com/,"GULF SOUTH PIPELINE COMPANY, LP",11,"GULF SOUTH PIPELINE COMPANY, LP",WITHIN 40 FEET,2,7105,30995503,452158,511396,166610,8777,1,2012/06/26 00:00:00+00,0,0
-98.421274911,35.521736139,260,260,GCOMP1231,HINTON,ON E 1030 RD/WEST OF COUNTY STREET 2570,HINTON,OK,73047,NOT AVAILABLE,NATURAL GAS COMPRESSOR STATION,IN SERVICE,CADDO,40015,USA,35.521736139,-98.421274911,486210,PIPELINE TRANSPORTATION OF NATURAL GAS,"FERC FORM 2, CORPORATE WEBSITE",2015/08/19 00:00:00+00,IMAGERY/OTHER,2016/03/14 00:00:00+00,http://pipelines.centerpointenergy.com/,"CENTERPOINT ENERGY GAS TRANSMISSION COMPANY, LLC",31,"CENTERPOINT ENERGY GAS TRANSMISSION COMPANY, LLC",WITHIN 40 FEET,1,10310,9402261,447194,61021,164790,3029,0,1970/01/01 00:00:00+00,0,0
-113.993329,34.574577,261,261,GCOMP1232,DUTCH FLAT,ON PIPELINE RD /SOUTH OF DUTCH FLAT RD,LAKE HAVASU,AZ,86403,NOT AVAILABLE,NATURAL GAS COMPRESSOR STATION,IN SERVICE,MOHAVE,04015,USA,34.574577,-113.993329,486210,PIPELINE TRANSPORTATION OF NATURAL GAS,"FERC FORM 2, CORPORATE WEBSITE, IMAGERY",2015/10/09 00:00:00+00,IMAGERY/OTHER,2016/03/14 00:00:00+00,https://pipeportal.kindermorgan.com/,"EL PASO NATURAL GAS COMPANY, L.L.C.",33,"EL PASO NATURAL GAS COMPANY, L.L.C.",WITHIN 40 FEET,2,12150,16028562,831783,238853,330946,6884,2,2012/04/14 00:00:00+00,0,0
-110.348173,41.777831,262,262,GCOMP1233,KING,OPAL CUTOFF & US-30,OPAL,WY,83103,NOT AVAILABLE,NATURAL GAS COMPRESSOR STATION,IN SERVICE,LINCOLN,56023,USA,41.777831,-110.348173,486210,PIPELINE TRANSPORTATION OF NATURAL GAS,"EPA ENVIROFACTS, FERC FORM 2, CORPORATE WEBSITE",2015/10/19 00:00:00+00,IMAGERY/OTHER,2016/03/14 00:00:00+00,http://ebb.cigco.com/,"COLORADO INTERSTATE GAS COMPANY, L.L.C.",32,"COLORADO INTERSTATE GAS COMPANY, L.L.C.",WITHIN 40 FEET,3,3300,6398836,8961,191692,3309,710,1,2012/07/06 00:00:00+00,0,0
-121.828351611,43.08216279,263,263,GCOMP1234,#13- CHEMULT,"OR-138/HWY-97; WEST OF US-97",CHEMULT,OR,97731,NOT AVAILABLE,NATURAL GAS COMPRESSOR STATION,IN SERVICE,KLAMATH,41035,USA,43.08216279,-121.828351611,486210,PIPELINE TRANSPORTATION OF NATURAL GAS,"EPA ENVIROFACTS, FERC FORM 2, CORPORATE WEBSITE",2015/09/18 00:00:00+00,IMAGERY/OTHER,2016/03/14 00:00:00+00,http://www.gastransmissionnw.com/,GAS TRANSMISSION NORTHWEST LLC,86,GAS TRANSMISSION NORTHWEST LLC,WITHIN 40 FEET,2,28600,28733324,655246,79555,240017,1519,1,2012/06/07 00:00:00+00,0,0
-78.902883,41.519482,264,264,GCOMP1235,SACKETT,OWLS NEST ROAD,JAMES CITY,PA,16734,NOT AVAILABLE,NATURAL GAS COMPRESSOR STATION,IN SERVICE,ELK,42047,USA,41.519482,-78.902883,486210,PIPELINE TRANSPORTATION OF NATURAL GAS,"FERC FORM 2, IMAGERY",2015/10/02 00:00:00+00,IMAGERY/OTHER,2016/03/14 00:00:00+00,http://www.natfuel.com/,NATIONAL FUEL GAS SUPPLY CORPORATION,16,NATIONAL FUEL GAS SUPPLY CORPORATION,WITHIN 40 FEET,4,675,958243,5535,13176,2110,41,0,2012/01/01 00:00:00+00,5478,48323
-80.453092,39.8918640000001,265,265,GCOMP1236,RYERSON,PA-3022 (BRISTORIA RD)/EAST OF PA-21,WIND RIDGE,PA,15380,NOT AVAILABLE,NATURAL GAS COMPRESSOR STATION,IN SERVICE,GREENE,42059,USA,39.891864,-80.453092,486210,PIPELINE TRANSPORTATION OF NATURAL GAS,"FERC FORM 2, CORPORATE WEBSITE",2015/10/08 00:00:00+00,IMAGERY/OTHER,2016/03/14 00:00:00+00,http://equitrans.eqtmidstreampartners.com/,"EQUITRANS, L.P.",24,"EQUITRANS, L.P.",WITHIN 40 FEET,1,41,127884,0,271,0,0,0,1970/01/01 00:00:00+00,20,-999
-82.129711,38.1984350000001,266,266,GCOMP1237,HAMLIN,PANTHER BRANCH RD/NORTH OF 6 MILE CREEK RD,BRANCHLAND,WV,25506,NOT AVAILABLE,NATURAL GAS COMPRESSOR STATION,IN SERVICE,LINCOLN,54043,USA,38.198435,-82.129711,486210,PIPELINE TRANSPORTATION OF NATURAL GAS,"EPA ENVIROFACTS, FERC FORM 2, CORPORATE WEBSITE",2015/09/28 00:00:00+00,IMAGERY/OTHER,2016/03/14 00:00:00+00,http://www.columbiapipeinfo.com/,"COLUMBIA GAS TRANSMISSION,LLC",21,"COLUMBIA GAS TRANSMISSION,LLC",WITHIN 40 FEET,2,9470,30855115,29641,199158,9812,314,1,2012/05/07 00:00:00+00,23073,-999
-93.541270864,32.2173034410001,267,267,GCOMP1238,CANNISNIA,"PAR ROAD 410/CANNISNIA PLANTATION ROAD 410 4.57 MI NW OF WILLIAMS; OFF OF 1002 YEARWOOD RD",COUSHATTA,LA,71019,NOT AVAILABLE,NATURAL GAS COMPRESSOR STATION,IN SERVICE,RED RIVER,22081,USA,32.217303441,-93.541270864,486210,PIPELINE TRANSPORTATION OF NATURAL GAS,"EPA ENVIROFACTS, FERC FORM 2, CORPORATE WEBSITE",2015/09/18 00:00:00+00,IMAGERY/OTHER,2016/03/14 00:00:00+00,http://tigertransfer.energytransfer.com/,"ETC TIGER PIPELINE, LLC",63,"ETC TIGER PIPELINE, LLC",WITHIN 40 FEET,5,34010,71676336,120060,1018325,52692,3040,3,2012/01/06 00:00:00+00,0,0
-92.611408817,32.6253242880001,268,268,GCOMP1239,RUSTON,"PARISH RD 560/LIZARD RD; 293 HOWARD RD",RUSTON,LA,71270,NOT AVAILABLE,NATURAL GAS COMPRESSOR STATION,IN SERVICE,LINCOLN,22061,USA,32.625324288,-92.611408817,486210,PIPELINE TRANSPORTATION OF NATURAL GAS,"EPA ENVIROFACTS, FERC FORM 2, CORPORATE WEBSITE",2015/10/20 00:00:00+00,IMAGERY/OTHER,2016/03/14 00:00:00+00,http://pipelines.centerpointenergy.com/,"CENTERPOINT ENERGY GAS TRANSMISSION COMPANY, LLC",31,"CENTERPOINT ENERGY GAS TRANSMISSION COMPANY, LLC",WITHIN 40 FEET,2,8735,5983216,393561,462626,154216,5891,0,1970/01/01 00:00:00+00,0,0
-98.135587,26.4173210000001,269,269,GCOMP124,#409 AND 409A EDINBURG,12702 N HWY 281,EDINBURG,TX,78539,NOT AVAILABLE,NATURAL GAS COMPRESSOR STATION,IN SERVICE,HIDALGO,48215,USA,26.417321,-98.135587,486210,PIPELINE TRANSPORTATION OF NATURAL GAS,"FERC FORM 2, CORPORATE WEBSITE",2015/09/03 00:00:00+00,IMAGERY/OTHER,2016/03/14 00:00:00+00,http://pipeline2.kindermorgan.com/,"TENNESSEE GAS PIPELINE COMPANY, L.L.C.",9,"TENNESSEE GAS PIPELINE COMPANY, L.L.C.",WITHIN 40 FEET,4,13920,22767749,985452,928280,355435,26164,3,2012/09/20 00:00:00+00,0,0
-93.4436802119999,32.20995265,270,270,GCOMP1240,WESTDALE,PARISH ROAD 337,WESTDALE,LA,71052,NOT AVAILABLE,NATURAL GAS COMPRESSOR STATION,IN SERVICE,RED RIVER,22081,USA,32.20995265,-93.443680212,486210,PIPELINE TRANSPORTATION OF NATURAL GAS,"EPA ENVIROFACTS, FERC FORM 2, CORPORATE WEBSITE",2015/10/20 00:00:00+00,IMAGERY/OTHER,2016/03/14 00:00:00+00,http://pipelines.centerpointenergy.com/,"CENTERPOINT ENERGY GAS TRANSMISSION COMPANY, LLC",31,"CENTERPOINT ENERGY GAS TRANSMISSION COMPANY, LLC",WITHIN 40 FEET,2,30000,44685181,1404395,245650,461179,3971,0,1970/01/01 00:00:00+00,0,0
-89.9020629999999,31.6964150000001,271,271,GCOMP1241,GWINVILLE,PARKMAN CEMETERY RD,PRENTISS,MS,39474,NOT AVAILABLE,NATURAL GAS COMPRESSOR STATION,IN SERVICE,JEFFERSON DAVIS,28065,USA,31.696415,-89.902063,486210,PIPELINE TRANSPORTATION OF NATURAL GAS,"EPA ENVIROFACTS, FERC FORM 2, CORPORATE WEBSITE",2015/09/10 00:00:00+00,IMAGERY/OTHER,2016/03/14 00:00:00+00,http://www.spectraenergy.com/,"SOUTHEAST SUPPLY HEADER, LLC.",575,"SOUTHEAST SUPPLY HEADER, LLC.",WITHIN 40 FEET,2,25472,32481485,5064706,0,1870359,17000,2,2012/03/10 00:00:00+00,0,0
-78.644543035,42.0554692100001,272,272,GCOMP1242,LIMESTONE,PARKSIDE DR./SOUTH OF IRVINE MILLS RD,LIMESTONE,NY,14753,NOT AVAILABLE,NATURAL GAS COMPRESSOR STATION,IN SERVICE,CATTARAUGUS,36009,USA,42.05546921,-78.644543035,486210,PIPELINE TRANSPORTATION OF NATURAL GAS,"FERC FORM 2, IMAGERY",2015/10/05 00:00:00+00,IMAGERY/OTHER,2016/03/14 00:00:00+00,http://www.natfuel.com/,NATIONAL FUEL GAS SUPPLY CORPORATION,16,NATIONAL FUEL GAS SUPPLY CORPORATION,WITHIN 40 FEET,1,800,4322395,76483,138171,29158,4078,1,2012/01/07 00:00:00+00,10318,85760
-77.8409537209999,42.0495189480001,273,273,GCOMP1243,BEECH HILL,PEET RD/SOUTH OF HWY 39 (BEECH HILL RD),WILLING,NY,14895,NOT AVAILABLE,NATURAL GAS COMPRESSOR STATION,IN SERVICE,ALLEGANY,36003,USA,42.049518948,-77.840953721,486210,PIPELINE TRANSPORTATION OF NATURAL GAS,"FERC FORM 2, CORPORATE WEBSITE",2015/10/06 00:00:00+00,IMAGERY/OTHER,2016/03/14 00:00:00+00,http://www.natfuel.com/,NATIONAL FUEL GAS SUPPLY CORPORATION,16,NATIONAL FUEL GAS SUPPLY CORPORATION,WITHIN 40 FEET,3,8350,14183781,910135,298559,346976,5473,2,2012/01/02 00:00:00+00,38887,393640
-78.129274,38.0082340000001,274,274,GCOMP1244,LOUISA,POINDEXTER RD & BRICKHOUSE RD,LOUISA,VA,23093,NOT AVAILABLE,NATURAL GAS COMPRESSOR STATION,IN SERVICE,LOUISA,51109,USA,38.008234,-78.129274,486210,PIPELINE TRANSPORTATION OF NATURAL GAS,"EPA ENVIROFACTS, FERC FORM 2, CORPORATE WEBSITE",2015/09/28 00:00:00+00,IMAGERY/OTHER,2016/03/14 00:00:00+00,http://www.columbiapipeinfo.com/,"COLUMBIA GAS TRANSMISSION,LLC",21,"COLUMBIA GAS TRANSMISSION,LLC",WITHIN 40 FEET,3,4050,3197074,235904,89419,81687,5569,3,2012/01/15 00:00:00+00,4209,-999
-78.7396424839999,41.380136124,275,275,GCOMP1245,ISLAND RUN,PORTLAND MILLS ROAD,RIDGWAY,PA,15853,NOT AVAILABLE,NATURAL GAS COMPRESSOR STATION,IN SERVICE,ELK,42047,USA,41.380136124,-78.739642484,486210,PIPELINE TRANSPORTATION OF NATURAL GAS,"EPA ENVIROFACTS, FERC FORM 2, CORPORATE WEBSITE",2015/09/16 00:00:00+00,IMAGERY/OTHER,2016/03/14 00:00:00+00,http://www.natfuel.com/,NATIONAL FUEL GAS SUPPLY CORPORATION,16,NATIONAL FUEL GAS SUPPLY CORPORATION,WITHIN 40 FEET,4,615,1694950,48151,78256,18357,11264,2,2012/01/03 00:00:00+00,2881,36106
-105.536448178,48.417403402,276,276,GCOMP1246,#2 - ROOSEVELT COUNTY,POWDER RIVER RD,WOLF POINT,MT,59201,NOT AVAILABLE,NATURAL GAS COMPRESSOR STATION,IN SERVICE,ROOSEVELT,30085,USA,48.417403402,-105.536448178,486210,PIPELINE TRANSPORTATION OF NATURAL GAS,"EPA ENVIROFACTS, FERC FORM 2, CORPORATE WEBSITE",2015/09/15 00:00:00+00,IMAGERY/OTHER,2016/03/14 00:00:00+00,http://www.northernborder.com/,NORTHERN BORDER PIPELINE COMPANY,89,NORTHERN BORDER PIPELINE COMPANY,WITHIN 40 FEET,1,20000,17615665,2967383,174066,1050727,7028,1,2012/11/15 00:00:00+00,0,0
-78.828364,40.7542540000001,277,277,GCOMP1247,CHERRY TREE,POWELL RUN ROAD/ARCADIA RD,CHERRY TREE,PA,15724,NOT AVAILABLE,NATURAL GAS COMPRESSOR STATION,IN SERVICE,INDIANA,42063,USA,40.754254,-78.828364,486210,PIPELINE TRANSPORTATION OF NATURAL GAS,"FERC FORM 2, IMAGERY",2015/09/25 00:00:00+00,IMAGERY/OTHER,2016/03/14 00:00:00+00,http://escript.dom.com/,"DOMINION TRANSMISSION, INC.",22,"DOMINION TRANSMISSION, INC.",WITHIN 40 FEET,2,1520,2755371,172276,267308,61900,9548,2,2012/07/18 00:00:00+00,0,0
-113.702709,35.170894,278,278,GCOMP1248,HACKBERRY,"PUMP HOUSE RD/ROUND VALLEY RD; (20 MI E OF KINGMAN)",HACKBERRY,AZ,86411,NOT AVAILABLE,NATURAL GAS COMPRESSOR STATION,IN SERVICE,MOHAVE,04015,USA,35.170894,-113.702709,486210,PIPELINE TRANSPORTATION OF NATURAL GAS,"FERC FORM 2, IMAGERY",2015/09/21 00:00:00+00,IMAGERY/OTHER,2016/03/14 00:00:00+00,https://pipeportal.kindermorgan.com/,"EL PASO NATURAL GAS COMPANY, L.L.C.",33,"EL PASO NATURAL GAS COMPANY, L.L.C.",WITHIN 40 FEET,2,15270,15577061,31652,165775,13323,122,1,2012/10/19 00:00:00+00,0,0
-77.518992,41.875575,279,279,GCOMP1249,SABINSVILLE,PUMP STATION ROAD/NORTH OF SPRUCE ST,SABINSVILLE,PA,16943,NOT AVAILABLE,NATURAL GAS COMPRESSOR STATION,IN SERVICE,TIOGA,42117,USA,41.875575,-77.518992,486210,PIPELINE TRANSPORTATION OF NATURAL GAS,"FERC FORM 2, IMAGERY",2015/09/24 00:00:00+00,IMAGERY/OTHER,2016/03/14 00:00:00+00,http://escript.dom.com/,"DOMINION TRANSMISSION, INC.",22,"DOMINION TRANSMISSION, INC.",WITHIN 40 FEET,1,5800,9895507,6596,603933,2370,70,1,2012/05/01 00:00:00+00,0,0
-83.005618,42.7681010000001,280,280,GCOMP125,WASHINGTON - MACOMB COUNTY,12708 30 MILE ROAD,WASHINGTON TOWNSHIP,MI,48094,NOT AVAILABLE,NATURAL GAS COMPRESSOR STATION,IN SERVICE,MACOMB,26099,USA,42.768101,-83.005618,486210,PIPELINE TRANSPORTATION OF NATURAL GAS,"FERC FORM 2, MICHIGAN DEPARTMENT OF ENVIRONMENTAL QUALITY, http://www.romeoobserver.com/story.asp?storyid=7469",2015/08/14 00:00:00+00,IMAGERY/OTHER,2016/03/14 00:00:00+00,http://www.vector-pipeline.com/,VECTOR PIPELINE L.P.,63,VECTOR PIPELINE L.P.,WITHIN 40 FEET,2,30000,52279265,0,364250,1395661,12456,2,2012/11/22 00:00:00+00,0,0
-88.660026,32.6399680000001,281,281,GCOMP1250,#542 - DEKALB,PUMPING STATION RD. & BLACKWATER RD.,DE KALB,MS,39328,NOT AVAILABLE,NATURAL GAS COMPRESSOR STATION,IN SERVICE,KEMPER,28069,USA,32.639968,-88.660026,486210,PIPELINE TRANSPORTATION OF NATURAL GAS,"FERC FORM 2, IMAGERY",2015/09/02 00:00:00+00,IMAGERY/OTHER,2016/03/14 00:00:00+00,http://pipeline2.kindermorgan.com/,"TENNESSEE GAS PIPELINE COMPANY, L.L.C.",9,"TENNESSEE GAS PIPELINE COMPANY, L.L.C.",WITHIN 40 FEET,5,29500,20973737,16902,389409,6039,0,0,1970/01/01 00:00:00+00,0,0
-105.936023,41.436918,282,282,GCOMP1251,LARAMIE,QUEALY DOME ROAD & HUNT ROAD,LARAMIE,WY,82051,NOT AVAILABLE,NATURAL GAS COMPRESSOR STATION,IN SERVICE,ALBANY,56001,USA,41.436918,-105.936023,486210,PIPELINE TRANSPORTATION OF NATURAL GAS,"EPA ENVIROFACTS, FERC FORM 2, CORPORATE WEBSITE",2015/10/19 00:00:00+00,IMAGERY/OTHER,2016/03/14 00:00:00+00,http://ebb.cigco.com/,"COLORADO INTERSTATE GAS COMPANY, L.L.C.",32,"COLORADO INTERSTATE GAS COMPANY, L.L.C.",WITHIN 40 FEET,4,15000,15605050,37949,448210,14991,622,4,2012/06/26 00:00:00+00,0,0
-79.349169,41.6234650000001,283,283,GCOMP1252,QUEEN,QUEEN PUMPING STATION RD. & QUEEN RD.,QUEEN,PA,16353,NOT AVAILABLE,NATURAL GAS COMPRESSOR STATION,IN SERVICE,FOREST,42053,USA,41.623465,-79.349169,486210,PIPELINE TRANSPORTATION OF NATURAL GAS,"EPA ENVIROFACTS, FERC FORM 2, CORPORATE WEBSITE",2015/09/16 00:00:00+00,IMAGERY/OTHER,2016/03/14 00:00:00+00,http://www.natfuel.com/,NATIONAL FUEL GAS SUPPLY CORPORATION,16,NATIONAL FUEL GAS SUPPLY CORPORATION,WITHIN 40 FEET,4,450,622627,21575,564,8225,6188,2,2012/11/23 00:00:00+00,4865,37986
-78.3214409999999,41.2525460000001,284,284,GCOMP1253,ARDELL,QUEHANNA HWY & CRISSMAN RD,ARDELL,PA,15868,NOT AVAILABLE,NATURAL GAS COMPRESSOR STATION,IN SERVICE,ELK,42047,USA,41.252546,-78.321441,486210,PIPELINE TRANSPORTATION OF NATURAL GAS,"FERC FORM 2, IMAGERY",2015/09/25 00:00:00+00,IMAGERY/OTHER,2016/03/14 00:00:00+00,http://escript.dom.com/,"DOMINION TRANSMISSION, INC.",22,"DOMINION TRANSMISSION, INC.",WITHIN 40 FEET,2,25310,37070696,337793,638854,119284,77,1,2012/12/13 00:00:00+00,0,0
-78.803826,40.999379,285,285,GCOMP1254,BIG RUN,RAINBOW RD/MILLS RD,BIG RUN,PA,15715,NOT AVAILABLE,NATURAL GAS COMPRESSOR STATION,IN SERVICE,CLEARFIELD,42033,USA,40.999379,-78.803826,486210,PIPELINE TRANSPORTATION OF NATURAL GAS,"FERC FORM 2, CORPORATE WEBSITE",2015/10/15 00:00:00+00,IMAGERY/OTHER,2016/03/14 00:00:00+00,http://escript.dom.com/,"DOMINION TRANSMISSION, INC.",22,"DOMINION TRANSMISSION, INC.",WITHIN 40 FEET,1,1775,4111066,186813,324488,67131,8448,1,2012/01/07 00:00:00+00,0,0
-108.035251694,41.6707919360001,286,286,GCOMP1255,R28194003/103 AT WAMSUTTER,RASMUSSEN RD/N OF I-80,WAMSUTTER,WY,82336,NOT AVAILABLE,NATURAL GAS COMPRESSOR STATION,IN SERVICE,SWEETWATER,56037,USA,41.670791936,-108.035251694,486210,PIPELINE TRANSPORTATION OF NATURAL GAS,"EPA ENVIROFACTS, FERC FORM 2, CORPORATE WEBSITE",2015/09/11 00:00:00+00,IMAGERY/OTHER,2016/03/14 00:00:00+00,http://www.tallgrassenergylp.com/,ROCKIES EXPRESS PIPELINE LLC,575,ROCKIES EXPRESS PIPELINE LLC,WITHIN 40 FEET,3,18885,35995555,0,0,1195198,17949,3,2012/04/07 00:00:00+00,0,0
-76.797608,41.7390760000001,287,287,GCOMP1256,#317 - TROY,RD #1 TENNESSEE GAS ROAD,TROY,PA,16947,NOT AVAILABLE,NATURAL GAS COMPRESSOR STATION,IN SERVICE,BRADFORD,42015,USA,41.739076,-76.797608,486210,PIPELINE TRANSPORTATION OF NATURAL GAS,"EPA ENVIROFACTS, FERC FORM 2, CORPORATE WEBSITE",2015/09/03 00:00:00+00,IMAGERY/OTHER,2016/03/14 00:00:00+00,http://pipeline2.kindermorgan.com/,"TENNESSEE GAS PIPELINE COMPANY, L.L.C.",9,"TENNESSEE GAS PIPELINE COMPANY, L.L.C.",WITHIN 40 FEET,1,13000,35778881,10304,252049,3535,518,1,2012/09/26 00:00:00+00,464146,3910335
-108.311274,36.231549,288,288,GCOMP1257,WHITE ROCK,RD 7295/WEST OF S-321 (22 MI E OF NEWCOMB),NEWCOMB,NM,87455,NOT AVAILABLE,NATURAL GAS COMPRESSOR STATION,IN SERVICE,SAN JUAN,35045,USA,36.231549,-108.311274,486210,PIPELINE TRANSPORTATION OF NATURAL GAS,"FERC FORM 2, CORPORATE WEBSITE, IMAGERY",2015/10/09 00:00:00+00,IMAGERY/OTHER,2016/03/14 00:00:00+00,https://pipeportal.kindermorgan.com/,"EL PASO NATURAL GAS COMPANY, L.L.C.",33,"EL PASO NATURAL GAS COMPANY, L.L.C.",WITHIN 40 FEET,2,23610,35636272,12,104263,5,0,0,1970/01/01 00:00:00+00,0,0
-101.097058,36.7466240000001,289,289,GCOMP1258,OKLAHOMA-ADAMS-TEXAS COUNTY,RD R/ MILE 52,ADAMS,OK,73901,NOT AVAILABLE,NATURAL GAS COMPRESSOR STATION,IN SERVICE,TEXAS,40139,USA,36.746624,-101.097058,486210,PIPELINE TRANSPORTATION OF NATURAL GAS,"FERC FORM 2, IMAGERY",2015/10/01 00:00:00+00,IMAGERY/OTHER,2016/03/14 00:00:00+00,http://peplmessenger.energytransfer.com/,"PANHANDLE EASTERN PIPE LINE COMPANY, LP",28,"PANHANDLE EASTERN PIPE LINE COMPANY, LP",WITHIN 40 FEET,3,1740,1387047,86125,0,33958,12050,2,2012/01/03 00:00:00+00,0,0
-104.549165,33.7118790000001,290,290,GCOMP1259,ROSWELL,"RED BLUFF RD & HIGHWAY 100; (6 PETRO DR)",ROSWELL,NM,88201,NOT AVAILABLE,NATURAL GAS COMPRESSOR STATION,IN SERVICE,CHAVES,35005,USA,33.711879,-104.549165,486210,PIPELINE TRANSPORTATION OF NATURAL GAS,"EPA ENVIROFACTS, FERC FORM 2, CORPORATE WEBSITE",2015/09/21 00:00:00+00,IMAGERY/OTHER,2016/03/14 00:00:00+00,https://pipeportal.kindermorgan.com/,"EL PASO NATURAL GAS COMPANY, L.L.C.",33,"EL PASO NATURAL GAS COMPANY, L.L.C.",WITHIN 40 FEET,3,10200,13368024,3681,263874,1399,46,1,2012/01/31 00:00:00+00,0,0
-101.129747116,37.5572933330001,291,291,GCOMP126,529 UNITED,12717 US-160,ULYSSES,KS,67880,NOT AVAILABLE,NATURAL GAS COMPRESSOR STATION,IN SERVICE,GRANT,20067,USA,37.557293333,-101.129747116,486210,PIPELINE TRANSPORTATION OF NATURAL GAS,"EPA ENVIROFACTS, FERC FORM 2, CORPORATE WEBSITE",2015/09/10 00:00:00+00,IMAGERY/OTHER,2016/03/14 00:00:00+00,https://csi.sscgp.com/,"SOUTHERN STAR CENTRAL GAS PIPELINE, INC.",43,"SOUTHERN STAR CENTRAL GAS PIPELINE, INC.",WITHIN 40 FEET,6,4000,-999,0,205489,0,0,0,1970/01/01 00:00:00+00,0,0
-89.588316,31.5343820000001,292,292,GCOMP1260,COLLINS BOOSTER STATION,RIDGE RD/SMYRNA ROAD,COLLINS,MS,39428,NOT AVAILABLE,NATURAL GAS COMPRESSOR STATION,IN SERVICE,COVINGTON,28031,USA,31.534382,-89.588316,486210,PIPELINE TRANSPORTATION OF NATURAL GAS,"EPA ENVIROFACTS, FERC FORM 2, CORPORATE WEBSITE",2015/08/21 00:00:00+00,IMAGERY/OTHER,2016/03/14 00:00:00+00,https://www.epa.gov/Enviro,"SOUTHEAST SUPPLY HEADER LLC (EMPIRE PIPELINE, INC.)",575,"SOUTHEAST SUPPLY HEADER LLC (EMPIRE PIPELINE, INC.)",WITHIN 40 FEET,2,7100,23244873,62,0,25,1916,2,2012/10/12 00:00:00+00,0,0
-77.696996,41.373864,293,293,GCOMP1261,RENOVO,RIGHT HAND YOUNG WOMANS CREEK RD. & FORK HILL RD.,RENOVO,PA,17764,NOT AVAILABLE,NATURAL GAS COMPRESSOR STATION,IN SERVICE,CLINTON,42035,USA,41.373864,-77.696996,486210,PIPELINE TRANSPORTATION OF NATURAL GAS,"FERC FORM 2, IMAGERY",2015/09/28 00:00:00+00,IMAGERY/OTHER,2016/03/14 00:00:00+00,http://www.columbiapipeinfo.com/,"COLUMBIA GAS TRANSMISSION,LLC",21,"COLUMBIA GAS TRANSMISSION,LLC",WITHIN 40 FEET,5,3370,8135853,188106,554250,69920,25418,5,2012/06/04 00:00:00+00,11676,-999
-109.312801,41.521259,294,294,GCOMP1262,ROCKSPRINGS (GREEN RIVER BASIN),"RIGHT OFF OF US-191; EAST OF US-191",GREEN RIVER,WY,82935,NOT AVAILABLE,NATURAL GAS COMPRESSOR STATION,IN SERVICE,SWEETWATER,56037,USA,41.521259,-109.312801,486210,PIPELINE TRANSPORTATION OF NATURAL GAS,"FERC FORM 2, CORPORATE WEBSITE",2015/10/01 00:00:00+00,IMAGERY/OTHER,2016/03/14 00:00:00+00,http://www.questarpipeline.com/,QUESTAR OVERTHRUST PIPELINE COMPANY,78,QUESTAR OVERTHRUST PIPELINE COMPANY,WITHIN 40 FEET,2,31000,36577826,1698104,254054,653404,7539,2,2012/10/15 00:00:00+00,0,0
-107.979807,36.693546,295,295,GCOMP1263,RIO VISTA,ROAD 4990/SOUTH OF SULLIVAN RD,BLOOMFIELD,NM,87413,NOT AVAILABLE,NATURAL GAS COMPRESSOR STATION,IN SERVICE,SAN JUAN,35045,USA,36.693546,-107.979807,486210,PIPELINE TRANSPORTATION OF NATURAL GAS,"FERC FORM 2, IMAGERY",2015/09/21 00:00:00+00,IMAGERY/OTHER,2016/03/14 00:00:00+00,https://pipeportal.kindermorgan.com/,"EL PASO NATURAL GAS COMPANY, L.L.C.",33,"EL PASO NATURAL GAS COMPANY, L.L.C.",WITHIN 40 FEET,3,7820,14097794,435624,233481,165772,14181,3,2012/07/28 00:00:00+00,0,0
-108.367027427,36.7551869590001,296,296,GCOMP1264,SAN JUAN RIVER MAINLINE,"ROAD 6500; (.75 MILES NORTH KIRTLAND)",KIRTLAND,NM,87416,NOT AVAILABLE,NATURAL GAS COMPRESSOR STATION,IN SERVICE,SAN JUAN,35045,USA,36.755186959,-108.367027427,486210,PIPELINE TRANSPORTATION OF NATURAL GAS,"FERC FORM 2, IMAGERY",2015/09/21 00:00:00+00,IMAGERY/OTHER,2016/03/14 00:00:00+00,https://pipeportal.kindermorgan.com/,"EL PASO NATURAL GAS COMPANY, L.L.C.",33,"EL PASO NATURAL GAS COMPANY, L.L.C.",WITHIN 40 FEET,3,3480,5669597,0,39131,0,0,0,1970/01/01 00:00:00+00,0,0
-81.7104199999999,38.4772520000001,297,297,GCOMP1265,LANHAM,ROCKY FORK RD & KELLY'S CREEK,LANHAM,WV,25159,NOT AVAILABLE,NATURAL GAS COMPRESSOR STATION,IN SERVICE,KANAWHA,54039,USA,38.477252,-81.71042,486210,PIPELINE TRANSPORTATION OF NATURAL GAS,"FERC FORM 2, IMAGERY",2015/09/28 00:00:00+00,IMAGERY/OTHER,2016/03/14 00:00:00+00,http://www.columbiapipeinfo.com/,"COLUMBIA GAS TRANSMISSION,LLC",21,"COLUMBIA GAS TRANSMISSION,LLC",WITHIN 40 FEET,10,35016,49848107,53384,887484,22659,5798,2,2012/11/22 00:00:00+00,3362264,36780625
-80.5993319999999,39.369945,298,298,GCOMP1266,PIERCE,ROUNDBOTTOM RD & WV-23,SEDALIA,WV,26448,NOT AVAILABLE,NATURAL GAS COMPRESSOR STATION,IN SERVICE,DODDRIDGE,54017,USA,39.369945,-80.599332,486210,PIPELINE TRANSPORTATION OF NATURAL GAS,"FERC FORM 2, IMAGERY",2015/10/08 00:00:00+00,IMAGERY/OTHER,2016/03/14 00:00:00+00,http://equitrans.eqtmidstreampartners.com/,"EQUITRANS, L.P.",24,"EQUITRANS, L.P.",WITHIN 40 FEET,1,140,593015,10851,7297,3925,7313,1,2012/06/10 00:00:00+00,817,-999
-80.599592,39.369722,299,299,GCOMP1267,SCHUTTE,ROUNDBOTTOM ROAD & HIGHWAY 23,CENTER POINT,WV,26339,NOT AVAILABLE,NATURAL GAS COMPRESSOR STATION,IN SERVICE,DODDRIDGE,54017,USA,39.369722,-80.599592,486210,PIPELINE TRANSPORTATION OF NATURAL GAS,"FERC FORM 2, IMAGERY",2015/09/24 00:00:00+00,IMAGERY/OTHER,2016/03/14 00:00:00+00,http://escript.dom.com/,"DOMINION TRANSMISSION, INC.",22,"DOMINION TRANSMISSION, INC.",WITHIN 40 FEET,2,1320,7687615,46562,261609,15722,12431,2,2012/09/18 00:00:00+00,0,0
-87.762561625,35.790721331,300,300,GCOMP1268,LOBELVILLE,"ROUTE 1,BOX817, LOST CREEK ROAD",LOBELVILLE,TN,37097,NOT AVAILABLE,NATURAL GAS COMPRESSOR STATION,IN SERVICE,PERRY,47135,USA,35.790721331,-87.762561625,486210,PIPELINE TRANSPORTATION OF NATURAL GAS,"EPA ENVIROFACTS, FERC FORM 2, CORPORATE WEBSITE",2015/09/22 00:00:00+00,IMAGERY/OTHER,2016/03/14 00:00:00+00,http://www.spectraenergy.com/,"EAST TENNESSEE NATURAL GAS, LLC",2,"EAST TENNESSEE NATURAL GAS, LLC",WITHIN 40 FEET,2,2930,4904218,419902,0,151831,10478,0,2012/02/09 00:00:00+00,0,0
-80.6728689999999,39.550351,301,301,GCOMP1269,HASTINGS,ROUTE 20,PINE GROVE,WV,26419,NOT AVAILABLE,NATURAL GAS COMPRESSOR STATION,IN SERVICE,WETZEL,54103,USA,39.550351,-80.672869,486210,PIPELINE TRANSPORTATION OF NATURAL GAS,"EPA ENVIROFACTS, FERC FORM 2, CORPORATE WEBSITE",2015/09/21 00:00:00+00,IMAGERY/OTHER,2016/03/14 00:00:00+00,http://equitrans.eqtmidstreampartners.com/,"EQUITRANS, L.P.",24,"EQUITRANS, L.P.",WITHIN 40 FEET,2,720,3847596,0,1316,0,103,1,2012/05/04 00:00:00+00,5144,-999
-102.556610455,39.598627369,302,302,GCOMP127,KIRK,12730 COUNTY ROAD 2,KIRK,CO,80824,NOT AVAILABLE,NATURAL GAS COMPRESSOR STATION,IN SERVICE,YUMA,08125,USA,39.598627369,-102.556610455,486210,PIPELINE TRANSPORTATION OF NATURAL GAS,"EPA ENVIROFACTS, FERC FORM 2, CORPORATE WEBSITE",2015/10/20 00:00:00+00,IMAGERY/OTHER,2016/03/14 00:00:00+00,http://ebb.cigco.com/,"CHEYENNE PLAINS GAS PIPELINE COMPANY, LLC",63,"CHEYENNE PLAINS GAS PIPELINE COMPANY, LLC",WITHIN 40 FEET,1,10310,18563671,125945,184591,45926,748,1,2012/08/19 00:00:00+00,0,0
-80.538289769,39.4805568800001,303,303,GCOMP1270,SMITHFIELD,ROUTE 20 & STOUT RUN,SMITHFIELD,WV,26437,NOT AVAILABLE,NATURAL GAS COMPRESSOR STATION,IN SERVICE,WETZEL,54103,USA,39.48055688,-80.538289769,486210,PIPELINE TRANSPORTATION OF NATURAL GAS,"EPA ENVIROFACTS, FERC FORM 2, CORPORATE WEBSITE",2015/09/28 00:00:00+00,IMAGERY/OTHER,2016/03/14 00:00:00+00,http://www.columbiapipeinfo.com/,"COLUMBIA GAS TRANSMISSION,LLC",21,"COLUMBIA GAS TRANSMISSION,LLC",WITHIN 40 FEET,3,10170,14649071,96258,314708,36981,3239,1,2012/01/28 00:00:00+00,21232,-999
-79.025708187,40.906384975,304,304,GCOMP1271,ROCHESTER MILLS,ROUTE 210 HIGHWAY,ROCHESTER MILLS,PA,15771,NOT AVAILABLE,NATURAL GAS COMPRESSOR STATION,IN SERVICE,INDIANA,42063,USA,40.906384975,-79.025708187,486210,PIPELINE TRANSPORTATION OF NATURAL GAS,"EPA ENVIROFACTS, FERC FORM 2, CORPORATE WEBSITE",2015/09/24 00:00:00+00,IMAGERY/OTHER,2016/03/14 00:00:00+00,http://escript.dom.com/,"DOMINION TRANSMISSION, INC.",22,"DOMINION TRANSMISSION, INC.",WITHIN 40 FEET,3,1320,2805105,170514,287478,60982,16629,2,2012/08/18 00:00:00+00,0,0
-79.70472,38.7819440000001,305,305,GCOMP1272,GLADY,ROUTE 22 BEMIS RD,GLADY,WV,26268,NOT AVAILABLE,NATURAL GAS COMPRESSOR STATION,IN SERVICE,RANDOLPH,54083,USA,38.781944,-79.70472,486210,PIPELINE TRANSPORTATION OF NATURAL GAS,"FERC FORM 2, IMAGERY",2015/09/29 00:00:00+00,IMAGERY/OTHER,2016/03/14 00:00:00+00,http://www.columbiapipeinfo.com/,"COLUMBIA GAS TRANSMISSION,LLC",21,"COLUMBIA GAS TRANSMISSION,LLC",WITHIN 40 FEET,3,3960,12364237,120297,675733,50860,9179,2,2012/03/09 00:00:00+00,0,0
-80.966705,38.852851,306,306,GCOMP1273,JONES,ROUTE 33,LOCKNEY,WV,25267,NOT AVAILABLE,NATURAL GAS COMPRESSOR STATION,IN SERVICE,GILMER,54021,USA,38.852851,-80.966705,486210,PIPELINE TRANSPORTATION OF NATURAL GAS,"EPA ENVIROFACTS, FERC FORM 2, CORPORATE WEBSITE",2015/09/24 00:00:00+00,IMAGERY/OTHER,2016/03/14 00:00:00+00,http://escript.dom.com/,"DOMINION TRANSMISSION, INC.",22,"DOMINION TRANSMISSION, INC.",WITHIN 40 FEET,2,1320,3316924,209218,248053,75845,14204,2,2012/03/20 00:00:00+00,0,0
-79.013611,41.349166,307,307,GCOMP1274,HEATH,ROUTE 949 EAST OF SIGEL RR 1 BOX,SIGEL,PA,15860,NOT AVAILABLE,NATURAL GAS COMPRESSOR STATION,IN SERVICE,JEFFERSON,42065,USA,41.349166,-79.013611,486210,PIPELINE TRANSPORTATION OF NATURAL GAS,"EPA ENVIROFACTS, FERC FORM 2, CORPORATE WEBSITE",2015/09/16 00:00:00+00,IMAGERY/OTHER,2016/03/14 00:00:00+00,http://www.natfuel.com/,NATIONAL FUEL GAS SUPPLY CORPORATION,16,NATIONAL FUEL GAS SUPPLY CORPORATION,WITHIN 40 FEET,1,1160,4304986,175117,329658,66761,7103,1,2012/03/12 00:00:00+00,43004,418320
-81.614350025,37.6027997530001,308,308,GCOMP1275,OSCAR NELSON,ROUTE 97,MARIANNA,WV,24859,NOT AVAILABLE,NATURAL GAS COMPRESSOR STATION,IN SERVICE,WYOMING,54109,USA,37.602799753,-81.614350025,486210,PIPELINE TRANSPORTATION OF NATURAL GAS,"EPA ENVIROFACTS, FERC FORM 2, CORPORATE WEBSITE",2015/09/24 00:00:00+00,IMAGERY/OTHER,2016/03/14 00:00:00+00,http://escript.dom.com/,"DOMINION TRANSMISSION, INC.",22,"DOMINION TRANSMISSION, INC.",WITHIN 40 FEET,6,5280,11731151,783749,1287016,280321,43596,6,2012/11/30 00:00:00+00,0,0
-75.59897,41.7116590000001,309,309,GCOMP1276,#321 - WEST CLIFFORD,RR 1 BOX 163T,UNION DALE,PA,18470,NOT AVAILABLE,NATURAL GAS COMPRESSOR STATION,IN SERVICE,SUSQUEHANNA,42115,USA,41.711659,-75.59897,486210,PIPELINE TRANSPORTATION OF NATURAL GAS,"EPA ENVIROFACTS, FERC FORM 2, CORPORATE WEBSITE",2015/09/03 00:00:00+00,IMAGERY/OTHER,2016/03/14 00:00:00+00,http://pipeline2.kindermorgan.com/,"TENNESSEE GAS PIPELINE COMPANY, L.L.C.",9,"TENNESSEE GAS PIPELINE COMPANY, L.L.C.",WITHIN 40 FEET,3,14100,37048351,929401,843272,294279,7617,3,2012/11/05 00:00:00+00,0,0
-95.637076,33.517857,310,310,GCOMP1277,STATION 802 - PARIS,RR 5 BOX 53Z150,PARIS,TX,75462,NOT AVAILABLE,NATURAL GAS COMPRESSOR STATION,IN SERVICE,LAMAR,48277,USA,33.517857,-95.637076,486210,PIPELINE TRANSPORTATION OF NATURAL GAS,"EPA ENVIROFACTS, FERC FORM 2",2015/10/01 00:00:00+00,IMAGERY/OTHER,2016/03/14 00:00:00+00,https://www.epa.gov/Enviro,NATURAL GAS PIPELINE COMPANY OF AMERICA LLC,26,NATURAL GAS PIPELINE COMPANY OF AMERICA LLC,WITHIN 40 FEET,3,16560,29012459,0,0,578904,15884,3,2012/06/12 00:00:00+00,0,0
-96.144322291,29.5326800930001,311,311,GCOMP1278,#17 - EAST BERNARD,"RT. 2, BOX 190",EAST BERNARD,TX,77435,NOT AVAILABLE,NATURAL GAS COMPRESSOR STATION,IN SERVICE,WHARTON,48481,USA,29.532680093,-96.144322291,486210,PIPELINE TRANSPORTATION OF NATURAL GAS,"EPA ENVIROFACTS, FERC FORM 2, CORPORATE WEBSITE",2015/09/03 00:00:00+00,IMAGERY/OTHER,2016/03/14 00:00:00+00,http://pipeline2.kindermorgan.com/,"TENNESSEE GAS PIPELINE COMPANY, L.L.C.",9,"TENNESSEE GAS PIPELINE COMPANY, L.L.C.",WITHIN 40 FEET,2,22700,22198536,0,415806,0,0,0,2012/12/31 00:00:00+00,0,0
-82.367998518,37.0660286,312,312,GCOMP1279,NORA,RTE 654,NORA,VA,24272,NOT AVAILABLE,NATURAL GAS COMPRESSOR STATION,IN SERVICE,DICKENSON,51051,USA,37.0660286,-82.367998518,486210,PIPELINE TRANSPORTATION OF NATURAL GAS,"EPA ENVIROFACTS, FERC FORM 2, CORPORATE WEBSITE",2015/09/22 00:00:00+00,IMAGERY/OTHER,2016/03/14 00:00:00+00,http://www.spectraenergy.com/,"EAST TENNESSEE NATURAL GAS, LLC",2,"EAST TENNESSEE NATURAL GAS, LLC",WITHIN 40 FEET,2,7200,14569850,757286,0,273828,16937,0,2012/11/03 00:00:00+00,0,0
-82.5251142119999,36.4469702740001,313,313,GCOMP128,FORDTOWN,1277 FORDTOWN ROAD,KINGSPORT,TN,37663,3215,NATURAL GAS COMPRESSOR STATION,IN SERVICE,SULLIVAN,47163,USA,36.446970274,-82.525114212,486210,PIPELINE TRANSPORTATION OF NATURAL GAS,"EPA ENVIROFACTS, FERC FORM 2, CORPORATE WEBSITE",2015/09/22 00:00:00+00,IMAGERY/OTHER,2016/03/14 00:00:00+00,http://www.spectraenergy.com/,"EAST TENNESSEE NATURAL GAS, LLC",2,"EAST TENNESSEE NATURAL GAS, LLC",NOTIONAL,2,2000,5212898,193459,0,68626,8570,0,2012/01/31 00:00:00+00,0,0
-80.221786,39.347202,314,314,GCOMP1280,BRIDGEPORT,RTE 73 & STUART LANE,BRIDGEPORT,WV,26330,NOT AVAILABLE,NATURAL GAS COMPRESSOR STATION,IN SERVICE,HARRISON,54033,USA,39.347202,-80.221786,486210,PIPELINE TRANSPORTATION OF NATURAL GAS,"EPA ENVIROFACTS, FERC FORM 2, CORPORATE WEBSITE",2015/09/25 00:00:00+00,IMAGERY/OTHER,2016/03/14 00:00:00+00,http://escript.dom.com/,"DOMINION TRANSMISSION, INC.",22,"DOMINION TRANSMISSION, INC.",WITHIN 40 FEET,2,2200,4463134,192404,1255454,64312,9007,1,2012/01/13 00:00:00+00,0,0
-99.3825308679999,37.0316562190001,315,315,GCOMP1281,BUTTERMILK,RURAL ROUTE 1,COLDWATER,KS,67029,NOT AVAILABLE,NATURAL GAS COMPRESSOR STATION,IN SERVICE,COMANCHE,20033,USA,37.031656219,-99.382530868,486210,PIPELINE TRANSPORTATION OF NATURAL GAS,"EPA ENVIROFACTS, FERC FORM 2, CORPORATE WEBSITE",2015/10/28 00:00:00+00,IMAGERY/OTHER,2016/03/14 00:00:00+00,http://anrebb.transcanada.com/,ANR PIPELINE COMPANY,48,ANR PIPELINE COMPANY,WITHIN 40 FEET,2,6000,-999,0,0,0,0,0,1970/01/01 00:00:00+00,0,0
-109.121209,41.3648140000001,316,316,GCOMP1282,WYOMING - SOUTH BAXTER,"S BAXTER CAMP RD/S BAXTER RD; SEC 16 TWN16N RANGE 104W",ROCK SPRINGS,WY,82901,NOT AVAILABLE,NATURAL GAS COMPRESSOR STATION,IN SERVICE,SWEETWATER,56037,USA,41.364814,-109.121209,486210,PIPELINE TRANSPORTATION OF NATURAL GAS,"EPA ENVIROFACTS, FERC FORM 2, CORPORATE WEBSITE",2015/09/30 00:00:00+00,IMAGERY/OTHER,2016/03/14 00:00:00+00,http://www.questarpipeline.com/,QUESTAR PIPELINE COMPANY,55,QUESTAR PIPELINE COMPANY,WITHIN 40 FEET,3,1040,19761,0,3419,0,0,0,1970/01/01 00:00:00+00,0,0
-108.227804,35.394078,317,317,GCOMP1283,BLUEWATER,S IH 40 EXIT 53,THOREAU,NM,87323,NOT AVAILABLE,NATURAL GAS COMPRESSOR STATION,IN SERVICE,MCKINLEY,35031,USA,35.394078,-108.227804,486210,PIPELINE TRANSPORTATION OF NATURAL GAS,"EPA ENVIROFACTS, FERC FORM 2, CORPORATE WEBSITE",2015/09/21 00:00:00+00,IMAGERY/OTHER,2016/03/14 00:00:00+00,https://pipeportal.kindermorgan.com/,"EL PASO NATURAL GAS COMPANY, L.L.C.",33,"EL PASO NATURAL GAS COMPANY, L.L.C.",WITHIN 40 FEET,3,21000,13739265,31097,210395,11524,256,1,2012/08/14 00:00:00+00,0,0
-101.310744471,37.5708930980001,318,318,GCOMP1284,GRANT #1,S RD M/NORTH OF EAST OKLAHOMA AVE (KS-160),ULYSSES,KS,67880,NOT AVAILABLE,NATURAL GAS COMPRESSOR STATION,IN SERVICE,GRANT,20067,USA,37.570893098,-101.310744471,486210,PIPELINE TRANSPORTATION OF NATURAL GAS,"FERC FORM 2, IMAGERY",2015/08/31 00:00:00+00,IMAGERY/OTHER,2016/03/14 00:00:00+00,http://pipeline.tallgrassenergylp.com/,TALLGRASS INTERSTATE GAS TRANSMISSION LLC,53,TALLGRASS INTERSTATE GAS TRANSMISSION LLC,WITHIN 40 FEET,2,1544,1769367,0,0,347,164,1,2012/07/30 00:00:00+00,0,0
-110.80983,32.0662150000001,319,319,GCOMP1285,VAIL,S RITA RD/ SOUTH OF E OLD VAIL RD,VAIL,AZ,85641,NOT AVAILABLE,NATURAL GAS COMPRESSOR STATION,IN SERVICE,PIMA,04019,USA,32.066215,-110.80983,486210,PIPELINE TRANSPORTATION OF NATURAL GAS,"FERC FORM 2, CORPORATE WEBSITE, IMAGERY",2015/10/09 00:00:00+00,IMAGERY/OTHER,2016/03/14 00:00:00+00,https://pipeportal.kindermorgan.com/,"EL PASO NATURAL GAS COMPANY, L.L.C.",33,"EL PASO NATURAL GAS COMPANY, L.L.C.",WITHIN 40 FEET,3,20010,7491018,24244,222186,10378,281,1,2012/12/19 00:00:00+00,0,0
-100.75566541,37.154775423,320,320,GCOMP1286,KANSAS-LIBERAL-SEWARD COUNTY,"S23,24,25-T33S-R32W; PANHANDLE RD",LIBERAL,KS,67901,NOT AVAILABLE,NATURAL GAS COMPRESSOR STATION,IN SERVICE,SEWARD,20175,USA,37.154775423,-100.75566541,486210,PIPELINE TRANSPORTATION OF NATURAL GAS,"EPA ENVIROFACTS, FERC FORM 2, CORPORATE WEBSITE",2015/09/11 00:00:00+00,IMAGERY/OTHER,2016/03/14 00:00:00+00,http://peplmessenger.energytransfer.com/,"PANHANDLE EASTERN PIPE LINE COMPANY, LP",28,"PANHANDLE EASTERN PIPE LINE COMPANY, LP",WITHIN 40 FEET,4,20150,40136159,2091552,1269433,805749,18212,3,2012/04/02 00:00:00+00,0,0
-101.204617,39.610761,321,321,GCOMP1287,577 LEVANT,S24-T5S-R35W,MCDONALD,KS,67745,NOT AVAILABLE,NATURAL GAS COMPRESSOR STATION,IN SERVICE,RAWLINS,20153,USA,39.610761,-101.204617,486210,PIPELINE TRANSPORTATION OF NATURAL GAS,"FERC FORM 2, IMAGERY",2015/09/09 00:00:00+00,IMAGERY/OTHER,2016/03/14 00:00:00+00,https://csi.sscgp.com/,"SOUTHERN STAR CENTRAL GAS PIPELINE, INC.",43,"SOUTHERN STAR CENTRAL GAS PIPELINE, INC.",WITHIN 40 FEET,1,2400,4104571,353305,139508,137515,7226,1,2012/06/03 00:00:00+00,0,0
-115.795629763,41.2445060360001,322,322,GCOMP1288,WIELAND FLAT,SAGECREST DRIVE (32 MILES NORTH OF ELKO),ELKO,NV,89801,NOT AVAILABLE,NATURAL GAS COMPRESSOR STATION,IN SERVICE,ELKO,32007,USA,41.244506036,-115.795629763,486210,PIPELINE TRANSPORTATION OF NATURAL GAS,"FERC FORM 2, CORPORATE WEBSITE, IMAGERY",2015/08/18 00:00:00+00,IMAGERY/OTHER,2016/03/14 00:00:00+00,http://ebb.cigco.com/,"RUBY PIPELINE, L.L.C.",63,"RUBY PIPELINE, L.L.C.",WITHIN 40 FEET,2,39662,51009840,1920740,505713,680485,6166,1,2012/11/01 00:00:00+00,0,0
-89.419276,31.5962470000001,323,323,GCOMP1289,NO. 77 EMINENCE STORAGE FIELD,SALT DOME RD & ROGERS RD.,SEMINARY,MS,39479,NOT AVAILABLE,NATURAL GAS COMPRESSOR STATION,IN SERVICE,COVINGTON,28031,USA,31.596247,-89.419276,486210,PIPELINE TRANSPORTATION OF NATURAL GAS,"EPA ENVIROFACTS, FERC FORM 2, CORPORATE WEBSITE",2015/08/24 00:00:00+00,IMAGERY/OTHER,2016/03/14 00:00:00+00,http://www.1line.williams.com/,"TRANSCONTINENTAL GAS PIPE LINE COMPANY, LLC",29,"TRANSCONTINENTAL GAS PIPE LINE COMPANY, LLC",WITHIN 40 FEET,4,15635,126312213,245847,2166123,79488,6708,4,2012/06/11 00:00:00+00,0,0
-79.13597,41.27691,324,324,GCOMP129,ELDRED,12797 FISHER ROAD,SIGEL,PA,15860,NOT AVAILABLE,NATURAL GAS COMPRESSOR STATION,IN SERVICE,JEFFERSON,42065,USA,41.27691,-79.13597,486210,PIPELINE TRANSPORTATION OF NATURAL GAS,"FERC FORM 2, IMAGERY",2015/10/05 00:00:00+00,IMAGERY/OTHER,2016/03/14 00:00:00+00,http://www.natfuel.com/,NATIONAL FUEL GAS SUPPLY CORPORATION,16,NATIONAL FUEL GAS SUPPLY CORPORATION,WITHIN 40 FEET,2,300,523078,18054,146511,6883,4245,2,2012/05/16 00:00:00+00,5142,43640
-81.895976,39.5954330000001,325,325,GCOMP1290,MALTA,SCOTT PENN LANE & ROY JANES RD SW,MALTA,OH,43758,NOT AVAILABLE,NATURAL GAS COMPRESSOR STATION,IN SERVICE,MORGAN,39115,USA,39.595433,-81.895976,486210,PIPELINE TRANSPORTATION OF NATURAL GAS,"EPA ENVIROFACTS, FERC FORM 2, CORPORATE WEBSITE",2015/11/04 00:00:00+00,IMAGERY/OTHER,2016/03/14 00:00:00+00,http://www.columbiapipeinfo.com/,"COLUMBIA GAS TRANSMISSION,LLC",21,"COLUMBIA GAS TRANSMISSION,LLC",WITHIN 40 FEET,1,360,552271,0,0,0,0,0,1970/01/01 00:00:00+00,0,0
-107.882771803,37.0893184280001,326,326,GCOMP1291,BONDAD,"SEC 24 T33N R10W IN DURANGO, 9.1 MI S OF, CO",IGNACIO,CO,81137,NOT AVAILABLE,NATURAL GAS COMPRESSOR STATION,IN SERVICE,LA PLATA,08067,USA,37.089318428,-107.882771803,486210,PIPELINE TRANSPORTATION OF NATURAL GAS,"EPA ENVIROFACTS, FERC FORM 2, CORPORATE WEBSITE",2015/09/21 00:00:00+00,IMAGERY/OTHER,2016/03/14 00:00:00+00,https://pipeportal.kindermorgan.com/,"EL PASO NATURAL GAS COMPANY, L.L.C.",33,"EL PASO NATURAL GAS COMPANY, L.L.C.",WITHIN 40 FEET,3,18825,16909779,1928294,389773,720104,18903,2,2012/04/12 00:00:00+00,0,0
-110.363396605,41.6943438430001,327,327,GCOMP1292,MUDDY CREEK,"SEC 25, T20N, R115W",KEMMERER,WY,83101,NOT AVAILABLE,NATURAL GAS COMPRESSOR STATION,IN SERVICE,LINCOLN,56023,USA,41.694343843,-110.363396605,486210,PIPELINE TRANSPORTATION OF NATURAL GAS,"EPA ENVIROFACTS, FERC FORM 2, CORPORATE WEBSITE",2015/09/14 00:00:00+00,IMAGERY/OTHER,2016/03/14 00:00:00+00,http://www.northwest.williams.com/,NORTHWEST PIPELINE GP,37,NORTHWEST PIPELINE GP,WITHIN 1 MILE,2,10520,12600928,1277360,259334,450747,11359,2,2012/12/21 00:00:00+00,0,0
-111.004885547,32.728178423,328,328,GCOMP1293,TOM MIX,"SECTION 21, TOWNSHIP 8 SOUTH, RANGE 13 EAST; 5 MILES E SR79, 20 MILES E MAMMOTH",TOM MIX,AZ,85623,NOT AVAILABLE,NATURAL GAS COMPRESSOR STATION,IN SERVICE,PINAL,04021,USA,32.728178423,-111.004885547,486210,PIPELINE TRANSPORTATION OF NATURAL GAS,"EPA ENVIROFACTS, FERC FORM 2, CORPORATE WEBSITE",2015/09/21 00:00:00+00,IMAGERY/OTHER,2016/03/14 00:00:00+00,https://pipeportal.kindermorgan.com/,"EL PASO NATURAL GAS COMPANY, L.L.C.",33,"EL PASO NATURAL GAS COMPANY, L.L.C.",WITHIN 40 FEET,2,20620,18148019,279342,164477,88286,1750,2,2012/12/19 00:00:00+00,0,0
-77.7353469999999,41.490911,329,329,GCOMP1294,GREENLICK,SHEPARD RD,CROSS FORK,PA,17729,NOT AVAILABLE,NATURAL GAS COMPRESSOR STATION,IN SERVICE,POTTER,42105,USA,41.490911,-77.735347,486210,PIPELINE TRANSPORTATION OF NATURAL GAS,"EPA ENVIROFACTS, FERC FORM 2, CORPORATE WEBSITE",2015/09/24 00:00:00+00,IMAGERY/OTHER,2016/03/14 00:00:00+00,http://escript.dom.com/,"DOMINION TRANSMISSION, INC.",22,"DOMINION TRANSMISSION, INC.",WITHIN 40 FEET,4,13600,46722856,576741,1729246,221467,6625,3,2012/05/23 00:00:00+00,0,0
-77.559825,36.636242,330,330,GCOMP1295,EMPORIA,SKIPPERS RD. & ROCK BRIDGE RD.,EMPORIA,VA,23847,NOT AVAILABLE,NATURAL GAS COMPRESSOR STATION,IN SERVICE,EMPORIA CITY,51081,USA,36.636242,-77.559825,486210,PIPELINE TRANSPORTATION OF NATURAL GAS,"EPA ENVIROFACTS, FERC FORM 2, CORPORATE WEBSITE",2015/09/29 00:00:00+00,IMAGERY/OTHER,2016/03/14 00:00:00+00,http://www.columbiapipeinfo.com/,"COLUMBIA GAS TRANSMISSION,LLC",21,"COLUMBIA GAS TRANSMISSION,LLC",WITHIN 40 FEET,2,1300,3690931,16,70198,6,0,0,1970/01/01 00:00:00+00,8036,-999
-79.699416,39.7205960000001,331,331,GCOMP1296,BRUCETON MILLS,SKYLINE DRIVE & WIRSING SCHOOL RD.,BRUCETON MILLS,WV,26525,NOT AVAILABLE,NATURAL GAS COMPRESSOR STATION,IN SERVICE,PRESTON,54077,USA,39.720596,-79.699416,486210,PIPELINE TRANSPORTATION OF NATURAL GAS,"EPA ENVIROFACTS, FERC FORM 2, CORPORATE WEBSITE",2015/09/29 00:00:00+00,IMAGERY/OTHER,2016/03/14 00:00:00+00,http://www.columbiapipeinfo.com/,"COLUMBIA GAS TRANSMISSION,LLC",21,"COLUMBIA GAS TRANSMISSION,LLC",WITHIN 40 FEET,5,5400,2731697,1075716,129078,378125,27985,5,2012/11/09 00:00:00+00,10131,-999
-104.698509,39.745279,332,332,GCOMP1297,WATKINS,SMITH ROAD & E. 119TH AVE,WATKINS,CO,80137,NOT AVAILABLE,NATURAL GAS COMPRESSOR STATION,IN SERVICE,ADAMS,08001,USA,39.745279,-104.698509,486210,PIPELINE TRANSPORTATION OF NATURAL GAS,"EPA ENVIROFACTS, FERC FORM 2, CORPORATE WEBSITE",2015/09/29 00:00:00+00,IMAGERY/OTHER,2016/03/14 00:00:00+00,http://ebb.cigco.com/,"COLORADO INTERSTATE GAS COMPANY, L.L.C.",32,"COLORADO INTERSTATE GAS COMPANY, L.L.C.",WITHIN 40 FEET,4,10800,58002655,1880908,2287285,691461,10175,2,2012/02/11 00:00:00+00,0,0
-101.629656798,35.8113612180001,333,333,GCOMP1298,STATION 112 - STINNETT,SNEED RD,STINNETT,TX,79083,NOT AVAILABLE,NATURAL GAS COMPRESSOR STATION,IN SERVICE,HUTCHINSON,48341,USA,35.811361218,-101.629656798,486210,PIPELINE TRANSPORTATION OF NATURAL GAS,"EPA ENVIROFACTS, FERC FORM 2, CORPORATE WEBSITE",2015/09/16 00:00:00+00,IMAGERY/OTHER,2016/03/14 00:00:00+00,http://www.kindermorgan.com/,NATURAL GAS PIPELINE COMPANY OF AMERICA LLC,26,NATURAL GAS PIPELINE COMPANY OF AMERICA LLC,WITHIN 40 FEET,2,2530,2182779,0,0,12,2,1,2012/01/10 00:00:00+00,0,0
-80.734383,39.282043,334,334,GCOMP1299,SMITHBURG,SNOWBIRD RD & COUNTY HIGHWAY 50,SMITHBURG,WV,26411,NOT AVAILABLE,NATURAL GAS COMPRESSOR STATION,IN SERVICE,DODDRIDGE,54017,USA,39.282043,-80.734383,486210,PIPELINE TRANSPORTATION OF NATURAL GAS,"FERC FORM 2, IMAGERY",2015/09/24 00:00:00+00,IMAGERY/OTHER,2016/03/14 00:00:00+00,http://escript.dom.com/,"DOMINION TRANSMISSION, INC.",22,"DOMINION TRANSMISSION, INC.",WITHIN 40 FEET,1,1000,4869157,212608,344804,76881,8525,1,2012/01/24 00:00:00+00,0,0
-75.1274801289999,41.8769509260001,335,335,GCOMP13,HANCOCK,0.8 MILES EAST OF HUNGRY HILL RD ALONG THE MILLENIUM PIPELINE ROW STAR RTE 2 SANDS CREEK RD,HANCOCK,NY,26801,NOT AVAILABLE,NATURAL GAS COMPRESSOR STATION,IN SERVICE,DELAWARE,36025,USA,41.876950926,-75.127480129,486210,PIPELINE TRANSPORTATION OF NATURAL GAS,"EPA ENVIROFACTS, FERC FORM 2, CORPORATE WEBSITE, IMAGERY",2015/10/28 00:00:00+00,IMAGERY/OTHER,2016/03/14 00:00:00+00,http://www.columbiapipeinfo.com/,"COLUMBIA GAS TRANSMISSION,LLC",21,"COLUMBIA GAS TRANSMISSION,LLC",WITHIN 40 FEET,1,15900,-999,0,0,0,0,0,1970/01/01 00:00:00+00,0,0
-92.020934,32.680533,336,336,GCOMP130,GUTHRIE,129 TEXAS GAS ROAD,STERLINGTON,LA,71280,NOT AVAILABLE,NATURAL GAS COMPRESSOR STATION,IN SERVICE,OUACHITA,22073,USA,32.680533,-92.020934,486210,PIPELINE TRANSPORTATION OF NATURAL GAS,"EPA ENVIROFACTS, FERC FORM 2, CORPORATE WEBSITE",2015/08/28 00:00:00+00,IMAGERY/OTHER,2016/03/14 00:00:00+00,http://infopost.bwpmlp.com/,"TEXAS GAS TRANSMISSION, LLC",18,"TEXAS GAS TRANSMISSION, LLC",WITHIN 40 FEET,2,2216,6482478,20943,342189,8779,1534,2,2012/01/07 00:00:00+00,0,0
-89.878637792,31.7585427710001,337,337,GCOMP1300,GWINVILLE,SONAT RD/ WEST OF MS-13,GWINVILLE,MS,39149,NOT AVAILABLE,NATURAL GAS COMPRESSOR STATION,IN SERVICE,JEFFERSON DAVIS,28065,USA,31.758542771,-89.878637792,486210,PIPELINE TRANSPORTATION OF NATURAL GAS,"FERC FORM 2, CORPORATE WEBSITE, IMAGERY",2015/09/10 00:00:00+00,IMAGERY/OTHER,2016/03/14 00:00:00+00,http://ixsnp.sonetpremier.com/,"SOUTHERN NATURAL GAS COMPANY, L.L.C.",7,"SOUTHERN NATURAL GAS COMPANY, L.L.C.",WITHIN 40 FEET,9,23160,66281586,3317469,1363740,1194413,56115,7,2012/02/12 00:00:00+00,0,0
-79.3564969999999,40.636852,338,338,GCOMP1301,SOUTH BEND,"SOUTH BEND TWP SR 56/CNG ST.; (WEST S)",SOUTH BEND,PA,15774,NOT AVAILABLE,NATURAL GAS COMPRESSOR STATION,IN SERVICE,ARMSTRONG,42063,USA,40.636852,-79.356497,486210,PIPELINE TRANSPORTATION OF NATURAL GAS,"FERC FORM 2, IMAGERY",2015/09/24 00:00:00+00,IMAGERY/OTHER,2016/03/14 00:00:00+00,http://escript.dom.com/,"DOMINION TRANSMISSION, INC.",22,"DOMINION TRANSMISSION, INC.",WITHIN 40 FEET,6,12000,13867087,327992,1018225,112805,5759,3,2012/12/13 00:00:00+00,0,0
-107.247278,48.4434670000001,339,339,GCOMP1302,SACO,"SOUTH OF US-2/EAST OF BEAVERTON RD); BTW BEAVERTON RD, BEAVERTON E",HINSDALE,MT,59241,NOT AVAILABLE,NATURAL GAS COMPRESSOR STATION,IN SERVICE,VALLEY,30105,USA,48.443467,-107.247278,486210,PIPELINE TRANSPORTATION OF NATURAL GAS,"FERC FORM 2, MONTANA DEPARTMENT OF ENVIRONMENTAL QUALITY",2015/08/14 00:00:00+00,IMAGERY/OTHER,2016/03/14 00:00:00+00,http://transmission.wbienergy.com/,WILLISTON BASIN INTERSTATE PIPELINE COMPANY,49,WILLISTON BASIN INTERSTATE PIPELINE COMPANY,WITHIN 40 FEET,5,3360,6998474,237938,610948,91731,27310,4,2012/01/09 00:00:00+00,344010,2965800
-89.215638998,38.5967268370001,340,340,GCOMP1303,SHATTUC,SOUTHEAST OF HIGHWAY 50 ON 1200 NORTH,SHATTUC,IL,62231,NOT AVAILABLE,NATURAL GAS COMPRESSOR STATION,IN SERVICE,CLINTON,17027,USA,38.596726837,-89.215638998,486210,PIPELINE TRANSPORTATION OF NATURAL GAS,"EPA ENVIROFACTS, FERC FORM 2, CORPORATE WEBSITE",2015/10/20 00:00:00+00,IMAGERY/OTHER,2016/03/14 00:00:00+00,http://pipelines.centerpointenergy.com/,"CENTERPOINT ENERGY - MISSISSIPPI RIVER TRANSMISSION, LLC",25,"CENTERPOINT ENERGY - MISSISSIPPI RIVER TRANSMISSION, LLC",WITHIN 40 FEET,1,3280,2350953,0,29933,0,0,0,1970/01/01 00:00:00+00,0,0
-80.2664609999999,39.8771970000001,341,341,GCOMP1304,ROGERSVILLE,SOUTHEAST OF INTERSECTION W ROY FURMAN HWY/PARK ROAD,ROGERSVILLE,PA,15359,NOT AVAILABLE,NATURAL GAS COMPRESSOR STATION,IN SERVICE,GREENE,42059,USA,39.877197,-80.266461,486210,PIPELINE TRANSPORTATION OF NATURAL GAS,"EPA ENVIROFACTS, FERC FORM 2, CORPORATE WEBSITE, IMAGERY",2015/10/09 00:00:00+00,IMAGERY/OTHER,2016/03/14 00:00:00+00,https://www.natfuel.com/,"EQUITRANS, L.P.",24,"EQUITRANS, L.P.",WITHIN 40 FEET,1,-999,-999,0,0,0,0,0,1970/01/01 00:00:00+00,0,0
-76.208539,41.706376,342,342,GCOMP1305,#319 - WYALUSING,SPRINGHILL RD,WYALUSING,PA,18853,NOT AVAILABLE,NATURAL GAS COMPRESSOR STATION,IN SERVICE,BRADFORD,42015,USA,41.706376,-76.208539,486210,PIPELINE TRANSPORTATION OF NATURAL GAS,"FERC FORM 2, CORPORATE WEBSITE",2015/08/18 00:00:00+00,IMAGERY/OTHER,2016/03/14 00:00:00+00,http://pipeline2.kindermorgan.com/,"TENNESSEE GAS PIPELINE COMPANY, L.L.C.",9,"TENNESSEE GAS PIPELINE COMPANY, L.L.C.",WITHIN 40 FEET,2,9000,21718801,11798,244989,4045,9,2,2012/05/08 00:00:00+00,0,0
-78.0140479999999,41.5304810000001,343,343,GCOMP1306,EAST FORK,SR 0872,WHARTON,PA,16720,NOT AVAILABLE,NATURAL GAS COMPRESSOR STATION,IN SERVICE,POTTER,42105,USA,41.530481,-78.014048,486210,PIPELINE TRANSPORTATION OF NATURAL GAS,"EPA ENVIROFACTS, FERC FORM 2, CORPORATE WEBSITE",2015/09/16 00:00:00+00,IMAGERY/OTHER,2016/03/14 00:00:00+00,http://www.natfuel.com/,NATIONAL FUEL GAS SUPPLY CORPORATION,16,NATIONAL FUEL GAS SUPPLY CORPORATION,WITHIN 40 FEET,5,3060,7209655,3195,139314,1218,251,5,2012/02/13 00:00:00+00,7383,63045
-80.781009,39.310281,344,344,GCOMP1307,L.L. TONKIN,"STAR ROUTE 18 - NORTH, BOX 11",WEST UNION,WV,26456,NOT AVAILABLE,NATURAL GAS COMPRESSOR STATION,IN SERVICE,DODDRIDGE,54017,USA,39.310281,-80.781009,486210,PIPELINE TRANSPORTATION OF NATURAL GAS,"EPA ENVIROFACTS, FERC FORM 2, CORPORATE WEBSITE",2015/09/24 00:00:00+00,IMAGERY/OTHER,2016/03/14 00:00:00+00,http://escript.dom.com/,"DOMINION TRANSMISSION, INC.",22,"DOMINION TRANSMISSION, INC.",WITHIN 40 FEET,1,4500,4975772,1721,540961,541,12,1,2012/06/02 00:00:00+00,0,0
-108.451091764,41.6401591170001,345,345,GCOMP1308,DESERT SPRINGS,STAR RTE 2 EAST - .3 MILES NORTH OF I-80,ROCK SPRINGS,WY,82945,NOT AVAILABLE,NATURAL GAS COMPRESSOR STATION,NOT AVAILABLE,SWEETWATER,56037,USA,41.640159117,-108.451091764,486210,PIPELINE TRANSPORTATION OF NATURAL GAS,"EPA ENVIROFACTS, FERC FORM 2",2015/11/04 00:00:00+00,IMAGERY/OTHER,2016/03/14 00:00:00+00,NOT AVAILABLE,"COLORADO INTERSTATE GAS COMPANY, L.L.C.",32,"COLORADO INTERSTATE GAS COMPANY, L.L.C.",WITHIN 40 FEET,0,3200,-999,0,0,0,0,0,1970/01/01 00:00:00+00,0,0
-90.073183,43.2002350000001,346,346,GCOMP1309,SPRING GREEN,STATE HIGHWAY 23 (1.77 MILES NORTH OF SPRING GREEN),SPRING GREEN,WI,53588,NOT AVAILABLE,NATURAL GAS COMPRESSOR STATION,IN SERVICE,GREEN,55111,USA,43.200235,-90.073183,486210,PIPELINE TRANSPORTATION OF NATURAL GAS,"FERC FORM 2, WISCONSIN STATE ENERGY OFFICE, CORPORATE WEBSITE, IMAGERY",2015/08/19 00:00:00+00,IMAGERY/OTHER,2016/03/14 00:00:00+00,http://www.northernnaturalgas.com/,NORTHERN NATURAL GAS COMPANY,59,NORTHERN NATURAL GAS COMPANY,WITHIN 40 FEET,1,1100,3947518,0,13800,0,111,1,2012/01/02 00:00:00+00,10459,115200
-98.9195630949999,38.07082309,347,347,GCOMP131,MACKSVILLE,"130 F ROAD; SECT 12 TWNSHP 23S RNG 15W",LARNED,KS,67550,NOT AVAILABLE,NATURAL GAS COMPRESSOR STATION,IN SERVICE,PAWNEE,20145,USA,38.07082309,-98.919563095,486210,PIPELINE TRANSPORTATION OF NATURAL GAS,"EPA ENVIROFACTS, FERC FORM 2, CORPORATE WEBSITE",2015/09/15 00:00:00+00,IMAGERY/OTHER,2016/03/14 00:00:00+00,http://www.northernnaturalgas.com/,NORTHERN NATURAL GAS COMPANY,59,NORTHERN NATURAL GAS COMPANY,WITHIN 40 FEET,5,33900,26009019,338218,719366,116493,2717,3,2012/11/13 00:00:00+00,63201,634880
-80.773876,39.5770840000001,348,348,GCOMP1310,PORTER FALLS,STATE ROAD RUN & PORTERS FALLS,PORTERS FALLS,WV,26162,NOT AVAILABLE,NATURAL GAS COMPRESSOR STATION,IN SERVICE,WETZEL,54103,USA,39.577084,-80.773876,486210,PIPELINE TRANSPORTATION OF NATURAL GAS,"FERC FORM 2, IMAGERY",2015/09/28 00:00:00+00,IMAGERY/OTHER,2016/03/14 00:00:00+00,http://www.columbiapipeinfo.com/,"COLUMBIA GAS TRANSMISSION,LLC",21,"COLUMBIA GAS TRANSMISSION,LLC",WITHIN 40 FEET,2,720,817072,0,8841,0,0,0,1970/01/01 00:00:00+00,610,-999
-80.671906,39.5493310000001,349,349,GCOMP1311,HASTINGS 2,STATE ROUTE 20,HASTINGS,WV,26419,NOT AVAILABLE,NATURAL GAS COMPRESSOR STATION,IN SERVICE,WETZEL,54103,USA,39.549331,-80.671906,486210,PIPELINE TRANSPORTATION OF NATURAL GAS,"FERC FORM 2, CORPORATE WEBSITE",2015/10/27 00:00:00+00,IMAGERY/OTHER,2016/03/14 00:00:00+00,http://escript.dom.com/,"DOMINION TRANSMISSION, INC.",22,"DOMINION TRANSMISSION, INC.",WITHIN 40 FEET,1,24000,17478942,1580680,398497,569389,0,0,1970/01/01 00:00:00+00,6884715,92910944
-80.677897735,39.5513224360001,350,350,GCOMP1312,HASTINGS,STATE ROUTE 20,HASTINGS,WV,26419,NOT AVAILABLE,NATURAL GAS COMPRESSOR STATION,IN SERVICE,WETZEL,54103,USA,39.551322436,-80.677897735,486210,PIPELINE TRANSPORTATION OF NATURAL GAS,"FERC FORM 2, CORPORATE WEBSITE",2015/10/27 00:00:00+00,IMAGERY/OTHER,2016/03/14 00:00:00+00,http://escript.dom.com/,"DOMINION TRANSMISSION, INC.",22,"DOMINION TRANSMISSION, INC.",WITHIN 40 FEET,1,12000,12383437,0,199065,0,15248,2,2012/12/10 00:00:00+00,4084737,64720777
-80.362616343,38.7505135420001,351,351,GCOMP1313,CLEVELAND,STATE ROUTE 20 SOUTH,KANAWHA HEAD,WV,26228,NOT AVAILABLE,NATURAL GAS COMPRESSOR STATION,IN SERVICE,UPSHUR,54097,USA,38.750513542,-80.362616343,486210,PIPELINE TRANSPORTATION OF NATURAL GAS,"EPA ENVIROFACTS, FERC FORM 2, CORPORATE WEBSITE",2015/09/29 00:00:00+00,IMAGERY/OTHER,2016/03/14 00:00:00+00,http://www.columbiapipeinfo.com/,"COLUMBIA GAS TRANSMISSION,LLC",21,"COLUMBIA GAS TRANSMISSION,LLC",WITHIN 40 FEET,11,17765,15570720,1716954,623103,596033,46008,10,2012/01/05 00:00:00+00,73538,-999
-81.5514439999999,39.068629,352,352,GCOMP1314,ROCKPORT,STATE ROUTE 21 & HWY 77,ROCKPORT,WV,26169,NOT AVAILABLE,NATURAL GAS COMPRESSOR STATION,IN SERVICE,WOOD,54107,USA,39.068629,-81.551444,486210,PIPELINE TRANSPORTATION OF NATURAL GAS,"EPA ENVIROFACTS, FERC FORM 2, CORPORATE WEBSITE",2015/09/28 00:00:00+00,IMAGERY/OTHER,2016/03/14 00:00:00+00,http://www.columbiapipeinfo.com/,"COLUMBIA GAS TRANSMISSION,LLC",21,"COLUMBIA GAS TRANSMISSION,LLC",WITHIN 40 FEET,3,3000,4790133,133416,502207,52764,4735,3,2012/02/21 00:00:00+00,0,0
-81.7554355839999,37.539197056,353,353,GCOMP1315,HUFF CREEK,STATE ROUTE 8 & US-52,HANOVER,WV,24839,NOT AVAILABLE,NATURAL GAS COMPRESSOR STATION,IN SERVICE,WYOMING,54109,USA,37.539197056,-81.755435584,486210,PIPELINE TRANSPORTATION OF NATURAL GAS,"EPA ENVIROFACTS, FERC FORM 2, CORPORATE WEBSITE, IMAGERY",2015/09/28 00:00:00+00,IMAGERY/OTHER,2016/03/14 00:00:00+00,http://www.columbiapipeinfo.com/,"COLUMBIA GAS TRANSMISSION,LLC",21,"COLUMBIA GAS TRANSMISSION,LLC",WITHIN 40 FEET,1,206,143930,0,0,0,0,0,1970/01/01 00:00:00+00,0,0
-82.541418,37.8694850000001,354,354,GCOMP1316,INEZ,STATE RT 3/ KY-40,INEZ,KY,41224,NOT AVAILABLE,NATURAL GAS COMPRESSOR STATION,IN SERVICE,MARTIN,21159,USA,37.869485,-82.541418,486210,PIPELINE TRANSPORTATION OF NATURAL GAS,"FERC FORM 2, IMAGERY",2015/10/15 00:00:00+00,IMAGERY/OTHER,2016/03/14 00:00:00+00,http://www.columbiapipeinfo.com/,"COLUMBIA GAS TRANSMISSION,LLC",21,"COLUMBIA GAS TRANSMISSION,LLC",WITHIN 40 FEET,1,880,1084330,74636,257673,26641,5637,1,2012/07/02 00:00:00+00,4202,-999
-78.057675756,41.5888618230001,355,355,GCOMP1317,COSTELLO,STATE ST/YOUNG HOLLOW LN-RIPPLE DR,AUSTIN,PA,16720,NOT AVAILABLE,NATURAL GAS COMPRESSOR STATION,IN SERVICE,POTTER,42105,USA,41.588861823,-78.057675756,486210,PIPELINE TRANSPORTATION OF NATURAL GAS,"FERC FORM 2, IMAGERY",2015/10/05 00:00:00+00,IMAGERY/OTHER,2016/03/14 00:00:00+00,http://www.natfuel.com/,NATIONAL FUEL GAS SUPPLY CORPORATION,16,NATIONAL FUEL GAS SUPPLY CORPORATION,WITHIN 40 FEET,2,1440,3427290,117909,89531,44951,10772,2,2012/10/19 00:00:00+00,4725,41753
-80.863280693,39.2051142890001,356,356,GCOMP1318,SOUTH OXFORD,SUGAR RUN RD (WV-52)/SOUTH FORK OF HUGHES RIVER (WV-19) SOUTH OF INTERSECTION OF WHITE OAK ROAD (SR 22) & POSSUM RUN ROAD,OXFORD,WV,26421,NOT AVAILABLE,NATURAL GAS COMPRESSOR STATION,IN SERVICE,RITCHIE,54017,USA,39.205114289,-80.863280693,486210,PIPELINE TRANSPORTATION OF NATURAL GAS,"FERC FORM 2, IMAGERY",2015/10/09 00:00:00+00,IMAGERY/OTHER,2016/03/14 00:00:00+00,http://escript.dom.com/,"DOMINION TRANSMISSION, INC.",22,"DOMINION TRANSMISSION, INC.",WITHIN 40 FEET,1,630,848534,87823,82350,32855,7083,1,2012/05/04 00:00:00+00,0,0
-95.318182583,38.1404915300001,357,357,GCOMP1319,412 S. WELDA,SW 800TH RD/LOUISIANA RD,WELDA,KS,66091,NOT AVAILABLE,NATURAL GAS COMPRESSOR STATION,IN SERVICE,ANDERSON,20003,USA,38.14049153,-95.318182583,486210,PIPELINE TRANSPORTATION OF NATURAL GAS,"FERC FORM 2, IMAGERY",2015/08/18 00:00:00+00,IMAGERY/OTHER,2016/03/14 00:00:00+00,https://csi.sscgp.com/,"SOUTHERN STAR CENTRAL GAS PIPELINE, INC.",43,"SOUTHERN STAR CENTRAL GAS PIPELINE, INC.",WITHIN 40 FEET,2,970,3931335,35201,79287,13399,7520,1,2012/09/20 00:00:00+00,0,0
-93.3963869999999,33.0919000000001,358,358,GCOMP132,TAYLOR,13000 HWY 160,MAGNOLIA,AR,71861,9229,NATURAL GAS COMPRESSOR STATION,IN SERVICE,COLUMBIA,05027,USA,33.0919,-93.396387,486210,PIPELINE TRANSPORTATION OF NATURAL GAS,"FERC FORM 2, IMAGERY",2015/10/26 00:00:00+00,IMAGERY/OTHER,2016/03/14 00:00:00+00,http://pipelines.centerpointenergy.com/,"CENTERPOINT ENERGY GAS TRANSMISSION COMPANY, LLC",31,"CENTERPOINT ENERGY GAS TRANSMISSION COMPANY, LLC",WITHIN 40 FEET,7,10500,3939404,41656,312170,19634,301,0,1970/01/01 00:00:00+00,0,0
-107.787707,41.718424,359,359,GCOMP1320,ECHO SPRINGS,SW1/4 SECTION 8 T20N R92W (2 MILES NW OF CRESTON),GREEN RIVER,WY,82935,NOT AVAILABLE,NATURAL GAS COMPRESSOR STATION,IN SERVICE,SWEETWATER,56037,USA,41.718424,-107.787707,486210,PIPELINE TRANSPORTATION OF NATURAL GAS,"FERC FORM 2, CORPORATE WEBSITE",2015/08/14 00:00:00+00,IMAGERY/OTHER,2016/03/14 00:00:00+00,http://ebb.cigco.com/,"WYOMING INTERSTATE COMPANY, L.L.C.",76,"WYOMING INTERSTATE COMPANY, L.L.C.",WITHIN 40 FEET,1,2089,6693204,196779,182285,77426,7356,1,2012/06/09 00:00:00+00,0,0
-116.512544638,42.162181128,360,360,GCOMP1321,OWYHEE,T14S R2W S36 SE1/4,RIDDLE,ID,83604,NOT AVAILABLE,NATURAL GAS COMPRESSOR STATION,IN SERVICE,OWYHEE,16073,USA,42.162181128,-116.512544638,486210,PIPELINE TRANSPORTATION OF NATURAL GAS,"EPA ENVIROFACTS, FERC FORM 2, CORPORATE WEBSITE",2015/09/14 00:00:00+00,IMAGERY/OTHER,2016/03/14 00:00:00+00,http://www.northwest.williams.com/,NORTHWEST PIPELINE GP,37,NORTHWEST PIPELINE GP,WITHIN 40 FEET,3,4029,18095966,242695,165221,86137,6431,2,2012/04/02 00:00:00+00,0,0
-104.064865794,46.0977463350001,361,361,GCOMP1322,LITTLE BEAVER,T4N R62E S18 SE (NE OF LITTLE BEAVER RD),BAKER,MT,59313,NOT AVAILABLE,NATURAL GAS COMPRESSOR STATION,IN SERVICE,FALLON,30025,USA,46.097746335,-104.064865794,486210,PIPELINE TRANSPORTATION OF NATURAL GAS,"FERC FORM 2, MONTANA DEPARTMENT OF ENVIRONMENTAL QUALITY",2015/08/14 00:00:00+00,IMAGERY/OTHER,2016/03/14 00:00:00+00,http://transmission.wbienergy.com/,WILLISTON BASIN INTERSTATE PIPELINE COMPANY,49,WILLISTON BASIN INTERSTATE PIPELINE COMPANY,WITHIN 40 FEET,4,4100,7027478,42854,296290,16266,1478,3,2012/01/18 00:00:00+00,0,0
-77.856388,41.4252770000001,362,362,GCOMP1323,FINNEFROCK,TAMARACK RD - SR 0144/FINNEFROCK STATION LN,LEIDY,PA,17764,NOT AVAILABLE,NATURAL GAS COMPRESSOR STATION,IN SERVICE,CLINTON,42035,USA,41.425277,-77.856388,486210,PIPELINE TRANSPORTATION OF NATURAL GAS,"EPA ENVIROFACTS, FERC FORM 2, CORPORATE WEBSITE",2015/09/24 00:00:00+00,IMAGERY/OTHER,2016/03/14 00:00:00+00,http://escript.dom.com/,"DOMINION TRANSMISSION, INC.",22,"DOMINION TRANSMISSION, INC.",WITHIN 40 FEET,7,33500,78221054,1439780,1269068,501806,19201,3,2012/07/18 00:00:00+00,0,0
-92.011161963,30.5679945840001,363,363,GCOMP1324,OPELOUSAS,"TOULOUSE RD; EAST OF HWY 743 3.5 MI NE OF",OPELOUSAS,LA,70570,NOT AVAILABLE,NATURAL GAS COMPRESSOR STATION,IN SERVICE,SAINT LANDRY,22097,USA,30.567994584,-92.011161963,486210,PIPELINE TRANSPORTATION OF NATURAL GAS,"FERC FORM 2, IMAGERY",2015/10/07 00:00:00+00,IMAGERY/OTHER,2016/03/14 00:00:00+00,http://infopost.bwpmlp.com/,"GULF SOUTH PIPELINE COMPANY, LP",11,"GULF SOUTH PIPELINE COMPANY, LP",WITHIN 40 FEET,2,2200,1040974,0,51347,0,0,0,1970/01/01 00:00:00+00,0,0
-83.804579,37.9942120000001,364,364,GCOMP1325,#107A - NORTH MEANS,TOWN BRANCH RD. & DOUBLE GATE RD.,MEANS,KY,40346,NOT AVAILABLE,NATURAL GAS COMPRESSOR STATION,IN SERVICE,MENIFEE,21173,USA,37.994212,-83.804579,486210,PIPELINE TRANSPORTATION OF NATURAL GAS,"EPA ENVIROFACTS, FERC FORM 2, CORPORATE WEBSITE",2015/09/03 00:00:00+00,IMAGERY/OTHER,2016/03/14 00:00:00+00,http://pipeline2.kindermorgan.com/,"TENNESSEE GAS PIPELINE COMPANY, L.L.C.",9,"TENNESSEE GAS PIPELINE COMPANY, L.L.C.",WITHIN 40 FEET,2,4390,8108614,47843,28769,16577,1305,1,2012/11/13 00:00:00+00,0,0
-82.133156,40.65218,365,365,GCOMP1326,HOLMES,TOWNSHIP RD. 477 & TOWNSHIP RD. 464,LAKEVILLE,OH,44638,NOT AVAILABLE,NATURAL GAS COMPRESSOR STATION,IN SERVICE,HOLMES,39075,USA,40.65218,-82.133156,486210,PIPELINE TRANSPORTATION OF NATURAL GAS,"EPA ENVIROFACTS, FERC FORM 2, CORPORATE WEBSITE",2015/09/28 00:00:00+00,IMAGERY/OTHER,2016/03/14 00:00:00+00,http://www.columbiapipeinfo.com/,"COLUMBIA GAS TRANSMISSION,LLC",21,"COLUMBIA GAS TRANSMISSION,LLC",WITHIN 40 FEET,4,6000,6615161,389073,1691969,141648,11924,4,2012/09/09 00:00:00+00,0,0
-110.847032706,35.3041380020001,366,366,GCOMP1327,STATION 3,"TRANSWESTERN PIPELINE RD; ROUTE 61 (NAVAJO ROUTE 15)",LEUPP,AZ,86035,NOT AVAILABLE,NATURAL GAS COMPRESSOR STATION,IN SERVICE,COCONINO,04005,USA,35.304138002,-110.847032706,486210,PIPELINE TRANSPORTATION OF NATURAL GAS,"EPA ENVIROFACTS, FERC FORM 2, CORPORATE WEBSITE",2015/08/21 00:00:00+00,IMAGERY/OTHER,2016/03/14 00:00:00+00,http://twtransfer.energytransfer.com/,"TRANSWESTERN PIPELINE COMPANY, LLC",42,"TRANSWESTERN PIPELINE COMPANY, LLC",WITHIN 40 FEET,1,41500,23326314,3952283,806784,1367467,8624,1,2012/07/13 00:00:00+00,0,0
-109.393514,35.5656250000001,367,367,GCOMP1328,STATION 4,"TRANSWESTERN PIPELINE RD; 10 MILES NORTHEAST OF KLAGETOH",KLAGETOH,AZ,86505,NOT AVAILABLE,NATURAL GAS COMPRESSOR STATION,IN SERVICE,APACHE,04001,USA,35.565625,-109.393514,486210,PIPELINE TRANSPORTATION OF NATURAL GAS,"EPA ENVIROFACTS, FERC FORM 2, CORPORATE WEBSITE",2015/08/21 00:00:00+00,IMAGERY/OTHER,2016/03/14 00:00:00+00,http://twtransfer.energytransfer.com/,"TRANSWESTERN PIPELINE COMPANY, LLC",42,"TRANSWESTERN PIPELINE COMPANY, LLC",WITHIN 40 FEET,4,15000,15949635,0,0,0,0,0,1970/01/01 00:00:00+00,0,0
-105.326679683,33.9193025050001,368,368,GCOMP1329,STATION 8,"TRANSWESTERN RD; 27.6 MILES SW CORONA",CAPITAN,NM,88316,NOT AVAILABLE,NATURAL GAS COMPRESSOR STATION,IN SERVICE,LINCOLN,35027,USA,33.919302505,-105.326679683,486210,PIPELINE TRANSPORTATION OF NATURAL GAS,"EPA ENVIROFACTS, FERC FORM 2, CORPORATE WEBSITE",2015/08/21 00:00:00+00,IMAGERY/OTHER,2016/03/14 00:00:00+00,http://twtransfer.energytransfer.com/,"TRANSWESTERN PIPELINE COMPANY, LLC",42,"TRANSWESTERN PIPELINE COMPANY, LLC",WITHIN 40 FEET,2,8000,15976687,938,402468,373,21,1,2012/02/13 00:00:00+00,0,0
-122.36516,45.6323600000001,369,369,GCOMP133,WASHOUGAL,1309 NE BROWN RD,WASHOUGAL,WA,98671,9247,NATURAL GAS COMPRESSOR STATION,IN SERVICE,CLARK,53011,USA,45.63236,-122.36516,486210,PIPELINE TRANSPORTATION OF NATURAL GAS,"EPA ENVIROFACTS, FERC FORM 2, CORPORATE WEBSITE",2015/09/14 00:00:00+00,IMAGERY/OTHER,2016/03/14 00:00:00+00,http://www.northwest.williams.com/,NORTHWEST PIPELINE GP,37,NORTHWEST PIPELINE GP,WITHIN 40 FEET,2,11700,22593071,990131,271863,349651,6956,1,2012/08/02 00:00:00+00,0,0
-77.985783,41.512861,370,370,GCOMP1330,NO. 535 WHARTON STORAGE FIELD,TROUT RUN RD. & ELK LICK RUN RD.,WHARTON,PA,16720,NOT AVAILABLE,NATURAL GAS COMPRESSOR STATION,IN SERVICE,POTTER,42105,USA,41.512861,-77.985783,486210,PIPELINE TRANSPORTATION OF NATURAL GAS,"EPA ENVIROFACTS, FERC FORM 2, CORPORATE WEBSITE",2015/09/30 00:00:00+00,IMAGERY/OTHER,2016/03/14 00:00:00+00,http://www.1line.williams.com/,"TRANSCONTINENTAL GAS PIPE LINE COMPANY, LLC",29,"TRANSCONTINENTAL GAS PIPE LINE COMPANY, LLC",WITHIN 40 FEET,5,8500,49556544,848458,2786994,207157,15259,5,2013/03/30 00:00:00+00,0,0
-101.465411285,36.49323214,371,371,GCOMP1331,EDGARG. HILL (GUYMON),TX OK STATE LINE AT TX 136 20 M N,GUYMON,TX,73942,NOT AVAILABLE,NATURAL GAS COMPRESSOR STATION,IN SERVICE,HANSFORD,48139,USA,36.49323214,-101.465411285,486210,PIPELINE TRANSPORTATION OF NATURAL GAS,"EPA ENVIROFACTS, FERC FORM 2, CORPORATE WEBSITE",2015/10/27 00:00:00+00,IMAGERY/OTHER,2016/03/14 00:00:00+00,http://anrebb.transcanada.com/,ANR PIPELINE COMPANY,48,ANR PIPELINE COMPANY,WITHIN 40 FEET,11,27500,35399856,2214521,1172873,812473,45868,7,2012/08/23 00:00:00+00,0,0
-105.456257,31.7031850000001,372,372,GCOMP1332,CORNUDAS,"TX-2317; (APRX .65MLS E. OF ELPASO & 5MLS S)",CORNUDAS,TX,79847,NOT AVAILABLE,NATURAL GAS COMPRESSOR STATION,IN SERVICE,HUDSPETH,48229,USA,31.703185,-105.456257,486210,PIPELINE TRANSPORTATION OF NATURAL GAS,"FERC FORM 2, CORPORATE WEBSITE, IMAGERY",2015/10/09 00:00:00+00,IMAGERY/OTHER,2016/03/14 00:00:00+00,https://pipeportal.kindermorgan.com/,"EL PASO NATURAL GAS COMPANY, L.L.C.",33,"EL PASO NATURAL GAS COMPANY, L.L.C.",WITHIN 40 FEET,6,52330,39157401,4615938,1043878,1684209,30257,5,2012/12/28 00:00:00+00,0,0
-94.906695441,33.2662967160001,373,373,GCOMP1333,STATION 803 - MT PLEASANT,TX-3260/TX3355,MT PLEASANT,TX,75455,NOT AVAILABLE,NATURAL GAS COMPRESSOR STATION,IN SERVICE,TITUS,48449,USA,33.266296716,-94.906695441,486210,PIPELINE TRANSPORTATION OF NATURAL GAS,"FERC FORM 2, CORPORATE WEBSITE",2015/08/25 00:00:00+00,IMAGERY/OTHER,2016/03/14 00:00:00+00,http://www.kindermorgan.com/,NATURAL GAS PIPELINE COMPANY OF AMERICA LLC,26,NATURAL GAS PIPELINE COMPANY OF AMERICA LLC,WITHIN 40 FEET,2,9470,21016428,0,0,23032,837,2,2012/11/22 00:00:00+00,0,0
-108.60680025,32.315985826,374,374,GCOMP1334,LORDSBURG,"ULMORRIS RD/I-70; (7 MI E OF LORDSBURG)",LORDSBURG,NM,88030,NOT AVAILABLE,NATURAL GAS COMPRESSOR STATION,IN SERVICE,HIDALGO,35023,USA,32.315985826,-108.60680025,486210,PIPELINE TRANSPORTATION OF NATURAL GAS,"FERC FORM 2, IMAGERY",2015/09/21 00:00:00+00,IMAGERY/OTHER,2016/03/14 00:00:00+00,https://pipeportal.kindermorgan.com/,"EL PASO NATURAL GAS COMPANY, L.L.C.",33,"EL PASO NATURAL GAS COMPANY, L.L.C.",WITHIN 40 FEET,4,39560,23012459,1967145,347645,713378,9770,2,2012/12/19 00:00:00+00,0,0
-94.091801,32.3535380000001,375,375,GCOMP1335,PANOLA,US 79 (0.28 MILES SOUTH OF PANOLA),PANOLA,TX,75685,NOT AVAILABLE,NATURAL GAS COMPRESSOR STATION,IN SERVICE,PANOLA,48365,USA,32.353538,-94.091801,486210,PIPELINE TRANSPORTATION OF NATURAL GAS,"FERC FORM 2, U.S. FEDERAL REGISTER",2015/08/19 00:00:00+00,IMAGERY/OTHER,2016/03/14 00:00:00+00,http://pipelines.centerpointenergy.com/,"CENTERPOINT ENERGY GAS TRANSMISSION COMPANY, LLC",31,"CENTERPOINT ENERGY GAS TRANSMISSION COMPANY, LLC",WITHIN 40 FEET,3,35620,45899809,3487425,295803,1319669,17572,2,1970/01/01 00:00:00+00,0,0
-80.420106124,39.2906332760001,376,376,GCOMP1336,WILSONBURG,US ROUTE 50,CLARKSBURG,WV,26301,NOT AVAILABLE,NATURAL GAS COMPRESSOR STATION,IN SERVICE,HARRISON,54033,USA,39.290633276,-80.420106124,486210,PIPELINE TRANSPORTATION OF NATURAL GAS,"EPA ENVIROFACTS, FERC FORM 2, CORPORATE WEBSITE",2015/09/22 00:00:00+00,IMAGERY/OTHER,2016/03/14 00:00:00+00,http://escript.dom.com/,"DOMINION TRANSMISSION, INC.",22,"DOMINION TRANSMISSION, INC.",WITHIN 40 FEET,3,1510,5858643,184794,219441,65875,16023,2,2012/04/08 00:00:00+00,0,0
-103.501954,37.2166810000001,377,377,GCOMP1337,KIM,US-160,KIM,CO,81049,NOT AVAILABLE,NATURAL GAS COMPRESSOR STATION,IN SERVICE,LAS ANIMAS,08071,USA,37.216681,-103.501954,486210,PIPELINE TRANSPORTATION OF NATURAL GAS,"EPA ENVIROFACTS, FERC FORM 2, CORPORATE WEBSITE",2015/10/19 00:00:00+00,IMAGERY/OTHER,2016/03/14 00:00:00+00,http://ebb.cigco.com/,"COLORADO INTERSTATE GAS COMPANY, L.L.C.",32,"COLORADO INTERSTATE GAS COMPANY, L.L.C.",WITHIN 40 FEET,2,8900,15777687,13402,239175,4950,196,2,2012/09/06 00:00:00+00,0,0
-100.866647955,37.297545332,378,378,GCOMP1338,SUBLETTE,"US-160; S1-T32S-R33W",LIBERAL,KS,67901,NOT AVAILABLE,NATURAL GAS COMPRESSOR STATION,IN SERVICE,SEWARD,20175,USA,37.297545332,-100.866647955,486210,PIPELINE TRANSPORTATION OF NATURAL GAS,"EPA ENVIROFACTS, FERC FORM 2, CORPORATE WEBSITE",2015/09/15 00:00:00+00,IMAGERY/OTHER,2016/03/14 00:00:00+00,http://www.northernnaturalgas.com/,NORTHERN NATURAL GAS COMPANY,59,NORTHERN NATURAL GAS COMPANY,WITHIN 40 FEET,4,12360,22196195,471916,839766,172227,15014,2,2012/01/11 00:00:00+00,203679,1943680
-78.7280039999999,41.058931,379,379,GCOMP1339,LUTHERSBURG,US-219 & DUTCH ROAD,LUTHERSBURG,PA,15848,NOT AVAILABLE,NATURAL GAS COMPRESSOR STATION,IN SERVICE,CLEARFIELD,42033,USA,41.058931,-78.728004,486210,PIPELINE TRANSPORTATION OF NATURAL GAS,"EPA ENVIROFACTS, FERC FORM 2, CORPORATE WEBSITE",2015/09/24 00:00:00+00,IMAGERY/OTHER,2016/03/14 00:00:00+00,http://escript.dom.com/,"DOMINION TRANSMISSION, INC.",22,"DOMINION TRANSMISSION, INC.",WITHIN 40 FEET,2,880,889219,101033,279354,36095,8520,1,2012/03/21 00:00:00+00,0,0
-86.8856949999999,30.911124,380,380,GCOMP134,STATION 12 & 12-A,13100 MUNSON HWY,MILTON,FL,32570,NOT AVAILABLE,NATURAL GAS COMPRESSOR STATION,IN SERVICE,SANTA ROSA,12113,USA,30.911124,-86.885695,486210,PIPELINE TRANSPORTATION OF NATURAL GAS,"EPA ENVIROFACTS, FERC FORM 2, CORPORATE WEBSITE",2015/09/18 00:00:00+00,IMAGERY/OTHER,2016/03/14 00:00:00+00,http://fgttransfer.energytransfer.com/,"FLORIDA GAS TRANSMISSION COMPANY, LLC",34,"FLORIDA GAS TRANSMISSION COMPANY, LLC",WITHIN 40 FEET,9,65200,92740170,6177733,2598437,2159075,41082,8,2012/01/03 00:00:00+00,0,0
-102.127611627,38.8445246160001,381,381,GCOMP1340,CITATION O&G CORP - N ARAPAHOE SEC REC,US-40 (SW SEC 9 T14S R42W),ARAPAHOE,CO,80802,NOT AVAILABLE,NATURAL GAS COMPRESSOR STATION,IN SERVICE,CHEYENNE,08017,USA,38.844524616,-102.127611627,486210,PIPELINE TRANSPORTATION OF NATURAL GAS,"EPA ENVIROFACTS, FERC FORM 2, CORPORATE WEBSITE",2015/09/25 00:00:00+00,IMAGERY/OTHER,2016/03/14 00:00:00+00,http://www.cogc.com/,CITATION O&G,63,CITATION O&G,WITHIN 40 FEET,1,738,538000,0,0,0,0,0,1970/01/01 00:00:00+00,0,0
-101.029320212,37.400613149,382,382,GCOMP1341,KANSAS-SATANTA-HASKELL COUNTY,US-56,SATANTA,KS,67870,NOT AVAILABLE,NATURAL GAS COMPRESSOR STATION,IN SERVICE,HASKELL,20081,USA,37.400613149,-101.029320212,486210,PIPELINE TRANSPORTATION OF NATURAL GAS,"EPA ENVIROFACTS, FERC FORM 2, CORPORATE WEBSITE",2015/09/11 00:00:00+00,IMAGERY/OTHER,2016/03/14 00:00:00+00,http://peplmessenger.energytransfer.com/,"PANHANDLE EASTERN PIPE LINE COMPANY, LP",28,"PANHANDLE EASTERN PIPE LINE COMPANY, LP",WITHIN 40 FEET,10,8177,9519150,454013,0,175005,26559,4,2012/04/10 00:00:00+00,0,0
-78.969927,41.72441,383,383,GCOMP1342,ROYSTONE,US-6 GRAND ARMY OF THE REPUBLIC HIGHWAY,SHEFFIELD,PA,16347,NOT AVAILABLE,NATURAL GAS COMPRESSOR STATION,IN SERVICE,WARREN,42123,USA,41.72441,-78.969927,486210,PIPELINE TRANSPORTATION OF NATURAL GAS,"EPA ENVIROFACTS, FERC FORM 2, CORPORATE WEBSITE",2015/09/16 00:00:00+00,IMAGERY/OTHER,2016/03/14 00:00:00+00,http://www.natfuel.com/,NATIONAL FUEL GAS SUPPLY CORPORATION,16,NATIONAL FUEL GAS SUPPLY CORPORATION,WITHIN 40 FEET,10,6000,22141864,429480,653984,163733,52511,2,2012/12/30 00:00:00+00,40385,523642
-100.750257174,40.824527346,384,384,GCOMP1343,STATION 602 - WELLFLEET,US-83,WELLFLEET,NE,69170,NOT AVAILABLE,NATURAL GAS COMPRESSOR STATION,IN SERVICE,LINCOLN,31111,USA,40.824527346,-100.750257174,486210,PIPELINE TRANSPORTATION OF NATURAL GAS,"EPA ENVIROFACTS, FERC FORM 2, CORPORATE WEBSITE",2015/08/27 00:00:00+00,IMAGERY/OTHER,2016/03/14 00:00:00+00,http://pipeline.tallgrassenergylp.com/,TRAILBLAZER PIPELINE COMPANY LLC,68,TRAILBLAZER PIPELINE COMPANY LLC,WITHIN 40 FEET,2,20000,25174198,0,0,0,8702,2,2012/06/12 00:00:00+00,-999,68152974
-112.969821961,38.305197778,385,385,GCOMP1344,MILFORD,UT-21/SOUTH OF 5300 S,MILFORD,UT,84751,NOT AVAILABLE,NATURAL GAS COMPRESSOR STATION,IN SERVICE,BEAVER,49001,USA,38.305197778,-112.969821961,486210,PIPELINE TRANSPORTATION OF NATURAL GAS,"FERC FORM 2, CORPORATE WEBSITE",2015/10/06 00:00:00+00,IMAGERY/OTHER,2016/03/14 00:00:00+00,http://services.kernrivergas.com/,KERN RIVER GAS TRANSMISSION COMPANY,99,KERN RIVER GAS TRANSMISSION COMPANY,WITHIN 40 FEET,1,30000,61121051,3702384,336701,1380330,8435,1,2012/12/18 00:00:00+00,-999,1617200
-80.495798,39.1082710000001,386,386,GCOMP1345,KENNEDY,VALLEY CHAPEL ROAD & HWY 10/11,VALLEY CHAPEL,WV,26452,NOT AVAILABLE,NATURAL GAS COMPRESSOR STATION,IN SERVICE,LEWIS,54041,USA,39.108271,-80.495798,486210,PIPELINE TRANSPORTATION OF NATURAL GAS,"EPA ENVIROFACTS, FERC FORM 2, CORPORATE WEBSITE",2015/09/24 00:00:00+00,IMAGERY/OTHER,2016/03/14 00:00:00+00,http://escript.dom.com/,"DOMINION TRANSMISSION, INC.",22,"DOMINION TRANSMISSION, INC.",WITHIN 40 FEET,2,2200,5686256,268469,360253,97065,13080,2,2012/03/19 00:00:00+00,0,0
-78.964501038,42.685435145,387,387,GCOMP1346,DERBY,VERSAILLES RD/NNE OF DERBY,DERBY,NY,14047,NOT AVAILABLE,NATURAL GAS COMPRESSOR STATION,IN SERVICE,ERIE,36029,USA,42.685435145,-78.964501038,486210,PIPELINE TRANSPORTATION OF NATURAL GAS,"FERC FORM 2, CORPORATE WEBSITE",2015/08/31 00:00:00+00,IMAGERY/OTHER,2016/03/14 00:00:00+00,http://www.natfuel.com/,NATIONAL FUEL GAS SUPPLY CORPORATION,16,NATIONAL FUEL GAS SUPPLY CORPORATION,WITHIN 40 FEET,1,75,169557,984,0,375,2611,1,2012/11/23 00:00:00+00,1674,11002
-106.8530023,32.1137892260001,388,388,GCOMP1347,AFTON,"W AFTON RD & COUNTRY ROAD B009; (14 MILES WEST OF BERINO)",BERINO,NM,88024,NOT AVAILABLE,NATURAL GAS COMPRESSOR STATION,IN SERVICE,DONA ANA,35013,USA,32.113789226,-106.8530023,486210,PIPELINE TRANSPORTATION OF NATURAL GAS,"EPA ENVIROFACTS, FERC FORM 2, CORPORATE WEBSITE",2015/09/22 00:00:00+00,IMAGERY/OTHER,2016/03/14 00:00:00+00,https://pipeportal.kindermorgan.com/,"EL PASO NATURAL GAS COMPANY, L.L.C.",33,"EL PASO NATURAL GAS COMPANY, L.L.C.",WITHIN 40 FEET,3,21450,9090066,369024,285195,125623,2113,1,2012/01/02 00:00:00+00,0,0
-102.031635,35.8131060000001,389,389,GCOMP1348,DUMAS,"W. 14TH STREET; (4 MI SE OF DUMAS & 3 MI W HWY 287)",DUMAS,TX,79029,NOT AVAILABLE,NATURAL GAS COMPRESSOR STATION,IN SERVICE,MOORE,48341,USA,35.813106,-102.031635,486210,PIPELINE TRANSPORTATION OF NATURAL GAS,"EPA ENVIROFACTS, FERC FORM 2, CORPORATE WEBSITE",2015/09/21 00:00:00+00,IMAGERY/OTHER,2016/03/14 00:00:00+00,https://pipeportal.kindermorgan.com/,"EL PASO NATURAL GAS COMPANY, L.L.C.",33,"EL PASO NATURAL GAS COMPANY, L.L.C.",WITHIN 40 FEET,2,11000,12665582,43915,185303,15764,436,1,2012/07/31 00:00:00+00,0,0
-88.130872322,43.598938037,390,390,GCOMP1349,KEWASKUM,W. 8715 TOWER ROAD,KEWASKUM,WI,53040,NOT AVAILABLE,NATURAL GAS COMPRESSOR STATION,IN SERVICE,SHEBOYGAN,55117,USA,43.598938037,-88.130872322,486210,PIPELINE TRANSPORTATION OF NATURAL GAS,"FERC FORM 2, IMAGERY",2015/10/21 00:00:00+00,IMAGERY/OTHER,2016/03/14 00:00:00+00,http://anrebb.transcanada.com/,ANR PIPELINE COMPANY,48,ANR PIPELINE COMPANY,WITHIN 40 FEET,6,7589,13274590,455774,248017,165027,5725,3,2012/01/20 00:00:00+00,0,0
-100.627092,35.787116,391,391,GCOMP135,RED DEER ANR,1311 QUARTER HORSE RD,MIAMI,TX,79059,NOT AVAILABLE,NATURAL GAS COMPRESSOR STATION,IN SERVICE,ROBERTS,48393,USA,35.787116,-100.627092,486210,PIPELINE TRANSPORTATION OF NATURAL GAS,"EPA ENVIROFACTS, FERC FORM 2, CORPORATE WEBSITE",2015/08/21 00:00:00+00,IMAGERY/OTHER,2016/03/14 00:00:00+00,http://twtransfer.energytransfer.com/,"TRANSWESTERN PIPELINE COMPANY, LLC",42,"TRANSWESTERN PIPELINE COMPANY, LLC",WITHIN 40 FEET,5,-999,286686,0,324782,0,0,0,1970/01/01 00:00:00+00,0,0
-110.363755822,41.6972043800001,392,392,GCOMP1350,ROBERSON (GREEN RIVER BASIN),"WAGON WHEEL RD/5.85 SW OF OPAL; T20N R115W S24",OPAL,WY,83124,NOT AVAILABLE,NATURAL GAS COMPRESSOR STATION,IN SERVICE,LINCOLN,56023,USA,41.69720438,-110.363755822,486210,PIPELINE TRANSPORTATION OF NATURAL GAS,"FERC FORM 2, CORPORATE WEBSITE",2015/09/11 00:00:00+00,IMAGERY/OTHER,2016/03/14 00:00:00+00,http://www.questarpipeline.com/,QUESTAR OVERTHRUST PIPELINE COMPANY,78,QUESTAR OVERTHRUST PIPELINE COMPANY,WITHIN 40 FEET,2,30000,30301807,202920,427976,85647,782,2,2012/02/07 00:00:00+00,0,0
-109.217152,40.9841720000001,393,393,GCOMP1351,UTAH - KASTLER DEW POINT PLT FG,WELL ROAD 430093001565,DUTCH JOHN,UT,84023,NOT AVAILABLE,NATURAL GAS COMPRESSOR STATION,IN SERVICE,DAGGETT,49009,USA,40.984172,-109.217152,486210,PIPELINE TRANSPORTATION OF NATURAL GAS,"EPA ENVIROFACTS, FERC FORM 2, CORPORATE WEBSITE",2015/09/11 00:00:00+00,IMAGERY/OTHER,2016/03/14 00:00:00+00,http://www.questarpipeline.com/,QUESTAR PIPELINE COMPANY,55,QUESTAR PIPELINE COMPANY,WITHIN 40 FEET,2,1200,19805709,21347,133323,8172,2813,1,2012/02/23 00:00:00+00,0,0
-95.927555949,34.5724861350001,394,394,GCOMP1352,STATION 812 - ATOKA,WESLEY RD,WARDVILLE,OK,74576,NOT AVAILABLE,NATURAL GAS COMPRESSOR STATION,IN SERVICE,ATOKA,40005,USA,34.572486135,-95.927555949,486210,PIPELINE TRANSPORTATION OF NATURAL GAS,"EPA ENVIROFACTS, FERC FORM 2, CORPORATE WEBSITE",2015/09/15 00:00:00+00,IMAGERY/OTHER,2016/03/14 00:00:00+00,http://www.kindermorgan.com/,NATURAL GAS PIPELINE COMPANY OF AMERICA LLC,26,NATURAL GAS PIPELINE COMPANY OF AMERICA LLC,WITHIN 40 FEET,2,4000,11493592,0,0,143137,7671,2,2012/10/09 00:00:00+00,0,0
-78.4654649999999,41.6181040000001,395,395,GCOMP1353,WELLENDORF,WEST OF SHAWMUT GR RD,NORWICH,PA,16749,NOT AVAILABLE,NATURAL GAS COMPRESSOR STATION,IN SERVICE,MCKEAN,42083,USA,41.618104,-78.465465,486210,PIPELINE TRANSPORTATION OF NATURAL GAS,"FERC FORM 2, CORPORATE WEBSITE",2015/08/25 00:00:00+00,IMAGERY/OTHER,2016/03/14 00:00:00+00,http://www.natfuel.com/,NATIONAL FUEL GAS SUPPLY CORPORATION,16,NATIONAL FUEL GAS SUPPLY CORPORATION,WITHIN 40 FEET,1,325,1381813,5186,22281,1977,1146,1,2012/12/18 00:00:00+00,0,0
-75.0638539999999,41.5010270000001,396,396,GCOMP1354,#323A - HAWLEY,WESTCOLANG RD,HAWLEY,PA,18428,NOT AVAILABLE,NATURAL GAS COMPRESSOR STATION,IN SERVICE,WAYNE,42103,USA,41.501027,-75.063854,486210,PIPELINE TRANSPORTATION OF NATURAL GAS,"EPA ENVIROFACTS, FERC FORM 2, CORPORATE WEBSITE",2015/09/03 00:00:00+00,IMAGERY/OTHER,2016/03/14 00:00:00+00,http://pipeline2.kindermorgan.com/,"TENNESSEE GAS PIPELINE COMPANY, L.L.C.",9,"TENNESSEE GAS PIPELINE COMPANY, L.L.C.",WITHIN 40 FEET,1,13400,17607638,1152,339606,362,7485,1,2012/11/22 00:00:00+00,4146670,61558987
-74.232637,42.698085,397,397,GCOMP1355,WRIGHT,WESTFALL RD,DELANSON-WRIGHT,NY,12053,NOT AVAILABLE,NATURAL GAS COMPRESSOR STATION,IN SERVICE,SCHENECTADY,36095,USA,42.698085,-74.232637,486210,PIPELINE TRANSPORTATION OF NATURAL GAS,"EPA ENVIROFACTS, FERC FORM 2, CORPORATE WEBSITE",2015/09/17 00:00:00+00,IMAGERY/OTHER,2016/03/14 00:00:00+00,http://www.iroquois.com/,IPOC AS AGENT/IROQUOIS GAS TRANS. SYS. L.P.,110,IPOC AS AGENT/IROQUOIS GAS TRANS. SYS. L.P.,WITHIN 40 FEET,2,14302,29106869,0,235028,243538,4344,2,2012/01/06 00:00:00+00,-999,425680
-121.626287077,45.778006485,398,398,GCOMP1356,WILLARD,WILLARD RD. MILEPOST 1,COOK,WA,98605,NOT AVAILABLE,NATURAL GAS COMPRESSOR STATION,IN SERVICE,SKAMANIA,53059,USA,45.778006485,-121.626287077,486210,PIPELINE TRANSPORTATION OF NATURAL GAS,"EPA ENVIROFACTS, FERC FORM 2, CORPORATE WEBSITE",2015/09/14 00:00:00+00,IMAGERY/OTHER,2016/03/14 00:00:00+00,http://www.northwest.williams.com/,NORTHWEST PIPELINE GP,37,NORTHWEST PIPELINE GP,WITHIN 40 FEET,3,21700,29210381,1027835,172018,338974,5704,2,2012/12/14 00:00:00+00,0,0
-78.825162,42.472583,399,399,GCOMP1357,ZOAR,WILSON RD. & KONERT RD.,COLLINS,NY,14034,NOT AVAILABLE,NATURAL GAS COMPRESSOR STATION,IN SERVICE,ERIE,36029,USA,42.472583,-78.825162,486210,PIPELINE TRANSPORTATION OF NATURAL GAS,"EPA ENVIROFACTS, FERC FORM 2, CORPORATE WEBSITE",2015/09/16 00:00:00+00,IMAGERY/OTHER,2016/03/14 00:00:00+00,http://www.natfuel.com/,NATIONAL FUEL GAS SUPPLY CORPORATION,16,NATIONAL FUEL GAS SUPPLY CORPORATION,WITHIN 40 FEET,8,1200,2763041,49725,207017,18957,6356,5,2012/03/01 00:00:00+00,13109,109600
-80.7911989999999,39.2542760000001,400,400,GCOMP1358,COLLINS,"WV ROUTE 11/4; (STAR ROUTE)",WEST UNION,WV,26456,NOT AVAILABLE,NATURAL GAS COMPRESSOR STATION,IN SERVICE,DODDRIDGE,54017,USA,39.254276,-80.791199,486210,PIPELINE TRANSPORTATION OF NATURAL GAS,"EPA ENVIROFACTS, FERC FORM 2, CORPORATE WEBSITE",2015/09/25 00:00:00+00,IMAGERY/OTHER,2016/03/14 00:00:00+00,http://escript.dom.com/,"DOMINION TRANSMISSION, INC.",22,"DOMINION TRANSMISSION, INC.",WITHIN 40 FEET,1,660,1729196,117495,167066,41566,8148,1,2012/07/03 00:00:00+00,0,0
-81.098333,39.0730550000001,401,401,GCOMP1359,CRAIG,WV-16 & WV-47,SMITHVILLE,WV,26178,NOT AVAILABLE,NATURAL GAS COMPRESSOR STATION,IN SERVICE,RITCHIE,54085,USA,39.073055,-81.098333,486210,PIPELINE TRANSPORTATION OF NATURAL GAS,"EPA ENVIROFACTS, FERC FORM 2, CORPORATE WEBSITE",2015/09/25 00:00:00+00,IMAGERY/OTHER,2016/03/14 00:00:00+00,http://escript.dom.com/,"DOMINION TRANSMISSION, INC.",22,"DOMINION TRANSMISSION, INC.",WITHIN 40 FEET,3,2595,7607879,392658,430616,139388,22340,3,2012/08/19 00:00:00+00,0,0
-93.040628319,29.8163569650001,402,402,GCOMP136,GRAND CHENIER,1324 HWY 1143,CREOLE,LA,70632,NOT AVAILABLE,NATURAL GAS COMPRESSOR STATION,IN SERVICE,CAMERON,22023,USA,29.816356965,-93.040628319,486210,PIPELINE TRANSPORTATION OF NATURAL GAS,"EPA ENVIROFACTS, FERC FORM 2, CORPORATE WEBSITE",2015/09/01 00:00:00+00,IMAGERY/OTHER,2016/03/14 00:00:00+00,http://www.spectraenergy.com/,"TEXAS EASTERN TRANSMISSION, LP",17,"TEXAS EASTERN TRANSMISSION, LP",WITHIN 40 FEET,1,27550,14582099,0,0,0,0,0,1970/01/01 00:00:00+00,41299,315040
-80.809179,39.3241780000001,403,403,GCOMP1360,CENTRAL,"WV-18/SOUTH OF WV 28; NORTH OF OLD US-50",WEST UNION,WV,26456,NOT AVAILABLE,NATURAL GAS COMPRESSOR STATION,IN SERVICE,DODDRIDGE,54017,USA,39.324178,-80.809179,486210,PIPELINE TRANSPORTATION OF NATURAL GAS,"FERC FORM 2, IMAGERY",2015/09/21 00:00:00+00,IMAGERY/OTHER,2016/03/14 00:00:00+00,http://equitrans.eqtmidstreampartners.com/,"EQUITRANS, L.P.",24,"EQUITRANS, L.P.",WITHIN 40 FEET,1,600,588533,0,13292,0,0,0,1970/01/01 00:00:00+00,183,-999
-80.772612,38.9279220000001,404,404,GCOMP1361,RACKET-NEWBERNE,WV-5 (LITTLE KANAWHA PARWAY)/WEST OF HWY 8,TRUEBADA,WV,26351,NOT AVAILABLE,NATURAL GAS COMPRESSOR STATION,IN SERVICE,GILMER,54021,USA,38.927922,-80.772612,486210,PIPELINE TRANSPORTATION OF NATURAL GAS,FERC FORM 2,2015/08/24 00:00:00+00,IMAGERY/OTHER,2016/03/14 00:00:00+00,http://escript.dom.com/,"DOMINION TRANSMISSION, INC.",22,"DOMINION TRANSMISSION, INC.",WITHIN 40 FEET,1,1150,18309908,64113,266344,22377,1408,1,2012/02/11 00:00:00+00,0,0
-80.734188,39.282208,405,405,GCOMP1362,SMITHBURG,WV-50/16 & SNOWBIRD RD,SMITHBURG,WV,26411,NOT AVAILABLE,NATURAL GAS COMPRESSOR STATION,IN SERVICE,DODDRIDGE,54017,USA,39.282208,-80.734188,486210,PIPELINE TRANSPORTATION OF NATURAL GAS,"FERC FORM 2, IMAGERY",2015/10/08 00:00:00+00,IMAGERY/OTHER,2016/03/14 00:00:00+00,http://equitrans.eqtmidstreampartners.com/,"EQUITRANS, L.P.",24,"EQUITRANS, L.P.",WITHIN 40 FEET,1,300,286555,40976,5525,14626,7925,1,2012/08/03 00:00:00+00,101,-999
-80.158105,39.3172910000001,406,406,GCOMP1363,COMET,WV-8 AND WV-3,FLEMINGTON,WV,26347,NOT AVAILABLE,NATURAL GAS COMPRESSOR STATION,IN SERVICE,TAYLOR,54091,USA,39.317291,-80.158105,486210,PIPELINE TRANSPORTATION OF NATURAL GAS,"EPA ENVIROFACTS, FERC FORM 2, CORPORATE WEBSITE",2015/10/07 00:00:00+00,IMAGERY/OTHER,2016/03/14 00:00:00+00,http://equitrans.eqtmidstreampartners.com/,"EQUITRANS, L.P.",24,"EQUITRANS, L.P.",WITHIN 40 FEET,5,1800,3946005,59607,54351,21995,11084,2,2012/09/13 00:00:00+00,16790,-999
-106.204815,41.6060830000001,407,407,GCOMP1364,R28204004/104 AT ARLINGTON,WY-13/I-80,ARLINGTON,WY,82083,NOT AVAILABLE,NATURAL GAS COMPRESSOR STATION,IN SERVICE,CARBON,56007,USA,41.606083,-106.204815,486210,PIPELINE TRANSPORTATION OF NATURAL GAS,"EPA ENVIROFACTS, FERC FORM 2, CORPORATE WEBSITE",2015/09/11 00:00:00+00,IMAGERY/OTHER,2016/03/14 00:00:00+00,http://www.tallgrassenergylp.com/,ROCKIES EXPRESS PIPELINE LLC,575,ROCKIES EXPRESS PIPELINE LLC,WITHIN 40 FEET,4,37294,74103524,0,0,367761,13812,3,2012/04/23 00:00:00+00,-999,62208000
-108.298083085,41.011440216,408,408,GCOMP1365,WYOMING - SKULL CREEK,"WY-62/61 MILES SE OF ROCK SPRINGS; SEC 14,T12N,R97W",ROCK SPRINGS,WY,82902,NOT AVAILABLE,NATURAL GAS COMPRESSOR STATION,IN SERVICE,SWEETWATER,56037,USA,41.011440216,-108.298083085,486210,PIPELINE TRANSPORTATION OF NATURAL GAS,"FERC FORM 2, CORPORATE WEBSITE",2015/09/11 00:00:00+00,IMAGERY/OTHER,2016/03/14 00:00:00+00,http://www.questarpipeline.com/,QUESTAR PIPELINE COMPANY,55,QUESTAR PIPELINE COMPANY,WITHIN 40 FEET,2,2464,3771210,22734,181308,8932,0,0,1970/01/01 00:00:00+00,0,0
-95.407921,38.0387250000001,409,409,GCOMP1366,413 WEST COLONY,WYOMING RD/1400TH ST,COLONY,KS,66015,NOT AVAILABLE,NATURAL GAS COMPRESSOR STATION,IN SERVICE,ANDERSON,20003,USA,38.038725,-95.407921,486210,PIPELINE TRANSPORTATION OF NATURAL GAS,"FERC FORM 2, IMAGERY",2015/09/09 00:00:00+00,IMAGERY/OTHER,2016/03/14 00:00:00+00,https://csi.sscgp.com/,"SOUTHERN STAR CENTRAL GAS PIPELINE, INC.",43,"SOUTHERN STAR CENTRAL GAS PIPELINE, INC.",WITHIN 40 FEET,1,220,1726566,679,47675,225,1060,1,2012/12/31 00:00:00+00,0,0
-111.01177,41.0608960000001,410,410,GCOMP1367,COYOTE CREEK,"YELLOW CREEK RD (CO RD 153)/WEST OF CO RD 155 126 COMMERCE DRIVE; SE1 4SW1 4 OF SECTION 36",EVANSTON,WY,82930,NOT AVAILABLE,NATURAL GAS COMPRESSOR STATION,IN SERVICE,UINTA,56041,USA,41.060896,-111.01177,486210,PIPELINE TRANSPORTATION OF NATURAL GAS,"FERC FORM 2, CORPORATE WEBSITE",2015/10/06 00:00:00+00,IMAGERY/OTHER,2016/03/14 00:00:00+00,http://services.kernrivergas.com/,KERN RIVER GAS TRANSMISSION COMPANY,99,KERN RIVER GAS TRANSMISSION COMPANY,WITHIN 40 FEET,2,31000,54752274,3714069,235603,1377099,15032,2,2012/04/25 00:00:00+00,-999,579200
-74.909095599,40.4017777510001,411,411,GCOMP137,LAMBERTVILLE,"1325 RT.179,HWY 179NO.",LAMBERTVILLE,NJ,08530,3506,NATURAL GAS COMPRESSOR STATION,IN SERVICE,HUNTERDON,34019,USA,40.401777751,-74.909095599,486210,PIPELINE TRANSPORTATION OF NATURAL GAS,"EPA ENVIROFACTS, FERC FORM 2, CORPORATE WEBSITE",2015/09/01 00:00:00+00,IMAGERY/OTHER,2016/03/14 00:00:00+00,http://www.spectraenergy.com/,"TEXAS EASTERN TRANSMISSION, LP",17,"TEXAS EASTERN TRANSMISSION, LP",WITHIN 40 FEET,5,24600,104995502,675517,0,238699,9665,7,2012/01/21 00:00:00+00,755577,2023984
-82.169485,41.1362940000001,412,412,GCOMP138,WELLINGTON,13292 SMITH RD.,WELLINGTON,OH,44090,NOT AVAILABLE,NATURAL GAS COMPRESSOR STATION,IN SERVICE,LORAIN,39093,USA,41.136294,-82.169485,486210,PIPELINE TRANSPORTATION OF NATURAL GAS,"EPA ENVIROFACTS, FERC FORM 2, CORPORATE WEBSITE",2015/09/25 00:00:00+00,IMAGERY/OTHER,2016/03/14 00:00:00+00,http://www.columbiapipeinfo.com/,"COLUMBIA GAS TRANSMISSION,LLC",21,"COLUMBIA GAS TRANSMISSION,LLC",WITHIN 40 FEET,2,9000,17933295,0,349438,0,4272,1,2012/09/08 00:00:00+00,745081,12751417
-81.192921,28.4272520000001,413,413,GCOMP139,STATION 32,13353 WEWAHOOTEE RD,LAKE HART,FL,32832,NOT AVAILABLE,NATURAL GAS COMPRESSOR STATION,IN SERVICE,ORANGE,12095,USA,28.427252,-81.192921,486210,PIPELINE TRANSPORTATION OF NATURAL GAS,"FERC FORM 2, FERC DOCKET CP11-145-000, CORPORATE WEBSITE",2015/10/14 00:00:00+00,IMAGERY/OTHER,2016/03/14 00:00:00+00,http://fgttransfer.energytransfer.com/,"FLORIDA GAS TRANSMISSION COMPANY, LLC",34,"FLORIDA GAS TRANSMISSION COMPANY, LLC",WITHIN 40 FEET,2,15000,-999,0,0,0,82,0,1970/01/01 00:00:00+00,0,0
-74.018994,41.2423700000001,414,414,GCOMP14,STONY POINT,1 LINDBERGH ROAD,STONY POINT,NY,10980,3307,NATURAL GAS COMPRESSOR STATION,IN SERVICE,ROCKLAND,36087,USA,41.24237,-74.018994,486210,PIPELINE TRANSPORTATION OF NATURAL GAS,"EPA ENVIROFACTS, FERC FORM 2, CORPORATE WEBSITE",2015/10/28 00:00:00+00,IMAGERY/OTHER,2016/03/14 00:00:00+00,http://www.spectraenergy.com/,"ALGONQUIN GAS TRANSMISSION, LLC",20,"ALGONQUIN GAS TRANSMISSION, LLC",WITHIN 40 FEET,7,38800,84866219,3636040,0,882124,16925,5,2012/07/17 00:00:00+00,0,0
-103.575653,48.227384,415,415,GCOMP140,WILLISTON,"13369 56TH ST NW; SE1/4 SW1/4 S20-T155N-R100W",WILLISTON,ND,58801,NOT AVAILABLE,NATURAL GAS COMPRESSOR STATION,IN SERVICE,WILLIAMS,38105,USA,48.227384,-103.575653,486210,PIPELINE TRANSPORTATION OF NATURAL GAS,"EPA ENVIROFACTS, FERC FORM 2, CORPORATE WEBSITE",2015/08/14 00:00:00+00,IMAGERY/OTHER,2016/03/14 00:00:00+00,http://transmission.wbienergy.com/,WILLISTON BASIN INTERSTATE PIPELINE COMPANY,49,WILLISTON BASIN INTERSTATE PIPELINE COMPANY,WITHIN 40 FEET,1,1005,2294450,110461,161094,42373,6763,1,2012/12/15 00:00:00+00,0,0
-101.327728974,37.1676322230001,416,416,GCOMP141,518 HUGOTON,1338 S CEMETERY RD,HUGOTON,KS,67951,NOT AVAILABLE,NATURAL GAS COMPRESSOR STATION,IN SERVICE,STEVENS,20189,USA,37.167632223,-101.327728974,486210,PIPELINE TRANSPORTATION OF NATURAL GAS,"EPA ENVIROFACTS, FERC FORM 2, CORPORATE WEBSITE",2015/09/10 00:00:00+00,IMAGERY/OTHER,2016/03/14 00:00:00+00,https://csi.sscgp.com/,"SOUTHERN STAR CENTRAL GAS PIPELINE, INC.",43,"SOUTHERN STAR CENTRAL GAS PIPELINE, INC.",WITHIN 40 FEET,6,19489,18140666,1559246,616263,597540,25297,4,2012/09/17 00:00:00+00,0,0
-112.52443,45.929805,417,417,GCOMP142,BIG SANDY,134 W PARKMONT,BUTTE,MT,59601,NOT AVAILABLE,NATURAL GAS COMPRESSOR STATION,IN SERVICE,SILVER BOW,30093,USA,45.929805,-112.52443,486210,PIPELINE TRANSPORTATION OF NATURAL GAS,"EPA ENVIROFACTS, FERC FORM 2, CORPORATE WEBSITE",2015/11/03 00:00:00+00,IMAGERY/OTHER,2016/03/14 00:00:00+00,http://deq.mt.gov/,NORTH WESTERN ENERGY,63,NORTH WESTERN ENERGY,WITHIN 40 FEET,3,9000,28380200,0,0,0,18321,3,2012/03/13 00:00:00+00,1487216,31761
-104.610779,47.270905,418,418,GCOMP143,MORGAN CREEK,1343 MT-16,GLENDIVE,MT,59330,NOT AVAILABLE,NATURAL GAS COMPRESSOR STATION,IN SERVICE,DAWSON,30021,USA,47.270905,-104.610779,486210,PIPELINE TRANSPORTATION OF NATURAL GAS,"FERC FORM 2, MONTANA DEPARTMENT OF ENVIRONMENTAL QUALITY",2015/08/14 00:00:00+00,IMAGERY/OTHER,2016/03/14 00:00:00+00,http://transmission.wbienergy.com/,WILLISTON BASIN INTERSTATE PIPELINE COMPANY,49,WILLISTON BASIN INTERSTATE PIPELINE COMPANY,WITHIN 40 FEET,3,2400,2661745,154229,131872,58513,10571,3,2012/08/25 00:00:00+00,0,0
-78.423394,37.8382730000001,419,419,GCOMP144,NO. 175 SCOTTSVILLE,1344 TRANSCO RD,SCOTTSVILLE,VA,24590,NOT AVAILABLE,NATURAL GAS COMPRESSOR STATION,IN SERVICE,BUCKINGHAM,51065,USA,37.838273,-78.423394,486210,PIPELINE TRANSPORTATION OF NATURAL GAS,"EPA ENVIROFACTS, FERC FORM 2, CORPORATE WEBSITE",2015/08/25 00:00:00+00,IMAGERY/OTHER,2016/03/14 00:00:00+00,http://www.1line.williams.com/,"TRANSCONTINENTAL GAS PIPE LINE COMPANY, LLC",29,"TRANSCONTINENTAL GAS PIPE LINE COMPANY, LLC",WITHIN 40 FEET,4,17600,7550052,0,482292,0,0,0,1970/01/01 00:00:00+00,-999,9207
-91.3969956779999,44.887580176,420,420,GCOMP145,STATION 2227 CHIPPEWA FALLS,13506 CTH OO,CHIPPEWA FALLS,WI,54729,NOT AVAILABLE,NATURAL GAS COMPRESSOR STATION,IN SERVICE,CHIPPEWA,55017,USA,44.887580176,-91.396995678,486210,PIPELINE TRANSPORTATION OF NATURAL GAS,"EPA ENVIROFACTS, FERC FORM 2, CORPORATE WEBSITE",2015/08/17 00:00:00+00,IMAGERY/OTHER,2016/03/14 00:00:00+00,http://www.vgt.nborder.com/,VIKING GAS TRANSMISSION COMPANY,82,VIKING GAS TRANSMISSION COMPANY,WITHIN 40 FEET,1,3550,3322152,0,0,936,19,1,2012/08/12 00:00:00+00,0,0
-77.661823405,42.1612215860001,421,421,GCOMP146,NORTH GREENWOOD,1351 COUNTY ROUTE 62,GREENWOOD,NY,14839,NOT AVAILABLE,NATURAL GAS COMPRESSOR STATION,IN SERVICE,STEUBEN,36101,USA,42.161221586,-77.661823405,486210,PIPELINE TRANSPORTATION OF NATURAL GAS,"EPA ENVIROFACTS, FERC FORM 2, CORPORATE WEBSITE",2015/09/28 00:00:00+00,IMAGERY/OTHER,2016/03/14 00:00:00+00,http://www.columbiapipeinfo.com/,"COLUMBIA GAS TRANSMISSION,LLC",21,"COLUMBIA GAS TRANSMISSION,LLC",WITHIN 40 FEET,1,1000,2575123,0,120362,0,0,0,1970/01/01 00:00:00+00,0,0
-101.796212,31.8553220000001,422,422,GCOMP147,SPRABERRY,13521 FM-1379,MIDLAND,TX,79706,NOT AVAILABLE,NATURAL GAS COMPRESSOR STATION,IN SERVICE,MIDLAND,48329,USA,31.855322,-101.796212,486210,PIPELINE TRANSPORTATION OF NATURAL GAS,"EPA ENVIROFACTS, FERC FORM 2, CORPORATE WEBSITE",2015/09/15 00:00:00+00,IMAGERY/OTHER,2016/03/14 00:00:00+00,http://www.northernnaturalgas.com/,NORTHERN NATURAL GAS COMPANY,59,NORTHERN NATURAL GAS COMPANY,WITHIN 40 FEET,6,7702,14068419,656314,1324616,235456,25380,5,2012/05/21 00:00:00+00,48148,632000
-88.3630774109999,30.635359884,423,423,GCOMP148,STATION 44,13535 AIRPORT BLVD,MOBILE,AL,36608,NOT AVAILABLE,NATURAL GAS COMPRESSOR STATION,IN SERVICE,MOBILE,01097,USA,30.635359884,-88.363077411,486210,PIPELINE TRANSPORTATION OF NATURAL GAS,"FERC FORM 2, IMAGERY",2015/09/18 00:00:00+00,IMAGERY/OTHER,2016/03/14 00:00:00+00,http://fgttransfer.energytransfer.com/,"FLORIDA GAS TRANSMISSION COMPANY, LLC",34,"FLORIDA GAS TRANSMISSION COMPANY, LLC",WITHIN 40 FEET,1,3335,30622274,490,0,145,0,0,2012/01/03 00:00:00+00,0,0
-81.941039222,39.8413867520001,424,424,GCOMP149,R30014100 AT CHANDLERSVILLE,1358 IRISH RIDGE RD,PHILO,OH,43771,NOT AVAILABLE,NATURAL GAS COMPRESSOR STATION,IN SERVICE,MUSKINGUM,39119,USA,39.841386752,-81.941039222,486210,PIPELINE TRANSPORTATION OF NATURAL GAS,"EPA ENVIROFACTS, FERC FORM 2, CORPORATE WEBSITE",2015/09/10 00:00:00+00,IMAGERY/OTHER,2016/03/14 00:00:00+00,http://www.tallgrassenergylp.com/,ROCKIES EXPRESS PIPELINE LLC,575,ROCKIES EXPRESS PIPELINE LLC,WITHIN 40 FEET,3,19538,74645186,0,0,373,5,1,2012/09/22 00:00:00+00,0,0
-81.048845,38.984319,425,425,GCOMP15,YELLOW CREEK,1 MILE EAST OF ROUTE 16 & KLIPSTINE ROAD,GRANTSVILLE,WV,26147,NOT AVAILABLE,NATURAL GAS COMPRESSOR STATION,IN SERVICE,CALHOUN,54013,USA,38.984319,-81.048845,486210,PIPELINE TRANSPORTATION OF NATURAL GAS,"EPA ENVIROFACTS, FERC FORM 2, CORPORATE WEBSITE",2015/09/22 00:00:00+00,IMAGERY/OTHER,2016/03/14 00:00:00+00,http://escript.dom.com/,"DOMINION TRANSMISSION, INC.",22,"DOMINION TRANSMISSION, INC.",WITHIN 40 FEET,3,3100,8906821,503331,930870,178328,17858,3,2012/11/22 00:00:00+00,0,0
-89.013538,34.5391675050001,426,426,GCOMP150,#851 - NEW ALBANY,1362 COUNTY ROAD 81,NEW ALBANY,MS,38652,NOT AVAILABLE,NATURAL GAS COMPRESSOR STATION,IN SERVICE,UNION,28145,USA,34.539167505,-89.013538,486210,PIPELINE TRANSPORTATION OF NATURAL GAS,"EPA ENVIROFACTS, FERC FORM 2, CORPORATE WEBSITE",2015/09/02 00:00:00+00,IMAGERY/OTHER,2016/03/14 00:00:00+00,http://pipeline2.kindermorgan.com/,"TENNESSEE GAS PIPELINE COMPANY, L.L.C.",9,"TENNESSEE GAS PIPELINE COMPANY, L.L.C.",WITHIN 40 FEET,8,13600,14904018,1043376,1180281,383287,25796,5,2012/12/30 00:00:00+00,0,0
-90.837828888,36.2984271220001,427,427,GCOMP151,STATION 308 - BIGGERS,138 GAZAWAY RD,BIGGERS,AR,72413,NOT AVAILABLE,NATURAL GAS COMPRESSOR STATION,IN SERVICE,RANDOLPH,05121,USA,36.298427122,-90.837828888,486210,PIPELINE TRANSPORTATION OF NATURAL GAS,"EPA ENVIROFACTS, FERC FORM 2, CORPORATE WEBSITE",2015/09/16 00:00:00+00,IMAGERY/OTHER,2016/03/14 00:00:00+00,http://www.kindermorgan.com/,NATURAL GAS PIPELINE COMPANY OF AMERICA LLC,26,NATURAL GAS PIPELINE COMPANY OF AMERICA LLC,WITHIN 40 FEET,9,30850,14503570,0,0,1072978,47664,8,2012/02/11 00:00:00+00,0,0
-85.3952199999999,37.414386,428,428,GCOMP152,#96 - CAMPBELLSVILLE,1380 HOBSON RD,CAMPBELLSVILLE,KY,42718,NOT AVAILABLE,NATURAL GAS COMPRESSOR STATION,IN SERVICE,TAYLOR,21217,USA,37.414386,-85.39522,486210,PIPELINE TRANSPORTATION OF NATURAL GAS,"FERC FORM 2, IMAGERY",2015/09/01 00:00:00+00,IMAGERY/OTHER,2016/03/14 00:00:00+00,http://pipeline2.kindermorgan.com/,"TENNESSEE GAS PIPELINE COMPANY, L.L.C.",9,"TENNESSEE GAS PIPELINE COMPANY, L.L.C.",WITHIN 40 FEET,21,41200,41869652,120207,1293172,49204,3954,4,2012/06/22 00:00:00+00,595769,2711896
-85.3960309999999,37.4149600000001,429,429,GCOMP153,#871 - CAMPBELLSVILLE,1380 HOBSON RD.,CAMPBELLSVILLE,KY,42718,NOT AVAILABLE,NATURAL GAS COMPRESSOR STATION,IN SERVICE,TAYLOR,21217,USA,37.41496,-85.396031,486210,PIPELINE TRANSPORTATION OF NATURAL GAS,"EPA ENVIROFACTS, FERC FORM 2, CORPORATE WEBSITE",2015/09/01 00:00:00+00,IMAGERY/OTHER,2016/03/14 00:00:00+00,http://pipeline2.kindermorgan.com/,"TENNESSEE GAS PIPELINE COMPANY, L.L.C.",9,"TENNESSEE GAS PIPELINE COMPANY, L.L.C.",WITHIN 40 FEET,3,13500,9037691,526,92783,255,3,1,2012/03/15 00:00:00+00,0,0
-111.985328994,39.9530254800001,430,430,GCOMP154,ELBERTA,13801 W 13601 S,ELBERTA,UT,84626,NOT AVAILABLE,NATURAL GAS COMPRESSOR STATION,IN SERVICE,UTAH,49049,USA,39.95302548,-111.985328994,486210,PIPELINE TRANSPORTATION OF NATURAL GAS,"EPA ENVIROFACTS, FERC FORM 2, CORPORATE WEBSITE",2015/09/17 00:00:00+00,IMAGERY/OTHER,2016/03/14 00:00:00+00,http://services.kernrivergas.com/,KERN RIVER GAS TRANSMISSION COMPANY,99,KERN RIVER GAS TRANSMISSION COMPANY,WITHIN 40 FEET,2,31000,53194674,4461013,173416,1663753,16995,2,2012/01/22 00:00:00+00,-999,704840
-89.2664381719999,31.3800875360001,431,431,GCOMP155,PETAL BOOSTER STATION,1382 HIGHWAY 11 NORTH,PETAL,MS,39465,NOT AVAILABLE,NATURAL GAS COMPRESSOR STATION,IN SERVICE,FORREST,28035,USA,31.380087536,-89.266438172,486210,PIPELINE TRANSPORTATION OF NATURAL GAS,"FERC FORM 2, CORPORATE WEBSITE",2015/08/21 00:00:00+00,IMAGERY/OTHER,2016/03/14 00:00:00+00,http://www.nationalfuelgas.com/,"EMPIRE PIPELINE, INC.",575,"EMPIRE PIPELINE, INC.",WITHIN 40 FEET,1,3550,21841682,23562,0,8299,579,1,2012/06/14 00:00:00+00,0,0
-91.003774992,33.3722073690001,432,432,GCOMP156,GREENVILLE,1387 SOUTH RACEWAY ROAD,GREENVILLE,MS,38703,NOT AVAILABLE,NATURAL GAS COMPRESSOR STATION,IN SERVICE,WASHINGTON,28151,USA,33.372207369,-91.003774992,486210,PIPELINE TRANSPORTATION OF NATURAL GAS,"EPA ENVIROFACTS, FERC FORM 2, CORPORATE WEBSITE",2015/10/21 00:00:00+00,IMAGERY/OTHER,2016/03/14 00:00:00+00,http://anrebb.transcanada.com/,ANR PIPELINE COMPANY,48,ANR PIPELINE COMPANY,WITHIN 40 FEET,8,30830,17779253,704496,556560,252751,11290,6,2012/11/16 00:00:00+00,0,0
-110.859302,41.3270900000001,433,433,GCOMP157,PAINTER,13908 PAINTER RESERVOIR ROAD,EVANSTON,WY,82930,NOT AVAILABLE,NATURAL GAS COMPRESSOR STATION,IN SERVICE,UINTA,56041,USA,41.32709,-110.859302,486210,PIPELINE TRANSPORTATION OF NATURAL GAS,"EPA ENVIROFACTS, FERC FORM 2, CORPORATE WEBSITE",2015/09/17 00:00:00+00,IMAGERY/OTHER,2016/03/14 00:00:00+00,http://services.kernrivergas.com/,KERN RIVER GAS TRANSMISSION COMPANY,99,KERN RIVER GAS TRANSMISSION COMPANY,NOTIONAL,2,11000,17271610,576760,170700,214003,8809,1,2012/12/21 00:00:00+00,-999,361200
-82.325162,29.92269,434,434,GCOMP158,STATION 16,13956 SW COUNTY ROAD 231,BROOKER,FL,32622,NOT AVAILABLE,NATURAL GAS COMPRESSOR STATION,IN SERVICE,BRADFORD,12007,USA,29.92269,-82.325162,486210,PIPELINE TRANSPORTATION OF NATURAL GAS,"EPA ENVIROFACTS, FERC FORM 2, CORPORATE WEBSITE",2015/09/18 00:00:00+00,IMAGERY/OTHER,2016/03/14 00:00:00+00,http://fgttransfer.energytransfer.com/,"FLORIDA GAS TRANSMISSION COMPANY, LLC",34,"FLORIDA GAS TRANSMISSION COMPANY, LLC",WITHIN 40 FEET,7,21200,43350354,2282525,1675724,786106,36742,7,2012/01/03 00:00:00+00,0,0
-87.47171479,33.0783797760001,435,435,GCOMP159,DUNCANVILLE,13987 BEAR CREEK RD,TUSCALOOSA,AL,35406,NOT AVAILABLE,NATURAL GAS COMPRESSOR STATION,IN SERVICE,TUSCALOOSA,01125,USA,33.078379776,-87.47171479,486210,PIPELINE TRANSPORTATION OF NATURAL GAS,"FERC FORM 2, IMAGERY",2015/09/10 00:00:00+00,IMAGERY/OTHER,2016/03/14 00:00:00+00,http://ixsnp.sonetpremier.com/,"SOUTHERN NATURAL GAS COMPANY, L.L.C.",7,"SOUTHERN NATURAL GAS COMPANY, L.L.C.",WITHIN 40 FEET,2,2600,3586230,92480,143867,33250,8754,1,2012/09/16 00:00:00+00,0,0
-102.007801,37.1993610000001,436,436,GCOMP16,GREENWOOD FIELD,1 MILE NORTH OF COUNTY ROAD P,ELKHART,KS,67950,NOT AVAILABLE,NATURAL GAS COMPRESSOR STATION,NOT AVAILABLE,MORTON,20129,USA,37.199361,-102.007801,486210,PIPELINE TRANSPORTATION OF NATURAL GAS,"EPA ENVIROFACTS, FERC FORM 2",2015/11/04 00:00:00+00,IMAGERY/OTHER,2016/03/14 00:00:00+00,NOT AVAILABLE,"COLORADO INTERSTATE GAS COMPANY, L.L.C.",32,"COLORADO INTERSTATE GAS COMPANY, L.L.C.",WITHIN 40 FEET,0,5278,-999,0,0,0,0,0,1970/01/01 00:00:00+00,0,0
-94.191358582,38.860731162,437,437,GCOMP160,553 LONE JACK,14019 SOUTH HUTT ROAD,LONE JACK,MO,64070,8140,NATURAL GAS COMPRESSOR STATION,IN SERVICE,JACKSON,29095,USA,38.860731162,-94.191358582,486210,PIPELINE TRANSPORTATION OF NATURAL GAS,"EPA ENVIROFACTS, FERC FORM 2, CORPORATE WEBSITE",2015/09/10 00:00:00+00,IMAGERY/OTHER,2016/03/14 00:00:00+00,https://csi.sscgp.com/,"SOUTHERN STAR CENTRAL GAS PIPELINE, INC.",43,"SOUTHERN STAR CENTRAL GAS PIPELINE, INC.",WITHIN 40 FEET,1,1400,3054338,236852,19764,84156,6647,1,2012/08/16 00:00:00+00,0,0
-88.3419238609999,31.042204724,438,438,GCOMP161,STATION 82,14037 PRINE RD,CITRONELLE,AL,36522,NOT AVAILABLE,NATURAL GAS COMPRESSOR STATION,IN SERVICE,MOBILE,01097,USA,31.042204724,-88.341923861,486210,PIPELINE TRANSPORTATION OF NATURAL GAS,"EPA ENVIROFACTS, FERC FORM 2, CORPORATE WEBSITE",2015/09/18 00:00:00+00,IMAGERY/OTHER,2016/03/14 00:00:00+00,http://fgttransfer.energytransfer.com/,"FLORIDA GAS TRANSMISSION COMPANY, LLC",34,"FLORIDA GAS TRANSMISSION COMPANY, LLC",WITHIN 40 FEET,3,28000,-999,0,0,0,28000,0,2012/01/03 00:00:00+00,0,0
-101.760702579,38.1759342240001,439,439,GCOMP162,SYRACUSE,14059 KS-27,SYRACUSE,KS,67878,NOT AVAILABLE,NATURAL GAS COMPRESSOR STATION,IN SERVICE,HAMILTON,20075,USA,38.175934224,-101.760702579,486210,PIPELINE TRANSPORTATION OF NATURAL GAS,"EPA ENVIROFACTS, FERC FORM 2, CORPORATE WEBSITE",2015/09/03 00:00:00+00,IMAGERY/OTHER,2016/03/14 00:00:00+00,http://pipeline.tallgrassenergylp.com/,TALLGRASS INTERSTATE GAS TRANSMISSION LLC,53,TALLGRASS INTERSTATE GAS TRANSMISSION LLC,WITHIN 40 FEET,2,2400,3428420,0,0,58535,8821,2,2012/08/07 00:00:00+00,0,0
-94.218299813,45.968227525,440,440,GCOMP163,ALEXANDRIA,14150 210TH AVE,LITTLE FALLS,MN,56345,NOT AVAILABLE,NATURAL GAS COMPRESSOR STATION,IN SERVICE,MORRISON,27097,USA,45.968227525,-94.218299813,486210,PIPELINE TRANSPORTATION OF NATURAL GAS,"EPA ENVIROFACTS, FERC FORM 2, CORPORATE WEBSITE",2015/09/15 00:00:00+00,IMAGERY/OTHER,2016/03/14 00:00:00+00,http://www.northernnaturalgas.com/,NORTHERN NATURAL GAS COMPANY,59,NORTHERN NATURAL GAS COMPANY,WITHIN 40 FEET,1,800,2627220,1304,55868,459,1634,1,2012/12/11 00:00:00+00,66940,342336
-79.670641,39.930731,441,441,GCOMP164,CONNELLSVILLE-TE,1419 CONNELLSVILLE ST,CONNELLSVILLE,PA,15425,NOT AVAILABLE,NATURAL GAS COMPRESSOR STATION,IN SERVICE,FAYETTE,42051,USA,39.930731,-79.670641,486210,PIPELINE TRANSPORTATION OF NATURAL GAS,"FERC FORM 2, IMAGERY",2015/10/15 00:00:00+00,IMAGERY/OTHER,2016/03/14 00:00:00+00,http://escript.dom.com/,"DOMINION TRANSMISSION, INC.",22,"DOMINION TRANSMISSION, INC.",WITHIN 40 FEET,0,2700,6476143,0,0,0,0,0,1970/01/01 00:00:00+00,0,0
-110.36194,41.6913880000001,442,442,GCOMP165,MUDDY CREEK,1419 WAGON WHEEL ROAD,KEMMERER,WY,83101,NOT AVAILABLE,NATURAL GAS COMPRESSOR STATION,IN SERVICE,LINCOLN,56023,USA,41.691388,-110.36194,486210,PIPELINE TRANSPORTATION OF NATURAL GAS,"EPA ENVIROFACTS, FERC FORM 2, CORPORATE WEBSITE",2015/09/17 00:00:00+00,IMAGERY/OTHER,2016/03/14 00:00:00+00,http://services.kernrivergas.com/,KERN RIVER GAS TRANSMISSION COMPANY,99,KERN RIVER GAS TRANSMISSION COMPANY,WITHIN 40 FEET,6,95500,127293454,12371728,766178,4631290,47428,6,2012/01/13 00:00:00+00,-999,2559920
-84.5410134429999,36.0703606010001,443,443,GCOMP166,WARTBURG,142 CLAYTON HOWARD RD.,WARTBURG,TN,37887,3900,NATURAL GAS COMPRESSOR STATION,IN SERVICE,MORGAN,47129,USA,36.070360601,-84.541013443,486210,PIPELINE TRANSPORTATION OF NATURAL GAS,"EPA ENVIROFACTS, FERC FORM 2, CORPORATE WEBSITE",2015/09/22 00:00:00+00,IMAGERY/OTHER,2016/03/14 00:00:00+00,http://www.spectraenergy.com/,"EAST TENNESSEE NATURAL GAS, LLC",2,"EAST TENNESSEE NATURAL GAS, LLC",WITHIN 40 FEET,3,4080,4748052,555411,0,194985,14478,0,2012/03/05 00:00:00+00,0,0
-73.5447073079999,41.3845098950001,444,444,GCOMP167,SOUTHEAST,142 TULIP ROAD,BREWSTER,NY,10509,5503,NATURAL GAS COMPRESSOR STATION,IN SERVICE,PUTNAM,36079,USA,41.384509895,-73.544707308,486210,PIPELINE TRANSPORTATION OF NATURAL GAS,"EPA ENVIROFACTS, FERC FORM 2, CORPORATE WEBSITE",2015/10/28 00:00:00+00,IMAGERY/OTHER,2016/03/14 00:00:00+00,http://www.spectraenergy.com/,"ALGONQUIN GAS TRANSMISSION, LLC",20,"ALGONQUIN GAS TRANSMISSION, LLC",WITHIN 40 FEET,5,40010,100076197,6684182,0,1719514,24214,5,2012/02/07 00:00:00+00,0,0
-105.422599392,43.999714834,445,445,GCOMP168,HILIGHT,1424 HILIGHT RD,GILLETTE,WY,82718,NOT AVAILABLE,NATURAL GAS COMPRESSOR STATION,IN SERVICE,CAMPBELL,56005,USA,43.999714834,-105.422599392,486210,PIPELINE TRANSPORTATION OF NATURAL GAS,"FERC FORM 2, IMAGERY",2015/10/05 00:00:00+00,IMAGERY/OTHER,2016/03/14 00:00:00+00,http://www.migc.com/,"MIGC, LLC",47,"MIGC, LLC",WITHIN 40 FEET,6,10228,11547139,604101,1191024,238948,28469,4,2012/06/12 00:00:00+00,0,0
-77.703177,37.6591010000001,446,446,GCOMP169,GOOCHLAND,1436 HERMITAGE RD.,GOOCHLAND,VA,23063,NOT AVAILABLE,NATURAL GAS COMPRESSOR STATION,IN SERVICE,GOOCHLAND,51075,USA,37.659101,-77.703177,486210,PIPELINE TRANSPORTATION OF NATURAL GAS,"EPA ENVIROFACTS, FERC FORM 2, CORPORATE WEBSITE",2015/09/28 00:00:00+00,IMAGERY/OTHER,2016/03/14 00:00:00+00,http://www.columbiapipeinfo.com/,"COLUMBIA GAS TRANSMISSION,LLC",21,"COLUMBIA GAS TRANSMISSION,LLC",WITHIN 40 FEET,5,6750,4659368,574117,223612,196901,13326,5,2012/11/15 00:00:00+00,4778,-999
-114.463671908,34.726327999,447,447,GCOMP17,TOPOCK - ARIZONA,1 MILE NORTHEAST OF TOPOCK,TOPOCK,AZ,86436,NOT AVAILABLE,NATURAL GAS COMPRESSOR STATION,IN SERVICE,MOHAVE,04015,USA,34.726327999,-114.463671908,486210,PIPELINE TRANSPORTATION OF NATURAL GAS,"EPA ENVIROFACTS, FERC FORM 2, CORPORATE WEBSITE",2015/09/17 00:00:00+00,IMAGERY/OTHER,2016/03/14 00:00:00+00,https://pipeportal.kindermorgan.com/,"MOJAVE PIPELINE COMPANY, L.L.C.",92,"MOJAVE PIPELINE COMPANY, L.L.C.",WITHIN 40 FEET,3,12240,30757644,1379003,1027100,475292,17112,2,2012/01/31 00:00:00+00,0,0
-105.936,41.434,448,448,GCOMP170,LARAMIE/LARAMIE JUMPER,"144 HUNT RD; .5 MILES EAST ON SIDE ROAD",LARAMIE,WY,82070,NOT AVAILABLE,NATURAL GAS COMPRESSOR STATION,IN SERVICE,ALBANY,56001,USA,41.434,-105.936,486210,PIPELINE TRANSPORTATION OF NATURAL GAS,"EPA ENVIROFACTS, FERC FORM 2, CORPORATE WEBSITE",2015/08/14 00:00:00+00,IMAGERY/OTHER,2016/03/14 00:00:00+00,http://ebb.cigco.com/,"WYOMING INTERSTATE COMPANY, L.L.C.",76,"WYOMING INTERSTATE COMPANY, L.L.C.",WITHIN 40 FEET,3,15236,18044317,188201,317252,72241,2205,3,2012/07/29 00:00:00+00,0,0
-85.511693,33.152202,449,449,GCOMP171,NO. 110 WADLEY,1440 COUNTY RD. 41,WADLEY,AL,36276,NOT AVAILABLE,NATURAL GAS COMPRESSOR STATION,IN SERVICE,RANDOLPH,01111,USA,33.152202,-85.511693,486210,PIPELINE TRANSPORTATION OF NATURAL GAS,"EPA ENVIROFACTS, FERC FORM 2, CORPORATE WEBSITE",2015/08/25 00:00:00+00,IMAGERY/OTHER,2016/03/14 00:00:00+00,http://www.1line.williams.com/,"TRANSCONTINENTAL GAS PIPE LINE COMPANY, LLC",29,"TRANSCONTINENTAL GAS PIPE LINE COMPANY, LLC",WITHIN 40 FEET,17,82600,118647029,9027530,3257435,3412893,93530,16,2012/04/23 00:00:00+00,199019,-999
-96.7793222889999,48.0854535980001,450,450,GCOMP172,STATION 2204 ANGUS,14420 340TH AVE NW,WARREN,MN,56762,NOT AVAILABLE,NATURAL GAS COMPRESSOR STATION,IN SERVICE,POLK,27119,USA,48.085453598,-96.779322289,486210,PIPELINE TRANSPORTATION OF NATURAL GAS,"EPA ENVIROFACTS, FERC FORM 2, CORPORATE WEBSITE",2015/08/19 00:00:00+00,IMAGERY/OTHER,2016/03/14 00:00:00+00,http://www.vgt.nborder.com/,VIKING GAS TRANSMISSION COMPANY,82,VIKING GAS TRANSMISSION COMPANY,WITHIN 40 FEET,4,11500,9761394,0,0,15574,678,3,2012/01/08 00:00:00+00,0,0
-84.381829721,45.0141773440001,451,451,GCOMP173,CENTRAL CHARLTON,14490 BECKETT ROAD,JOHANNESBURG,MI,49751,NOT AVAILABLE,NATURAL GAS COMPRESSOR STATION,IN SERVICE,OTSEGO,26137,USA,45.014177344,-84.381829721,486210,PIPELINE TRANSPORTATION OF NATURAL GAS,"EPA ENVIROFACTS, FERC FORM 2, CORPORATE WEBSITE",2015/10/21 00:00:00+00,IMAGERY/OTHER,2016/03/14 00:00:00+00,http://anrebb.transcanada.com/,ANR PIPELINE COMPANY,48,ANR PIPELINE COMPANY,WITHIN 40 FEET,2,8000,27667875,85920,25399,38142,722,1,2012/04/14 00:00:00+00,0,0
-87.472607,38.886175,452,452,GCOMP174,OAKTOWN FIELD,14535 N COUNTY RD 50 W,OAKTOWN,IN,47561,NOT AVAILABLE,NATURAL GAS COMPRESSOR STATION,IN SERVICE,KNOX,18083,USA,38.886175,-87.472607,486210,PIPELINE TRANSPORTATION OF NATURAL GAS,"EPA ENVIROFACTS, FERC FORM 2, CORPORATE WEBSITE",2015/08/27 00:00:00+00,IMAGERY/OTHER,2016/03/14 00:00:00+00,http://infopost.bwpmlp.com/,"TEXAS GAS TRANSMISSION, LLC",18,"TEXAS GAS TRANSMISSION, LLC",WITHIN 40 FEET,1,590,1949835,7686,162643,2852,713,1,2012/01/03 00:00:00+00,0,0
-115.411696,35.809291,453,453,GCOMP175,GOODSPRINGS,"1455 HWY 161; (1.5 MI SE GOODSPRINGS, T25S, R59E, SECTION 6 AND T24S, R59E, SECTION 31)",JEAN,NV,89019,NOT AVAILABLE,NATURAL GAS COMPRESSOR STATION,IN SERVICE,CLARK,32003,USA,35.809291,-115.411696,486210,PIPELINE TRANSPORTATION OF NATURAL GAS,"EPA ENVIROFACTS, FERC FORM 2, CORPORATE WEBSITE",2015/09/17 00:00:00+00,IMAGERY/OTHER,2016/03/14 00:00:00+00,http://services.kernrivergas.com/,KERN RIVER GAS TRANSMISSION COMPANY,99,KERN RIVER GAS TRANSMISSION COMPANY,WITHIN 40 FEET,3,45000,60137540,6038189,890550,2268221,23431,3,2012/04/11 00:00:00+00,-999,651840
-80.6656993889999,39.548425846,454,454,GCOMP176,LEWIS/WETZEL,14587 WV- STATE RT 20,PINE GROVE,WV,26419,NOT AVAILABLE,NATURAL GAS COMPRESSOR STATION,IN SERVICE,WETZEL,54103,USA,39.548425846,-80.665699389,486210,PIPELINE TRANSPORTATION OF NATURAL GAS,"FERC FORM 2, IMAGERY",2015/09/24 00:00:00+00,IMAGERY/OTHER,2016/03/14 00:00:00+00,http://escript.dom.com/,"DOMINION TRANSMISSION, INC.",22,"DOMINION TRANSMISSION, INC.",WITHIN 1 MILE,1,3550,21658926,37091,24749,14268,670,1,2012/09/20 00:00:00+00,0,0
-86.776802,38.3786230000001,455,455,GCOMP177,CELESTINE,146 S CELESTINE RD S,CELESTINE,IN,47521,NOT AVAILABLE,NATURAL GAS COMPRESSOR STATION,IN SERVICE,DUBOIS,18037,USA,38.378623,-86.776802,486210,PIPELINE TRANSPORTATION OF NATURAL GAS,"EPA ENVIROFACTS, FERC FORM 2, CORPORATE WEBSITE",2015/10/28 00:00:00+00,IMAGERY/OTHER,2016/03/14 00:00:00+00,http://anrebb.transcanada.com/,ANR PIPELINE COMPANY,48,ANR PIPELINE COMPANY,WITHIN 40 FEET,8,30687,16036077,1822952,1385053,666730,32122,7,2012/02/14 00:00:00+00,0,0
-76.577265465,40.0639792760001,456,456,GCOMP178,MARIETTA,1462 RIVER RD,MARIETTA,PA,17547,9400,NATURAL GAS COMPRESSOR STATION,IN SERVICE,LANCASTER,42071,USA,40.063979276,-76.577265465,486210,PIPELINE TRANSPORTATION OF NATURAL GAS,"EPA ENVIROFACTS, FERC FORM 2, CORPORATE WEBSITE",2015/09/01 00:00:00+00,IMAGERY/OTHER,2016/03/14 00:00:00+00,http://www.spectraenergy.com/,"TEXAS EASTERN TRANSMISSION, LP",17,"TEXAS EASTERN TRANSMISSION, LP",WITHIN 40 FEET,7,23960,28118911,871157,0,310750,6640,7,2012/01/03 00:00:00+00,57026,358020
-105.36171352,43.8422105400001,457,457,GCOMP179,COAL SEAM PRODUCTION AREA,1469 HILIGHT RD,GILLETTE,WY,82718,NOT AVAILABLE,NATURAL GAS COMPRESSOR STATION,IN SERVICE,CAMPBELL,56005,USA,43.84221054,-105.36171352,486210,PIPELINE TRANSPORTATION OF NATURAL GAS,"FERC FORM 2, IMAGERY",2015/10/05 00:00:00+00,IMAGERY/OTHER,2016/03/14 00:00:00+00,http://www.migc.com/,"MIGC, LLC",47,"MIGC, LLC",WITHIN 40 FEET,5,6509,7955733,727,118725,244,25,1,2012/01/01 00:00:00+00,0,0
-100.927613,36.173008,458,458,GCOMP18,NORTHRUP,1 MILE SOUTH OF FM-759,PERRYTON,TX,79070,NOT AVAILABLE,NATURAL GAS COMPRESSOR STATION,IN SERVICE,OCHILTREE,48357,USA,36.173008,-100.927613,486210,PIPELINE TRANSPORTATION OF NATURAL GAS,"EPA ENVIROFACTS, FERC FORM 2, CORPORATE WEBSITE",2015/10/19 00:00:00+00,IMAGERY/OTHER,2016/03/14 00:00:00+00,http://www.dcpmidstream.com/,"CIMARRON RIVER PIPELINE, LLC",575,"CIMARRON RIVER PIPELINE, LLC",WITHIN 40 FEET,2,2084,2831487,0,138565,47204,8835,2,2012/07/02 00:00:00+00,11931,195016
-92.088023345,32.671803831,459,459,GCOMP180,STERLINGTON,1470 KEYSTONE RD,STERLINGTON,LA,71280,NOT AVAILABLE,NATURAL GAS COMPRESSOR STATION,IN SERVICE,OUACHITA,22073,USA,32.671803831,-92.088023345,486210,PIPELINE TRANSPORTATION OF NATURAL GAS,"EPA ENVIROFACTS, CORPORATE WEBSITE",2015/10/07 00:00:00+00,IMAGERY/OTHER,2016/03/14 00:00:00+00,http://infopost.bwpmlp.com/,GULF CROSSING PIPELINE COMPANY LLC,575,GULF CROSSING PIPELINE COMPANY LLC,WITHIN 1 MILE,3,25339,54552166,1606236,463395,567150,7772,2,2012/07/13 00:00:00+00,0,0
-75.7315419999999,39.9822390000001,460,460,GCOMP181,DOWNINGTOWN,1470 POORHOUSE RD.,DOWNINGTOWN,PA,19335,NOT AVAILABLE,NATURAL GAS COMPRESSOR STATION,IN SERVICE,CHESTER,42029,USA,39.982239,-75.731542,486210,PIPELINE TRANSPORTATION OF NATURAL GAS,"FERC FORM 2, IMAGERY",2015/09/29 00:00:00+00,IMAGERY/OTHER,2016/03/14 00:00:00+00,http://www.columbiapipeinfo.com/,"COLUMBIA GAS TRANSMISSION,LLC",21,"COLUMBIA GAS TRANSMISSION,LLC",WITHIN 40 FEET,2,12000,24336988,0,759156,0,3200,2,2012/12/21 00:00:00+00,1162440,8718409
-90.099294125,37.9806252390001,461,461,GCOMP182,STE GENEVIEVE,14718 US HIGHWAY 61,SAINTE GENEVIEVE,MO,63670,NOT AVAILABLE,NATURAL GAS COMPRESSOR STATION,IN SERVICE,SAINTE GENEVIEVE,29186,USA,37.980625239,-90.099294125,486210,PIPELINE TRANSPORTATION OF NATURAL GAS,"EPA ENVIROFACTS, FERC FORM 2, CORPORATE WEBSITE",2015/10/20 00:00:00+00,IMAGERY/OTHER,2016/03/14 00:00:00+00,http://pipelines.centerpointenergy.com/,"CENTERPOINT ENERGY - MISSISSIPPI RIVER TRANSMISSION, LLC",25,"CENTERPOINT ENERGY - MISSISSIPPI RIVER TRANSMISSION, LLC",WITHIN 40 FEET,6,4600,6838343,49154,289433,25394,3062,6,1970/01/01 00:00:00+00,0,0
-92.087054623,32.6718494180001,462,462,GCOMP183,STERLINGTON #2,1476 KEYSTONE ROAD,STERLINGTON,LA,71280,3102,NATURAL GAS COMPRESSOR STATION,IN SERVICE,OUACHITA,22073,USA,32.6718494180001,-92.087054623,486210,PIPELINE TRANSPORTATION OF NATURAL GAS,"EPA ENVIROFACTS, FERC FORM 2, CORPORATE WEBSITE",2015/09/17 00:00:00+00,IMAGERY/OTHER,2016/03/14 00:00:00+00,http://infopost.bwpmlp.com/,"GULF SOUTH PIPELINE COMPANY, LP",11,"GULF SOUTH PIPELINE COMPANY, LP",WITHIN 1 MILE,3,3070,2576720,0,104983,0,0,0,1970/01/01 00:00:00+00,0,0
-87.407622233,39.0125077820001,463,463,GCOMP184,#2113 SULLIVAN,148 E CR 475 S,CARLISLE,IN,47838,8269,NATURAL GAS COMPRESSOR STATION,IN SERVICE,SULLIVAN,18153,USA,39.012507782,-87.407622233,486210,PIPELINE TRANSPORTATION OF NATURAL GAS,"EPA ENVIROFACTS, FERC FORM 2, CORPORATE WEBSITE",2015/09/17 00:00:00+00,IMAGERY/OTHER,2016/03/14 00:00:00+00,www.mgt.nborder.com,MIDWESTERN GAS TRANSMISSION COMPANY,5,MIDWESTERN GAS TRANSMISSION COMPANY,WITHIN 40 FEET,1,9100,10952535,0,0,189,4,0,1970/01/01 00:00:00+00,0,0
-100.426965,35.512868,464,464,GCOMP185,GAGEBY CREEK,14838 TX-152,MOBEETIE,TX,79061,NOT AVAILABLE,NATURAL GAS COMPRESSOR STATION,IN SERVICE,WHEELER,48483,USA,35.512868,-100.426965,486210,PIPELINE TRANSPORTATION OF NATURAL GAS,"EPA ENVIROFACTS, FERC FORM 2, CORPORATE WEBSITE",2015/10/27 00:00:00+00,IMAGERY/OTHER,2016/03/14 00:00:00+00,http://anrebb.transcanada.com/,ANR PIPELINE COMPANY,48,ANR PIPELINE COMPANY,WITHIN 40 FEET,2,7012,6721629,203,44450,87,0,0,1970/01/01 00:00:00+00,0,0
-90.259139026,32.4076102290001,465,465,GCOMP186,CLINTON,1485 BILLY BELL ROAD,JACKSON,MS,39213,9794,NATURAL GAS COMPRESSOR STATION,IN SERVICE,HINDS,28049,USA,32.407610229,-90.259139026,486210,PIPELINE TRANSPORTATION OF NATURAL GAS,"EPA ENVIROFACTS, FERC FORM 2, CORPORATE WEBSITE",2015/09/01 00:00:00+00,IMAGERY/OTHER,2016/03/14 00:00:00+00,http://www.spectraenergy.com/,"TEXAS EASTERN TRANSMISSION, LP",17,"TEXAS EASTERN TRANSMISSION, LP",WITHIN 40 FEET,4,30400,15696565,280,0,139,0,0,1970/01/01 00:00:00+00,38567,170240
-101.289413,37.943119,466,466,GCOMP187,LAKIN,1487 HIGHWAY 50,LAKIN,KS,67860,NOT AVAILABLE,NATURAL GAS COMPRESSOR STATION,IN SERVICE,KEARNY,20093,USA,37.943119,-101.289413,486210,PIPELINE TRANSPORTATION OF NATURAL GAS,"EPA ENVIROFACTS, FERC FORM 2, CORPORATE WEBSITE",2015/10/19 00:00:00+00,IMAGERY/OTHER,2016/03/14 00:00:00+00,http://ebb.cigco.com/,"COLORADO INTERSTATE GAS COMPANY, L.L.C.",32,"COLORADO INTERSTATE GAS COMPANY, L.L.C.",WITHIN 40 FEET,6,7200,19432565,1236,865213,379,2,1,2012/02/22 00:00:00+00,0,0
-90.9141118909999,39.4717761420001,467,467,GCOMP188,ILLINOIS-PLEASANT HILL-PIKE COUNTY,14906 IL-96,PLEASANT HILL,IL,62366,NOT AVAILABLE,NATURAL GAS COMPRESSOR STATION,IN SERVICE,PIKE,17149,USA,39.471776142,-90.914111891,486210,PIPELINE TRANSPORTATION OF NATURAL GAS,"EPA ENVIROFACTS, FERC FORM 2, CORPORATE WEBSITE",2015/09/14 00:00:00+00,IMAGERY/OTHER,2016/03/14 00:00:00+00,http://peplmessenger.energytransfer.com/,"PANHANDLE EASTERN PIPE LINE COMPANY, LP",28,"PANHANDLE EASTERN PIPE LINE COMPANY, LP",WITHIN 40 FEET,7,25896,43590304,2922571,912572,1104159,28118,6,2012/11/06 00:00:00+00,0,0
-107.555064716,41.7481946550001,468,468,GCOMP189,569 RINER,15 RINER RD,WAMSUTTER,WY,82336,NOT AVAILABLE,NATURAL GAS COMPRESSOR STATION,IN SERVICE,SWEETWATER,56037,USA,41.748194655,-107.555064716,486210,PIPELINE TRANSPORTATION OF NATURAL GAS,"FERC FORM 2, CORPORATE WEBSITE",2015/08/18 00:00:00+00,IMAGERY/OTHER,2016/03/14 00:00:00+00,https://csi.sscgp.com/,"SOUTHERN STAR CENTRAL GAS PIPELINE, INC.",43,"SOUTHERN STAR CENTRAL GAS PIPELINE, INC.",WITHIN 40 FEET,2,4800,8069584,426275,373393,165529,9427,1,2012/05/19 00:00:00+00,0,0
-80.3860759999999,39.348594,469,469,GCOMP19,SARDIS,1 MILE SOUTH OF GREGORYS RUN ROAD & HIGHWAY 20,CLARKSBURG,WV,26301,NOT AVAILABLE,NATURAL GAS COMPRESSOR STATION,IN SERVICE,HARRISON,54033,USA,39.348594,-80.386076,486210,PIPELINE TRANSPORTATION OF NATURAL GAS,"EPA ENVIROFACTS, FERC FORM 2, CORPORATE WEBSITE",2015/09/24 00:00:00+00,IMAGERY/OTHER,2016/03/14 00:00:00+00,http://escript.dom.com/,"DOMINION TRANSMISSION, INC.",22,"DOMINION TRANSMISSION, INC.",WITHIN 40 FEET,2,2100,4864825,142708,339739,52767,8500,2,2012/05/14 00:00:00+00,0,0
-92.326575196,42.394054727,470,470,GCOMP190,WATERLOO,1508 EAST SCHROCK ROAD,WATERLOO,IA,50701,NOT AVAILABLE,NATURAL GAS COMPRESSOR STATION,IN SERVICE,BLACK HAWK,19013,USA,42.394054727,-92.326575196,486210,PIPELINE TRANSPORTATION OF NATURAL GAS,"EPA ENVIROFACTS, FERC FORM 2, CORPORATE WEBSITE",2015/09/15 00:00:00+00,IMAGERY/OTHER,2016/03/14 00:00:00+00,http://www.northernnaturalgas.com/,NORTHERN NATURAL GAS COMPANY,59,NORTHERN NATURAL GAS COMPANY,WITHIN 40 FEET,8,16250,27603634,1263288,1673348,456678,26314,6,2012/04/28 00:00:00+00,59861,477600
-88.4687,46.1006,471,471,GCOMP191,CRYSTAL FALLS,151 OSS RD,CRYSTAL FALLS,MI,49920,NOT AVAILABLE,NATURAL GAS COMPRESSOR STATION,IN SERVICE,IRON,26071,USA,46.1006,-88.4687,486210,PIPELINE TRANSPORTATION OF NATURAL GAS,"EPA ENVIROFACTS, FERC FORM 2, CORPORATE WEBSITE",2015/09/18 00:00:00+00,IMAGERY/OTHER,2016/03/14 00:00:00+00,http://www.glgt.com/,GREAT LAKES GAS TRANSMISSION LIMITED PTRSHP,51,GREAT LAKES GAS TRANSMISSION LIMITED PTRSHP,WITHIN 40 FEET,3,43800,50964142,2341309,484625,809123,7025,2,2012/01/20 00:00:00+00,0,0
-92.0610569999999,29.9200250000001,472,472,GCOMP192,LOUISIANA - ERATH,15135 15910 LA-331,ERATH,LA,70533,NOT AVAILABLE,NATURAL GAS COMPRESSOR STATION,IN SERVICE,VERMILION,22113,USA,29.920025,-92.061057,486210,PIPELINE TRANSPORTATION OF NATURAL GAS,"EPA ENVIROFACTS, FERC FORM 2, CORPORATE WEBSITE",2015/09/30 00:00:00+00,IMAGERY/OTHER,2016/03/14 00:00:00+00,http://sermessenger.energytransfer.com/,"SEA ROBIN PIPELINE COMPANY, LLC",6,"SEA ROBIN PIPELINE COMPANY, LLC",WITHIN 40 FEET,2,21660,16016558,1341841,482655,0,8487,1,2012/05/31 00:00:00+00,1304302,-999
-93.7004370069999,32.013017271,473,473,GCOMP193,#703A - MANSFIELD,1518 LA-513,MANSFIELD,LA,71052,NOT AVAILABLE,NATURAL GAS COMPRESSOR STATION,IN SERVICE,DE SOTO,22031,USA,32.013017271,-93.700437007,486210,PIPELINE TRANSPORTATION OF NATURAL GAS,"EPA ENVIROFACTS, FERC FORM 2, CORPORATE WEBSITE",2015/08/25 00:00:00+00,IMAGERY/OTHER,2016/03/14 00:00:00+00,http://pipeline2.kindermorgan.com/,"TENNESSEE GAS PIPELINE COMPANY, L.L.C.",9,"TENNESSEE GAS PIPELINE COMPANY, L.L.C.",WITHIN 40 FEET,1,7700,20470812,1013593,140513,382371,6345,1,2012/04/29 00:00:00+00,0,0
-88.654460122,42.059261662,474,474,GCOMP194,ILLINOIS - SYCAMORE - DEKALB COUNTY,15201 STORY RD,GENOA,IL,60135,NOT AVAILABLE,NATURAL GAS COMPRESSOR STATION,IN SERVICE,DEKALB,17037,USA,42.059261662,-88.654460122,486210,PIPELINE TRANSPORTATION OF NATURAL GAS,"FERC FORM 2, IMAGERY",2015/10/07 00:00:00+00,IMAGERY/OTHER,2016/03/14 00:00:00+00,http://www.gpl.oneokpartners.com/,"GUARDIAN PIPELINE, L.L.C.",63,"GUARDIAN PIPELINE, L.L.C.",WITHIN 40 FEET,1,39000,41949688,0,0,0,21,0,1970/01/01 00:00:00+00,3222,132785
-79.66757,39.9312600000001,475,475,GCOMP195,UNIONTOWN,1525 CONNELLSVILLE RD,LEMONT FURNACE,PA,15456,1015,NATURAL GAS COMPRESSOR STATION,IN SERVICE,FAYETTE,42051,USA,39.93126,-79.66757,486210,PIPELINE TRANSPORTATION OF NATURAL GAS,"EPA ENVIROFACTS, FERC FORM 2, CORPORATE WEBSITE",2015/08/31 00:00:00+00,IMAGERY/OTHER,2016/03/14 00:00:00+00,http://www.spectraenergy.com/,"TEXAS EASTERN TRANSMISSION, LP",17,"TEXAS EASTERN TRANSMISSION, LP",WITHIN 40 FEET,5,74800,106564221,226784,0,86465,12003,5,2012/01/03 00:00:00+00,8400769,79910102
-88.49539,42.2883400000001,476,476,GCOMP196,WOODSTOCK,"15313 WEST SOUTH STREET; ON S. ROSE FARM RD",WOODSTOCK,IL,60098,8994,NATURAL GAS COMPRESSOR STATION,IN SERVICE,MCHENRY,17111,USA,42.28834,-88.49539,486210,PIPELINE TRANSPORTATION OF NATURAL GAS,"EPA ENVIROFACTS, FERC FORM 2, CORPORATE WEBSITE",2015/10/21 00:00:00+00,IMAGERY/OTHER,2016/03/14 00:00:00+00,http://anrebb.transcanada.com/,ANR PIPELINE COMPANY,48,ANR PIPELINE COMPANY,WITHIN 40 FEET,7,38546,46384421,884781,201727,328520,13835,5,2012/02/10 00:00:00+00,0,0
-103.873851076,47.929420269,477,477,GCOMP197,CHARBONNEAU,15359 36TH ST NW,CARTWRIGHT,ND,58838,NOT AVAILABLE,NATURAL GAS COMPRESSOR STATION,IN SERVICE,MCKENZIE,38053,USA,47.929420269,-103.873851076,486210,PIPELINE TRANSPORTATION OF NATURAL GAS,"EPA ENVIROFACTS, FERC FORM 2, CORPORATE WEBSITE",2015/08/17 00:00:00+00,IMAGERY/OTHER,2016/03/14 00:00:00+00,http://transmission.wbienergy.com/,WILLISTON BASIN INTERSTATE PIPELINE COMPANY,49,WILLISTON BASIN INTERSTATE PIPELINE COMPANY,WITHIN 40 FEET,3,5050,9412609,78393,257557,27679,3918,2,2012/08/06 00:00:00+00,0,0
-95.404595966,34.8889203350001,478,478,GCOMP198,CHANDLER,1537 SW 1050TH AVE,WILBURTON,OK,74578,NOT AVAILABLE,NATURAL GAS COMPRESSOR STATION,IN SERVICE,LATIMER,40077,USA,34.888920335,-95.404595966,486210,PIPELINE TRANSPORTATION OF NATURAL GAS,"EPA ENVIROFACTS, FERC FORM 2, CORPORATE WEBSITE",2015/10/20 00:00:00+00,IMAGERY/OTHER,2016/03/14 00:00:00+00,http://pipelines.centerpointenergy.com/,"CENTERPOINT ENERGY GAS TRANSMISSION COMPANY, LLC",31,"CENTERPOINT ENERGY GAS TRANSMISSION COMPANY, LLC",WITHIN 40 FEET,3,20000,26304793,2151414,1153045,813606,19518,3,1970/01/01 00:00:00+00,0,0
-98.423267352,47.1924933550001,479,479,GCOMP199,WIMBLEDON,1540 98TH AVE SE,WIMBLEDON,ND,58492,NOT AVAILABLE,NATURAL GAS COMPRESSOR STATION,IN SERVICE,BARNES,38003,USA,47.192493355,-98.423267352,486210,PIPELINE TRANSPORTATION OF NATURAL GAS,"EPA ENVIROFACTS, FERC FORM 2, CORPORATE WEBSITE",2015/10/28 00:00:00+00,IMAGERY/OTHER,2016/03/14 00:00:00+00,http://tariff.alliance-pipeline.com/,ALLIANCE PIPELINE,63,ALLIANCE PIPELINE,WITHIN 40 FEET,1,31206,27467595,0,2701870,1711248,8495,0,2012/12/11 00:00:00+00,0,0
-81.6135879999999,37.5992810000001,480,480,GCOMP2,SHADD,.25 MILES SOUTH OF OSCAR NELSON STATION,MARIANNA,WV,24859,NOT AVAILABLE,NATURAL GAS COMPRESSOR STATION,IN SERVICE,WYOMING,54109,USA,37.599281,-81.613588,486210,PIPELINE TRANSPORTATION OF NATURAL GAS,"EPA ENVIROFACTS, FERC FORM 2, CORPORATE WEBSITE",2015/09/24 00:00:00+00,IMAGERY/OTHER,2016/03/14 00:00:00+00,http://escript.dom.com/,"DOMINION TRANSMISSION, INC.",22,"DOMINION TRANSMISSION, INC.",WITHIN 40 FEET,1,637,1291765,87186,73597,31101,8379,1,2012/06/19 00:00:00+00,0,0
-80.925447,39.125184,481,481,GCOMP20,SUTTON,1 MILE SOUTH OF WV HWY 74 & COUNTY HWY 7/26,BEREA,WV,26327,NOT AVAILABLE,NATURAL GAS COMPRESSOR STATION,IN SERVICE,RITCHIE,54085,USA,39.125184,-80.925447,486210,PIPELINE TRANSPORTATION OF NATURAL GAS,"EPA ENVIROFACTS, FERC FORM 2, CORPORATE WEBSITE",2015/09/24 00:00:00+00,IMAGERY/OTHER,2016/03/14 00:00:00+00,http://escript.dom.com/,"DOMINION TRANSMISSION, INC.",22,"DOMINION TRANSMISSION, INC.",WITHIN 40 FEET,1,630,2155034,70713,123149,26679,7070,1,2012/01/24 00:00:00+00,0,0
-92.8763759999999,30.4353760000001,482,482,GCOMP200,#823 - KINDER,15449 PARISH LINE RD,KINDER,LA,70648,NOT AVAILABLE,NATURAL GAS COMPRESSOR STATION,IN SERVICE,ALLEN,22053,USA,30.435376,-92.876376,486210,PIPELINE TRANSPORTATION OF NATURAL GAS,"EPA ENVIROFACTS, FERC FORM 2, CORPORATE WEBSITE",2015/09/02 00:00:00+00,IMAGERY/OTHER,2016/03/14 00:00:00+00,http://pipeline2.kindermorgan.com/,"TENNESSEE GAS PIPELINE COMPANY, L.L.C.",9,"TENNESSEE GAS PIPELINE COMPANY, L.L.C.",WITHIN 40 FEET,13,32650,40567711,1858488,1694982,688845,31238,7,2012/02/17 00:00:00+00,0,0
-122.215148024,48.422057796,483,483,GCOMP201,MT. VERNON,15498 LANGE RD,MOUNT VERNON,WA,98273,NOT AVAILABLE,NATURAL GAS COMPRESSOR STATION,IN SERVICE,SKAGIT,53057,USA,48.422057796,-122.215148024,486210,PIPELINE TRANSPORTATION OF NATURAL GAS,"EPA ENVIROFACTS, FERC FORM 2, CORPORATE WEBSITE",2015/09/14 00:00:00+00,IMAGERY/OTHER,2016/03/14 00:00:00+00,http://www.northwest.williams.com/,NORTHWEST PIPELINE GP,37,NORTHWEST PIPELINE GP,WITHIN 40 FEET,4,27120,44265291,1080550,491837,399487,6753,2,2012/09/29 00:00:00+00,0,0
-103.873317076,47.9309439730001,484,484,GCOMP202,FORT BUFORD,"154TH AVE/CO RD 16; SECTION 4, TOWNSHIP 151 NORTH, RANGE 103 WEST",BUFORD,ND,58801,NOT AVAILABLE,NATURAL GAS COMPRESSOR STATION,IN SERVICE,MCKENZIE,38053,USA,47.930943973,-103.873317076,486210,PIPELINE TRANSPORTATION OF NATURAL GAS,"FERC FORM 2, CORPORATE WEBSITE",2015/10/02 00:00:00+00,IMAGERY/OTHER,2016/03/14 00:00:00+00,http://www.northernnaturalgas.com/,NORTHERN NATURAL GAS COMPANY,59,NORTHERN NATURAL GAS COMPANY,WITHIN 40 FEET,3,3100,4405399,503525,267779,181609,25331,3,2012/11/03 00:00:00+00,0,0
-95.658363,29.9891410000001,485,485,GCOMP203,TEXAS - CYPRESS - HARRIS COUNTY,15528 HUFFMEISTER ROAD,CYPRESS,TX,77429,NOT AVAILABLE,NATURAL GAS COMPRESSOR STATION,IN SERVICE,HARRIS,48201,USA,29.989141,-95.658363,486210,PIPELINE TRANSPORTATION OF NATURAL GAS,"EPA ENVIROFACTS, FERC FORM 2, CORPORATE WEBSITE",2015/08/20 00:00:00+00,IMAGERY/OTHER,2016/03/14 00:00:00+00,http://feptransfer.energytransfer.com/,"TRUNKLINE GAS COMPANY, LLC",30,"TRUNKLINE GAS COMPANY, LLC",WITHIN 40 FEET,4,7000,25656020,2616,415743,1036,1434,1,2012/03/07 00:00:00+00,233355,2141876
-98.410951717,38.8610736370001,486,486,GCOMP204,STATION 194 - WILSON,156 5TH RD,WILSON,KS,67490,NOT AVAILABLE,NATURAL GAS COMPRESSOR STATION,IN SERVICE,ELLSWORTH,20105,USA,38.861073637,-98.410951717,486210,PIPELINE TRANSPORTATION OF NATURAL GAS,"EPA ENVIROFACTS, FERC FORM 2, CORPORATE WEBSITE",2015/09/16 00:00:00+00,IMAGERY/OTHER,2016/03/14 00:00:00+00,http://www.kindermorgan.com/,NATURAL GAS PIPELINE COMPANY OF AMERICA LLC,26,NATURAL GAS PIPELINE COMPANY OF AMERICA LLC,WITHIN 40 FEET,1,14500,10354152,0,0,446644,3621,1,2012/04/21 00:00:00+00,0,0
-120.292302239,46.4553734900001,487,487,GCOMP205,ZILLAH,1570 N BONAIR RD,ZILLAH,WA,98953,NOT AVAILABLE,NATURAL GAS COMPRESSOR STATION,IN SERVICE,YAKIMA,53077,USA,46.45537349,-120.292302239,486210,PIPELINE TRANSPORTATION OF NATURAL GAS,"EPA ENVIROFACTS, FERC FORM 2, CORPORATE WEBSITE",2015/10/02 00:00:00+00,IMAGERY/OTHER,2016/03/14 00:00:00+00,http://www.northwest.williams.com/,NORTHWEST PIPELINE GP,37,NORTHWEST PIPELINE GP,WITHIN 40 FEET,1,1343,2459948,59331,88272,19557,1463,1,2012/03/03 00:00:00+00,0,0
-104.762109,40.097537,488,488,GCOMP206,FT. LUPTON,15732 COUNTY ROAD 16,FT. LUPTON,CO,80621,NOT AVAILABLE,NATURAL GAS COMPRESSOR STATION,IN SERVICE,WELD,08123,USA,40.097537,-104.762109,486210,PIPELINE TRANSPORTATION OF NATURAL GAS,"EPA ENVIROFACTS, FERC FORM 2, CORPORATE WEBSITE",2015/10/19 00:00:00+00,IMAGERY/OTHER,2016/03/14 00:00:00+00,http://ebb.cigco.com/,"COLORADO INTERSTATE GAS COMPANY, L.L.C.",32,"COLORADO INTERSTATE GAS COMPANY, L.L.C.",WITHIN 40 FEET,4,11125,23122364,989540,675867,379346,25632,3,2012/04/30 00:00:00+00,0,0
-71.666976,42.0103710000001,489,489,GCOMP207,#265E - BURRILLVILLE,1575B SHERMAN FARM RD,BURRILLVILLE,RI,02830,NOT AVAILABLE,NATURAL GAS COMPRESSOR STATION,IN SERVICE,PROVIDENCE,44027,USA,42.010371,-71.666976,486210,PIPELINE TRANSPORTATION OF NATURAL GAS,"EPA ENVIROFACTS, FERC FORM 2, CORPORATE WEBSITE",2015/09/03 00:00:00+00,IMAGERY/OTHER,2016/03/14 00:00:00+00,http://pipeline2.kindermorgan.com/,"TENNESSEE GAS PIPELINE COMPANY, L.L.C.",9,"TENNESSEE GAS PIPELINE COMPANY, L.L.C.",WITHIN 40 FEET,1,7170,15911976,775266,216477,279707,6149,1,2012/03/02 00:00:00+00,0,0
-122.87374,46.533753,490,490,GCOMP208,CHEHALIS JACKSON PRAIRIE,158 W MEIER ROAD,CHEHALIS,WA,98532,NOT AVAILABLE,NATURAL GAS COMPRESSOR STATION,IN SERVICE,WASHINGTON,53041,USA,46.533753,-122.87374,486210,PIPELINE TRANSPORTATION OF NATURAL GAS,"EPA ENVIROFACTS, FERC FORM 2, CORPORATE WEBSITE",2015/09/14 00:00:00+00,IMAGERY/OTHER,2016/03/14 00:00:00+00,http://www.northwest.williams.com/,NORTHWEST PIPELINE GP,37,NORTHWEST PIPELINE GP,WITHIN 40 FEET,4,25599,44745387,0,0,0,0,0,1970/01/01 00:00:00+00,0,0
-118.274870064,41.4458919520001,491,491,GCOMP209,DESERT VALLEY,"15855 BOTTLE CREEK RD, ALONG SR 140, 26 MI NW OF H",DENIO,NV,89404,NOT AVAILABLE,NATURAL GAS COMPRESSOR STATION,IN SERVICE,HUMBOLDT,32013,USA,41.445891952,-118.274870064,486210,PIPELINE TRANSPORTATION OF NATURAL GAS,"EPA ENVIROFACTS, FERC FORM 2, CORPORATE WEBSITE, IMAGERY",2015/08/18 00:00:00+00,IMAGERY/OTHER,2016/03/14 00:00:00+00,http://ebb.cigco.com/,"RUBY PIPELINE, L.L.C.",63,"RUBY PIPELINE, L.L.C.",WITHIN 40 FEET,1,19831,35137300,967668,385837,334647,2949,1,2012/11/11 00:00:00+00,0,0
-93.614521962,32.5884651650001,492,492,GCOMP21,RED CHUTE,1 MILE WEST OF 2146 BELLEVUE RD,HAUGHTON,LA,71037,NOT AVAILABLE,NATURAL GAS COMPRESSOR STATION,IN SERVICE,BOSSIER,22015,USA,32.588465165,-93.614521962,486210,PIPELINE TRANSPORTATION OF NATURAL GAS,"EPA ENVIROFACTS, FERC FORM 2, CORPORATE WEBSITE",2015/10/20 00:00:00+00,IMAGERY/OTHER,2016/03/14 00:00:00+00,http://pipelines.centerpointenergy.com/,"CENTERPOINT ENERGY GAS TRANSMISSION COMPANY, LLC",31,"CENTERPOINT ENERGY GAS TRANSMISSION COMPANY, LLC",WITHIN 40 FEET,2,1100,2015705,1992,173604,654,80,0,1970/01/01 00:00:00+00,0,0
-76.598993,40.0642330000001,493,493,GCOMP210,MARIETTA,1588 DEPOT RD.,MARIETTA,PA,17547,NOT AVAILABLE,NATURAL GAS COMPRESSOR STATION,IN SERVICE,LANCASTER,42071,USA,40.064233,-76.598993,486210,PIPELINE TRANSPORTATION OF NATURAL GAS,"EPA ENVIROFACTS, FERC FORM 2, CORPORATE WEBSITE",2015/09/28 00:00:00+00,IMAGERY/OTHER,2016/03/14 00:00:00+00,http://www.columbiapipeinfo.com/,"COLUMBIA GAS TRANSMISSION,LLC",21,"COLUMBIA GAS TRANSMISSION,LLC",WITHIN 40 FEET,3,4050,8893188,238413,130980,82182,5638,3,2012/01/23 00:00:00+00,7228,-999
-77.335501,37.207435,494,494,GCOMP211,PETERSBURG,1596 BAXTER RD.,PRINCE GEORGE,VA,23875,NOT AVAILABLE,NATURAL GAS COMPRESSOR STATION,IN SERVICE,PRINCE GEORGE,51149,USA,37.207435,-77.335501,486210,PIPELINE TRANSPORTATION OF NATURAL GAS,"EPA ENVIROFACTS, FERC FORM 2, CORPORATE WEBSITE",2015/09/28 00:00:00+00,IMAGERY/OTHER,2016/03/14 00:00:00+00,http://www.columbiapipeinfo.com/,"COLUMBIA GAS TRANSMISSION,LLC",21,"COLUMBIA GAS TRANSMISSION,LLC",WITHIN 40 FEET,5,4340,7703337,226751,350395,78193,9751,3,2012/02/27 00:00:00+00,21318,-999
-79.811447071,37.690597661,495,495,GCOMP212,GALA,15971 BOTETOURT RD.,GALA,VA,24085,NOT AVAILABLE,NATURAL GAS COMPRESSOR STATION,IN SERVICE,BOTETOURT,51023,USA,37.690597661,-79.811447071,486210,PIPELINE TRANSPORTATION OF NATURAL GAS,"FERC FORM 2, IMAGERY",2015/09/29 00:00:00+00,IMAGERY/OTHER,2016/03/14 00:00:00+00,http://www.columbiapipeinfo.com/,"COLUMBIA GAS TRANSMISSION,LLC",21,"COLUMBIA GAS TRANSMISSION,LLC",WITHIN 40 FEET,3,4850,12857316,571212,736431,203225,12933,3,2012/01/25 00:00:00+00,33143,-999
-95.859390858,36.9631669460001,496,496,GCOMP213,523 COTTON VALLEY,16 25 MI NE OF DEWEY,COPAN,OK,74022,NOT AVAILABLE,NATURAL GAS COMPRESSOR STATION,IN SERVICE,WASHINGTON,40147,USA,36.963166946,-95.859390858,486210,PIPELINE TRANSPORTATION OF NATURAL GAS,"EPA ENVIROFACTS, FERC FORM 2, CORPORATE WEBSITE",2015/09/10 00:00:00+00,IMAGERY/OTHER,2016/03/14 00:00:00+00,https://csi.sscgp.com/,"SOUTHERN STAR CENTRAL GAS PIPELINE, INC.",43,"SOUTHERN STAR CENTRAL GAS PIPELINE, INC.",WITHIN 40 FEET,2,4000,4524665,44756,102200,16405,1431,1,2012/10/25 00:00:00+00,0,0
-79.508746133,41.045325586,497,497,GCOMP214,RIMERSBURG,16 DARRELLS DR.,RIMERSBURG,PA,16248,NOT AVAILABLE,NATURAL GAS COMPRESSOR STATION,IN SERVICE,CLARION,42031,USA,41.045325586,-79.508746133,486210,PIPELINE TRANSPORTATION OF NATURAL GAS,"EPA ENVIROFACTS, FERC FORM 2, CORPORATE WEBSITE",2015/09/28 00:00:00+00,IMAGERY/OTHER,2016/03/14 00:00:00+00,http://www.columbiapipeinfo.com/,"COLUMBIA GAS TRANSMISSION,LLC",21,"COLUMBIA GAS TRANSMISSION,LLC",WITHIN 40 FEET,1,320,8316643,19616,83670,5473,1909,1,2012/10/26 00:00:00+00,1254,-999
-97.3003727189999,36.825483257,498,498,GCOMP215,511 BLACKWELL,1600 N 13TH ST,BLACKWELL,OK,74631,NOT AVAILABLE,NATURAL GAS COMPRESSOR STATION,IN SERVICE,KAY,40071,USA,36.825483257,-97.300372719,486210,PIPELINE TRANSPORTATION OF NATURAL GAS,"EPA ENVIROFACTS, FERC FORM 2, CORPORATE WEBSITE",2015/09/10 00:00:00+00,IMAGERY/OTHER,2016/03/14 00:00:00+00,https://csi.sscgp.com/,"SOUTHERN STAR CENTRAL GAS PIPELINE, INC.",43,"SOUTHERN STAR CENTRAL GAS PIPELINE, INC.",WITHIN 40 FEET,4,8400,10429164,656726,745390,246364,16163,4,2012/09/17 00:00:00+00,0,0
-93.366020009,38.8460124530001,499,499,GCOMP216,MISSOURI-HOUSTONIA-PETTIS COUNTY,16076 HIGHWAY T,HOUSTONIA,MO,65333,NOT AVAILABLE,NATURAL GAS COMPRESSOR STATION,IN SERVICE,PETTIS,29159,USA,38.846012453,-93.366020009,486210,PIPELINE TRANSPORTATION OF NATURAL GAS,"EPA ENVIROFACTS, FERC FORM 2, CORPORATE WEBSITE",2015/09/11 00:00:00+00,IMAGERY/OTHER,2016/03/14 00:00:00+00,http://peplmessenger.energytransfer.com/,"PANHANDLE EASTERN PIPE LINE COMPANY, LP",28,"PANHANDLE EASTERN PIPE LINE COMPANY, LP",WITHIN 40 FEET,11,35760,43518627,3883711,2083918,1460682,54342,9,2012/11/03 00:00:00+00,0,0
-82.528901,40.2524110000001,500,500,GCOMP217,TREAT,1608 HOMER RD. NW,HOMER,OH,43027,NOT AVAILABLE,NATURAL GAS COMPRESSOR STATION,IN SERVICE,LICKING,39089,USA,40.252411,-82.528901,486210,PIPELINE TRANSPORTATION OF NATURAL GAS,"EPA ENVIROFACTS, FERC FORM 2, CORPORATE WEBSITE",2015/09/28 00:00:00+00,IMAGERY/OTHER,2016/03/14 00:00:00+00,http://www.columbiapipeinfo.com/,"COLUMBIA GAS TRANSMISSION,LLC",21,"COLUMBIA GAS TRANSMISSION,LLC",WITHIN 40 FEET,4,1900,2713175,0,69256,0,0,0,1970/01/01 00:00:00+00,5689,-999
-84.114792794,31.501131962,501,501,GCOMP218,ALBANY,1610 LIBERTY EXPRESSWAY,ALBANY,GA,31705,5926,NATURAL GAS COMPRESSOR STATION,IN SERVICE,DOUGHERTY,13095,USA,31.501131962,-84.114792794,486210,PIPELINE TRANSPORTATION OF NATURAL GAS,"EPA ENVIROFACTS, FERC FORM 2, CORPORATE WEBSITE",2015/09/10 00:00:00+00,IMAGERY/OTHER,2016/03/14 00:00:00+00,http://ixsnp.sonetpremier.com/,"SOUTHERN NATURAL GAS COMPANY, L.L.C.",7,"SOUTHERN NATURAL GAS COMPANY, L.L.C.",WITHIN 40 FEET,3,3912,5833286,422462,372875,154303,13997,1,2012/10/30 00:00:00+00,0,0
-96.5236164089999,47.2392715280001,502,502,GCOMP219,STATION 2207 ADA,1611 COUNTY HWY 142,ADA,MN,56510,9211,NATURAL GAS COMPRESSOR STATION,IN SERVICE,NORMAN,27107,USA,47.239271528,-96.523616409,486210,PIPELINE TRANSPORTATION OF NATURAL GAS,"EPA ENVIROFACTS, FERC FORM 2, CORPORATE WEBSITE",2015/08/19 00:00:00+00,IMAGERY/OTHER,2016/03/14 00:00:00+00,http://www.vgt.nborder.com/,VIKING GAS TRANSMISSION COMPANY,82,VIKING GAS TRANSMISSION COMPANY,WITHIN 40 FEET,4,11500,10382590,0,0,30291,1838,3,2012/01/19 00:00:00+00,0,0
-90.64796002,29.234872862,503,503,GCOMP22,#523R - COCODRIE (LIRETTE),1.17 MI. SE OF HAGEWOOD CT. & REDFISH ST.,COCODRIE,LA,70344,NOT AVAILABLE,NATURAL GAS COMPRESSOR STATION,IN SERVICE,TERREBONNE,22109,USA,29.234872862,-90.64796002,486210,PIPELINE TRANSPORTATION OF NATURAL GAS,"EPA ENVIROFACTS, FERC FORM 2, CORPORATE WEBSITE",2015/09/02 00:00:00+00,IMAGERY/OTHER,2016/03/14 00:00:00+00,http://pipeline2.kindermorgan.com/,"TENNESSEE GAS PIPELINE COMPANY, L.L.C.",9,"TENNESSEE GAS PIPELINE COMPANY, L.L.C.",WITHIN 40 FEET,1,3594,2130660,0,533799,0,3248,1,2012/02/25 00:00:00+00,0,0
-93.9526089999999,30.068338,504,504,GCOMP220,STATION 6,16113 FM 105,ORANGE,TX,77630,NOT AVAILABLE,NATURAL GAS COMPRESSOR STATION,IN SERVICE,ORANGE,48361,USA,30.068338,-93.952609,486210,PIPELINE TRANSPORTATION OF NATURAL GAS,"EPA ENVIROFACTS, FERC FORM 2, CORPORATE WEBSITE",2015/09/18 00:00:00+00,IMAGERY/OTHER,2016/03/14 00:00:00+00,http://fgttransfer.energytransfer.com/,"FLORIDA GAS TRANSMISSION COMPANY, LLC",34,"FLORIDA GAS TRANSMISSION COMPANY, LLC",WITHIN 40 FEET,3,6000,11662832,229565,1270727,86599,5980,2,2012/01/03 00:00:00+00,0,0
-97.094777618,38.8290416890001,505,505,GCOMP221,ENTERPRISE,1615 NAIL ROAD,ENTERPRISE,KS,67441,9095,NATURAL GAS COMPRESSOR STATION,IN SERVICE,DICKINSON,20041,USA,38.829041689,-97.094777618,486210,PIPELINE TRANSPORTATION OF NATURAL GAS,"EPA ENVIROFACTS, FERC FORM 2, CORPORATE WEBSITE",2015/10/27 00:00:00+00,IMAGERY/OTHER,2016/03/14 00:00:00+00,http://anrebb.transcanada.com/,ANR PIPELINE COMPANY,48,ANR PIPELINE COMPANY,WITHIN 40 FEET,9,13410,13896637,1676337,611682,625476,54625,9,2012/03/31 00:00:00+00,0,0
-72.633743,42.033986,506,506,GCOMP222,#261 - AGAWAM,1615 SUFFIELD ST.,AGAWAM,MA,01001,NOT AVAILABLE,NATURAL GAS COMPRESSOR STATION,IN SERVICE,HAMPDEN,25013,USA,42.033986,-72.633743,486210,PIPELINE TRANSPORTATION OF NATURAL GAS,"EPA ENVIROFACTS, FERC FORM 2, CORPORATE WEBSITE",2015/08/20 00:00:00+00,IMAGERY/OTHER,2016/03/14 00:00:00+00,http://pipeline2.kindermorgan.com/,"TENNESSEE GAS PIPELINE COMPANY, L.L.C.",9,"TENNESSEE GAS PIPELINE COMPANY, L.L.C.",WITHIN 40 FEET,5,17110,33089891,1540790,2058311,535332,15500,3,2012/01/21 00:00:00+00,464006,2573829
-92.1388664359999,39.1382480230001,507,507,GCOMP223,MISSOURI-CENTRALIA-BOONE COUNTY,16151 NORTH ROUTE Z,CENTRALIA,MO,65240,4015,NATURAL GAS COMPRESSOR STATION,IN SERVICE,BOONE,29019,USA,39.138248023,-92.138866436,486210,PIPELINE TRANSPORTATION OF NATURAL GAS,"EPA ENVIROFACTS, FERC FORM 2, CORPORATE WEBSITE",2015/09/11 00:00:00+00,IMAGERY/OTHER,2016/03/14 00:00:00+00,http://peplmessenger.energytransfer.com/,"PANHANDLE EASTERN PIPE LINE COMPANY, LP",28,"PANHANDLE EASTERN PIPE LINE COMPANY, LP",WITHIN 40 FEET,6,29800,50844118,3483794,1858554,1322117,26542,5,2012/11/03 00:00:00+00,0,0
-93.0323782569999,41.2893063810001,508,508,GCOMP224,STATION 198 - KNOXVILLE,1616 165TH AVE(NEWBOLD&OREGAN),KNOXVILLE,IA,50138,NOT AVAILABLE,NATURAL GAS COMPRESSOR STATION,IN SERVICE,MARION,19125,USA,41.289306381,-93.032378257,486210,PIPELINE TRANSPORTATION OF NATURAL GAS,"EPA ENVIROFACTS, FERC FORM 2, CORPORATE WEBSITE",2015/09/16 00:00:00+00,IMAGERY/OTHER,2016/03/14 00:00:00+00,http://www.kindermorgan.com/,NATURAL GAS PIPELINE COMPANY OF AMERICA LLC,26,NATURAL GAS PIPELINE COMPANY OF AMERICA LLC,WITHIN 40 FEET,2,24000,6472762,0,0,240144,1722,1,2012/06/30 00:00:00+00,0,0
-93.777707387,41.225587128,509,509,GCOMP225,STATION 108 - TRURO,1620 CR-G64,NEW VIRGINIA,IA,50210,NOT AVAILABLE,NATURAL GAS COMPRESSOR STATION,IN SERVICE,WARREN,19181,USA,41.225587128,-93.777707387,486210,PIPELINE TRANSPORTATION OF NATURAL GAS,"EPA ENVIROFACTS, FERC FORM 2, CORPORATE WEBSITE",2015/09/16 00:00:00+00,IMAGERY/OTHER,2016/03/14 00:00:00+00,http://www.kindermorgan.com/,NATURAL GAS PIPELINE COMPANY OF AMERICA LLC,26,NATURAL GAS PIPELINE COMPANY OF AMERICA LLC,WITHIN 40 FEET,5,26000,23217810,0,0,559342,14754,5,2012/08/05 00:00:00+00,0,0
-104.40183876,37.220982647,510,510,GCOMP226,TRINIDAD,16250 US HIGHWAY 350,TRINIDAD,CO,81082,NOT AVAILABLE,NATURAL GAS COMPRESSOR STATION,IN SERVICE,LAS ANIMAS,08071,USA,37.220982647,-104.40183876,486210,PIPELINE TRANSPORTATION OF NATURAL GAS,"EPA ENVIROFACTS, FERC FORM 2, CORPORATE WEBSITE",2015/09/29 00:00:00+00,IMAGERY/OTHER,2016/03/14 00:00:00+00,http://ebb.cigco.com/,"COLORADO INTERSTATE GAS COMPANY, L.L.C.",32,"COLORADO INTERSTATE GAS COMPANY, L.L.C.",WITHIN 40 FEET,1,4860,12003925,512897,256527,187748,5558,1,2012/09/13 00:00:00+00,0,0
-104.418951519,46.6138140140001,511,511,GCOMP227,CABIN CREEK,1629 CABIN CREEK RD,BAKER,MT,59313,NOT AVAILABLE,NATURAL GAS COMPRESSOR STATION,IN SERVICE,FALLON,30025,USA,46.613814014,-104.418951519,486210,PIPELINE TRANSPORTATION OF NATURAL GAS,"FERC FORM 2, MONTANA DEPARTMENT OF ENVIRONMENTAL QUALITY",2015/08/14 00:00:00+00,IMAGERY/OTHER,2016/03/14 00:00:00+00,http://transmission.wbienergy.com/,WILLISTON BASIN INTERSTATE PIPELINE COMPANY,49,WILLISTON BASIN INTERSTATE PIPELINE COMPANY,WITHIN 40 FEET,10,14144,15591092,1272310,804128,465133,24816,8,2012/12/28 00:00:00+00,0,0
-91.086066,29.7010290000001,512,512,GCOMP228,MORGAN CITY,1631 HIGHWAY 662,AMELIA,LA,70340,NOT AVAILABLE,NATURAL GAS COMPRESSOR STATION,IN SERVICE,SAINT MARY,22101,USA,29.701029,-91.086066,486210,PIPELINE TRANSPORTATION OF NATURAL GAS,"EPA ENVIROFACTS, FERC FORM 2, CORPORATE WEBSITE",2015/08/27 00:00:00+00,IMAGERY/OTHER,2016/03/14 00:00:00+00,http://infopost.bwpmlp.com/,"TEXAS GAS TRANSMISSION, LLC",18,"TEXAS GAS TRANSMISSION, LLC",WITHIN 40 FEET,2,9212,7087617,450,252740,177,0,0,1970/01/01 00:00:00+00,0,0
-74.646129,41.2442380000001,513,513,GCOMP229,#325 - SUSSEX,164 LIBERTYVILLE RD.,SUSSEX,NJ,07461,NOT AVAILABLE,NATURAL GAS COMPRESSOR STATION,IN SERVICE,SUSSEX,34037,USA,41.244238,-74.646129,486210,PIPELINE TRANSPORTATION OF NATURAL GAS,"EPA ENVIROFACTS, FERC FORM 2, CORPORATE WEBSITE",2015/09/03 00:00:00+00,IMAGERY/OTHER,2016/03/14 00:00:00+00,http://pipeline2.kindermorgan.com/,"TENNESSEE GAS PIPELINE COMPANY, L.L.C.",9,"TENNESSEE GAS PIPELINE COMPANY, L.L.C.",WITHIN 40 FEET,2,20622,41711368,1765618,361006,607289,8316,2,2012/01/15 00:00:00+00,0,0
-105.887859435,42.8741205200001,514,514,GCOMP23,GLENROCK,1.2 MILES NW OF GLENROCK,GLENROCK,WY,82637,NOT AVAILABLE,NATURAL GAS COMPRESSOR STATION,IN SERVICE,PLATTE,56009,USA,42.87412052,-105.887859435,486210,PIPELINE TRANSPORTATION OF NATURAL GAS,"FERC FORM 2, CORPORATE WEBSITE, IMAGERY",2015/08/18 00:00:00+00,IMAGERY/OTHER,2016/03/14 00:00:00+00,http://pipeline.tallgrassenergylp.com/,TALLGRASS INTERSTATE GAS TRANSMISSION LLC,53,TALLGRASS INTERSTATE GAS TRANSMISSION LLC,WITHIN 40 FEET,1,600,1486730,0,0,2,1,1,2012/04/03 00:00:00+00,0,0
-88.8642230409999,42.177325663,515,515,GCOMP230,STATION 116 - BELVIDERE,1650 STONE QUARRY RD,BELVIDERE,IL,61008,4908,NATURAL GAS COMPRESSOR STATION,IN SERVICE,BOONE,17007,USA,42.177325663,-88.864223041,486210,PIPELINE TRANSPORTATION OF NATURAL GAS,"EPA ENVIROFACTS, FERC FORM 2, CORPORATE WEBSITE",2015/09/16 00:00:00+00,IMAGERY/OTHER,2016/03/14 00:00:00+00,http://www.kindermorgan.com/,NATURAL GAS PIPELINE COMPANY OF AMERICA LLC,26,NATURAL GAS PIPELINE COMPANY OF AMERICA LLC,WITHIN 40 FEET,1,4925,9001567,0,0,21,0,0,1970/01/01 00:00:00+00,0,0
-87.303855219,33.439074068,516,516,GCOMP231,PROVIDENCE,16547 GROUNDHOG ROAD,ADGER,AL,35006,6003,NATURAL GAS COMPRESSOR STATION,IN SERVICE,JEFFERSON,01125,USA,33.439074068,-87.303855219,486210,PIPELINE TRANSPORTATION OF NATURAL GAS,"FERC FORM 2, IMAGERY",2015/09/10 00:00:00+00,IMAGERY/OTHER,2016/03/14 00:00:00+00,http://ixsnp.sonetpremier.com/,"SOUTHERN NATURAL GAS COMPANY, L.L.C.",7,"SOUTHERN NATURAL GAS COMPANY, L.L.C.",WITHIN 40 FEET,2,10380,12063515,65559,122157,21636,450,1,2012/10/16 00:00:00+00,0,0
-78.622651,38.5644590000001,517,517,GCOMP232,SHENANDOAH,1656 NEWPORT RD,SHENANDOAH,VA,22849,NOT AVAILABLE,NATURAL GAS COMPRESSOR STATION,IN SERVICE,PAGE,51139,USA,38.564459,-78.622651,486210,PIPELINE TRANSPORTATION OF NATURAL GAS,"EPA ENVIROFACTS, FERC FORM 2, CORPORATE WEBSITE",2015/09/28 00:00:00+00,IMAGERY/OTHER,2016/03/14 00:00:00+00,http://www.columbiapipeinfo.com/,"COLUMBIA GAS TRANSMISSION,LLC",21,"COLUMBIA GAS TRANSMISSION,LLC",WITHIN 40 FEET,2,10500,15172440,508658,213772,160974,3544,2,2012/01/20 00:00:00+00,6981,-999
-92.532695,30.455877,518,518,GCOMP233,EUNICE,1661 COULEE ROAD,EUNICE,LA,70535,NOT AVAILABLE,NATURAL GAS COMPRESSOR STATION,IN SERVICE,SAINT LANDRY,22097,USA,30.455877,-92.532695,486210,PIPELINE TRANSPORTATION OF NATURAL GAS,"EPA ENVIROFACTS, FERC FORM 2, CORPORATE WEBSITE",2015/08/28 00:00:00+00,IMAGERY/OTHER,2016/03/14 00:00:00+00,http://infopost.bwpmlp.com/,"TEXAS GAS TRANSMISSION, LLC",18,"TEXAS GAS TRANSMISSION, LLC",WITHIN 40 FEET,5,6650,14076697,50759,536953,15729,975,3,2012/11/12 00:00:00+00,0,0
-103.933236814,44.990224019,519,519,GCOMP234,BELLE FOURCHE,16636 WILLISTON BASIN LOOP,BELLE FOURCHE,SD,57717,NOT AVAILABLE,NATURAL GAS COMPRESSOR STATION,IN SERVICE,BUTTE,46019,USA,44.990224019,-103.933236814,486210,PIPELINE TRANSPORTATION OF NATURAL GAS,"FERC FORM 2, CORPORATE WEBSITE",2015/08/14 00:00:00+00,IMAGERY/OTHER,2016/03/14 00:00:00+00,http://transmission.wbienergy.com/,WILLISTON BASIN INTERSTATE PIPELINE COMPANY,49,WILLISTON BASIN INTERSTATE PIPELINE COMPANY,WITHIN 40 FEET,5,3520,3587220,99022,258525,34741,5177,3,2012/02/11 00:00:00+00,0,0
-82.532652,38.368519,520,520,GCOMP235,CEREDO,1664 WALKERS BRANCH RD.,HUNTINGTON,WV,25704,NOT AVAILABLE,NATURAL GAS COMPRESSOR STATION,IN SERVICE,WAYNE,54099,USA,38.368519,-82.532652,486210,PIPELINE TRANSPORTATION OF NATURAL GAS,"EPA ENVIROFACTS, FERC FORM 2, CORPORATE WEBSITE",2015/09/29 00:00:00+00,IMAGERY/OTHER,2016/03/14 00:00:00+00,http://www.columbiapipeinfo.com/,"COLUMBIA GAS TRANSMISSION,LLC",21,"COLUMBIA GAS TRANSMISSION,LLC",WITHIN 40 FEET,9,42500,22927982,2513531,2974148,1017602,19442,7,2012/05/12 00:00:00+00,84642,-999
-90.168719,41.3918350000001,521,521,GCOMP236,STATION 110 - GENESEO,16648 ILLINOIS HIGHWAY 82,GENESEO,IL,61254,NOT AVAILABLE,NATURAL GAS COMPRESSOR STATION,IN SERVICE,HENRY,17073,USA,41.391835,-90.168719,486210,PIPELINE TRANSPORTATION OF NATURAL GAS,"EPA ENVIROFACTS, FERC FORM 2, CORPORATE WEBSITE",2015/09/16 00:00:00+00,IMAGERY/OTHER,2016/03/14 00:00:00+00,http://www.kindermorgan.com/,NATURAL GAS PIPELINE COMPANY OF AMERICA LLC,26,NATURAL GAS PIPELINE COMPANY OF AMERICA LLC,WITHIN 40 FEET,7,34600,54353573,0,0,685480,18509,7,2012/11/06 00:00:00+00,0,0
-89.049347,31.8151740000001,522,522,GCOMP237,NO. 80 SANDERVILLE,1666 BONNER RD.,HEIDELBERG,MS,39439,NOT AVAILABLE,NATURAL GAS COMPRESSOR STATION,IN SERVICE,JASPER,28067,USA,31.815174,-89.049347,486210,PIPELINE TRANSPORTATION OF NATURAL GAS,"EPA ENVIROFACTS, FERC FORM 2, CORPORATE WEBSITE",2015/08/24 00:00:00+00,IMAGERY/OTHER,2016/03/14 00:00:00+00,http://www.1line.williams.com/,"TRANSCONTINENTAL GAS PIPE LINE COMPANY, LLC",29,"TRANSCONTINENTAL GAS PIPE LINE COMPANY, LLC",WITHIN 40 FEET,18,71000,54745023,4777566,3544145,1891268,60497,12,2013/02/26 00:00:00+00,7277,-999
-104.686698,42.233799,523,523,GCOMP238,GUERNSEY,167 TANK FARM RD,GUERNSEY,WY,82214,NOT AVAILABLE,NATURAL GAS COMPRESSOR STATION,IN SERVICE,PLATTE,56031,USA,42.233799,-104.686698,486210,PIPELINE TRANSPORTATION OF NATURAL GAS,"EPA ENVIROFACTS, FERC FORM 2, CORPORATE WEBSITE",2015/09/09 00:00:00+00,IMAGERY/OTHER,2016/03/14 00:00:00+00,http://pipeline.tallgrassenergylp.com/,TALLGRASS INTERSTATE GAS TRANSMISSION LLC,53,TALLGRASS INTERSTATE GAS TRANSMISSION LLC,WITHIN 40 FEET,2,4000,6922019,0,0,64090,4485,1,2012/07/22 00:00:00+00,0,0
-103.966726914,46.704771991,524,524,GCOMP239,GOLVA,167TH AVE SW/49ST SW,GOLVA,ND,58632,NOT AVAILABLE,NATURAL GAS COMPRESSOR STATION,IN SERVICE,GOLDEN VALLEY,38033,USA,46.704771991,-103.966726914,486210,PIPELINE TRANSPORTATION OF NATURAL GAS,"FERC FORM 2, CORPORATE WEBSITE",2015/08/14 00:00:00+00,IMAGERY/OTHER,2016/03/14 00:00:00+00,http://transmission.wbienergy.com/,WILLISTON BASIN INTERSTATE PIPELINE COMPANY,49,WILLISTON BASIN INTERSTATE PIPELINE COMPANY,WITHIN 40 FEET,2,7100,11192509,5909,74354,2150,0,0,1970/01/01 00:00:00+00,0,0
-101.874489,37.1849480000001,525,525,GCOMP24,BOEHM,1.4 MILES EAST OF HIGHWAY 51,RICHFIELD,KS,67953,NOT AVAILABLE,NATURAL GAS COMPRESSOR STATION,IN SERVICE,MORTON,20129,USA,37.184948,-101.874489,486210,PIPELINE TRANSPORTATION OF NATURAL GAS,"EPA ENVIROFACTS, FERC FORM 2, CORPORATE WEBSITE",2015/10/19 00:00:00+00,IMAGERY/OTHER,2016/03/14 00:00:00+00,http://ebb.cigco.com/,"COLORADO INTERSTATE GAS COMPANY, L.L.C.",32,"COLORADO INTERSTATE GAS COMPANY, L.L.C.",WITHIN 40 FEET,2,3100,3037515,99622,120518,38510,0,0,1970/01/01 00:00:00+00,0,0
-77.855894,41.425509,526,526,GCOMP240,LEIDY,169 GAS PLANT LN,LEIDY,PA,17004,NOT AVAILABLE,NATURAL GAS COMPRESSOR STATION,IN SERVICE,CLINTON,42035,USA,41.425509,-77.855894,486210,PIPELINE TRANSPORTATION OF NATURAL GAS,"EPA ENVIROFACTS, FERC FORM 2, CORPORATE WEBSITE",2015/09/01 00:00:00+00,IMAGERY/OTHER,2016/03/14 00:00:00+00,http://www.spectraenergy.com/,"TEXAS EASTERN TRANSMISSION, LP",17,"TEXAS EASTERN TRANSMISSION, LP",WITHIN 40 FEET,4,8100,16670404,0,0,0,5477,4,2012/01/03 00:00:00+00,13060,126189
-82.907753,36.2772870000001,527,527,GCOMP241,FLATWOODS,1690 FLATWOODS ROAD,MOSHEIM,TN,37818,NOT AVAILABLE,NATURAL GAS COMPRESSOR STATION,IN SERVICE,GREENE,47059,USA,36.277287,-82.907753,486210,PIPELINE TRANSPORTATION OF NATURAL GAS,"EPA ENVIROFACTS, FERC FORM 2, CORPORATE WEBSITE",2015/09/22 00:00:00+00,IMAGERY/OTHER,2016/03/14 00:00:00+00,http://www.spectraenergy.com/,"EAST TENNESSEE NATURAL GAS, LLC",2,"EAST TENNESSEE NATURAL GAS, LLC",WITHIN 40 FEET,1,6270,14557066,652161,0,238572,6086,0,2012/03/16 00:00:00+00,0,0
-85.060612678,37.3099407440001,528,528,GCOMP242,CLEMENTSVILLE,170 JACKIE HOLLOW RD,LIBERTY,KY,42539,NOT AVAILABLE,NATURAL GAS COMPRESSOR STATION,IN SERVICE,CASEY,21045,USA,37.309940744,-85.060612678,486210,PIPELINE TRANSPORTATION OF NATURAL GAS,"EPA ENVIROFACTS, FERC FORM 2, CORPORATE WEBSITE",2015/09/25 00:00:00+00,IMAGERY/OTHER,2016/03/14 00:00:00+00,http://www.columbiapipeinfo.com/,COLUMBIA GULF TRANSMISSION COMPANY,70,COLUMBIA GULF TRANSMISSION COMPANY,WITHIN 40 FEET,9,38638,25931520,3242874,1004855,1172025,36948,8,2012/11/08 00:00:00+00,0,0
-95.255284466,30.203023538,529,529,GCOMP243,STATION 302 - NEW CANEY,17057 F. M. 1485,NEW CANEY,TX,77357,3701,NATURAL GAS COMPRESSOR STATION,IN SERVICE,MONTGOMERY,48339,USA,30.203023538,-95.255284466,486210,PIPELINE TRANSPORTATION OF NATURAL GAS,"EPA ENVIROFACTS, FERC FORM 2, CORPORATE WEBSITE",2015/09/16 00:00:00+00,IMAGERY/OTHER,2016/03/14 00:00:00+00,http://www.kindermorgan.com/,NATURAL GAS PIPELINE COMPANY OF AMERICA LLC,26,NATURAL GAS PIPELINE COMPANY OF AMERICA LLC,WITHIN 40 FEET,3,26800,60346645,0,0,0,15564,2,2012/05/14 00:00:00+00,-999,106784496
-91.254406907,30.8347817980001,530,530,GCOMP244,ST. FRANCISVILLE,17238 HWY 10,ST. FRANCISVILLE,LA,70775,NOT AVAILABLE,NATURAL GAS COMPRESSOR STATION,IN SERVICE,WEST FELICIANA,22125,USA,30.834781798,-91.254406907,486210,PIPELINE TRANSPORTATION OF NATURAL GAS,"EPA ENVIROFACTS, FERC FORM 2, CORPORATE WEBSITE",2015/08/31 00:00:00+00,IMAGERY/OTHER,2016/03/14 00:00:00+00,http://www.spectraenergy.com/,"TEXAS EASTERN TRANSMISSION, LP",17,"TEXAS EASTERN TRANSMISSION, LP",WITHIN 40 FEET,4,32000,25720926,14684,0,4858,70,2,2012/05/31 00:00:00+00,31778,135360
-89.4596109999999,30.4296110000001,531,531,GCOMP245,KILN,17281 BOBINGER ROAD,KILN,MS,39556,8358,NATURAL GAS COMPRESSOR STATION,IN SERVICE,HANCOCK,28045,USA,30.429611,-89.459611,486210,PIPELINE TRANSPORTATION OF NATURAL GAS,"EPA ENVIROFACTS, FERC FORM 2, CORPORATE WEBSITE",2015/09/17 00:00:00+00,IMAGERY/OTHER,2016/03/14 00:00:00+00,http://infopost.bwpmlp.com/,"GULF SOUTH PIPELINE COMPANY, LP",11,"GULF SOUTH PIPELINE COMPANY, LP",WITHIN 40 FEET,2,9400,6894190,1003106,761113,375819,11089,2,2012/07/07 00:00:00+00,0,0
-93.2299619999999,30.433924,532,532,GCOMP246,NO. 45 LAKE CHARLES,17333 HIGHWAY 171,RAGLEY,LA,70657,NOT AVAILABLE,NATURAL GAS COMPRESSOR STATION,IN SERVICE,BEAUREGARD,22011,USA,30.433924,-93.229962,486210,PIPELINE TRANSPORTATION OF NATURAL GAS,"EPA ENVIROFACTS, FERC FORM 2, CORPORATE WEBSITE",2015/08/25 00:00:00+00,IMAGERY/OTHER,2016/03/14 00:00:00+00,http://www.1line.williams.com/,"TRANSCONTINENTAL GAS PIPE LINE COMPANY, LLC",29,"TRANSCONTINENTAL GAS PIPE LINE COMPANY, LLC",WITHIN 40 FEET,8,19750,14570033,764270,1778806,309143,17769,4,2013/02/27 00:00:00+00,0,0
-103.303272,31.8342220000001,533,533,GCOMP247,STATION WT-2,1742 HALEY RANCH RD,KERMIT,TX,79745,NOT AVAILABLE,NATURAL GAS COMPRESSOR STATION,IN SERVICE,WINKLER,48495,USA,31.834222,-103.303272,486210,PIPELINE TRANSPORTATION OF NATURAL GAS,"FERC FORM 2, CORPORATE WEBSITE",2015/08/20 00:00:00+00,IMAGERY/OTHER,2016/03/14 00:00:00+00,http://twtransfer.energytransfer.com/,"TRANSWESTERN PIPELINE COMPANY, LLC",42,"TRANSWESTERN PIPELINE COMPANY, LLC",WITHIN 40 FEET,3,12000,21337360,539442,1286108,245362,8264,2,2012/10/05 00:00:00+00,0,0
-84.750462491,37.579915741,534,534,GCOMP248,DANVILLE,1745 AIRPORT BOULEVARD HIGHWAY 1273,DANVILLE,KY,40422,NOT AVAILABLE,NATURAL GAS COMPRESSOR STATION,IN SERVICE,BOYLE,21137,USA,37.579915741,-84.750462491,486210,PIPELINE TRANSPORTATION OF NATURAL GAS,"EPA ENVIROFACTS, FERC FORM 2, CORPORATE WEBSITE",2015/09/01 00:00:00+00,IMAGERY/OTHER,2016/03/14 00:00:00+00,http://www.spectraenergy.com/,"TEXAS EASTERN TRANSMISSION, LP",17,"TEXAS EASTERN TRANSMISSION, LP",WITHIN 40 FEET,13,52970,43866906,1404292,0,543718,20350,13,2012/02/11 00:00:00+00,141966,2260480
-85.185087,39.2871020000001,535,535,GCOMP249,BATESVILLE,1764 IN-46,BATESVILLE,IN,47006,NOT AVAILABLE,NATURAL GAS COMPRESSOR STATION,IN SERVICE,RIPLEY,18137,USA,39.287102,-85.185087,486210,PIPELINE TRANSPORTATION OF NATURAL GAS,"FERC FORM 2, IMAGERY",2015/09/01 00:00:00+00,IMAGERY/OTHER,2016/03/14 00:00:00+00,http://www.spectraenergy.com/,"TEXAS EASTERN TRANSMISSION, LP",17,"TEXAS EASTERN TRANSMISSION, LP",WITHIN 40 FEET,2,3500,2245577,0,0,0,0,0,1970/01/01 00:00:00+00,36041,229139
-101.895620534,35.538441044,536,536,GCOMP25,BIG CANYON,1.5 MILES EAST OF US-87,MARSH,TX,79107,NOT AVAILABLE,NATURAL GAS COMPRESSOR STATION,NOT AVAILABLE,POTTER,48375,USA,35.538441044,-101.895620534,486210,PIPELINE TRANSPORTATION OF NATURAL GAS,"EPA ENVIROFACTS, FERC FORM 2",2015/11/09 00:00:00+00,IMAGERY/OTHER,2016/03/14 00:00:00+00,NOT AVAILABLE,"COLORADO INTERSTATE GAS COMPANY, L.L.C.",32,"COLORADO INTERSTATE GAS COMPANY, L.L.C.",WITHIN 40 FEET,0,2956,-999,0,0,0,0,0,1970/01/01 00:00:00+00,0,0
-93.9105519999999,32.9680470000001,537,537,GCOMP250,MIRA,17664 ATLANTA MIRA RD,IDA,LA,71044,NOT AVAILABLE,NATURAL GAS COMPRESSOR STATION,IN SERVICE,CADDO,22017,USA,32.968047,-93.910552,486210,PIPELINE TRANSPORTATION OF NATURAL GAS,"EPA ENVIROFACTS, FERC FORM 2, CORPORATE WEBSITE",2015/09/17 00:00:00+00,IMAGERY/OTHER,2016/03/14 00:00:00+00,http://infopost.bwpmlp.com/,GULF CROSSING PIPELINE COMPANY LLC,575,GULF CROSSING PIPELINE COMPANY LLC,WITHIN 40 FEET,2,35500,42891451,2430849,283476,876111,5757,1,2012/09/16 00:00:00+00,0,0
-80.1524204309999,39.90503584,538,538,GCOMP251,WAYNESBURG,177 ELM RD,WAYNESBURG,PA,15370,7001,NATURAL GAS COMPRESSOR STATION,IN SERVICE,GREENE,42059,USA,39.90503584,-80.152420431,486210,PIPELINE TRANSPORTATION OF NATURAL GAS,"EPA ENVIROFACTS, FERC FORM 2, CORPORATE WEBSITE",2015/09/21 00:00:00+00,IMAGERY/OTHER,2016/03/14 00:00:00+00,http://equitrans.eqtmidstreampartners.com/,"EQUITRANS, L.P.",24,"EQUITRANS, L.P.",WITHIN 40 FEET,2,3600,7685198,414645,267614,148171,15341,2,2012/10/25 00:00:00+00,24433,-999
-102.297154755,33.3255195200001,539,539,GCOMP252,BROWNFIELD,"1770 FM-211; AT BROWNFIELD, 10 MI N ON US38",MEADOW,TX,79345,NOT AVAILABLE,NATURAL GAS COMPRESSOR STATION,IN SERVICE,TERRY,48445,USA,33.32551952,-102.297154755,486210,PIPELINE TRANSPORTATION OF NATURAL GAS,"EPA ENVIROFACTS, FERC FORM 2, CORPORATE WEBSITE",2015/09/15 00:00:00+00,IMAGERY/OTHER,2016/03/14 00:00:00+00,http://www.northernnaturalgas.com/,NORTHERN NATURAL GAS COMPANY,59,NORTHERN NATURAL GAS COMPANY,WITHIN 40 FEET,1,9300,4820795,703550,148605,216811,2983,1,2012/10/30 00:00:00+00,12988,164200
-98.170342376,38.348586406,540,540,GCOMP253,431 LYONS,"1775 E ""M"" AVE",LYONS,KS,67554,NOT AVAILABLE,NATURAL GAS COMPRESSOR STATION,IN SERVICE,RICE,20159,USA,38.348586406,-98.170342376,486210,PIPELINE TRANSPORTATION OF NATURAL GAS,"EPA ENVIROFACTS, FERC FORM 2, CORPORATE WEBSITE",2015/09/09 00:00:00+00,IMAGERY/OTHER,2016/03/14 00:00:00+00,https://csi.sscgp.com/,"SOUTHERN STAR CENTRAL GAS PIPELINE, INC.",43,"SOUTHERN STAR CENTRAL GAS PIPELINE, INC.",WITHIN 40 FEET,1,2400,2591968,133095,373513,55680,2819,1,2012/09/10 00:00:00+00,0,0
-87.71605253,33.4270857080001,541,541,GCOMP254,MCCONNELLS,17828 MORMON ROAD,NORTHPORT,AL,35475,1339,NATURAL GAS COMPRESSOR STATION,IN SERVICE,TUSCALOOSA,01125,USA,33.427085708,-87.71605253,486210,PIPELINE TRANSPORTATION OF NATURAL GAS,"FERC FORM 2, IMAGERY",2015/09/10 00:00:00+00,IMAGERY/OTHER,2016/03/14 00:00:00+00,http://ixsnp.sonetpremier.com/,"SOUTHERN NATURAL GAS COMPANY, L.L.C.",7,"SOUTHERN NATURAL GAS COMPANY, L.L.C.",WITHIN 40 FEET,6,8472,12481525,21963,167643,7886,539,6,2012/01/13 00:00:00+00,0,0
-96.64766998,45.9949987150001,542,542,GCOMP255,FAIRMOUNT,17953 98TH ST SE,FAIRMOUNT,ND,58030,NOT AVAILABLE,NATURAL GAS COMPRESSOR STATION,IN SERVICE,RICHLAND,38077,USA,45.994998715,-96.64766998,486210,PIPELINE TRANSPORTATION OF NATURAL GAS,"EPA ENVIROFACTS, FERC FORM 2, CORPORATE WEBSITE",2015/10/28 00:00:00+00,IMAGERY/OTHER,2016/03/14 00:00:00+00,http://tariff.alliance-pipeline.com/,ALLIANCE PIPELINE,63,ALLIANCE PIPELINE,WITHIN 40 FEET,1,31206,30803054,0,1325030,1614567,8253,0,2012/12/11 00:00:00+00,0,0
-102.490651,30.7445480000001,543,543,GCOMP256,PUCKETT,18 MI E ON IH10 11 MI S ON FM2023 2 MI E ON PLT,FORT STOCKTON,TX,79731,NOT AVAILABLE,NATURAL GAS COMPRESSOR STATION,IN SERVICE,PECOS,48371,USA,30.744548,-102.490651,486210,PIPELINE TRANSPORTATION OF NATURAL GAS,"FERC FORM 2, IMAGERY",2015/09/21 00:00:00+00,IMAGERY/OTHER,2016/03/14 00:00:00+00,https://pipeportal.kindermorgan.com/,"EL PASO NATURAL GAS COMPANY, L.L.C.",33,"EL PASO NATURAL GAS COMPANY, L.L.C.",WITHIN 40 FEET,1,2700,6979985,271475,219733,102730,4863,1,2012/12/26 00:00:00+00,0,0
-108.198972,39.903605,544,544,GCOMP257,GREASEWOOD,18 MILES SW OF MEEKER,MEEKER,CO,81641,NOT AVAILABLE,NATURAL GAS COMPRESSOR STATION,IN SERVICE,RIO BLANCO,08103,USA,39.903605,-108.198972,486210,PIPELINE TRANSPORTATION OF NATURAL GAS,FERC FORM 2,2015/08/14 00:00:00+00,IMAGERY/OTHER,2016/03/14 00:00:00+00,http://ebb.cigco.com/,"WYOMING INTERSTATE COMPANY, L.L.C.",76,"WYOMING INTERSTATE COMPANY, L.L.C.",WITHIN 40 FEET,2,5664,23037225,1203984,260740,471428,14616,1,2012/10/07 00:00:00+00,0,0
-83.05511,33.0616000000001,545,545,GCOMP258,HALL GATE,180 J M WALKER RD NE,MILLEDGEVILLE,GA,31061,9522,NATURAL GAS COMPRESSOR STATION,IN SERVICE,BALDWIN,13009,USA,33.0616,-83.05511,486210,PIPELINE TRANSPORTATION OF NATURAL GAS,"EPA ENVIROFACTS, FERC FORM 2, CORPORATE WEBSITE",2015/09/10 00:00:00+00,IMAGERY/OTHER,2016/03/14 00:00:00+00,http://ixsnp.sonetpremier.com/,"SOUTHERN NATURAL GAS COMPANY, L.L.C.",7,"SOUTHERN NATURAL GAS COMPANY, L.L.C.",WITHIN 40 FEET,3,11530,16150665,1386025,698065,503971,18028,3,2012/06/20 00:00:00+00,0,0
-84.799628872,40.0103735340001,546,546,GCOMP259,GLEN KARN,180 MIKESELL ROAD,HOLLANSBURG,OH,45332,NOT AVAILABLE,NATURAL GAS COMPRESSOR STATION,IN SERVICE,DARKE,39037,USA,40.010373534,-84.799628872,486210,PIPELINE TRANSPORTATION OF NATURAL GAS,"EPA ENVIROFACTS, FERC FORM 2, CORPORATE WEBSITE",2015/09/01 00:00:00+00,IMAGERY/OTHER,2016/03/14 00:00:00+00,http://www.spectraenergy.com/,"TEXAS EASTERN TRANSMISSION, LP",17,"TEXAS EASTERN TRANSMISSION, LP",WITHIN 40 FEET,1,8170,14399104,0,0,0,0,0,1970/01/01 00:00:00+00,25457,194160
-80.455877,39.2518030000001,547,547,GCOMP26,CHAPMAN,1.5 MILES SOUTH OF COUNTY WHY 33/2 &SYCAMORE RD,WOLF SUMMIT,WV,26426,NOT AVAILABLE,NATURAL GAS COMPRESSOR STATION,IN SERVICE,HARRISON,54033,USA,39.251803,-80.455877,486210,PIPELINE TRANSPORTATION OF NATURAL GAS,"EPA ENVIROFACTS, FERC FORM 2, CORPORATE WEBSITE",2015/09/25 00:00:00+00,IMAGERY/OTHER,2016/03/14 00:00:00+00,http://escript.dom.com/,"DOMINION TRANSMISSION, INC.",22,"DOMINION TRANSMISSION, INC.",WITHIN 40 FEET,1,1100,3980680,96895,366711,32594,6257,1,2012/10/07 00:00:00+00,0,0
-81.322624,38.487509,548,548,GCOMP260,COBB,180 WV-ROUTE 4,CLENDENIN,WV,25045,NOT AVAILABLE,NATURAL GAS COMPRESSOR STATION,IN SERVICE,KANAWHA,54039,USA,38.487509,-81.322624,486210,PIPELINE TRANSPORTATION OF NATURAL GAS,"FERC FORM 2, IMAGERY",2015/09/29 00:00:00+00,IMAGERY/OTHER,2016/03/14 00:00:00+00,http://www.columbiapipeinfo.com/,"COLUMBIA GAS TRANSMISSION,LLC",21,"COLUMBIA GAS TRANSMISSION,LLC",WITHIN 40 FEET,4,13500,18357384,0,763127,0,28375,3,2012/09/28 00:00:00+00,2721314,49274900
-92.27717059,29.886870926,549,549,GCOMP261,LOUISIANA - KAPLAN - VERMILION PARISH,18019 HIGHWAY 35,KAPLAN,LA,70510,NOT AVAILABLE,NATURAL GAS COMPRESSOR STATION,IN SERVICE,VERMILION,22113,USA,29.886870926,-92.27717059,486210,PIPELINE TRANSPORTATION OF NATURAL GAS,"EPA ENVIROFACTS, FERC FORM 2, CORPORATE WEBSITE",2015/08/20 00:00:00+00,IMAGERY/OTHER,2016/03/14 00:00:00+00,http://feptransfer.energytransfer.com/,"TRUNKLINE GAS COMPANY, LLC",30,"TRUNKLINE GAS COMPANY, LLC",WITHIN 40 FEET,3,16100,41889661,588560,256551,220645,4860,2,2012/10/30 00:00:00+00,0,0
-97.06003706,48.9182358460001,550,550,GCOMP262,STATION 2201 HALLOCK,1807 360TH ST,HALLOCK,MN,56728,NOT AVAILABLE,NATURAL GAS COMPRESSOR STATION,IN SERVICE,KITTSON,27069,USA,48.918235846,-97.06003706,486210,PIPELINE TRANSPORTATION OF NATURAL GAS,"EPA ENVIROFACTS, FERC FORM 2, CORPORATE WEBSITE",2015/08/19 00:00:00+00,IMAGERY/OTHER,2016/03/14 00:00:00+00,http://www.vgt.nborder.com/,VIKING GAS TRANSMISSION COMPANY,82,VIKING GAS TRANSMISSION COMPANY,WITHIN 40 FEET,4,6800,6898422,0,0,2,0,0,1970/01/01 00:00:00+00,0,0
-117.8734,44.8567,551,551,GCOMP263,BAKER,"18117 CHANDLER LN; T8S R39E S24 NE 1/4",BAKER CITY,OR,97814,NOT AVAILABLE,NATURAL GAS COMPRESSOR STATION,IN SERVICE,BAKER,41001,USA,44.8567,-117.8734,486210,PIPELINE TRANSPORTATION OF NATURAL GAS,"EPA ENVIROFACTS, FERC FORM 2, CORPORATE WEBSITE",2015/09/15 00:00:00+00,IMAGERY/OTHER,2016/03/14 00:00:00+00,http://www.northwest.williams.com/,NORTHWEST PIPELINE GP,37,NORTHWEST PIPELINE GP,WITHIN 40 FEET,4,6300,12044547,395867,912311,148143,14441,4,2012/08/05 00:00:00+00,0,0
-108.716988,37.572456,552,552,GCOMP264,PLEASANT VIEW,"18162 COUNTY ROAD BB; NW NW SEC 10 T38N R17W 1879-264 RD",PLEASANT VIEW,CO,81331,NOT AVAILABLE,NATURAL GAS COMPRESSOR STATION,IN SERVICE,MONTEZUMA,08083,USA,37.572456,-108.716988,486210,PIPELINE TRANSPORTATION OF NATURAL GAS,"FERC FORM 2, CORPORATE WEBSITE",2015/09/14 00:00:00+00,IMAGERY/OTHER,2016/03/14 00:00:00+00,http://www.northwest.williams.com/,NORTHWEST PIPELINE GP,37,NORTHWEST PIPELINE GP,WITHIN 40 FEET,2,8780,11076626,163632,257279,62813,1781,2,2012/06/27 00:00:00+00,0,0
-90.0611519999999,30.7833350000001,553,553,GCOMP265,STATION 9,18169 LEE RD.,FRANKLINTON,LA,70438,NOT AVAILABLE,NATURAL GAS COMPRESSOR STATION,IN SERVICE,WASHINGTON,22117,USA,30.783335,-90.061152,486210,PIPELINE TRANSPORTATION OF NATURAL GAS,"EPA ENVIROFACTS, FERC FORM 2, CORPORATE WEBSITE",2015/09/18 00:00:00+00,IMAGERY/OTHER,2016/03/14 00:00:00+00,http://fgttransfer.energytransfer.com/,"FLORIDA GAS TRANSMISSION COMPANY, LLC",34,"FLORIDA GAS TRANSMISSION COMPANY, LLC",WITHIN 40 FEET,6,19600,32651831,2885778,1256703,1010452,40818,6,2012/01/03 00:00:00+00,0,0
-122.486404192,45.3898629180001,554,554,GCOMP266,OREGON CITY,18343 SPRINGWATER ROAD SOUTH,OREGON CITY,OR,97045,NOT AVAILABLE,NATURAL GAS COMPRESSOR STATION,IN SERVICE,CLACKAMAS,41005,USA,45.389862918,-122.486404192,486210,PIPELINE TRANSPORTATION OF NATURAL GAS,"EPA ENVIROFACTS, FERC FORM 2, CORPORATE WEBSITE",2015/09/14 00:00:00+00,IMAGERY/OTHER,2016/03/14 00:00:00+00,http://www.northwest.williams.com/,NORTHWEST PIPELINE GP,37,NORTHWEST PIPELINE GP,WITHIN 40 FEET,3,5343,7303675,413041,358681,148625,10717,2,2012/02/29 00:00:00+00,0,0
-87.912814516,34.648553502,555,555,GCOMP267,BARTON,1835 MT MILLS RD,TUSCUMBIA,AL,35674,NOT AVAILABLE,NATURAL GAS COMPRESSOR STATION,IN SERVICE,COLBERT,01033,USA,34.648553502,-87.912814516,486210,PIPELINE TRANSPORTATION OF NATURAL GAS,"FERC FORM 2, CORPORATE WEBSITE",2015/09/01 00:00:00+00,IMAGERY/OTHER,2016/03/14 00:00:00+00,http://www.spectraenergy.com/,"TEXAS EASTERN TRANSMISSION, LP",17,"TEXAS EASTERN TRANSMISSION, LP",WITHIN 40 FEET,8,57800,19399411,7,0,2,2697,4,2012/11/30 00:00:00+00,5734280,29839445
-73.586746851,41.6871840360001,556,556,GCOMP268,DOVER,186 DOVER FURNACE RD,DOVER,NY,12522,NOT AVAILABLE,NATURAL GAS COMPRESSOR STATION,IN SERVICE,DUTCHESS,36027,USA,41.687184036,-73.586746851,486210,PIPELINE TRANSPORTATION OF NATURAL GAS,"EPA ENVIROFACTS, FERC FORM 2, CORPORATE WEBSITE",2015/09/17 00:00:00+00,IMAGERY/OTHER,2016/03/14 00:00:00+00,http://www.iroquois.com/,IPOC AS AGENT/IROQUOIS GAS TRANS. SYS. L.P.,110,IPOC AS AGENT/IROQUOIS GAS TRANS. SYS. L.P.,WITHIN 40 FEET,1,18371,35651507,0,938227,102085,789,1,2012/12/31 00:00:00+00,-999,795542
-115.456981351,43.038316208,557,557,GCOMP269,MOUNTAIN HOME,18648 OLD OREGON TRAIL RD,MOUNTAIN HOME,ID,83647,NOT AVAILABLE,NATURAL GAS COMPRESSOR STATION,IN SERVICE,ELMORE,16039,USA,43.038316208,-115.456981351,486210,PIPELINE TRANSPORTATION OF NATURAL GAS,"EPA ENVIROFACTS, FERC FORM 2, CORPORATE WEBSITE",2015/09/14 00:00:00+00,IMAGERY/OTHER,2016/03/14 00:00:00+00,http://www.northwest.williams.com/,NORTHWEST PIPELINE GP,37,NORTHWEST PIPELINE GP,WITHIN 40 FEET,3,6000,8028948,336616,393284,122048,8976,3,2012/08/03 00:00:00+00,0,0
-114.1857,33.5368,558,558,GCOMP27,CASTLE DOME,1.5 MILES SOUTH OF QUARTZSITE,QUARTZSITE,AZ,85346,NOT AVAILABLE,NATURAL GAS COMPRESSOR STATION,IN SERVICE,COCONINO,04012,USA,33.5368,-114.1857,486210,PIPELINE TRANSPORTATION OF NATURAL GAS,"EPA ENVIROFACTS, FERC FORM 2, IMAGERY",2015/10/09 00:00:00+00,IMAGERY/OTHER,2016/03/14 00:00:00+00,https://pipeportal.kindermorgan.com/,"EL PASO NATURAL GAS COMPANY, L.L.C.",33,"EL PASO NATURAL GAS COMPANY, L.L.C.",WITHIN 40 FEET,1,1590,4334992,7425,57730,2401,195,1,2012/10/28 00:00:00+00,0,0
-77.9158624249999,41.8995316400001,559,559,GCOMP270,ELLISBURG,187 ROSE LAKE ROAD,ELLISBURG,PA,16923,NOT AVAILABLE,NATURAL GAS COMPRESSOR STATION,IN SERVICE,POTTER,42105,USA,41.8995316400001,-77.9158624249999,486210,PIPELINE TRANSPORTATION OF NATURAL GAS,"EPA ENVIROFACTS, FERC FORM 2, CORPORATE WEBSITE",2015/09/16 00:00:00+00,IMAGERY/OTHER,2016/03/14 00:00:00+00,http://www.natfuel.com/,NATIONAL FUEL GAS SUPPLY CORPORATION,16,NATIONAL FUEL GAS SUPPLY CORPORATION,WITHIN 40 FEET,4,9445,14206608,0,813515,0,14146,3,2012/03/05 00:00:00+00,0,0
-80.1245519999999,39.9178220000001,560,560,GCOMP271,WAYNESBURG,188 EAST STATE ROAD,WAYNESBURG,PA,15370,NOT AVAILABLE,NATURAL GAS COMPRESSOR STATION,IN SERVICE,GREENE,42059,USA,39.917822,-80.124552,486210,PIPELINE TRANSPORTATION OF NATURAL GAS,"EPA ENVIROFACTS, FERC FORM 2, CORPORATE WEBSITE",2015/08/28 00:00:00+00,IMAGERY/OTHER,2016/03/14 00:00:00+00,http://www.spectraenergy.com/,"TEXAS EASTERN TRANSMISSION, LP",17,"TEXAS EASTERN TRANSMISSION, LP",WITHIN 166 FEET,1,5000,13782052,740411,0,270463,6642,1,2012/02/08 00:00:00+00,1517,12521
-77.916143824,41.8995048400001,561,561,GCOMP272,ELLISBURG,188 ROSE LAKE ROAD,ELLISBURG,PA,16923,NOT AVAILABLE,NATURAL GAS COMPRESSOR STATION,IN SERVICE,POTTER,42105,USA,41.8995048400001,-77.916143824,486210,PIPELINE TRANSPORTATION OF NATURAL GAS,"EPA ENVIROFACTS, FERC FORM 2, CORPORATE WEBSITE",2015/09/16 00:00:00+00,IMAGERY/OTHER,2016/03/14 00:00:00+00,http://www.natfuel.com/,NATIONAL FUEL GAS SUPPLY CORPORATION,16,NATIONAL FUEL GAS SUPPLY CORPORATION,WITHIN 40 FEET,5,11450,26644998,834428,507122,318114,8595,5,2012/01/08 00:00:00+00,68161,705600
-77.915653173,41.8995335180001,562,562,GCOMP273,NFG-ELLISBURG,188 ROSE LAKE ROAD (HWY 244),ELLISBURG,PA,16923,NOT AVAILABLE,NATURAL GAS COMPRESSOR STATION,IN SERVICE,POTTER,42105,USA,41.8995335180001,-77.915653173,486210,PIPELINE TRANSPORTATION OF NATURAL GAS,"FERC FORM 2, CORPORATE WEBSITE",2015/10/16 00:00:00+00,IMAGERY/OTHER,2016/03/14 00:00:00+00,http://escript.dom.com/,"DOMINION TRANSMISSION, INC.",22,"DOMINION TRANSMISSION, INC.",WITHIN 40 FEET,2,0,2047598,0,0,0,0,0,1970/01/01 00:00:00+00,0,0
-77.8486609999999,41.4301980000001,563,563,GCOMP274,NO. 530 LEIDY-TAMARACK STORAGE FIELD,189 GAS PLANT LN,RENOVO,PA,17764,NOT AVAILABLE,NATURAL GAS COMPRESSOR STATION,IN SERVICE,CLINTON,42035,USA,41.430198,-77.848661,486210,PIPELINE TRANSPORTATION OF NATURAL GAS,"EPA ENVIROFACTS, FERC FORM 2, CORPORATE WEBSITE",2015/09/30 00:00:00+00,IMAGERY/OTHER,2016/03/14 00:00:00+00,http://www.1line.williams.com/,"TRANSCONTINENTAL GAS PIPE LINE COMPANY, LLC",29,"TRANSCONTINENTAL GAS PIPE LINE COMPANY, LLC",WITHIN 40 FEET,-999,0,43094375,2835387,2836649,2303775,0,0,1970/01/01 00:00:00+00,0,0
-94.7526508989999,43.7606819550001,564,564,GCOMP275,#13 - MARTIN COUNTY,1890 60TH AVENUE,TRIMONT,MN,56176,NOT AVAILABLE,NATURAL GAS COMPRESSOR STATION,IN SERVICE,MARTIN,27091,USA,43.760681955,-94.752650899,486210,PIPELINE TRANSPORTATION OF NATURAL GAS,"EPA ENVIROFACTS, FERC FORM 2, CORPORATE WEBSITE",2015/09/15 00:00:00+00,IMAGERY/OTHER,2016/03/14 00:00:00+00,http://www.northernborder.com/,NORTHERN BORDER PIPELINE COMPANY,89,NORTHERN BORDER PIPELINE COMPANY,WITHIN 40 FEET,1,38000,22657594,5595419,212554,1931594,8582,1,2012/02/03 00:00:00+00,0,0
-100.907539516,39.393420028,565,565,GCOMP276,COLBY,1894 COUNTY ROAD 27,COLBY,KS,67701,NOT AVAILABLE,NATURAL GAS COMPRESSOR STATION,IN SERVICE,THOMAS,20193,USA,39.393420028,-100.907539516,486210,PIPELINE TRANSPORTATION OF NATURAL GAS,"EPA ENVIROFACTS, FERC FORM 2, CORPORATE WEBSITE",2015/09/09 00:00:00+00,IMAGERY/OTHER,2016/03/14 00:00:00+00,http://pipeline.tallgrassenergylp.com/,TALLGRASS INTERSTATE GAS TRANSMISSION LLC,53,TALLGRASS INTERSTATE GAS TRANSMISSION LLC,WITHIN 40 FEET,3,2140,920990,0,0,0,0,0,1970/01/01 00:00:00+00,0,0
-91.597063,32.4673020000001,566,566,GCOMP277,DELHI,1894 HIGHWAY 80 WEST,DELHI,LA,71232,6619,NATURAL GAS COMPRESSOR STATION,IN SERVICE,RICHLAND,22083,USA,32.467302,-91.597063,486210,PIPELINE TRANSPORTATION OF NATURAL GAS,"EPA ENVIROFACTS, FERC FORM 2, CORPORATE WEBSITE",2015/10/27 00:00:00+00,IMAGERY/OTHER,2016/03/14 00:00:00+00,http://anrebb.transcanada.com/,ANR PIPELINE COMPANY,48,ANR PIPELINE COMPANY,WITHIN 40 FEET,8,31900,30807834,193515,433023,73843,5342,5,2012/11/28 00:00:00+00,0,0
-77.71997,39.8908080000001,567,567,GCOMP278,CHAMBERSBURG,1894 WARM SPRINGS RD,CHAMBERSBURG,PA,17201,NOT AVAILABLE,NATURAL GAS COMPRESSOR STATION,IN SERVICE,FRANKLIN,42055,USA,39.890808,-77.71997,486210,PIPELINE TRANSPORTATION OF NATURAL GAS,"EPA ENVIROFACTS, FERC FORM 2, CORPORATE WEBSITE",2015/09/25 00:00:00+00,IMAGERY/OTHER,2016/03/14 00:00:00+00,http://escript.dom.com/,"DOMINION TRANSMISSION, INC.",22,"DOMINION TRANSMISSION, INC.",WITHIN 40 FEET,4,24800,28830897,240340,579125,83887,6839,3,2012/01/04 00:00:00+00,918894,14139485
-82.287527,39.7810260000001,568,568,GCOMP279,SOMERSET,1895 BIG INCH RD NE,SOMERSET,OH,43783,NOT AVAILABLE,NATURAL GAS COMPRESSOR STATION,IN SERVICE,PERRY,39127,USA,39.781026,-82.287527,486210,PIPELINE TRANSPORTATION OF NATURAL GAS,"EPA ENVIROFACTS, FERC FORM 2, CORPORATE WEBSITE",2015/08/31 00:00:00+00,IMAGERY/OTHER,2016/03/14 00:00:00+00,http://www.spectraenergy.com/,"TEXAS EASTERN TRANSMISSION, LP",17,"TEXAS EASTERN TRANSMISSION, LP",WITHIN 40 FEET,8,18300,27849379,324304,0,120936,13030,7,2012/03/13 00:00:00+00,84812,830200
-99.158535603,36.438009347,569,569,GCOMP28,MOORELAND,"1/4 MI E OF MOORELAND (ON HWY 412);N2160 RD",MOORELAND,OK,73852,NOT AVAILABLE,NATURAL GAS COMPRESSOR STATION,IN SERVICE,WOODWARD,40153,USA,36.438009347,-99.158535603,486210,PIPELINE TRANSPORTATION OF NATURAL GAS,"EPA ENVIROFACTS, FERC FORM 2, CORPORATE WEBSITE",2015/10/21 00:00:00+00,IMAGERY/OTHER,2016/03/14 00:00:00+00,http://anrebb.transcanada.com/,ANR PIPELINE COMPANY,48,ANR PIPELINE COMPANY,WITHIN 40 FEET,2,17226,11246096,1210867,881811,451343,8611,2,2012/10/04 00:00:00+00,0,0
-99.5814,37.207458,570,570,GCOMP280,CLARK COUNTY 2,1895 COUNTY ROAD 30,ASHLAND,KS,67831,NOT AVAILABLE,NATURAL GAS COMPRESSOR STATION,IN SERVICE,CLARK,20025,USA,37.207458,-99.5814,486210,PIPELINE TRANSPORTATION OF NATURAL GAS,"EPA ENVIROFACTS, FERC FORM 2, CORPORATE WEBSITE",2015/10/20 00:00:00+00,IMAGERY/OTHER,2016/03/14 00:00:00+00,http://www.dcpmidstream.com/,"CIMARRON RIVER PIPELINE, LLC",575,"CIMARRON RIVER PIPELINE, LLC",WITHIN 40 FEET,2,1300,7037940,0,53079,142127,20006,4,2012/12/19 00:00:00+00,12141,34773
-92.261989812,31.875689472,571,571,GCOMP281,OLLA,190 TURBINE RD,OLLA,LA,71465,NOT AVAILABLE,NATURAL GAS COMPRESSOR STATION,IN SERVICE,LA SALLE,22059,USA,31.875689472,-92.261989812,486210,PIPELINE TRANSPORTATION OF NATURAL GAS,"EPA ENVIROFACTS, FERC FORM 2, CORPORATE WEBSITE",2015/09/17 00:00:00+00,IMAGERY/OTHER,2016/03/14 00:00:00+00,http://infopost.bwpmlp.com/,"GULF SOUTH PIPELINE COMPANY, LP",11,"GULF SOUTH PIPELINE COMPANY, LP",WITHIN 40 FEET,2,15000,9869467,840700,308678,311262,2933,1,2012/01/18 00:00:00+00,0,0
-82.1948609999999,40.0708050000001,572,572,GCOMP282,NEWARK,19042 NASHPORT RD SE,NASHPORT,OH,43830,NOT AVAILABLE,NATURAL GAS COMPRESSOR STATION,IN SERVICE,MUSKINGUM,39089,USA,40.070805,-82.194861,486210,PIPELINE TRANSPORTATION OF NATURAL GAS,"EPA ENVIROFACTS, FERC FORM 2, CORPORATE WEBSITE",2015/09/24 00:00:00+00,IMAGERY/OTHER,2016/03/14 00:00:00+00,http://escript.dom.com/,"DOMINION TRANSMISSION, INC.",22,"DOMINION TRANSMISSION, INC.",WITHIN 40 FEET,3,16900,14146113,47022,317397,20675,598,2,2012/04/26 00:00:00+00,0,0
-89.9133087,32.2890754270001,573,573,GCOMP283,RANKIN,191 ANDREW CHAPEL ROAD,BRANDON,MS,39042,8779,NATURAL GAS COMPRESSOR STATION,IN SERVICE,RANKIN,28121,USA,32.289075427,-89.9133087,486210,PIPELINE TRANSPORTATION OF NATURAL GAS,"EPA ENVIROFACTS, FERC FORM 2, CORPORATE WEBSITE",2015/09/10 00:00:00+00,IMAGERY/OTHER,2016/03/14 00:00:00+00,http://ixsnp.sonetpremier.com/,"SOUTHERN NATURAL GAS COMPANY, L.L.C.",7,"SOUTHERN NATURAL GAS COMPANY, L.L.C.",WITHIN 40 FEET,5,6050,6619834,367383,340211,132960,11529,3,2012/09/28 00:00:00+00,0,0
-79.869683123,40.243698835,574,574,GCOMP284,HUTCHINSON,1911 HAYDEN BLVD,ELIZABETH,PA,15037,NOT AVAILABLE,NATURAL GAS COMPRESSOR STATION,IN SERVICE,ALLEGHENY,42003,USA,40.243698835,-79.869683123,486210,PIPELINE TRANSPORTATION OF NATURAL GAS,"EPA ENVIROFACTS, FERC FORM 2, CORPORATE WEBSITE",2015/09/24 00:00:00+00,IMAGERY/OTHER,2016/03/14 00:00:00+00,http://escript.dom.com/,"DOMINION TRANSMISSION, INC.",22,"DOMINION TRANSMISSION, INC.",WITHIN 40 FEET,2,250,103204,0,161520,0,7511,2,2012/11/04 00:00:00+00,11693,150240
-88.191762,41.5064310000001,575,575,GCOMP285,STATION 113 - SHOREWOOD,19132 COUNTY FARM RD,JOILIET,IL,60431,NOT AVAILABLE,NATURAL GAS COMPRESSOR STATION,IN SERVICE,WILL,17197,USA,41.506431,-88.191762,486210,PIPELINE TRANSPORTATION OF NATURAL GAS,"EPA ENVIROFACTS, FERC FORM 2, CORPORATE WEBSITE",2015/09/16 00:00:00+00,IMAGERY/OTHER,2016/03/14 00:00:00+00,http://www.kindermorgan.com/,NATURAL GAS PIPELINE COMPANY OF AMERICA LLC,26,NATURAL GAS PIPELINE COMPANY OF AMERICA LLC,WITHIN 40 FEET,9,13050,20893647,0,0,30950,1769,7,2012/05/27 00:00:00+00,0,0
-92.9988838369999,29.776795211,576,576,GCOMP286,GRAND CHENIER,192 MERMENTAU RIVER RD,GRAND CHENIER,LA,70643,NOT AVAILABLE,NATURAL GAS COMPRESSOR STATION,IN SERVICE,CAMERON,22023,USA,29.776795211,-92.998883837,486210,PIPELINE TRANSPORTATION OF NATURAL GAS,"EPA ENVIROFACTS, FERC FORM 2, CORPORATE WEBSITE",2015/10/21 00:00:00+00,IMAGERY/OTHER,2016/03/14 00:00:00+00,http://anrebb.transcanada.com/,ANR PIPELINE COMPANY,48,ANR PIPELINE COMPANY,WITHIN 40 FEET,2,13990,25833229,339,149243,133,0,0,1970/01/01 00:00:00+00,0,0
-95.298455,38.172946,577,577,GCOMP287,411 WELDA,19209 SW MARYLAND RD,WELDA,KS,66091,NOT AVAILABLE,NATURAL GAS COMPRESSOR STATION,IN SERVICE,ANDERSON,20003,USA,38.172946,-95.298455,486210,PIPELINE TRANSPORTATION OF NATURAL GAS,"EPA ENVIROFACTS, FERC FORM 2, CORPORATE WEBSITE",2015/08/18 00:00:00+00,IMAGERY/OTHER,2016/03/14 00:00:00+00,https://csi.sscgp.com/,"SOUTHERN STAR CENTRAL GAS PIPELINE, INC.",43,"SOUTHERN STAR CENTRAL GAS PIPELINE, INC.",WITHIN 40 FEET,9,25607,27740166,347556,751978,117619,6608,9,2012/01/13 00:00:00+00,0,0
-85.668283751,36.830918513,578,578,GCOMP288,TOMPKINSVILLE,1921 PIPELINE RD,SUMMER SHADE,KY,42166,NOT AVAILABLE,NATURAL GAS COMPRESSOR STATION,IN SERVICE,METCALFE,21171,USA,36.830918513,-85.668283751,486210,PIPELINE TRANSPORTATION OF NATURAL GAS,"EPA ENVIROFACTS, FERC FORM 2, CORPORATE WEBSITE",2015/08/31 00:00:00+00,IMAGERY/OTHER,2016/03/14 00:00:00+00,http://www.spectraenergy.com/,"TEXAS EASTERN TRANSMISSION, LP",17,"TEXAS EASTERN TRANSMISSION, LP",WITHIN 40 FEET,2,30000,11681857,0,0,0,1381,0,1970/01/01 00:00:00+00,5001312,36142984
-96.942853,28.7001260000001,579,579,GCOMP289,#9 - VICTORIA,1925 OLD BLOOMINGTON RD N,VICTORIA,TX,77905,NOT AVAILABLE,NATURAL GAS COMPRESSOR STATION,IN SERVICE,VICTORIA,48469,USA,28.700126,-96.942853,486210,PIPELINE TRANSPORTATION OF NATURAL GAS,"EPA ENVIROFACTS, FERC FORM 2, CORPORATE WEBSITE",2015/09/01 00:00:00+00,IMAGERY/OTHER,2016/03/14 00:00:00+00,http://pipeline2.kindermorgan.com/,"TENNESSEE GAS PIPELINE COMPANY, L.L.C.",9,"TENNESSEE GAS PIPELINE COMPANY, L.L.C.",WITHIN 40 FEET,7,14000,12497709,6222,547976,2313,57,1,2012/04/04 00:00:00+00,0,0
-104.391485581,48.2101021400001,580,580,GCOMP29,#3 - ROOSEVELT COUNTY,10 MILES NE OF CULBERTSON,FROID,MT,59226,NOT AVAILABLE,NATURAL GAS COMPRESSOR STATION,IN SERVICE,ROOSEVELT,30085,USA,48.21010214,-104.391485581,486210,PIPELINE TRANSPORTATION OF NATURAL GAS,"EPA ENVIROFACTS, FERC FORM 2, CORPORATE WEBSITE",2015/09/15 00:00:00+00,IMAGERY/OTHER,2016/03/14 00:00:00+00,http://www.northernborder.com/,NORTHERN BORDER PIPELINE COMPANY,89,NORTHERN BORDER PIPELINE COMPANY,WITHIN 40 FEET,1,38000,30380946,5429500,215378,1879267,8696,1,2012/03/07 00:00:00+00,0,0
-79.52806,40.7163150000001,581,581,GCOMP290,CROOKED CREEK,1942 PA-66,FORD CITY,PA,16226,NOT AVAILABLE,NATURAL GAS COMPRESSOR STATION,IN SERVICE,ARMSTRONG,42005,USA,40.716315,-79.52806,486210,PIPELINE TRANSPORTATION OF NATURAL GAS,"EPA ENVIROFACTS, FERC FORM 2, CORPORATE WEBSITE",2015/09/21 00:00:00+00,IMAGERY/OTHER,2016/03/14 00:00:00+00,https://www.natfuel.com/,"EQUITRANS, L.P.",24,"EQUITRANS, L.P.",WITHIN 40 FEET,2,500,-999,0,0,0,0,0,1970/01/01 00:00:00+00,0,0
-79.548869,40.3848310000001,582,582,GCOMP291,OAKFORD,195 ADELE LN,GREENSBURG,PA,15601,NOT AVAILABLE,NATURAL GAS COMPRESSOR STATION,IN SERVICE,WESTMORELAND,42129,USA,40.384831,-79.548869,486210,PIPELINE TRANSPORTATION OF NATURAL GAS,"EPA ENVIROFACTS, FERC FORM 2, CORPORATE WEBSITE",2015/08/31 00:00:00+00,IMAGERY/OTHER,2016/03/14 00:00:00+00,http://www.spectraenergy.com/,"TEXAS EASTERN TRANSMISSION, LP",17,"TEXAS EASTERN TRANSMISSION, LP",WITHIN 40 FEET,15,43800,95448598,1497292,0,524034,43418,15,2012/01/04 00:00:00+00,4819681,-999
-92.201220506,31.163281182,583,583,GCOMP292,MARKSVILLE,195 UNITED GAS LANE,PINEVILLE,LA,71360,1109,NATURAL GAS COMPRESSOR STATION,IN SERVICE,RAPIDES,22009,USA,31.163281182,-92.201220506,486210,PIPELINE TRANSPORTATION OF NATURAL GAS,"EPA ENVIROFACTS, FERC FORM 2, CORPORATE WEBSITE",2015/09/17 00:00:00+00,IMAGERY/OTHER,2016/03/14 00:00:00+00,http://infopost.bwpmlp.com/,"GULF SOUTH PIPELINE COMPANY, LP",11,"GULF SOUTH PIPELINE COMPANY, LP",WITHIN 40 FEET,4,13200,5812689,1165580,476570,438068,21624,3,2012/08/22 00:00:00+00,0,0
-78.1324999999999,36.7547220000001,584,584,GCOMP293,NO. 167 SOUTH HILL,1950 CHAPTICO RD,SOUTH HILL,VA,23970,NOT AVAILABLE,NATURAL GAS COMPRESSOR STATION,IN SERVICE,MECKLENBURG,51117,USA,36.754722,-78.1325,486210,PIPELINE TRANSPORTATION OF NATURAL GAS,"EPA ENVIROFACTS, FERC FORM 2, CORPORATE WEBSITE",2015/08/25 00:00:00+00,IMAGERY/OTHER,2016/03/14 00:00:00+00,http://www.1line.williams.com/,"TRANSCONTINENTAL GAS PIPE LINE COMPANY, LLC",29,"TRANSCONTINENTAL GAS PIPE LINE COMPANY, LLC",WITHIN 40 FEET,2,7800,13365822,58311,628995,15275,383,1,2013/02/18 00:00:00+00,0,0
-81.8331479999999,29.2980370000001,585,585,GCOMP294,STATION 17,19555 NE HWY 314,FORT MCCOY,FL,32134,NOT AVAILABLE,NATURAL GAS COMPRESSOR STATION,IN SERVICE,MARION,12083,USA,29.298037,-81.833148,486210,PIPELINE TRANSPORTATION OF NATURAL GAS,"EPA ENVIROFACTS, FERC FORM 2, CORPORATE WEBSITE",2015/09/18 00:00:00+00,IMAGERY/OTHER,2016/03/14 00:00:00+00,http://fgttransfer.energytransfer.com/,"FLORIDA GAS TRANSMISSION COMPANY, LLC",34,"FLORIDA GAS TRANSMISSION COMPANY, LLC",WITHIN 40 FEET,6,26100,32770698,2451607,1135363,839454,29335,6,2012/01/03 00:00:00+00,0,0
-72.002106867,42.122074712,586,586,GCOMP295,#264 - CHARLTON CITY,196 CARPENTER HILL RD.,CHARLTON,MA,01507,NOT AVAILABLE,NATURAL GAS COMPRESSOR STATION,IN SERVICE,WORCESTER,25027,USA,42.122074712,-72.002106867,486210,PIPELINE TRANSPORTATION OF NATURAL GAS,"EPA ENVIROFACTS, FERC FORM 2, CORPORATE WEBSITE",2015/09/03 00:00:00+00,IMAGERY/OTHER,2016/03/14 00:00:00+00,http://pipeline2.kindermorgan.com/,"TENNESSEE GAS PIPELINE COMPANY, L.L.C.",9,"TENNESSEE GAS PIPELINE COMPANY, L.L.C.",WITHIN 40 FEET,2,12552,35118322,1841580,206048,650263,13177,2,2012/01/22 00:00:00+00,0,0
-79.339502157,39.63982099,587,587,GCOMP296,ACCIDENT,196 TEXAS EASTERN DR,ACCIDENT,MD,21520,NOT AVAILABLE,NATURAL GAS COMPRESSOR STATION,IN SERVICE,GARRETT,24023,USA,39.63982099,-79.339502157,486210,PIPELINE TRANSPORTATION OF NATURAL GAS,"EPA ENVIROFACTS, FERC FORM 2, CORPORATE WEBSITE",2015/09/01 00:00:00+00,IMAGERY/OTHER,2016/03/14 00:00:00+00,http://www.spectraenergy.com/,"TEXAS EASTERN TRANSMISSION, LP",17,"TEXAS EASTERN TRANSMISSION, LP",WITHIN 40 FEET,2,11000,67567917,724349,0,274405,4638,2,2012/05/05 00:00:00+00,109627,-999
-78.0007899999999,41.8529090000001,588,588,GCOMP297,#313 - COUDERSPORT,197 TENNESSEE RD,COUDERSPORT,PA,16915,NOT AVAILABLE,NATURAL GAS COMPRESSOR STATION,IN SERVICE,POTTER,42105,USA,41.852909,-78.00079,486210,PIPELINE TRANSPORTATION OF NATURAL GAS,"EPA ENVIROFACTS, FERC FORM 2, CORPORATE WEBSITE",2015/10/29 00:00:00+00,IMAGERY/OTHER,2016/03/14 00:00:00+00,http://pipeline2.kindermorgan.com/,"TENNESSEE GAS PIPELINE COMPANY, L.L.C.",9,"TENNESSEE GAS PIPELINE COMPANY, L.L.C.",WITHIN 40 FEET,14,29450,78325745,0,2174520,0,61331,10,2012/04/18 00:00:00+00,0,0
-102.167706,41.0924840000001,589,589,GCOMP298,BIG SPRINGS,19726 US-30,BIG SPRINGS,NE,69122,NOT AVAILABLE,NATURAL GAS COMPRESSOR STATION,IN SERVICE,DEUEL,31049,USA,41.092484,-102.167706,486210,PIPELINE TRANSPORTATION OF NATURAL GAS,"EPA ENVIROFACTS, FERC FORM 2, CORPORATE WEBSITE",2015/09/09 00:00:00+00,IMAGERY/OTHER,2016/03/14 00:00:00+00,http://pipeline.tallgrassenergylp.com/,TALLGRASS INTERSTATE GAS TRANSMISSION LLC,53,TALLGRASS INTERSTATE GAS TRANSMISSION LLC,WITHIN 40 FEET,8,11245,16621546,0,0,133759,12825,1,2012/07/12 00:00:00+00,0,0
-94.665274,32.598036,590,590,GCOMP299,STATION 388 - LONGVIEW,19887 HYNSON SPRINGS RD,LONGVIEW,TX,75601,NOT AVAILABLE,NATURAL GAS COMPRESSOR STATION,IN SERVICE,HARRISON,48203,USA,32.598036,-94.665274,486210,PIPELINE TRANSPORTATION OF NATURAL GAS,"EPA ENVIROFACTS, FERC FORM 2, CORPORATE WEBSITE",2015/09/15 00:00:00+00,IMAGERY/OTHER,2016/03/14 00:00:00+00,http://www.kindermorgan.com/,NATURAL GAS PIPELINE COMPANY OF AMERICA LLC,26,NATURAL GAS PIPELINE COMPANY OF AMERICA LLC,WITHIN 40 FEET,7,36000,62581839,0,0,0,6569,6,2012/06/18 00:00:00+00,-999,31303989
-74.723286007,42.9292035920001,591,591,GCOMP3,BROOKMANS CORNER,.3 MILES NW OF CASLER ROAD * BROOKMANS CORNERS ROAD,FORT PLAIN,NY,13339,NOT AVAILABLE,NATURAL GAS COMPRESSOR STATION,IN SERVICE,MONTGOMERY,36057,USA,42.929203592,-74.723286007,486210,PIPELINE TRANSPORTATION OF NATURAL GAS,"EPA ENVIROFACTS, FERC FORM 2, CORPORATE WEBSITE",2015/09/25 00:00:00+00,IMAGERY/OTHER,2016/03/14 00:00:00+00,http://escript.dom.com/,"DOMINION TRANSMISSION, INC.",22,"DOMINION TRANSMISSION, INC.",WITHIN 40 FEET,1,7300,11131537,22335,227529,7572,79,1,2012/01/15 00:00:00+00,0,0
-88.842860436,32.149937365,592,592,GCOMP30,ENTERPRISE,100 COUNTY ROAD 332,ENTERPRISE,MS,39330,NOT AVAILABLE,NATURAL GAS COMPRESSOR STATION,IN SERVICE,CLARKE,28023,USA,32.149937365,-88.842860436,486210,PIPELINE TRANSPORTATION OF NATURAL GAS,"EPA ENVIROFACTS, FERC FORM 2, CORPORATE WEBSITE",2015/09/10 00:00:00+00,IMAGERY/OTHER,2016/03/14 00:00:00+00,http://ixsnp.sonetpremier.com/,"SOUTHERN NATURAL GAS COMPANY, L.L.C.",7,"SOUTHERN NATURAL GAS COMPANY, L.L.C.",WITHIN 40 FEET,8,27720,67469985,4057679,2254255,1467420,58607,7,2012/11/13 00:00:00+00,0,0
-83.166418,39.6489550000001,593,593,GCOMP300,FIVE POINTS,19909 FIVE POINTS PIKE,WILLIAMSPORT,OH,43164,NOT AVAILABLE,NATURAL GAS COMPRESSOR STATION,IN SERVICE,PICKAWAY,39129,USA,39.648955,-83.166418,486210,PIPELINE TRANSPORTATION OF NATURAL GAS,"EPA ENVIROFACTS, FERC FORM 2, CORPORATE WEBSITE",2015/09/01 00:00:00+00,IMAGERY/OTHER,2016/03/14 00:00:00+00,http://www.spectraenergy.com/,"TEXAS EASTERN TRANSMISSION, LP",17,"TEXAS EASTERN TRANSMISSION, LP",WITHIN 40 FEET,4,16600,26583143,124,0,44,1,1,2012/08/15 00:00:00+00,635778,672000
-92.500960503,46.6499230410001,594,594,GCOMP301,CARLTON,1995 NORTHERN NATURAL GAS ROAD,CARLTON,MN,55718,NOT AVAILABLE,NATURAL GAS COMPRESSOR STATION,IN SERVICE,CARLTON,27017,USA,46.649923041,-92.500960503,486210,PIPELINE TRANSPORTATION OF NATURAL GAS,"EPA ENVIROFACTS, FERC FORM 2, CORPORATE WEBSITE",2015/09/15 00:00:00+00,IMAGERY/OTHER,2016/03/14 00:00:00+00,http://www.northernnaturalgas.com/,NORTHERN NATURAL GAS COMPANY,59,NORTHERN NATURAL GAS COMPANY,WITHIN 40 FEET,2,8000,7773996,72173,409863,23156,1721,1,2012/12/28 00:00:00+00,24824,164200
-96.044086228,39.4916803400001,595,595,GCOMP302,HAVENSVILLE,19955 ENGLISH RIDGE RD,HAVENSVILLE,KS,66432,NOT AVAILABLE,NATURAL GAS COMPRESSOR STATION,IN SERVICE,POTTAWATOMIE,20149,USA,39.49168034,-96.044086228,486210,PIPELINE TRANSPORTATION OF NATURAL GAS,"EPA ENVIROFACTS, FERC FORM 2, CORPORATE WEBSITE",2015/10/21 00:00:00+00,IMAGERY/OTHER,2016/03/14 00:00:00+00,http://anrebb.transcanada.com/,ANR PIPELINE COMPANY,48,ANR PIPELINE COMPANY,WITHIN 40 FEET,2,14700,17800836,1541146,732074,573293,10493,2,2012/01/01 00:00:00+00,0,0
-99.395845,37.613702,596,596,GCOMP303,KANSAS-GREENSBURG-KIOWA COUNTY,19TH AVE/NORTH OF J ST,GREENSBURG,KS,67054,NOT AVAILABLE,NATURAL GAS COMPRESSOR STATION,IN SERVICE,KIOWA,20097,USA,37.613702,-99.395845,486210,PIPELINE TRANSPORTATION OF NATURAL GAS,"FERC FORM 2, IMAGERY",2015/09/14 00:00:00+00,IMAGERY/OTHER,2016/03/14 00:00:00+00,http://peplmessenger.energytransfer.com/,"PANHANDLE EASTERN PIPE LINE COMPANY, LP",28,"PANHANDLE EASTERN PIPE LINE COMPANY, LP",WITHIN 40 FEET,6,26400,43724107,1298700,722819,495321,7113,3,2012/01/19 00:00:00+00,0,0
-108.761570957,41.0588748120001,597,597,GCOMP304,WYOMING - SIMON,2 MILES EAST OF WY-430,ROCK SPRINGS,WY,82902,NOT AVAILABLE,NATURAL GAS COMPRESSOR STATION,IN SERVICE,SWEETWATER,56037,USA,41.058874812,-108.761570957,486210,PIPELINE TRANSPORTATION OF NATURAL GAS,"FERC FORM 2, CORPORATE WEBSITE",2015/09/11 00:00:00+00,IMAGERY/OTHER,2016/03/14 00:00:00+00,http://www.questarpipeline.com/,QUESTAR PIPELINE COMPANY,55,QUESTAR PIPELINE COMPANY,WITHIN 40 FEET,1,3350,1948979,0,169559,0,7065,1,2012/11/04 00:00:00+00,0,0
-109.319129,41.524031,598,598,GCOMP305,WYOMING - COLEMAN,"2.5 MILE S. OF I-80 ON HWY 191; I-80 & HWY 191 SOUTH --> SIDE STREET FROM 50262 US-191",GREEN RIVER,WY,82935,NOT AVAILABLE,NATURAL GAS COMPRESSOR STATION,IN SERVICE,SWEETWATER,56037,USA,41.524031,-109.319129,486210,PIPELINE TRANSPORTATION OF NATURAL GAS,"EPA ENVIROFACTS, FERC FORM 2, CORPORATE WEBSITE",2015/09/11 00:00:00+00,IMAGERY/OTHER,2016/03/14 00:00:00+00,http://www.questarpipeline.com/,QUESTAR PIPELINE COMPANY,55,QUESTAR PIPELINE COMPANY,WITHIN 40 FEET,2,6530,20188341,682470,450968,263106,8819,2,2012/05/12 00:00:00+00,0,0
-109.311286,41.5214510000001,599,599,GCOMP306,WYOMING - KANDA,"2.5 MILE S. OF I-80 ON HWY 191; I-80 & HWY 191 SOUTH --> SIDE STREET FROM 50262 US-191",GREEN RIVER,WY,82935,NOT AVAILABLE,NATURAL GAS COMPRESSOR STATION,IN SERVICE,SWEETWATER,56037,USA,41.521451,-109.311286,486210,PIPELINE TRANSPORTATION OF NATURAL GAS,"EPA ENVIROFACTS, FERC FORM 2, CORPORATE WEBSITE",2015/09/11 00:00:00+00,IMAGERY/OTHER,2016/03/14 00:00:00+00,http://www.questarpipeline.com/,QUESTAR PIPELINE COMPANY,55,QUESTAR PIPELINE COMPANY,WITHIN 40 FEET,4,7160,9781764,538889,136434,209128,8019,4,2012/05/11 00:00:00+00,0,0
-109.319475,41.5226210000001,600,600,GCOMP307,WYOMING - NIGHTINGALE,"2.5 MILE S. OF I-80 ON HWY 191; I-80 & HWY 191 SOUTH --> SIDE STREET FROM 50262 US-191",GREEN RIVER,WY,82935,NOT AVAILABLE,NATURAL GAS COMPRESSOR STATION,IN SERVICE,SWEETWATER,56037,USA,41.522621,-109.319475,486210,PIPELINE TRANSPORTATION OF NATURAL GAS,"EPA ENVIROFACTS, FERC FORM 2, CORPORATE WEBSITE",2015/09/11 00:00:00+00,IMAGERY/OTHER,2016/03/14 00:00:00+00,http://www.questarpipeline.com/,QUESTAR PIPELINE COMPANY,55,QUESTAR PIPELINE COMPANY,WITHIN 40 FEET,3,6140,8771977,965071,305824,366268,16578,3,2012/05/03 00:00:00+00,0,0
-80.176295,38.790331,601,601,GCOMP308,O'DELL,2.54 MILES NE OF ALEXANDER,ODELL,WV,26234,NOT AVAILABLE,NATURAL GAS COMPRESSOR STATION,IN SERVICE,UPSHUR,54097,USA,38.790331,-80.176295,486210,PIPELINE TRANSPORTATION OF NATURAL GAS,"FERC FORM 2, U.S. FEDERAL REGISTER",2015/10/16 00:00:00+00,IMAGERY/OTHER,2016/03/14 00:00:00+00,http://escript.dom.com/,"DOMINION TRANSMISSION, INC.",22,"DOMINION TRANSMISSION, INC.",WITHIN 40 FEET,1,115,290171,16447,98831,5895,8931,1,2012/07/13 00:00:00+00,0,0
-114.89434,36.418892,602,602,GCOMP309,DRY LAKE,"2.6 MI NORTH INTERSECTION US HWY 15 & NV RT 93; (2 KM FROM GARNET, NV)",GARNET,NV,89037,NOT AVAILABLE,NATURAL GAS COMPRESSOR STATION,IN SERVICE,CLARK,32003,USA,36.418892,-114.89434,486210,PIPELINE TRANSPORTATION OF NATURAL GAS,"EPA ENVIROFACTS, FERC FORM 2, CORPORATE WEBSITE",2015/09/17 00:00:00+00,IMAGERY/OTHER,2016/03/14 00:00:00+00,http://services.kernrivergas.com/,KERN RIVER GAS TRANSMISSION COMPANY,99,KERN RIVER GAS TRANSMISSION COMPANY,WITHIN 40 FEET,2,31000,45735410,4616918,259680,1721487,16232,2,2012/12/18 00:00:00+00,-999,1041600
-84.967842482,44.8381575500001,603,603,GCOMP31,COLD SPRINGS 1 (ELECTRIC),10000 PFLUM RD NE,MANCELONA,MI,49659,NOT AVAILABLE,NATURAL GAS COMPRESSOR STATION,IN SERVICE,KALKASKA,26079,USA,44.83815755,-84.967842482,486210,PIPELINE TRANSPORTATION OF NATURAL GAS,"EPA ENVIROFACTS, FERC FORM 2, CORPORATE WEBSITE",2015/10/21 00:00:00+00,IMAGERY/OTHER,2016/03/14 00:00:00+00,http://anrebb.transcanada.com/,ANR PIPELINE COMPANY,48,ANR PIPELINE COMPANY,WITHIN 40 FEET,1,7000,63198653,2381,262860,924,2879,1,2012/07/30 00:00:00+00,1447040,14500800
-103.302572375,31.9560251400001,604,604,GCOMP310,STATION 139 - LEA,2.6 MILES WEST OF COUNTY ROAD 101,KERMIT,TX,79745,NOT AVAILABLE,NATURAL GAS COMPRESSOR STATION,IN SERVICE,WINKLER,48495,USA,31.95602514,-103.302572375,486210,PIPELINE TRANSPORTATION OF NATURAL GAS,"EPA ENVIROFACTS, FERC FORM 2, CORPORATE WEBSITE",2015/09/16 00:00:00+00,IMAGERY/OTHER,2016/03/14 00:00:00+00,http://www.kindermorgan.com/,NATURAL GAS PIPELINE COMPANY OF AMERICA LLC,26,NATURAL GAS PIPELINE COMPANY OF AMERICA LLC,WITHIN 40 FEET,1,3250,3836008,0,0,0,0,0,1970/01/01 00:00:00+00,0,0
-78.818843688,39.0402864320001,605,605,GCOMP311,HARDY,200 BRANTS TEETS RD,BAKER,WV,26801,NOT AVAILABLE,NATURAL GAS COMPRESSOR STATION,IN SERVICE,HARDY,54031,USA,39.040286432,-78.818843688,486210,PIPELINE TRANSPORTATION OF NATURAL GAS,"EPA ENVIROFACTS, FERC FORM 2, CORPORATE WEBSITE",2015/09/28 00:00:00+00,IMAGERY/OTHER,2016/03/14 00:00:00+00,http://www.columbiapipeinfo.com/,"COLUMBIA GAS TRANSMISSION,LLC",21,"COLUMBIA GAS TRANSMISSION,LLC",WITHIN 40 FEET,2,7100,-999,0,0,0,0,0,1970/01/01 00:00:00+00,0,0
-81.2722879999999,38.486659,606,606,GCOMP312,CORNWELL,200 RIVER HAVEN RD,CLENDENIN,WV,25045,NOT AVAILABLE,NATURAL GAS COMPRESSOR STATION,IN SERVICE,KANAWHA,54039,USA,38.486659,-81.272288,486210,PIPELINE TRANSPORTATION OF NATURAL GAS,"EPA ENVIROFACTS, FERC FORM 2, CORPORATE WEBSITE",2015/09/25 00:00:00+00,IMAGERY/OTHER,2016/03/14 00:00:00+00,http://escript.dom.com/,"DOMINION TRANSMISSION, INC.",22,"DOMINION TRANSMISSION, INC.",WITHIN 40 FEET,13,17710,39236164,1081140,1646314,395452,49134,9,2012/04/03 00:00:00+00,0,0
-92.181233,32.5549560000001,607,607,GCOMP313,#47 - WEST MONROE,200 WORTHEY RD.,WEST MONROE,LA,71291,NOT AVAILABLE,NATURAL GAS COMPRESSOR STATION,IN SERVICE,OUACHITA,22073,USA,32.554956,-92.181233,486210,PIPELINE TRANSPORTATION OF NATURAL GAS,"EPA ENVIROFACTS, FERC FORM 2, CORPORATE WEBSITE",2015/09/03 00:00:00+00,IMAGERY/OTHER,2016/03/14 00:00:00+00,http://pipeline2.kindermorgan.com/,"TENNESSEE GAS PIPELINE COMPANY, L.L.C.",9,"TENNESSEE GAS PIPELINE COMPANY, L.L.C.",WITHIN 40 FEET,11,38510,51562674,3128738,2716475,1119211,37935,8,2012/02/11 00:00:00+00,0,0
-77.173473681,42.9340066950001,608,608,GCOMP314,#237 - CLIFTON SPRINGS,2001 ARCHER RD.,CLIFTON SPRINGS,NY,14432,NOT AVAILABLE,NATURAL GAS COMPRESSOR STATION,IN SERVICE,ONTARIO,36069,USA,42.934006695,-77.173473681,486210,PIPELINE TRANSPORTATION OF NATURAL GAS,"EPA ENVIROFACTS, FERC FORM 2, CORPORATE WEBSITE",2015/09/03 00:00:00+00,IMAGERY/OTHER,2016/03/14 00:00:00+00,http://pipeline2.kindermorgan.com/,"TENNESSEE GAS PIPELINE COMPANY, L.L.C.",9,"TENNESSEE GAS PIPELINE COMPANY, L.L.C.",WITHIN 40 FEET,3,8000,18438742,854374,717990,308542,10724,1,2012/09/11 00:00:00+00,0,0
-95.0608191109999,39.1369531400001,609,609,GCOMP315,542 TONGANOXIE,20031 207TH STREET,TONGANOXIE,KS,66086,4148,NATURAL GAS COMPRESSOR STATION,IN SERVICE,LEAVENWORTH,20103,USA,39.13695314,-95.060819111,486210,PIPELINE TRANSPORTATION OF NATURAL GAS,"EPA ENVIROFACTS, FERC FORM 2, CORPORATE WEBSITE",2015/09/10 00:00:00+00,IMAGERY/OTHER,2016/03/14 00:00:00+00,https://csi.sscgp.com/,"SOUTHERN STAR CENTRAL GAS PIPELINE, INC.",43,"SOUTHERN STAR CENTRAL GAS PIPELINE, INC.",WITHIN 40 FEET,7,7510,5441607,30016,164356,10634,390,1,2012/01/12 00:00:00+00,0,0
-89.026802,30.9482150000001,610,610,GCOMP316,STATION 10,201 FLORIDA GAS RD.,WIGGINS,MS,39577,NOT AVAILABLE,NATURAL GAS COMPRESSOR STATION,IN SERVICE,PERRY,28111,USA,30.948215,-89.026802,486210,PIPELINE TRANSPORTATION OF NATURAL GAS,"EPA ENVIROFACTS, FERC FORM 2, CORPORATE WEBSITE",2015/09/18 00:00:00+00,IMAGERY/OTHER,2016/03/14 00:00:00+00,http://fgttransfer.energytransfer.com/,"FLORIDA GAS TRANSMISSION COMPANY, LLC",34,"FLORIDA GAS TRANSMISSION COMPANY, LLC",WITHIN 40 FEET,8,20600,41024223,2902438,1862793,1017466,55618,8,2012/01/03 00:00:00+00,0,0
-88.692412426,33.8702548100001,611,611,GCOMP317,EGYPT,20161 OLD HOUSTON ROAD,ABERDEEN,MS,39730,8555,NATURAL GAS COMPRESSOR STATION,IN SERVICE,MONROE,28095,USA,33.87025481,-88.692412426,486210,PIPELINE TRANSPORTATION OF NATURAL GAS,"EPA ENVIROFACTS, FERC FORM 2, CORPORATE WEBSITE",2015/09/01 00:00:00+00,IMAGERY/OTHER,2016/03/14 00:00:00+00,http://www.spectraenergy.com/,"TEXAS EASTERN TRANSMISSION, LP",17,"TEXAS EASTERN TRANSMISSION, LP",WITHIN 40 FEET,3,55000,18166360,0,0,0,2915,0,1970/01/01 00:00:00+00,6110649,43475417
-81.046779,27.2375870000001,612,612,GCOMP318,STATION 29,20179 SR-70,OKEECHOBEE,FL,34972,NOT AVAILABLE,NATURAL GAS COMPRESSOR STATION,IN SERVICE,HIGHLANDS,12055,USA,27.237587,-81.046779,486210,PIPELINE TRANSPORTATION OF NATURAL GAS,"FERC FORM 2, CORPORATE WEBSITE",2015/08/28 00:00:00+00,IMAGERY/OTHER,2016/03/14 00:00:00+00,http://fgttransfer.energytransfer.com/,"FLORIDA GAS TRANSMISSION COMPANY, LLC",34,"FLORIDA GAS TRANSMISSION COMPANY, LLC",WITHIN 40 FEET,2,15600,33282064,434055,155297,155350,2638,2,2012/01/03 00:00:00+00,0,0
-81.046215,40.6221850000001,613,613,GCOMP319,#214 - CARROLLTON,2029 COBBLER RD. NE,CARROLLTON,OH,44615,NOT AVAILABLE,NATURAL GAS COMPRESSOR STATION,IN SERVICE,CARROLL,39019,USA,40.622185,-81.046215,486210,PIPELINE TRANSPORTATION OF NATURAL GAS,"EPA ENVIROFACTS, FERC FORM 2, CORPORATE WEBSITE",2015/09/03 00:00:00+00,IMAGERY/OTHER,2016/03/14 00:00:00+00,http://pipeline2.kindermorgan.com/,"TENNESSEE GAS PIPELINE COMPANY, L.L.C.",9,"TENNESSEE GAS PIPELINE COMPANY, L.L.C.",WITHIN 40 FEET,13,19880,22405151,141711,929863,51301,174,3,2012/04/13 00:00:00+00,0,0
-83.690779,33.83088,614,614,GCOMP32,NO. 125 MONROE,1001 JAMES HUFF RD.,MONROE,GA,30656,NOT AVAILABLE,NATURAL GAS COMPRESSOR STATION,IN SERVICE,WALTON,13297,USA,33.83088,-83.690779,486210,PIPELINE TRANSPORTATION OF NATURAL GAS,"EPA ENVIROFACTS, FERC FORM 2, CORPORATE WEBSITE",2015/08/25 00:00:00+00,IMAGERY/OTHER,2016/03/14 00:00:00+00,http://www.1line.williams.com/,"TRANSCONTINENTAL GAS PIPE LINE COMPANY, LLC",29,"TRANSCONTINENTAL GAS PIPE LINE COMPANY, LLC",WITHIN 40 FEET,5,40800,65076363,1532560,637198,536184,5537,3,2013/01/26 00:00:00+00,306582,6854000
-88.220813242,35.1590486100001,615,615,GCOMP320,#856 - SAVANNAH,2030 HIGHWAY 226,SAVANNAH,TN,38372,NOT AVAILABLE,NATURAL GAS COMPRESSOR STATION,IN SERVICE,HARDIN,47071,USA,35.15904861,-88.220813242,486210,PIPELINE TRANSPORTATION OF NATURAL GAS,"EPA ENVIROFACTS, FERC FORM 2, CORPORATE WEBSITE",2015/09/02 00:00:00+00,IMAGERY/OTHER,2016/03/14 00:00:00+00,http://pipeline2.kindermorgan.com/,"TENNESSEE GAS PIPELINE COMPANY, L.L.C.",9,"TENNESSEE GAS PIPELINE COMPANY, L.L.C.",WITHIN 40 FEET,2,12500,14314340,161679,183560,59588,583,1,2012/02/11 00:00:00+00,0,0
-98.466771588,37.6824889390001,616,616,GCOMP321,CUNNINGHAM,20307 NORTHEAST 150 AVENUE,CUNNINGHAM,KS,67035,9123,NATURAL GAS COMPRESSOR STATION,IN SERVICE,KINGMAN,20151,USA,37.682488939,-98.466771588,486210,PIPELINE TRANSPORTATION OF NATURAL GAS,"EPA ENVIROFACTS, FERC FORM 2, CORPORATE WEBSITE",2015/09/15 00:00:00+00,IMAGERY/OTHER,2016/03/14 00:00:00+00,http://www.northernnaturalgas.com/,NORTHERN NATURAL GAS COMPANY,59,NORTHERN NATURAL GAS COMPANY,WITHIN 40 FEET,7,16450,33239709,341404,1982586,124132,9521,5,2012/12/03 00:00:00+00,705652,7853790
-75.2235459999999,40.7654690000001,617,617,GCOMP322,EASTON,204 KLEIN RD,EASTON,PA,18045,NOT AVAILABLE,NATURAL GAS COMPRESSOR STATION,IN SERVICE,NORTHAMPTON,42095,USA,40.765469,-75.223546,486210,PIPELINE TRANSPORTATION OF NATURAL GAS,"FERC FORM 2, IMAGERY",2015/10/15 00:00:00+00,IMAGERY/OTHER,2016/03/14 00:00:00+00,http://www.columbiapipeinfo.com/,"COLUMBIA GAS TRANSMISSION,LLC",21,"COLUMBIA GAS TRANSMISSION,LLC",WITHIN 40 FEET,3,2890,7358585,13006,115281,4140,479,2,2012/10/05 00:00:00+00,5591,-999
-92.354035,31.1950560000001,618,618,GCOMP323,#827 - ALEXANDRIA,2042 HWY. 457,ALEXANDRIA,LA,71301,NOT AVAILABLE,NATURAL GAS COMPRESSOR STATION,IN SERVICE,RAPIDES,22079,USA,31.195056,-92.354035,486210,PIPELINE TRANSPORTATION OF NATURAL GAS,"EPA ENVIROFACTS, FERC FORM 2, CORPORATE WEBSITE",2015/09/02 00:00:00+00,IMAGERY/OTHER,2016/03/14 00:00:00+00,http://pipeline2.kindermorgan.com/,"TENNESSEE GAS PIPELINE COMPANY, L.L.C.",9,"TENNESSEE GAS PIPELINE COMPANY, L.L.C.",WITHIN 40 FEET,1,13400,13637795,73548,236296,27033,259,1,2012/02/11 00:00:00+00,0,0
-92.959577,30.2884710000001,619,619,GCOMP324,WOODLAWN,20421 HIGHWAY 101,WOODLAWN,LA,70647,NOT AVAILABLE,NATURAL GAS COMPRESSOR STATION,IN SERVICE,JEFFERSON DAVIS,22053,USA,30.288471,-92.959577,486210,PIPELINE TRANSPORTATION OF NATURAL GAS,"EPA ENVIROFACTS, FERC FORM 2, CORPORATE WEBSITE",2015/08/27 00:00:00+00,IMAGERY/OTHER,2016/03/14 00:00:00+00,http://infopost.bwpmlp.com/,"TEXAS GAS TRANSMISSION, LLC",18,"TEXAS GAS TRANSMISSION, LLC",WITHIN 40 FEET,1,896,1779181,240,38291,95,0,0,1970/01/01 00:00:00+00,0,0
-92.05728,41.3593760000001,620,620,GCOMP325,#16 - JOHNSON COUNTY,20425 285TH AVE,HARPER,IA,52231,NOT AVAILABLE,NATURAL GAS COMPRESSOR STATION,IN SERVICE,KEOKUK,19107,USA,41.359376,-92.05728,486210,PIPELINE TRANSPORTATION OF NATURAL GAS,"EPA ENVIROFACTS, FERC FORM 2, CORPORATE WEBSITE",2015/09/15 00:00:00+00,IMAGERY/OTHER,2016/03/14 00:00:00+00,http://www.northernborder.com/,NORTHERN BORDER PIPELINE COMPANY,89,NORTHERN BORDER PIPELINE COMPANY,WITHIN 166 FEET,1,16000,19112599,0,178177,528,7194,1,2012/04/14 00:00:00+00,5002181,76172656
-88.012230958,31.116569181,621,621,GCOMP326,STATION 11 & 11-A,20451 HIGHWAY 43,MT. VERNON,AL,36560,NOT AVAILABLE,NATURAL GAS COMPRESSOR STATION,IN SERVICE,MOBILE,01097,USA,31.116569181,-88.012230958,486210,PIPELINE TRANSPORTATION OF NATURAL GAS,"EPA ENVIROFACTS, FERC FORM 2, CORPORATE WEBSITE",2015/09/18 00:00:00+00,IMAGERY/OTHER,2016/03/14 00:00:00+00,http://fgttransfer.energytransfer.com/,"FLORIDA GAS TRANSMISSION COMPANY, LLC",34,"FLORIDA GAS TRANSMISSION COMPANY, LLC",WITHIN 40 FEET,11,102400,129046667,7548589,9454071,2642805,58166,7,2012/01/03 00:00:00+00,6760013,99436953
-108.407741,44.8364090000001,622,622,GCOMP327,LOVELL,2046 US-14A,LOVELL,WY,82431,NOT AVAILABLE,NATURAL GAS COMPRESSOR STATION,IN SERVICE,BIG HORN,56003,USA,44.836409,-108.407741,486210,PIPELINE TRANSPORTATION OF NATURAL GAS,"EPA ENVIROFACTS, FERC FORM 2, CORPORATE WEBSITE",2015/08/17 00:00:00+00,IMAGERY/OTHER,2016/03/14 00:00:00+00,http://transmission.wbienergy.com/,WILLISTON BASIN INTERSTATE PIPELINE COMPANY,49,WILLISTON BASIN INTERSTATE PIPELINE COMPANY,WITHIN 40 FEET,2,1600,2644156,4948,136711,1786,69,2,2012/01/22 00:00:00+00,0,0
-93.550758757,45.3430448220001,623,623,GCOMP328,ELK RIVER,205TH AVENUE NW/EAST OF AUBURN ST NW,ELK RIVER,MN,55330,NOT AVAILABLE,NATURAL GAS COMPRESSOR STATION,IN SERVICE,SHERBURNE,27141,USA,45.343044822,-93.550758757,486210,PIPELINE TRANSPORTATION OF NATURAL GAS,"MINNESOTA PUBLIC UTILTIES COMMISSION, CORPORATE WEBSITE",2015/08/31 00:00:00+00,IMAGERY/OTHER,2016/03/14 00:00:00+00,http://www.northernnaturalgas.com/,NORTHERN NATURAL GAS COMPANY,59,NORTHERN NATURAL GAS COMPANY,WITHIN 40 FEET,1,1100,5072106,0,155660,0,10,1,2012/01/19 00:00:00+00,11708,40800
-86.714054166,35.426949662,624,624,GCOMP329,LEWISBURG,2065 FAYETTEVILLE HIGHWAY,BELFAST,TN,37019,2090,NATURAL GAS COMPRESSOR STATION,IN SERVICE,MARSHALL,47117,USA,35.426949662,-86.714054166,486210,PIPELINE TRANSPORTATION OF NATURAL GAS,"EPA ENVIROFACTS, FERC FORM 2, CORPORATE WEBSITE",2015/09/22 00:00:00+00,IMAGERY/OTHER,2016/03/14 00:00:00+00,http://www.spectraenergy.com/,"EAST TENNESSEE NATURAL GAS, LLC",2,"EAST TENNESSEE NATURAL GAS, LLC",WITHIN 40 FEET,2,2440,4365075,444959,0,162849,12395,0,2012/01/03 00:00:00+00,0,0
-77.6866669999999,41.979722,625,625,GCOMP33,HARRISON,1001 PLEASANT VALLEY RD,HARRISON VALLEY,PA,16927,NOT AVAILABLE,NATURAL GAS COMPRESSOR STATION,IN SERVICE,POTTER,42105,USA,41.979722,-77.686667,486210,PIPELINE TRANSPORTATION OF NATURAL GAS,"EPA ENVIROFACTS, FERC FORM 2, CORPORATE WEBSITE",2015/09/24 00:00:00+00,IMAGERY/OTHER,2016/03/14 00:00:00+00,http://escript.dom.com/,"DOMINION TRANSMISSION, INC.",22,"DOMINION TRANSMISSION, INC.",WITHIN 40 FEET,6,11100,15021908,243027,1949376,88167,11386,6,2012/03/24 00:00:00+00,0,0
-83.606081,30.1625960000001,626,626,GCOMP330,STATION 15 & 15-A,2065 PISGAH RD.,PERRY,FL,32347,NOT AVAILABLE,NATURAL GAS COMPRESSOR STATION,IN SERVICE,TAYLOR,12123,USA,30.162596,-83.606081,486210,PIPELINE TRANSPORTATION OF NATURAL GAS,"EPA ENVIROFACTS, FERC FORM 2, CORPORATE WEBSITE",2015/09/18 00:00:00+00,IMAGERY/OTHER,2016/03/14 00:00:00+00,http://fgttransfer.energytransfer.com/,"FLORIDA GAS TRANSMISSION COMPANY, LLC",34,"FLORIDA GAS TRANSMISSION COMPANY, LLC",WITHIN 40 FEET,9,58200,90502121,3082549,6990355,1095626,42062,7,2012/01/03 00:00:00+00,5562596,54435227
-102.78833071,46.8461479170001,627,627,GCOMP331,DICKINSON,2069 MAIN S,DICKINSON,ND,58601,NOT AVAILABLE,NATURAL GAS COMPRESSOR STATION,IN SERVICE,STARK,38089,USA,46.846147917,-102.78833071,486210,PIPELINE TRANSPORTATION OF NATURAL GAS,"EPA ENVIROFACTS, FERC FORM 2, CORPORATE WEBSITE",2015/08/17 00:00:00+00,IMAGERY/OTHER,2016/03/14 00:00:00+00,http://transmission.wbienergy.com/,WILLISTON BASIN INTERSTATE PIPELINE COMPANY,49,WILLISTON BASIN INTERSTATE PIPELINE COMPANY,WITHIN 40 FEET,4,3230,2250034,21648,267887,7907,1447,3,2012/12/29 00:00:00+00,857,1611
-92.0550039999999,41.355425,628,628,GCOMP332,STATION 109 - HARPER,20743 285TH AVENUE,HARPER,IA,52231,8701,NATURAL GAS COMPRESSOR STATION,IN SERVICE,KEOKUK,19107,USA,41.355425,-92.055004,486210,PIPELINE TRANSPORTATION OF NATURAL GAS,"EPA ENVIROFACTS, FERC FORM 2, CORPORATE WEBSITE",2015/09/16 00:00:00+00,IMAGERY/OTHER,2016/03/14 00:00:00+00,http://www.kindermorgan.com/,NATURAL GAS PIPELINE COMPANY OF AMERICA LLC,26,NATURAL GAS PIPELINE COMPANY OF AMERICA LLC,WITHIN 40 FEET,6,29650,32653019,0,0,928393,23403,6,2012/06/11 00:00:00+00,0,0
-92.588240707,45.3123182250001,629,629,GCOMP333,STATION 2222 OSCEOLA,2077 70TH AVE,OSCEOLA,WI,54020,NOT AVAILABLE,NATURAL GAS COMPRESSOR STATION,IN SERVICE,POLK,55095,USA,45.312318225,-92.588240707,486210,PIPELINE TRANSPORTATION OF NATURAL GAS,"EPA ENVIROFACTS, FERC FORM 2, CORPORATE WEBSITE",2015/08/19 00:00:00+00,IMAGERY/OTHER,2016/03/14 00:00:00+00,http://www.vgt.nborder.com/,VIKING GAS TRANSMISSION COMPANY,82,VIKING GAS TRANSMISSION COMPANY,WITHIN 40 FEET,3,4800,10411638,0,0,2243,202,2,2012/09/25 00:00:00+00,0,0
-86.5575679999999,36.6160860000001,630,630,GCOMP334,#87 - PORTLAND,208 TGT ROAD,PORTLAND,TN,37148,NOT AVAILABLE,NATURAL GAS COMPRESSOR STATION,IN SERVICE,SUMNER,47165,USA,36.616086,-86.557568,486210,PIPELINE TRANSPORTATION OF NATURAL GAS,"EPA ENVIROFACTS, FERC FORM 2, CORPORATE WEBSITE",2015/09/02 00:00:00+00,IMAGERY/OTHER,2016/03/14 00:00:00+00,http://pipeline2.kindermorgan.com/,"TENNESSEE GAS PIPELINE COMPANY, L.L.C.",9,"TENNESSEE GAS PIPELINE COMPANY, L.L.C.",WITHIN 40 FEET,22,49700,54463866,1683352,1873734,581543,29015,7,2012/10/31 00:00:00+00,0,0
-109.084481829,32.2142400230001,631,631,GCOMP335,SAN SIMON,2091 CAVOT RD,SAN SIMON,AZ,85632,NOT AVAILABLE,NATURAL GAS COMPRESSOR STATION,IN SERVICE,COCHISE,04003,USA,32.214240023,-109.084481829,486210,PIPELINE TRANSPORTATION OF NATURAL GAS,"EPA ENVIROFACTS, FERC FORM 2, CORPORATE WEBSITE",2015/09/21 00:00:00+00,IMAGERY/OTHER,2016/03/14 00:00:00+00,https://pipeportal.kindermorgan.com/,"EL PASO NATURAL GAS COMPANY, L.L.C.",33,"EL PASO NATURAL GAS COMPANY, L.L.C.",WITHIN 40 FEET,3,20010,6756859,37863,119577,16271,287,3,2012/04/04 00:00:00+00,0,0
-77.591301179,38.6259607480001,632,632,GCOMP336,QUANTICO,2092 LAWS FORD RD,CATLETT,VA,20119,NOT AVAILABLE,NATURAL GAS COMPRESSOR STATION,IN SERVICE,FAUQUIER,51061,USA,38.625960748,-77.591301179,486210,PIPELINE TRANSPORTATION OF NATURAL GAS,"EPA ENVIROFACTS, FERC FORM 2, CORPORATE WEBSITE",2015/09/24 00:00:00+00,IMAGERY/OTHER,2016/03/14 00:00:00+00,http://escript.dom.com/,"DOMINION TRANSMISSION, INC.",22,"DOMINION TRANSMISSION, INC.",WITHIN 40 FEET,2,13900,22268649,61646,236558,22259,276,1,2012/10/30 00:00:00+00,0,0
-101.177112833,37.9158143220001,633,633,GCOMP337,LAKIN,2096 ROAD 25,LAKIN,KS,67860,NOT AVAILABLE,NATURAL GAS COMPRESSOR STATION,IN SERVICE,KEARNY,20093,USA,37.915814322,-101.177112833,486210,PIPELINE TRANSPORTATION OF NATURAL GAS,"EPA ENVIROFACTS, FERC FORM 2, CORPORATE WEBSITE",2015/09/09 00:00:00+00,IMAGERY/OTHER,2016/03/14 00:00:00+00,http://pipeline.tallgrassenergylp.com/,TALLGRASS INTERSTATE GAS TRANSMISSION LLC,53,TALLGRASS INTERSTATE GAS TRANSMISSION LLC,WITHIN 40 FEET,4,12005,10253314,0,0,190297,10981,2,2012/12/04 00:00:00+00,0,0
-88.8648239999999,37.223581,634,634,GCOMP338,ILLINOIS - JOPPA - MASSAC COUNTY,2101 PORTLAND ROAD,JOPPA,IL,62953,NOT AVAILABLE,NATURAL GAS COMPRESSOR STATION,IN SERVICE,MASSAC,17127,USA,37.223581,-88.864824,486210,PIPELINE TRANSPORTATION OF NATURAL GAS,"EPA ENVIROFACTS, FERC FORM 2, CORPORATE WEBSITE",2015/08/20 00:00:00+00,IMAGERY/OTHER,2016/03/14 00:00:00+00,http://feptransfer.energytransfer.com/,"TRUNKLINE GAS COMPANY, LLC",30,"TRUNKLINE GAS COMPANY, LLC",WITHIN 40 FEET,8,27800,17882271,2560073,2152713,951309,28942,6,2012/01/14 00:00:00+00,0,0
-103.384310805,34.227029606,635,635,GCOMP339,STATION P-1,"213 S ROOSEVELT ROAD U; 5.2 MILES NW OF PORTALES",PORTALES,NM,88130,NOT AVAILABLE,NATURAL GAS COMPRESSOR STATION,IN SERVICE,ROOSEVELT,35041,USA,34.227029606,-103.384310805,486210,PIPELINE TRANSPORTATION OF NATURAL GAS,"EPA ENVIROFACTS, FERC FORM 2, CORPORATE WEBSITE",2015/08/20 00:00:00+00,IMAGERY/OTHER,2016/03/14 00:00:00+00,http://twtransfer.energytransfer.com/,"TRANSWESTERN PIPELINE COMPANY, LLC",42,"TRANSWESTERN PIPELINE COMPANY, LLC",WITHIN 40 FEET,1,4700,7937809,8887,360139,3175,100,1,2012/07/19 00:00:00+00,0,0
-89.497266,30.2395550000001,636,636,GCOMP34,#530 - BAY ST. LOUIS,10064 LOWER BAY RD.,BAY SAINT LOUIS,MS,39520,NOT AVAILABLE,NATURAL GAS COMPRESSOR STATION,IN SERVICE,HANCOCK,28045,USA,30.239555,-89.497266,486210,PIPELINE TRANSPORTATION OF NATURAL GAS,"EPA ENVIROFACTS, FERC FORM 2, CORPORATE WEBSITE",2015/09/02 00:00:00+00,IMAGERY/OTHER,2016/03/14 00:00:00+00,http://pipeline2.kindermorgan.com/,"TENNESSEE GAS PIPELINE COMPANY, L.L.C.",9,"TENNESSEE GAS PIPELINE COMPANY, L.L.C.",WITHIN 40 FEET,9,25100,29284536,90379,283508,34449,62,1,2012/02/10 00:00:00+00,0,0
-98.290914,38.2254990000001,637,637,GCOMP340,ALDEN,2135 11TH RD,ALDEN,KS,67512,NOT AVAILABLE,NATURAL GAS COMPRESSOR STATION,IN SERVICE,RICE,20159,USA,38.225499,-98.290914,486210,PIPELINE TRANSPORTATION OF NATURAL GAS,"EPA ENVIROFACTS, FERC FORM 2, CORPORATE WEBSITE",2015/10/28 00:00:00+00,IMAGERY/OTHER,2016/03/14 00:00:00+00,http://anrebb.transcanada.com/,ANR PIPELINE COMPANY,48,ANR PIPELINE COMPANY,WITHIN 40 FEET,9,13410,14016149,1663677,828677,620623,51151,9,2012/03/11 00:00:00+00,0,0
-96.281754274,38.4701121470001,638,638,GCOMP341,532 AMERICUS,2141 ROAD E,AMERICUS,KS,66835,NOT AVAILABLE,NATURAL GAS COMPRESSOR STATION,IN SERVICE,LYON,20111,USA,38.470112147,-96.281754274,486210,PIPELINE TRANSPORTATION OF NATURAL GAS,"EPA ENVIROFACTS, FERC FORM 2, CORPORATE WEBSITE",2015/09/10 00:00:00+00,IMAGERY/OTHER,2016/03/14 00:00:00+00,https://csi.sscgp.com/,"SOUTHERN STAR CENTRAL GAS PIPELINE, INC.",43,"SOUTHERN STAR CENTRAL GAS PIPELINE, INC.",WITHIN 40 FEET,4,8000,3755030,142629,348511,58240,3747,2,2012/03/18 00:00:00+00,0,0
-85.5141,43.4386000000001,639,639,GCOMP342,WINFIELD,21453 WEST TAMARACK ROAD,HOWARD CITY,MI,49329,8710,NATURAL GAS COMPRESSOR STATION,IN SERVICE,MONTCALM,26117,USA,43.4386,-85.5141,486210,PIPELINE TRANSPORTATION OF NATURAL GAS,"EPA ENVIROFACTS, FERC FORM 2, CORPORATE WEBSITE",2015/10/21 00:00:00+00,IMAGERY/OTHER,2016/03/14 00:00:00+00,http://anrebb.transcanada.com/,ANR PIPELINE COMPANY,48,ANR PIPELINE COMPANY,WITHIN 40 FEET,3,4500,4177733,141897,209851,54233,6681,3,2012/01/23 00:00:00+00,0,0
-93.281367232,42.2820345920001,640,640,GCOMP343,HUBBARD,21497 290TH ST.,HUBBARD,IA,50122,NOT AVAILABLE,NATURAL GAS COMPRESSOR STATION,IN SERVICE,HARDIN,19083,USA,42.282034592,-93.281367232,486210,PIPELINE TRANSPORTATION OF NATURAL GAS,"EPA ENVIROFACTS, FERC FORM 2, CORPORATE WEBSITE",2015/09/15 00:00:00+00,IMAGERY/OTHER,2016/03/14 00:00:00+00,http://www.northernnaturalgas.com/,NORTHERN NATURAL GAS COMPANY,59,NORTHERN NATURAL GAS COMPANY,WITHIN 40 FEET,1,8000,11539271,0,123779,0,139,1,2012/09/13 00:00:00+00,70966,424150
-103.816618,40.1881270000001,641,641,GCOMP344,FORT MORGAN,21509 COUNTY ROAD 17,FORT MORGAN,CO,80701,NOT AVAILABLE,NATURAL GAS COMPRESSOR STATION,IN SERVICE,MORGAN,08087,USA,40.188127,-103.816618,486210,PIPELINE TRANSPORTATION OF NATURAL GAS,"EPA ENVIROFACTS, FERC FORM 2, CORPORATE WEBSITE",2015/10/19 00:00:00+00,IMAGERY/OTHER,2016/03/14 00:00:00+00,http://ebb.cigco.com/,"COLORADO INTERSTATE GAS COMPANY, L.L.C.",32,"COLORADO INTERSTATE GAS COMPANY, L.L.C.",WITHIN 40 FEET,6,6551,22048599,245262,676671,94059,15365,6,2012/11/17 00:00:00+00,0,0
-74.821173942,41.3548194860001,642,642,GCOMP345,MILFORD,216 FIRE TOWER RD,MILFORD,PA,18337,NOT AVAILABLE,NATURAL GAS COMPRESSOR STATION,IN SERVICE,PIKE,42103,USA,41.354819486,-74.821173942,486210,PIPELINE TRANSPORTATION OF NATURAL GAS,"EPA ENVIROFACTS, FERC FORM 2, CORPORATE WEBSITE",2015/09/28 00:00:00+00,IMAGERY/OTHER,2016/03/14 00:00:00+00,http://www.columbiapipeinfo.com/,"COLUMBIA GAS TRANSMISSION,LLC",21,"COLUMBIA GAS TRANSMISSION,LLC",WITHIN 40 FEET,2,680,1044413,56,85018,16,28,2,2012/07/26 00:00:00+00,0,0
-83.704513,38.229159,643,643,GCOMP346,OWINGSVILLE,216 OLD OAKLEY PEBBLE ROAD,OWINGSVILLE,KY,40360,NOT AVAILABLE,NATURAL GAS COMPRESSOR STATION,IN SERVICE,BATH,21011,USA,38.229159,-83.704513,486210,PIPELINE TRANSPORTATION OF NATURAL GAS,"EPA ENVIROFACTS, FERC FORM 2, CORPORATE WEBSITE",2015/08/31 00:00:00+00,IMAGERY/OTHER,2016/03/14 00:00:00+00,http://www.spectraenergy.com/,"TEXAS EASTERN TRANSMISSION, LP",17,"TEXAS EASTERN TRANSMISSION, LP",WITHIN 40 FEET,5,50500,39867322,440427,0,169790,2205,4,2012/02/14 00:00:00+00,57344,569280
-107.769963719,37.098099866,644,644,GCOMP347,LA PLATA A,2165 CR-318,IGNACIO,CO,81137,NOT AVAILABLE,NATURAL GAS COMPRESSOR STATION,IN SERVICE,LA PLATA,08067,USA,37.098099866,-107.769963719,486210,PIPELINE TRANSPORTATION OF NATURAL GAS,"EPA ENVIROFACTS, FERC FORM 2, CORPORATE WEBSITE",2015/09/14 00:00:00+00,IMAGERY/OTHER,2016/03/14 00:00:00+00,http://www.northwest.williams.com/,NORTHWEST PIPELINE GP,37,NORTHWEST PIPELINE GP,WITHIN 40 FEET,2,12500,1356172,35734,0,13656,0,0,1970/01/01 00:00:00+00,0,0
-113.362777,35.1974480000001,645,645,GCOMP348,STATION 1,21721 FORT ROCK RD,KINGMAN,AZ,86401,NOT AVAILABLE,NATURAL GAS COMPRESSOR STATION,IN SERVICE,MOHAVE,04015,USA,35.197448,-113.362777,486210,PIPELINE TRANSPORTATION OF NATURAL GAS,"EPA ENVIROFACTS, FERC FORM 2, CORPORATE WEBSITE",2015/08/21 00:00:00+00,IMAGERY/OTHER,2016/03/14 00:00:00+00,http://twtransfer.energytransfer.com/,"TRANSWESTERN PIPELINE COMPANY, LLC",42,"TRANSWESTERN PIPELINE COMPANY, LLC",WITHIN 40 FEET,1,41500,40330095,2780501,1201152,926608,7446,1,2012/07/13 00:00:00+00,0,0
-118.29353495,46.5356536800001,646,646,GCOMP349,#7- STARBUCK,21725 LYONS FERRY RD,PRESCOTT,WA,99348,NOT AVAILABLE,NATURAL GAS COMPRESSOR STATION,IN SERVICE,WALLA WALLA,53071,USA,46.53565368,-118.29353495,486210,PIPELINE TRANSPORTATION OF NATURAL GAS,"EPA ENVIROFACTS, FERC FORM 2, CORPORATE WEBSITE",2015/09/18 00:00:00+00,IMAGERY/OTHER,2016/03/14 00:00:00+00,http://www.gastransmissionnw.com/,GAS TRANSMISSION NORTHWEST LLC,86,GAS TRANSMISSION NORTHWEST LLC,WITHIN 40 FEET,2,54000,59592073,293824,97062,107628,708,1,2012/06/14 00:00:00+00,0,0
-89.2978450969999,32.005238859,647,647,GCOMP35,BAY SPRINGS,10064 LOWER BAY ROAD,BAY SPRINGS,MS,39422,NOT AVAILABLE,NATURAL GAS COMPRESSOR STATION,IN SERVICE,JASPER,28061,USA,32.005238859,-89.297845097,486210,PIPELINE TRANSPORTATION OF NATURAL GAS,"EPA ENVIROFACTS, FERC FORM 2, CORPORATE WEBSITE",2015/09/10 00:00:00+00,IMAGERY/OTHER,2016/03/14 00:00:00+00,http://ixsnp.sonetpremier.com/,"SOUTHERN NATURAL GAS COMPANY, L.L.C.",7,"SOUTHERN NATURAL GAS COMPANY, L.L.C.",WITHIN 40 FEET,3,28670,36530726,5019008,378696,1784882,17857,3,2012/12/29 00:00:00+00,0,0
-85.1109779079999,37.3447319920001,648,648,GCOMP350,#1871 - DRY CREEK,2184 DRY CREEK RD,ELKHORN,KY,42733,NOT AVAILABLE,NATURAL GAS COMPRESSOR STATION,IN SERVICE,PIKE,21045,USA,37.344731992,-85.110977908,486210,PIPELINE TRANSPORTATION OF NATURAL GAS,"EPA ENVIROFACTS, FERC FORM 2, CORPORATE WEBSITE, IMAGERY",2015/08/18 00:00:00+00,IMAGERY/OTHER,2016/03/14 00:00:00+00,http://pipeline2.kindermorgan.com/,"TENNESSEE GAS PIPELINE COMPANY, L.L.C.",9,"TENNESSEE GAS PIPELINE COMPANY, L.L.C.",WITHIN 40 FEET,2,2400,3844939,18921,58339,6819,1370,1,2012/11/07 00:00:00+00,0,0
-91.3491089999999,41.235085,649,649,GCOMP351,STATION 214 - COLUMBUS JUNCTION,21840 120TH ST,COLUMBUS JUNCTION,IA,52738,NOT AVAILABLE,NATURAL GAS COMPRESSOR STATION,IN SERVICE,LOUISA,19115,USA,41.235085,-91.349109,486210,PIPELINE TRANSPORTATION OF NATURAL GAS,"FERC FORM 2, IMAGERY",2015/10/02 00:00:00+00,IMAGERY/OTHER,2016/03/14 00:00:00+00,http://www.kindermorgan.com/,NATURAL GAS PIPELINE COMPANY OF AMERICA LLC,26,NATURAL GAS PIPELINE COMPANY OF AMERICA LLC,WITHIN 40 FEET,1,3500,10029206,0,0,57473,2530,1,2012/06/30 00:00:00+00,0,0
-107.545476113,45.7389779900001,650,650,GCOMP352,HARDIN,2185 MT-384,CROW AGENCY,MT,59022,NOT AVAILABLE,NATURAL GAS COMPRESSOR STATION,IN SERVICE,BIG HORN,30003,USA,45.73897799,-107.545476113,486210,PIPELINE TRANSPORTATION OF NATURAL GAS,"EPA ENVIROFACTS, FERC FORM 2, CORPORATE WEBSITE",2015/08/17 00:00:00+00,IMAGERY/OTHER,2016/03/14 00:00:00+00,http://transmission.wbienergy.com/,WILLISTON BASIN INTERSTATE PIPELINE COMPANY,49,WILLISTON BASIN INTERSTATE PIPELINE COMPANY,WITHIN 40 FEET,4,2640,2439256,356129,427136,135277,21782,4,2012/02/08 00:00:00+00,0,0
-91.349914,41.2342180000001,651,651,GCOMP353,STATION 204 - COLUMBUS JUNCTION,21864 120TH ST STATION 204,COLUMBUS JUNCTION,IA,52738,NOT AVAILABLE,NATURAL GAS COMPRESSOR STATION,IN SERVICE,LOUISA,19115,USA,41.234218,-91.349914,486210,PIPELINE TRANSPORTATION OF NATURAL GAS,"EPA ENVIROFACTS, FERC FORM 2, CORPORATE WEBSITE",2015/09/16 00:00:00+00,IMAGERY/OTHER,2016/03/14 00:00:00+00,http://www.kindermorgan.com/,NATURAL GAS PIPELINE COMPANY OF AMERICA LLC,26,NATURAL GAS PIPELINE COMPANY OF AMERICA LLC,WITHIN 40 FEET,7,19780,68777963,0,0,231181,14602,6,2012/03/03 00:00:00+00,0,0
-76.4081659999999,42.439311,652,652,GCOMP354,BORGER,219 ELLIS HOLLOW CREEK ROAD,ITHACA,NY,14850,NOT AVAILABLE,NATURAL GAS COMPRESSOR STATION,IN SERVICE,TOMPKINS,36109,USA,42.439311,-76.408166,486210,PIPELINE TRANSPORTATION OF NATURAL GAS,"EPA ENVIROFACTS, FERC FORM 2, CORPORATE WEBSITE",2015/09/25 00:00:00+00,IMAGERY/OTHER,2016/03/14 00:00:00+00,http://escript.dom.com/,"DOMINION TRANSMISSION, INC.",22,"DOMINION TRANSMISSION, INC.",WITHIN 40 FEET,3,21910,26875368,509458,1220016,164329,3569,1,2012/01/09 00:00:00+00,0,0
-93.321568886,44.2694814810001,653,653,GCOMP355,FARIBAULT,21903 CANBY AVE,FARIBAULT,MN,55021,NOT AVAILABLE,NATURAL GAS COMPRESSOR STATION,IN SERVICE,RICE,27131,USA,44.269481481,-93.321568886,486210,PIPELINE TRANSPORTATION OF NATURAL GAS,"EPA ENVIROFACTS, FERC FORM 2, CORPORATE WEBSITE",2015/09/15 00:00:00+00,IMAGERY/OTHER,2016/03/14 00:00:00+00,http://www.northernnaturalgas.com/,NORTHERN NATURAL GAS COMPANY,59,NORTHERN NATURAL GAS COMPANY,WITHIN 40 FEET,1,13136,16625523,1401710,89880,505854,4522,1,2012/12/31 00:00:00+00,20850,137440
-103.809610826,32.530298568,654,654,GCOMP356,STATION WT-1,22 MILES E OF CARLSBAD ON US 180,CARLSBAD,NM,88221,NOT AVAILABLE,NATURAL GAS COMPRESSOR STATION,IN SERVICE,EDDY,35015,USA,32.530298568,-103.809610826,486210,PIPELINE TRANSPORTATION OF NATURAL GAS,"EPA ENVIROFACTS, FERC FORM 2, CORPORATE WEBSITE",2015/08/20 00:00:00+00,IMAGERY/OTHER,2016/03/14 00:00:00+00,http://twtransfer.energytransfer.com/,"TRANSWESTERN PIPELINE COMPANY, LLC",42,"TRANSWESTERN PIPELINE COMPANY, LLC",WITHIN 40 FEET,3,13500,23957716,0,555829,0,17435,2,2012/12/20 00:00:00+00,1488037,32856974
-86.5633999999999,36.6202000000001,655,655,GCOMP357,#2101 PORTLAND,220 TGT ROAD,PORTLAND,TN,37148,9737,NATURAL GAS COMPRESSOR STATION,IN SERVICE,SUMNER,47165,USA,36.6202,-86.5634,486210,PIPELINE TRANSPORTATION OF NATURAL GAS,"EPA ENVIROFACTS, FERC FORM 2, CORPORATE WEBSITE",2015/09/17 00:00:00+00,IMAGERY/OTHER,2016/03/14 00:00:00+00,www.mgt.nborder.com,MIDWESTERN GAS TRANSMISSION COMPANY,5,MIDWESTERN GAS TRANSMISSION COMPANY,WITHIN 40 FEET,5,11700,17577820,0,0,243307,14840,4,2012/11/03 00:00:00+00,0,0
-82.010289319,34.846938396,656,656,GCOMP358,NO. 140 SPARTANBURG,2201 MOORE DUNCAN HWY,MOORE,SC,29369,NOT AVAILABLE,NATURAL GAS COMPRESSOR STATION,IN SERVICE,SPARTANBURG,45083,USA,34.846938396,-82.010289319,486210,PIPELINE TRANSPORTATION OF NATURAL GAS,"EPA ENVIROFACTS, FERC FORM 2, CORPORATE WEBSITE",2015/08/25 00:00:00+00,IMAGERY/OTHER,2016/03/14 00:00:00+00,http://www.1line.williams.com/,"TRANSCONTINENTAL GAS PIPE LINE COMPANY, LLC",29,"TRANSCONTINENTAL GAS PIPE LINE COMPANY, LLC",WITHIN 40 FEET,15,60380,76128647,7129784,3419578,2677930,87393,15,2013/01/23 00:00:00+00,0,0
-76.358796,39.74564,657,657,GCOMP359,NO. 195 DELTA,2204 BRYANSVILLE RD.,DELTA,PA,17314,NOT AVAILABLE,NATURAL GAS COMPRESSOR STATION,IN SERVICE,YORK,42133,USA,39.74564,-76.358796,486210,PIPELINE TRANSPORTATION OF NATURAL GAS,"EPA ENVIROFACTS, FERC FORM 2, CORPORATE WEBSITE",2015/08/25 00:00:00+00,IMAGERY/OTHER,2016/03/14 00:00:00+00,http://www.1line.williams.com/,"TRANSCONTINENTAL GAS PIPE LINE COMPANY, LLC",29,"TRANSCONTINENTAL GAS PIPE LINE COMPANY, LLC",WITHIN 40 FEET,5,19460,30298365,495134,1693084,161949,5599,4,2012/04/01 00:00:00+00,0,0
-94.580262227,29.971831002,658,658,GCOMP36,STATION 343 - DEVERS,1007 COUNTY ROAD 109,DEVERS,TX,77538,7059,NATURAL GAS COMPRESSOR STATION,IN SERVICE,LIBERTY,48291,USA,29.971831002,-94.580262227,486210,PIPELINE TRANSPORTATION OF NATURAL GAS,"EPA ENVIROFACTS, FERC FORM 2, CORPORATE WEBSITE",2015/09/16 00:00:00+00,IMAGERY/OTHER,2016/03/14 00:00:00+00,http://www.kindermorgan.com/,NATURAL GAS PIPELINE COMPANY OF AMERICA LLC,26,NATURAL GAS PIPELINE COMPANY OF AMERICA LLC,WITHIN 40 FEET,2,26000,38252790,0,0,0,10116,2,2012/05/15 00:00:00+00,-999,93269568
-91.550970718,42.4669008220001,659,659,GCOMP360,MANCHESTER,220TH ST/EAST OF 110TH AVE,MANCHESTER,IA,52057,NOT AVAILABLE,NATURAL GAS COMPRESSOR STATION,IN SERVICE,DELAWARE,19055,USA,42.466900822,-91.550970718,486210,PIPELINE TRANSPORTATION OF NATURAL GAS,"EPA ENVIROFACTS, FERC FORM 2, CORPORATE WEBSITE",2015/10/28 00:00:00+00,IMAGERY/OTHER,2016/03/14 00:00:00+00,http://tariff.alliance-pipeline.com/,ALLIANCE PIPELINE,63,ALLIANCE PIPELINE,WITHIN 40 FEET,1,31206,29260148,0,2953428,1433031,7767,0,2012/12/11 00:00:00+00,0,0
-77.7804839999999,42.094525,660,660,GCOMP361,INDEPENDENCE,2210 COUNTY RD. 22,INDEPENDENCE,NY,14806,NOT AVAILABLE,NATURAL GAS COMPRESSOR STATION,IN SERVICE,ALLEGANY,36003,USA,42.094525,-77.780484,486210,PIPELINE TRANSPORTATION OF NATURAL GAS,"EPA ENVIROFACTS, FERC FORM 2, CORPORATE WEBSITE",2015/09/16 00:00:00+00,IMAGERY/OTHER,2016/03/14 00:00:00+00,http://www.natfuel.com/,NATIONAL FUEL GAS SUPPLY CORPORATION,16,NATIONAL FUEL GAS SUPPLY CORPORATION,WITHIN 40 FEET,4,5000,13615326,299623,673014,114227,11818,2,2012/01/13 00:00:00+00,36393,361000
-96.745504,40.3142350000001,661,661,GCOMP362,STATION 106 - BEATRICE,22140 HOMESTEAD EXPY,BEATRICE,NE,68310,NOT AVAILABLE,NATURAL GAS COMPRESSOR STATION,IN SERVICE,GAGE,31067,USA,40.314235,-96.745504,486210,PIPELINE TRANSPORTATION OF NATURAL GAS,"EPA ENVIROFACTS, FERC FORM 2, CORPORATE WEBSITE",2015/09/16 00:00:00+00,IMAGERY/OTHER,2016/03/14 00:00:00+00,http://www.kindermorgan.com/,NATURAL GAS PIPELINE COMPANY OF AMERICA LLC,26,NATURAL GAS PIPELINE COMPANY OF AMERICA LLC,WITHIN 40 FEET,3,14350,16014435,0,0,588108,15286,2,2012/05/12 00:00:00+00,0,0
-76.477502,39.5613720000001,662,662,GCOMP363,RUTLEDGE,2220 RUTLEDGE RD,FALLSTON,MD,21047,NOT AVAILABLE,NATURAL GAS COMPRESSOR STATION,IN SERVICE,HARFORD,24025,USA,39.561372,-76.477502,486210,PIPELINE TRANSPORTATION OF NATURAL GAS,CORPORATE WEBSITE,2015/10/15 00:00:00+00,IMAGERY/OTHER,2016/03/14 00:00:00+00,http://www.columbiapipeinfo.com/,"COLUMBIA GAS TRANSMISSION,LLC",21,"COLUMBIA GAS TRANSMISSION,LLC",WITHIN 40 FEET,3,12000,30554338,0,195861,0,4638,3,2012/01/14 00:00:00+00,1653565,11692800
-91.770266374,35.205934461,663,663,GCOMP364,STATION 307 - SEARCY,2227 HIGHWAY 267 SOUTH,SEARCY,AR,72143,NOT AVAILABLE,NATURAL GAS COMPRESSOR STATION,IN SERVICE,WHITE,05145,USA,35.205934461,-91.770266374,486210,PIPELINE TRANSPORTATION OF NATURAL GAS,"EPA ENVIROFACTS, FERC FORM 2, CORPORATE WEBSITE",2015/09/16 00:00:00+00,IMAGERY/OTHER,2016/03/14 00:00:00+00,http://www.kindermorgan.com/,NATURAL GAS PIPELINE COMPANY OF AMERICA LLC,26,NATURAL GAS PIPELINE COMPANY OF AMERICA LLC,WITHIN 40 FEET,9,30850,15286698,0,0,968787,43544,8,2012/02/09 00:00:00+00,0,0
-108.389964,38.991547,664,664,GCOMP365,WHITEWATER,2233 WHITEWATER CREEK RD,WHITEWATER,CO,81527,NOT AVAILABLE,NATURAL GAS COMPRESSOR STATION,IN SERVICE,MESA,08077,USA,38.991547,-108.389964,486210,PIPELINE TRANSPORTATION OF NATURAL GAS,"FERC FROM 2, U.S. FEDERAL REGISTER. CORPORATE WEBSITE, IMAGERY",2015/08/17 00:00:00+00,IMAGERY/OTHER,2016/03/14 00:00:00+00,http://pipeline2.kindermorgan.com/,TRANSCOLORADO GAS TRANSMISSION COMPANY LLC,63,TRANSCOLORADO GAS TRANSMISSION COMPANY LLC,WITHIN 40 FEET,1,4287,10737600,0,0,81384,2577,1,2012/07/08 00:00:00+00,0,0
-95.755083563,41.012031246,665,665,GCOMP366,STATION 117 - MILLS CO,22371 KANE AVE,GLENWOOD,IA,51534,NOT AVAILABLE,NATURAL GAS COMPRESSOR STATION,IN SERVICE,MILLS,19129,USA,41.012031246,-95.755083563,486210,PIPELINE TRANSPORTATION OF NATURAL GAS,"FERC FORM 2, CORPORATE WEBSITE, IMAGERY",2015/10/02 00:00:00+00,IMAGERY/OTHER,2016/03/14 00:00:00+00,http://www.kindermorgan.com/,NATURAL GAS PIPELINE COMPANY OF AMERICA LLC,26,NATURAL GAS PIPELINE COMPANY OF AMERICA LLC,WITHIN 40 FEET,1,3550,10664453,0,0,39862,1266,1,2012/04/04 00:00:00+00,0,0
-78.592113298,40.438101874,666,666,GCOMP367,LILLY,224 TEXAS LN,LILLY,PA,15938,5703,NATURAL GAS COMPRESSOR STATION,IN SERVICE,CAMBRIA,42021,USA,40.438101874,-78.592113298,486210,PIPELINE TRANSPORTATION OF NATURAL GAS,"EPA ENVIROFACTS, FERC FORM 2, CORPORATE WEBSITE",2015/09/01 00:00:00+00,IMAGERY/OTHER,2016/03/14 00:00:00+00,http://www.spectraenergy.com/,"TEXAS EASTERN TRANSMISSION, LP",17,"TEXAS EASTERN TRANSMISSION, LP",WITHIN 40 FEET,4,34800,35603127,3489692,0,1259289,16200,4,2012/01/21 00:00:00+00,52869,260612
-93.14450579,30.459632678,667,667,GCOMP368,GILLIS,2240 T. E. ROAD,RAGLEY,LA,70657,NOT AVAILABLE,NATURAL GAS COMPRESSOR STATION,IN SERVICE,BEAUREGARD,22011,USA,30.459632678,-93.14450579,486210,PIPELINE TRANSPORTATION OF NATURAL GAS,"EPA ENVIROFACTS, FERC FORM 2, CORPORATE WEBSITE",2015/09/01 00:00:00+00,IMAGERY/OTHER,2016/03/14 00:00:00+00,http://www.spectraenergy.com/,"TEXAS EASTERN TRANSMISSION, LP",17,"TEXAS EASTERN TRANSMISSION, LP",WITHIN 40 FEET,2,15600,15042607,1497,0,748,11,2,2012/04/24 00:00:00+00,21609,74240
-87.2081669999999,37.210694,668,668,GCOMP369,WEST GREENVILLE TRANSMISSION STATION,2245 US HWY 62 WEST,GREENVILLE,KY,42345,NOT AVAILABLE,NATURAL GAS COMPRESSOR STATION,IN SERVICE,MUHLENBERG,21177,USA,37.210694,-87.208167,486210,PIPELINE TRANSPORTATION OF NATURAL GAS,"EPA ENVIROFACTS, FERC FORM 2, CORPORATE WEBSITE",2015/08/27 00:00:00+00,IMAGERY/OTHER,2016/03/14 00:00:00+00,http://infopost.bwpmlp.com/,"TEXAS GAS TRANSMISSION, LLC",18,"TEXAS GAS TRANSMISSION, LLC",WITHIN 40 FEET,3,3760,5708048,104330,384576,38331,2326,2,2012/02/07 00:00:00+00,0,0
-102.132797,40.8966150000001,669,669,GCOMP37,R28244006 AT JULESBURG,10093 COUNTY ROAD 55,JULESBURG,CO,80737,NOT AVAILABLE,NATURAL GAS COMPRESSOR STATION,IN SERVICE,SEDGWICK,08115,USA,40.896615,-102.132797,486210,PIPELINE TRANSPORTATION OF NATURAL GAS,"EPA ENVIROFACTS, FERC FORM 2, CORPORATE WEBSITE",2015/09/11 00:00:00+00,IMAGERY/OTHER,2016/03/14 00:00:00+00,http://www.tallgrassenergylp.com/,ROCKIES EXPRESS PIPELINE LLC,575,ROCKIES EXPRESS PIPELINE LLC,WITHIN 40 FEET,2,35000,38150671,0,0,0,9290,2,2012/10/05 00:00:00+00,-999,106063075
-92.922454672,42.374638099,670,670,GCOMP370,#14 - GRUNDY COUNTY,22510 F AVE,GRUNDY CENTER,IA,50638,NOT AVAILABLE,NATURAL GAS COMPRESSOR STATION,IN SERVICE,GRUNDY,19075,USA,42.374638099,-92.922454672,486210,PIPELINE TRANSPORTATION OF NATURAL GAS,"FERC FORM 2, IMAGERY",2015/09/15 00:00:00+00,IMAGERY/OTHER,2016/03/14 00:00:00+00,http://www.northernborder.com/,NORTHERN BORDER PIPELINE COMPANY,89,NORTHERN BORDER PIPELINE COMPANY,WITHIN 40 FEET,1,13000,17580917,0,9857,3901,398,1,2012/04/28 00:00:00+00,362492,3356170
-85.4694985899999,41.6443964430001,671,671,GCOMP371,LAGRANGE,2255 W US 20,LAGRANGE,IN,46761,NOT AVAILABLE,NATURAL GAS COMPRESSOR STATION,IN SERVICE,LAGRANGE,18087,USA,41.644396443,-85.46949859,486210,PIPELINE TRANSPORTATION OF NATURAL GAS,"EPA ENVIROFACTS, FERC FORM 2, CORPORATE WEBSITE",2015/10/21 00:00:00+00,IMAGERY/OTHER,2016/03/14 00:00:00+00,http://anrebb.transcanada.com/,ANR PIPELINE COMPANY,48,ANR PIPELINE COMPANY,WITHIN 40 FEET,3,23000,12066499,41661,387569,15895,78,1,2012/03/17 00:00:00+00,0,0
-93.0342879999999,30.9719160000001,672,672,GCOMP372,#504 - PITKIN,2277 GRAVEL HILL CHURCH RD,PITKIN,LA,70656,NOT AVAILABLE,NATURAL GAS COMPRESSOR STATION,IN SERVICE,VERNON,22115,USA,30.971916,-93.034288,486210,PIPELINE TRANSPORTATION OF NATURAL GAS,"EPA ENVIROFACTS, FERC FORM 2, CORPORATE WEBSITE",2015/09/02 00:00:00+00,IMAGERY/OTHER,2016/03/14 00:00:00+00,http://pipeline2.kindermorgan.com/,"TENNESSEE GAS PIPELINE COMPANY, L.L.C.",9,"TENNESSEE GAS PIPELINE COMPANY, L.L.C.",WITHIN 40 FEET,2,6900,11066772,14901,123906,5619,157,1,2012/03/14 00:00:00+00,0,0
-94.938501364,30.608471568,673,673,GCOMP373,GOODRICH #2,228 EAST FM RD 1988,GOODRICH,TX,77335,NOT AVAILABLE,NATURAL GAS COMPRESSOR STATION,IN SERVICE,POLK,48373,USA,30.608471568,-94.938501364,486210,PIPELINE TRANSPORTATION OF NATURAL GAS,"EPA ENVIROFACTS, FERC FORM 2, CORPORATE WEBSITE",2015/09/17 00:00:00+00,IMAGERY/OTHER,2016/03/14 00:00:00+00,http://infopost.bwpmlp.com/,"GULF SOUTH PIPELINE COMPANY, LP",11,"GULF SOUTH PIPELINE COMPANY, LP",WITHIN 40 FEET,6,7920,6652650,12867,353380,4677,486,2,2012/02/05 00:00:00+00,0,0
-101.131151364,35.514789277,674,674,GCOMP374,CARGRAY COMPRESSION STATION,2288 FM-2386 (HWY 152 WEST 7.1 MI RR 2386 SOUTH),PAMPA,TX,79065,NOT AVAILABLE,NATURAL GAS COMPRESSOR STATION,IN SERVICE,CARSON,48065,USA,35.514789277,-101.131151364,486210,PIPELINE TRANSPORTATION OF NATURAL GAS,"EPA ENVIROFACTS, CORPORATE WEBSITE",2015/10/07 00:00:00+00,IMAGERY/OTHER,2016/03/14 00:00:00+00,http://www.northernnaturalgas.com/,NORTHERN NATURAL GAS COMPANY (EAGLE ROCK ENERGY LLC),59,NORTHERN NATURAL GAS COMPANY (EAGLE ROCK ENERGY LLC),WITHIN 40 FEET,3,3804,-999,356027,0,128410,17115,3,2012/03/14 00:00:00+00,0,0
-109.685,41.2973000000001,675,675,GCOMP375,GREEN RIVER,"229 MCKINNON RD; SEC 10, TWN 15 N, RANGE 109 W",GREEN RIVER,WY,82938,NOT AVAILABLE,NATURAL GAS COMPRESSOR STATION,IN SERVICE,SWEETWATER,56037,USA,41.2973,-109.685,486210,PIPELINE TRANSPORTATION OF NATURAL GAS,"EPA ENVIROFACTS, FERC FORM 2, CORPORATE WEBSITE",2015/09/14 00:00:00+00,IMAGERY/OTHER,2016/03/14 00:00:00+00,http://www.northwest.williams.com/,NORTHWEST PIPELINE GP,37,NORTHWEST PIPELINE GP,WITHIN 40 FEET,5,12130,14806979,1336306,456288,469978,20870,4,2012/12/21 00:00:00+00,0,0
-122.058182822,47.7883238540001,676,676,GCOMP376,SNOHOMISH,22902 ECHO LAKE ROAD,SNOHOMISH,WA,98296,3990,NATURAL GAS COMPRESSOR STATION,IN SERVICE,SNOHOMISH,53061,USA,47.788323854,-122.058182822,486210,PIPELINE TRANSPORTATION OF NATURAL GAS,"EPA ENVIROFACTS, FERC FORM 2, CORPORATE WEBSITE",2015/09/14 00:00:00+00,IMAGERY/OTHER,2016/03/14 00:00:00+00,http://www.northwest.williams.com/,NORTHWEST PIPELINE GP,37,NORTHWEST PIPELINE GP,WITHIN 40 FEET,2,26000,35345640,1520859,499280,581310,5544,2,2012/09/29 00:00:00+00,0,0
-106.431725909,48.0616981630001,677,677,GCOMP377,FORT PECK,23 MDU ROAD,NASHUA,MT,59248,9100,NATURAL GAS COMPRESSOR STATION,IN SERVICE,VALLEY,30105,USA,48.061698163,-106.431725909,486210,PIPELINE TRANSPORTATION OF NATURAL GAS,"FERC FORM 2, MONTANA DEPARTMENT OF ENVIRONMENTAL QUALITY",2015/08/14 00:00:00+00,IMAGERY/OTHER,2016/03/14 00:00:00+00,http://transmission.wbienergy.com/,WILLISTON BASIN INTERSTATE PIPELINE COMPANY,49,WILLISTON BASIN INTERSTATE PIPELINE COMPANY,WITHIN 40 FEET,3,2400,4362231,278346,534685,107861,16676,3,2012/04/04 00:00:00+00,0,0
-107.0594,41.757098,678,678,GCOMP378,RAWLINS,"230 CIG PLANT ROAD; 0.5 MILE SOUTH OF HWY 80",SINCLAIR,WY,82334,NOT AVAILABLE,NATURAL GAS COMPRESSOR STATION,IN SERVICE,CARBON,56007,USA,41.757098,-107.0594,486210,PIPELINE TRANSPORTATION OF NATURAL GAS,"FERC FORM 2, IMAGERY",2015/09/29 00:00:00+00,IMAGERY/OTHER,2016/03/14 00:00:00+00,http://ebb.cigco.com/,"COLORADO INTERSTATE GAS COMPANY, L.L.C.",32,"COLORADO INTERSTATE GAS COMPANY, L.L.C.",WITHIN 40 FEET,5,8500,20787045,225723,592320,80951,7335,1,2012/11/29 00:00:00+00,0,0
-89.829697,29.8672750000001,679,679,GCOMP379,TOCA,2300 BAYOU ROAD,ST BERNARD,LA,70085,NOT AVAILABLE,NATURAL GAS COMPRESSOR STATION,IN SERVICE,SAINT BERNARD,22087,USA,29.867275,-89.829697,486210,PIPELINE TRANSPORTATION OF NATURAL GAS,"FERC FORM 2, IMAGERY",2015/09/10 00:00:00+00,IMAGERY/OTHER,2016/03/14 00:00:00+00,http://ixsnp.sonetpremier.com/,"SOUTHERN NATURAL GAS COMPANY, L.L.C.",7,"SOUTHERN NATURAL GAS COMPANY, L.L.C.",WITHIN 40 FEET,10,27200,65074426,1327151,3399194,501626,29964,4,2012/04/25 00:00:00+00,0,0
-83.6552411759999,30.989808345,680,680,GCOMP38,PAVO,10102 TALLOKAS RD,PAVO,GA,31778,NOT AVAILABLE,NATURAL GAS COMPRESSOR STATION,IN SERVICE,BROOKS,13027,USA,30.989808345,-83.655241176,486210,PIPELINE TRANSPORTATION OF NATURAL GAS,"EPA ENVIROFACTS, FERC FORM 2, CORPORATE WEBSITE",2015/09/10 00:00:00+00,IMAGERY/OTHER,2016/03/14 00:00:00+00,http://ixsnp.sonetpremier.com/,"SOUTHERN NATURAL GAS COMPANY, L.L.C.",7,"SOUTHERN NATURAL GAS COMPANY, L.L.C.",WITHIN 40 FEET,1,4390,5069150,388913,114904,142420,5755,1,2012/10/09 00:00:00+00,0,0
-99.360120226,40.453186192,681,681,GCOMP380,HOLDREGE,2304 LINCOLN ST,HOLDREGE,NE,68949,NOT AVAILABLE,NATURAL GAS COMPRESSOR STATION,IN SERVICE,PHELPS,31137,USA,40.453186192,-99.360120226,486210,PIPELINE TRANSPORTATION OF NATURAL GAS,"FERC FORM 2, CORPORATE WEBSITE, IMAGERY",2015/09/09 00:00:00+00,IMAGERY/OTHER,2016/03/14 00:00:00+00,http://pipeline.tallgrassenergylp.com/,TALLGRASS INTERSTATE GAS TRANSMISSION LLC,53,TALLGRASS INTERSTATE GAS TRANSMISSION LLC,WITHIN 40 FEET,3,3000,1516614,0,0,28096,4926,2,2012/02/10 00:00:00+00,0,0
-99.7420729999999,38.9288480000001,682,682,GCOMP381,579 OGALLAH,23090 KS-147,OGALLAH,KS,67656,NOT AVAILABLE,NATURAL GAS COMPRESSOR STATION,IN SERVICE,TREGO,20195,USA,38.928848,-99.742073,486210,PIPELINE TRANSPORTATION OF NATURAL GAS,"EPA ENVIROFACTS, FERC FORM 2, CORPORATE WEBSITE",2015/09/09 00:00:00+00,IMAGERY/OTHER,2016/03/14 00:00:00+00,https://csi.sscgp.com/,"SOUTHERN STAR CENTRAL GAS PIPELINE, INC.",43,"SOUTHERN STAR CENTRAL GAS PIPELINE, INC.",WITHIN 40 FEET,1,2400,3999040,273446,207534,111355,6412,1,2012/06/03 00:00:00+00,0,0
-88.177666,41.4631190000001,683,683,GCOMP382,DES PLAINES - WILL COUNTY,23132 SOUTH YOUNGS RD,CHANNAHON,IL,60410,NOT AVAILABLE,NATURAL GAS COMPRESSOR STATION,IN SERVICE,WILL,17197,USA,41.463119,-88.177666,486210,PIPELINE TRANSPORTATION OF NATURAL GAS,"FERC FORM 2, IMAGERY",2015/09/15 00:00:00+00,IMAGERY/OTHER,2016/03/14 00:00:00+00,http://www.northernborder.com/,NORTHERN BORDER PIPELINE COMPANY,89,NORTHERN BORDER PIPELINE COMPANY,WITHIN 40 FEET,1,1600,17026175,7447,55433,2421,76,1,2012/10/12 00:00:00+00,0,0
-81.779725,33.5547120000001,684,684,GCOMP383,SOUTHERN - AIKEN,2314 DIBBLE ROAD SOUTHWEST,AIKEN,SC,29385,NOT AVAILABLE,NATURAL GAS COMPRESSOR STATION,IN SERVICE,AIKEN,45003,USA,33.554712,-81.779725,486210,PIPELINE TRANSPORTATION OF NATURAL GAS,"EPA ENVIROFACTS, FERC FORM 2, CORPORATE WEBSITE",2015/10/21 00:00:00+00,IMAGERY/OTHER,2016/03/14 00:00:00+00,https://www.dominionenergy.com/,CAROLINA GAS TRANSMISSION CORPORATION,63,CAROLINA GAS TRANSMISSION CORPORATION,WITHIN 40 FEET,12,8400,10260773,17722,0,6798,228,5,2012/03/04 00:00:00+00,0,0
-82.6056819999999,39.41418,685,685,GCOMP384,BENTON,23151 STATE ROUTE 56,SOUTH BLOOMINGVILLE,OH,43152,NOT AVAILABLE,NATURAL GAS COMPRESSOR STATION,IN SERVICE,HOCKING,39073,USA,39.41418,-82.605682,486210,PIPELINE TRANSPORTATION OF NATURAL GAS,"FERC FORM 2, IMAGERY",2015/09/29 00:00:00+00,IMAGERY/OTHER,2016/03/14 00:00:00+00,http://www.columbiapipeinfo.com/,"COLUMBIA GAS TRANSMISSION,LLC",21,"COLUMBIA GAS TRANSMISSION,LLC",WITHIN 40 FEET,3,6900,11283243,177330,336822,65132,4730,1,2012/02/08 00:00:00+00,0,0
-83.692022,35.915426,686,686,GCOMP385,BOYD'S CREEK,2319 MCCLEARY RD,SEVIERVILLE,TN,37876,NOT AVAILABLE,NATURAL GAS COMPRESSOR STATION,IN SERVICE,SEVIER,47155,USA,35.915426,-83.692022,486210,PIPELINE TRANSPORTATION OF NATURAL GAS,"FERC FORM 2, IMAGERY",2015/09/22 00:00:00+00,IMAGERY/OTHER,2016/03/14 00:00:00+00,http://www.spectraenergy.com/,"EAST TENNESSEE NATURAL GAS, LLC",2,"EAST TENNESSEE NATURAL GAS, LLC",WITHIN 40 FEET,3,3590,7841461,649911,0,234697,17771,0,2012/11/24 00:00:00+00,0,0
-90.310467162,37.420305811,687,687,GCOMP386,TWELVE MILE,2331 MADISON 417,FREDERICKTOWN,MO,63645,NOT AVAILABLE,NATURAL GAS COMPRESSOR STATION,IN SERVICE,MADISON,29123,USA,37.420305811,-90.310467162,486210,PIPELINE TRANSPORTATION OF NATURAL GAS,"EPA ENVIROFACTS, FERC FORM 2, CORPORATE WEBSITE",2015/10/20 00:00:00+00,IMAGERY/OTHER,2016/03/14 00:00:00+00,http://pipelines.centerpointenergy.com/,"CENTERPOINT ENERGY - MISSISSIPPI RIVER TRANSMISSION, LLC",25,"CENTERPOINT ENERGY - MISSISSIPPI RIVER TRANSMISSION, LLC",WITHIN 40 FEET,6,6500,11024628,351267,365678,124253,11306,6,1970/01/01 00:00:00+00,0,0
-82.2609859999999,39.2141300000001,688,688,GCOMP387,#204 - ALBANY,2335 US HIGHWAY 50 W,ALBANY,OH,45710,NOT AVAILABLE,NATURAL GAS COMPRESSOR STATION,IN SERVICE,ATHENS,39009,USA,39.21413,-82.260986,486210,PIPELINE TRANSPORTATION OF NATURAL GAS,"EPA ENVIROFACTS, FERC FORM 2, CORPORATE WEBSITE",2015/09/03 00:00:00+00,IMAGERY/OTHER,2016/03/14 00:00:00+00,http://pipeline2.kindermorgan.com/,"TENNESSEE GAS PIPELINE COMPANY, L.L.C.",9,"TENNESSEE GAS PIPELINE COMPANY, L.L.C.",WITHIN 40 FEET,12,22970,18009884,510338,786152,193296,10386,7,2012/03/23 00:00:00+00,0,0
-90.4506265639999,41.6491568540001,689,689,GCOMP388,#17 - SCOTT COUNTY,23387 230TH AVE,ELDRIDGE,IA,52748,NOT AVAILABLE,NATURAL GAS COMPRESSOR STATION,IN SERVICE,SCOTT,19163,USA,41.649156854,-90.450626564,486210,PIPELINE TRANSPORTATION OF NATURAL GAS,"EPA ENVIROFACTS, FERC FORM 2, CORPORATE WEBSITE",2015/09/15 00:00:00+00,IMAGERY/OTHER,2016/03/14 00:00:00+00,http://www.northernborder.com/,NORTHERN BORDER PIPELINE COMPANY,89,NORTHERN BORDER PIPELINE COMPANY,WITHIN 40 FEET,1,15000,20815439,0,126215,3370,5096,1,2012/06/29 00:00:00+00,3483478,45621417
-86.17155,32.896258,690,690,GCOMP389,NO. 105 ROCKFORD,235 HIGHWAY 22 EAST,ROCKFORD,AL,35136,NOT AVAILABLE,NATURAL GAS COMPRESSOR STATION,IN SERVICE,COOSA,01037,USA,32.896258,-86.17155,486210,PIPELINE TRANSPORTATION OF NATURAL GAS,"EPA ENVIROFACTS, FERC FORM 2, CORPORATE WEBSITE",2015/08/25 00:00:00+00,IMAGERY/OTHER,2016/03/14 00:00:00+00,http://www.1line.williams.com/,"TRANSCONTINENTAL GAS PIPE LINE COMPANY, LLC",29,"TRANSCONTINENTAL GAS PIPE LINE COMPANY, LLC",WITHIN 40 FEET,3,45000,46796594,3650267,522426,1315595,11729,3,2013/02/20 00:00:00+00,0,0
-91.016818787,33.393186089,691,691,GCOMP39,GREENVILLE,1012 BEAUCHAMP STREET,GREENVILLE,MS,38701,NOT AVAILABLE,NATURAL GAS COMPRESSOR STATION,IN SERVICE,WASHINGTON,28151,USA,33.393186089,-91.016818787,486210,PIPELINE TRANSPORTATION OF NATURAL GAS,"EPA ENVIROFACTS, FERC FORM 2, CORPORATE WEBSITE",2015/08/28 00:00:00+00,IMAGERY/OTHER,2016/03/14 00:00:00+00,http://infopost.bwpmlp.com/,"TEXAS GAS TRANSMISSION, LLC",18,"TEXAS GAS TRANSMISSION, LLC",WITHIN 40 FEET,11,43026,46806249,4027724,5265903,1490747,27816,6,2012/02/10 00:00:00+00,0,0
-88.182755,41.4505150000001,692,692,GCOMP390,ILLINOIS - JOLIET - WILL COUNTY,23537 AMOCO ROAD,CHANNAHON,IL,60410,NOT AVAILABLE,NATURAL GAS COMPRESSOR STATION,IN SERVICE,WILL,17197,USA,41.450515,-88.182755,486210,PIPELINE TRANSPORTATION OF NATURAL GAS,"FERC FORM 2, IMAGERY",2015/09/17 00:00:00+00,IMAGERY/OTHER,2016/03/14 00:00:00+00,http://www.gpl.oneokpartners.com/,"GUARDIAN PIPELINE, L.L.C.",63,"GUARDIAN PIPELINE, L.L.C.",WITHIN 40 FEET,5,22225,54401865,0,0,187666,7819,3,2012/01/19 00:00:00+00,0,0
-80.858955,35.5252540000001,693,693,GCOMP391,NO. 150 DAVIDSON,236 TRANSCO RD.,MOORESVILLE,NC,28117,NOT AVAILABLE,NATURAL GAS COMPRESSOR STATION,IN SERVICE,IREDELL,37097,USA,35.525254,-80.858955,486210,PIPELINE TRANSPORTATION OF NATURAL GAS,"EPA ENVIROFACTS, FERC FORM 2, CORPORATE WEBSITE",2015/08/25 00:00:00+00,IMAGERY/OTHER,2016/03/14 00:00:00+00,http://www.1line.williams.com/,"TRANSCONTINENTAL GAS PIPE LINE COMPANY, LLC",29,"TRANSCONTINENTAL GAS PIPE LINE COMPANY, LLC",WITHIN 40 FEET,16,54300,79984114,6954409,5407466,2609267,86800,14,2013/01/17 00:00:00+00,15302,-999
-89.284971786,41.488663909,694,694,GCOMP392,#18 - BUREAU COUNTY,23688 2950 EAST ST,LA MOILLE,IL,61330,NOT AVAILABLE,NATURAL GAS COMPRESSOR STATION,IN SERVICE,BUREAU,17011,USA,41.488663909,-89.284971786,486210,PIPELINE TRANSPORTATION OF NATURAL GAS,"EPA ENVIROFACTS, FERC FORM 2, CORPORATE WEBSITE",2015/09/15 00:00:00+00,IMAGERY/OTHER,2016/03/14 00:00:00+00,http://www.northernborder.com/,NORTHERN BORDER PIPELINE COMPANY,89,NORTHERN BORDER PIPELINE COMPANY,WITHIN 40 FEET,1,13000,17993675,0,183454,0,7407,1,2012/05/14 00:00:00+00,3237818,57681578
-116.486371997,48.435163204,695,695,GCOMP393,#4- SANDPOINT,237 SAMUELS ROAD,SANDPOINT,ID,83864,NOT AVAILABLE,NATURAL GAS COMPRESSOR STATION,IN SERVICE,BONNER,16017,USA,48.435163204,-116.486371997,486210,PIPELINE TRANSPORTATION OF NATURAL GAS,"EPA ENVIROFACTS, FERC FORM 2, CORPORATE WEBSITE",2015/09/18 00:00:00+00,IMAGERY/OTHER,2016/03/14 00:00:00+00,http://www.gastransmissionnw.com/,GAS TRANSMISSION NORTHWEST LLC,86,GAS TRANSMISSION NORTHWEST LLC,WITHIN 40 FEET,3,48600,53410359,4407080,247761,1614315,12770,2,2012/08/04 00:00:00+00,0,0
-91.287304175,42.4386144100001,696,696,GCOMP394,EARLVILLE,2379 260TH AVE,DELHI,IA,52223,NOT AVAILABLE,NATURAL GAS COMPRESSOR STATION,IN SERVICE,DELAWARE,19055,USA,42.43861441,-91.287304175,486210,PIPELINE TRANSPORTATION OF NATURAL GAS,"EPA ENVIROFACTS, FERC FORM 2, CORPORATE WEBSITE",2015/09/15 00:00:00+00,IMAGERY/OTHER,2016/03/14 00:00:00+00,http://www.northernnaturalgas.com/,NORTHERN NATURAL GAS COMPANY,59,NORTHERN NATURAL GAS COMPANY,WITHIN 40 FEET,1,15000,12401604,455442,187124,154783,1604,1,2012/09/28 00:00:00+00,18408,177408
-96.23736,40.724562,697,697,GCOMP395,STATION 196 - SYRACUSE,2380 COUNTY ROAD E,SYRACUSE,NE,68446,NOT AVAILABLE,NATURAL GAS COMPRESSOR STATION,IN SERVICE,OTOE,31131,USA,40.724562,-96.23736,486210,PIPELINE TRANSPORTATION OF NATURAL GAS,"EPA ENVIROFACTS, FERC FORM 2, CORPORATE WEBSITE",2015/09/16 00:00:00+00,IMAGERY/OTHER,2016/03/14 00:00:00+00,http://www.kindermorgan.com/,NATURAL GAS PIPELINE COMPANY OF AMERICA LLC,26,NATURAL GAS PIPELINE COMPANY OF AMERICA LLC,WITHIN 40 FEET,2,24000,14414692,0,0,37950,5622,1,2012/05/12 00:00:00+00,-999,44755200
-88.19146,41.448383,698,698,GCOMP396,#2125 WILL COUNTY,23823 W AMOCO RD,CHANNAHON,IL,60410,NOT AVAILABLE,NATURAL GAS COMPRESSOR STATION,IN SERVICE,WILL,17197,USA,41.448383,-88.19146,486210,PIPELINE TRANSPORTATION OF NATURAL GAS,"EPA ENVIROFACTS, FERC FORM 2, CORPORATE WEBSITE",2015/09/17 00:00:00+00,IMAGERY/OTHER,2016/03/14 00:00:00+00,www.mgt.nborder.com,MIDWESTERN GAS TRANSMISSION COMPANY,5,MIDWESTERN GAS TRANSMISSION COMPANY,WITHIN 40 FEET,2,2900,5821219,0,0,133648,9207,2,2012/11/03 00:00:00+00,0,0
-82.420944,40.8194980000001,699,699,GCOMP397,PAVONIA,2385 COTTER RD.,MANSFIELD,OH,44903,NOT AVAILABLE,NATURAL GAS COMPRESSOR STATION,IN SERVICE,RICHLAND,39139,USA,40.819498,-82.420944,486210,PIPELINE TRANSPORTATION OF NATURAL GAS,"EPA ENVIROFACTS, FERC FORM 2, CORPORATE WEBSITE",2015/09/28 00:00:00+00,IMAGERY/OTHER,2016/03/14 00:00:00+00,http://www.columbiapipeinfo.com/,"COLUMBIA GAS TRANSMISSION,LLC",21,"COLUMBIA GAS TRANSMISSION,LLC",WITHIN 40 FEET,6,10500,10131526,509897,1052095,189685,12948,5,2012/03/06 00:00:00+00,0,0
-93.944229,31.9796910000001,700,700,GCOMP398,LOGANSPORT,239 NATURAL GAS RD,LOGANSPORT,LA,71049,NOT AVAILABLE,NATURAL GAS COMPRESSOR STATION,IN SERVICE,DE SOTO,22031,USA,31.979691,-93.944229,486210,PIPELINE TRANSPORTATION OF NATURAL GAS,"EPA ENVIROFACTS, FERC FORM 2, CORPORATE WEBSITE",2015/09/10 00:00:00+00,IMAGERY/OTHER,2016/03/14 00:00:00+00,http://ixsnp.sonetpremier.com/,"SOUTHERN NATURAL GAS COMPANY, L.L.C.",7,"SOUTHERN NATURAL GAS COMPANY, L.L.C.",WITHIN 40 FEET,3,3300,5646411,366070,374194,134569,16310,2,2012/06/23 00:00:00+00,0,0
-91.797165025,34.672431943,701,701,GCOMP399,CARLISLE,2397 HILLMAN RD,CARLISLE,AR,72024,NOT AVAILABLE,NATURAL GAS COMPRESSOR STATION,IN SERVICE,LONOKE,05085,USA,34.672431943,-91.797165025,486210,PIPELINE TRANSPORTATION OF NATURAL GAS,"EPA ENVIROFACTS, FERC FORM 2, CORPORATE WEBSITE",2015/10/20 00:00:00+00,IMAGERY/OTHER,2016/03/14 00:00:00+00,http://pipelines.centerpointenergy.com/,"CENTERPOINT ENERGY - MISSISSIPPI RIVER TRANSMISSION, LLC",25,"CENTERPOINT ENERGY - MISSISSIPPI RIVER TRANSMISSION, LLC",WITHIN 40 FEET,8,8600,8434927,274605,420808,99733,10898,5,1970/01/01 00:00:00+00,0,0
-81.57534795,37.7399015440001,702,702,GCOMP4,LOUP CREEK,.5 MILE EAST OF ROUTE 85 & NEW CAMP RD,KOPPERSTON,WV,24854,NOT AVAILABLE,NATURAL GAS COMPRESSOR STATION,IN SERVICE,WYOMING,54109,USA,37.739901544,-81.57534795,486210,PIPELINE TRANSPORTATION OF NATURAL GAS,"EPA ENVIROFACTS, FERC FORM 2, CORPORATE WEBSITE",2015/09/24 00:00:00+00,IMAGERY/OTHER,2016/03/14 00:00:00+00,http://escript.dom.com/,"DOMINION TRANSMISSION, INC.",22,"DOMINION TRANSMISSION, INC.",WITHIN 40 FEET,4,3840,7877802,481107,446427,173394,24525,3,2012/01/09 00:00:00+00,0,0
-88.660817,33.7451830000001,703,703,GCOMP40,MULDON,10156 OLD MAGNOLIA HWY,MULDON,MS,39730,NOT AVAILABLE,NATURAL GAS COMPRESSOR STATION,IN SERVICE,MONROE,28095,USA,33.745183,-88.660817,486210,PIPELINE TRANSPORTATION OF NATURAL GAS,"EPA ENVIROFACTS, FERC FORM 2, CORPORATE WEBSITE",2015/09/10 00:00:00+00,IMAGERY/OTHER,2016/03/14 00:00:00+00,http://ixsnp.sonetpremier.com/,"SOUTHERN NATURAL GAS COMPANY, L.L.C.",7,"SOUTHERN NATURAL GAS COMPANY, L.L.C.",WITHIN 40 FEET,3,21750,27979614,920161,2499194,334927,7,3,2012/12/24 00:00:00+00,0,0
-110.205913,39.8479080000001,704,704,GCOMP400,UTAH - BLIND CANYON,24 MILES SE OF DUCHESNE,DUCHESNE,UT,84021,NOT AVAILABLE,NATURAL GAS COMPRESSOR STATION,IN SERVICE,DUCHESNE,49013,USA,39.847908,-110.205913,486210,PIPELINE TRANSPORTATION OF NATURAL GAS,"FERC FORM 2, CORPORATE WEBSITE",2015/09/11 00:00:00+00,IMAGERY/OTHER,2016/03/14 00:00:00+00,http://www.questarpipeline.com/,QUESTAR PIPELINE COMPANY,55,QUESTAR PIPELINE COMPANY,WITHIN 40 FEET,2,11878,25877633,891418,300272,342210,8822,2,2012/03/09 00:00:00+00,0,0
-105.627908997,44.506285355,705,705,GCOMP401,LANDECK,24 TAYLOR RD,GILLETTE,WY,82716,NOT AVAILABLE,NATURAL GAS COMPRESSOR STATION,IN SERVICE,CAMPBELL,56005,USA,44.506285355,-105.627908997,486210,PIPELINE TRANSPORTATION OF NATURAL GAS,"EPA ENVIROFACTS, FERC FORM 2, CORPORATE WEBSITE",2015/08/17 00:00:00+00,IMAGERY/OTHER,2016/03/14 00:00:00+00,http://transmission.wbienergy.com/,WILLISTON BASIN INTERSTATE PIPELINE COMPANY,49,WILLISTON BASIN INTERSTATE PIPELINE COMPANY,WITHIN 40 FEET,1,1478,654732,12690,9185,3941,741,1,2012/12/05 00:00:00+00,0,0
-116.754691773,47.9167230580001,706,706,GCOMP402,#5- ATHOL,2400 E SEASONS RD,ATHOL,ID,83801,NOT AVAILABLE,NATURAL GAS COMPRESSOR STATION,IN SERVICE,KOOTENAI,16055,USA,47.916723058,-116.754691773,486210,PIPELINE TRANSPORTATION OF NATURAL GAS,"EPA ENVIROFACTS, FERC FORM 2, CORPORATE WEBSITE",2015/09/18 00:00:00+00,IMAGERY/OTHER,2016/03/14 00:00:00+00,http://www.gastransmissionnw.com/,GAS TRANSMISSION NORTHWEST LLC,86,GAS TRANSMISSION NORTHWEST LLC,WITHIN 40 FEET,2,49300,55651848,3240679,214843,1187062,7616,2,2012/01/05 00:00:00+00,0,0
-79.993499,41.2956580000001,707,707,GCOMP403,HENDERSON,241 HENDERSON STATION ROAD,STONEBORO,PA,16153,NOT AVAILABLE,NATURAL GAS COMPRESSOR STATION,IN SERVICE,MERCER,42121,USA,41.295658,-79.993499,486210,PIPELINE TRANSPORTATION OF NATURAL GAS,"EPA ENVIROFACTS, FERC FORM 2, CORPORATE WEBSITE",2015/09/16 00:00:00+00,IMAGERY/OTHER,2016/03/14 00:00:00+00,http://www.natfuel.com/,NATIONAL FUEL GAS SUPPLY CORPORATION,16,NATIONAL FUEL GAS SUPPLY CORPORATION,WITHIN 40 FEET,2,2700,7198270,105100,332668,40068,4147,1,2012/11/27 00:00:00+00,17769,196280
-93.5125429999999,43.1570170000001,708,708,GCOMP404,VENTURA,2415 270TH ST,GARNER,IA,50438,NOT AVAILABLE,NATURAL GAS COMPRESSOR STATION,IN SERVICE,HANCOCK,19081,USA,43.157017,-93.512543,486210,PIPELINE TRANSPORTATION OF NATURAL GAS,"EPA ENVIROFACTS, FERC FORM 2, CORPORATE WEBSITE",2015/09/15 00:00:00+00,IMAGERY/OTHER,2016/03/14 00:00:00+00,http://www.northernnaturalgas.com/,NORTHERN NATURAL GAS COMPANY,59,NORTHERN NATURAL GAS COMPANY,WITHIN 40 FEET,5,12330,15567109,514163,1185953,181609,7123,5,2012/01/17 00:00:00+00,45527,547200
-94.161384721,41.6847641580001,709,709,GCOMP405,REDFIELD,2420 G AVENUE,REDFIELD,IA,50233,6037,NATURAL GAS COMPRESSOR STATION,IN SERVICE,DALLAS,19049,USA,41.684764158,-94.161384721,486210,PIPELINE TRANSPORTATION OF NATURAL GAS,"EPA ENVIROFACTS, FERC FORM 2, CORPORATE WEBSITE",2015/09/15 00:00:00+00,IMAGERY/OTHER,2016/03/14 00:00:00+00,http://www.northernnaturalgas.com/,NORTHERN NATURAL GAS COMPANY,59,NORTHERN NATURAL GAS COMPANY,WITHIN 40 FEET,7,16760,49423428,1332472,7275281,461512,31420,5,2012/01/12 00:00:00+00,314669,2827000
-80.0744319999999,39.909609,710,710,GCOMP406,JEFFERSON,243 DENNY HILL,JEFFERSON,PA,15344,NOT AVAILABLE,NATURAL GAS COMPRESSOR STATION,IN SERVICE,GREENE,42059,USA,39.909609,-80.074432,486210,PIPELINE TRANSPORTATION OF NATURAL GAS,"FERC FORM 2, IMAGERY",2015/09/09 00:00:00+00,IMAGERY/OTHER,2016/03/14 00:00:00+00,http://equitrans.eqtmidstreampartners.com/,"EQUITRANS, L.P.",24,"EQUITRANS, L.P.",WITHIN 40 FEET,3,14205,39395567,755915,298505,235630,8641,3,2012/12/21 00:00:00+00,32350,-999
-94.482507965,38.680243832,711,711,GCOMP407,539 PECULIAR,24380 S HARPER RD,PECULIAR,MO,64078,NOT AVAILABLE,NATURAL GAS COMPRESSOR STATION,IN SERVICE,CASS,29037,USA,38.680243832,-94.482507965,486210,PIPELINE TRANSPORTATION OF NATURAL GAS,"EPA ENVIROFACTS, FERC FORM 2, CORPORATE WEBSITE",2015/09/10 00:00:00+00,IMAGERY/OTHER,2016/03/14 00:00:00+00,https://csi.sscgp.com/,"SOUTHERN STAR CENTRAL GAS PIPELINE, INC.",43,"SOUTHERN STAR CENTRAL GAS PIPELINE, INC.",WITHIN 40 FEET,3,5590,15355189,166535,240391,61613,4564,3,2012/07/02 00:00:00+00,0,0
-98.7352001689999,40.554635079,712,712,GCOMP408,STATION 603 - HEARTWELL,2442 P RD,HEARTWELL,NE,68945,NOT AVAILABLE,NATURAL GAS COMPRESSOR STATION,IN SERVICE,KEARNEY,31099,USA,40.554635079,-98.735200169,486210,PIPELINE TRANSPORTATION OF NATURAL GAS,"EPA ENVIROFACTS, FERC FORM 2, CORPORATE WEBSITE",2015/08/27 00:00:00+00,IMAGERY/OTHER,2016/03/14 00:00:00+00,http://pipeline.tallgrassenergylp.com/,TRAILBLAZER PIPELINE COMPANY LLC,68,TRAILBLAZER PIPELINE COMPANY LLC,WITHIN 40 FEET,2,20000,16016752,0,0,0,8151,2,2012/07/02 00:00:00+00,-999,59954400
-78.8738059999999,37.3448970000001,713,713,GCOMP409,NO. 170 APPOMATTOX,2444 PUMPING STATION RD,APPOMATTOX,VA,24522,NOT AVAILABLE,NATURAL GAS COMPRESSOR STATION,IN SERVICE,APPOMATTOX,51011,USA,37.344897,-78.873806,486210,PIPELINE TRANSPORTATION OF NATURAL GAS,"EPA ENVIROFACTS, FERC FORM 2, CORPORATE WEBSITE",2015/08/25 00:00:00+00,IMAGERY/OTHER,2016/03/14 00:00:00+00,http://www.1line.williams.com/,"TRANSCONTINENTAL GAS PIPE LINE COMPANY, LLC",29,"TRANSCONTINENTAL GAS PIPE LINE COMPANY, LLC",WITHIN 40 FEET,11,33200,54987332,3364119,2519814,1275998,63114,10,2012/05/10 00:00:00+00,0,0
-78.202123,38.073139,714,714,GCOMP41,BOSWELLS TAVERN,10161 VA-22,GORDONSVILLE,VA,22942,NOT AVAILABLE,NATURAL GAS COMPRESSOR STATION,IN SERVICE,LOUISA,51109,USA,38.073139,-78.202123,486210,PIPELINE TRANSPORTATION OF NATURAL GAS,"FERC FORM 2, IMAGERY",2015/09/29 00:00:00+00,IMAGERY/OTHER,2016/03/14 00:00:00+00,http://www.columbiapipeinfo.com/,"COLUMBIA GAS TRANSMISSION,LLC",21,"COLUMBIA GAS TRANSMISSION,LLC",WITHIN 40 FEET,2,1650,5578503,74543,124091,25385,5475,2,2012/03/29 00:00:00+00,8997,-999
-82.5027479999999,28.8657400000001,715,715,GCOMP410,STATION 26,245 N MAYLEN AVE.,LECANTO,FL,34461,NOT AVAILABLE,NATURAL GAS COMPRESSOR STATION,IN SERVICE,CITRUS,12017,USA,28.86574,-82.502748,486210,PIPELINE TRANSPORTATION OF NATURAL GAS,"EPA ENVIROFACTS, FERC FORM 2, CORPORATE WEBSITE",2015/09/18 00:00:00+00,IMAGERY/OTHER,2016/03/14 00:00:00+00,http://fgttransfer.energytransfer.com/,"FLORIDA GAS TRANSMISSION COMPANY, LLC",34,"FLORIDA GAS TRANSMISSION COMPANY, LLC",WITHIN 40 FEET,3,42800,69027245,1739826,337907,634085,5527,2,2012/01/03 00:00:00+00,1475834,11910806
-93.9326569839999,29.9885159830001,716,716,GCOMP411,PORT NECHES,246 PORT NECHES ATLANTIC RD,PORT NECHES,TX,77651,NOT AVAILABLE,NATURAL GAS COMPRESSOR STATION,IN SERVICE,JEFFERSON,48245,USA,29.988515983,-93.932656984,486210,PIPELINE TRANSPORTATION OF NATURAL GAS,"EPA ENVIROFACTS, FERC FORM 2, CORPORATE WEBSITE",2015/09/10 00:00:00+00,IMAGERY/OTHER,2016/03/14 00:00:00+00,http://www.sabinepipeline.com/,SABINE PIPE LINE LLC,79,SABINE PIPE LINE LLC,WITHIN 40 FEET,1,2225,2046052,0,219925,10,0,0,2012/05/04 00:00:00+00,620,4130
-85.120030352,44.7761673320001,717,717,GCOMP412,RAPID RIVER 35,"2460 RABOURN RD NE; GO NORTH DOWN SIDE STREET",KALKASKA,MI,49646,NOT AVAILABLE,NATURAL GAS COMPRESSOR STATION,IN SERVICE,KALKASKA,26079,USA,44.776167332,-85.120030352,486210,PIPELINE TRANSPORTATION OF NATURAL GAS,"EPA ENVIROFACTS, FERC FORM 2, CORPORATE WEBSITE",2015/10/21 00:00:00+00,IMAGERY/OTHER,2016/03/14 00:00:00+00,http://www.gasnom.com/,ANR STORAGE COMPANY,91,ANR STORAGE COMPANY,WITHIN 40 FEET,2,7500,24005810,5131,241963,2411,85,1,2012/03/14 00:00:00+00,0,0
-103.499547644,47.7697001390001,718,718,GCOMP413,#4 - MCKENZIE COUNTY,2461 136TH AVE NW,ARNEGARD,ND,58835,NOT AVAILABLE,NATURAL GAS COMPRESSOR STATION,IN SERVICE,MCKENZIE,38053,USA,47.769700139,-103.499547644,486210,PIPELINE TRANSPORTATION OF NATURAL GAS,"EPA ENVIROFACTS, FERC FORM 2, CORPORATE WEBSITE",2015/09/15 00:00:00+00,IMAGERY/OTHER,2016/03/14 00:00:00+00,http://www.northernborder.com/,NORTHERN BORDER PIPELINE COMPANY,89,NORTHERN BORDER PIPELINE COMPANY,WITHIN 40 FEET,1,20000,22926622,3655107,210375,1266519,8494,1,2012/02/25 00:00:00+00,0,0
-77.916445976,41.8994907860001,719,719,GCOMP414,#313A ELLLISBURG,247 ROSE LAKE ROAD,GENESEE,PA,16923,NOT AVAILABLE,NATURAL GAS COMPRESSOR STATION,IN SERVICE,POTTER,42105,USA,41.8994907860001,-77.916445976,486210,PIPELINE TRANSPORTATION OF NATURAL GAS,"EPA ENVIROFACTS, FERC FORM 2, CORPORATE WEBSITE",2015/09/03 00:00:00+00,IMAGERY/OTHER,2016/03/14 00:00:00+00,http://pipeline2.kindermorgan.com/,"TENNESSEE GAS PIPELINE COMPANY, L.L.C.",9,"TENNESSEE GAS PIPELINE COMPANY, L.L.C.",WITHIN 40 FEET,2,4730,15234192,144870,183579,48108,3267,2,2012/12/04 00:00:00+00,199175,387192
-72.720477,42.065506,720,720,GCOMP415,SOUTHWICK 260A #260A DOMESTIC FUEL,248 FEEDING HILLS RD,SOUTHWICK,MA,01077,NOT AVAILABLE,NATURAL GAS COMPRESSOR STATION,IN SERVICE,HAMPDEN,25013,USA,42.065506,-72.720477,486210,PIPELINE TRANSPORTATION OF NATURAL GAS,"FERC FORM 2, U.S. FEDERAL REGISTER",2015/08/25 00:00:00+00,IMAGERY/OTHER,2016/03/14 00:00:00+00,http://pipeline2.kindermorgan.com/,"TENNESSEE GAS PIPELINE COMPANY, L.L.C.",9,"TENNESSEE GAS PIPELINE COMPANY, L.L.C.",WITHIN 40 FEET,1,2000,-999,552,0,154,0,0,1970/01/01 00:00:00+00,92883,224454
-91.194047439,41.380563952,721,721,GCOMP416,STATION 199 - LETTS,2482 JASPER AVENUE,LETTS,IA,52754,NOT AVAILABLE,NATURAL GAS COMPRESSOR STATION,IN SERVICE,LOUISA,19139,USA,41.380563952,-91.194047439,486210,PIPELINE TRANSPORTATION OF NATURAL GAS,"EPA ENVIROFACTS, FERC FORM 2, CORPORATE WEBSITE",2015/09/16 00:00:00+00,IMAGERY/OTHER,2016/03/14 00:00:00+00,http://www.kindermorgan.com/,NATURAL GAS PIPELINE COMPANY OF AMERICA LLC,26,NATURAL GAS PIPELINE COMPANY OF AMERICA LLC,WITHIN 40 FEET,2,24500,18657152,0,0,5122,4005,1,2012/01/01 00:00:00+00,-999,35444565
-92.62618,32.2905700000001,722,722,GCOMP417,VERNON,2488 LA-811,JONESBORO,LA,71251,NOT AVAILABLE,NATURAL GAS COMPRESSOR STATION,IN SERVICE,JACKSON,22049,USA,32.29057,-92.62618,486210,PIPELINE TRANSPORTATION OF NATURAL GAS,"EPA ENVIROFACTS, FERC FORM 2, CORPORATE WEBSITE",2015/10/20 00:00:00+00,IMAGERY/OTHER,2016/03/14 00:00:00+00,http://pipelines.centerpointenergy.com/,"CENTERPOINT ENERGY GAS TRANSMISSION COMPANY, LLC",31,"CENTERPOINT ENERGY GAS TRANSMISSION COMPANY, LLC",WITHIN 40 FEET,3,35620,52622764,2996817,306858,1057423,10351,1,1970/01/01 00:00:00+00,0,0
-89.269176,39.7122450000001,723,723,GCOMP418,R28334011 AT BLUE MOUND,2488 N 1400E RD,BLUE MOUND,IL,62513,NOT AVAILABLE,NATURAL GAS COMPRESSOR STATION,IN SERVICE,CHRISTIAN,17021,USA,39.712245,-89.269176,486210,PIPELINE TRANSPORTATION OF NATURAL GAS,"EPA ENVIROFACTS, FERC FORM 2, CORPORATE WEBSITE",2015/09/10 00:00:00+00,IMAGERY/OTHER,2016/03/14 00:00:00+00,http://www.tallgrassenergylp.com/,ROCKIES EXPRESS PIPELINE LLC,575,ROCKIES EXPRESS PIPELINE LLC,WITHIN 40 FEET,5,35174,84955828,0,0,1368781,30091,5,2012/04/07 00:00:00+00,0,0
-85.844047,30.6768420000001,724,724,GCOMP419,STATION 13 & 13-A,2508 RIVER RD.,CARYVILLE,FL,32425,NOT AVAILABLE,NATURAL GAS COMPRESSOR STATION,IN SERVICE,WASHINGTON,12133,USA,30.676842,-85.844047,486210,PIPELINE TRANSPORTATION OF NATURAL GAS,"FERC FORM 2, IMAGERY",2015/09/18 00:00:00+00,IMAGERY/OTHER,2016/03/14 00:00:00+00,http://fgttransfer.energytransfer.com/,"FLORIDA GAS TRANSMISSION COMPANY, LLC",34,"FLORIDA GAS TRANSMISSION COMPANY, LLC",WITHIN 40 FEET,9,64700,76451266,3655396,8293857,1269187,43779,6,2012/01/03 00:00:00+00,7060820,86642056
-82.30194456,28.0445221520001,725,725,GCOMP42,STATION 27,10171 COUNTY ROAD 579,THONOTOSASSA,FL,33592,NOT AVAILABLE,NATURAL GAS COMPRESSOR STATION,IN SERVICE,HILLSBOROUGH,12057,USA,28.044522152,-82.30194456,486210,PIPELINE TRANSPORTATION OF NATURAL GAS,"EPA ENVIROFACTS, FERC FORM 2, CORPORATE WEBSITE",2015/09/18 00:00:00+00,IMAGERY/OTHER,2016/03/14 00:00:00+00,http://fgttransfer.energytransfer.com/,"FLORIDA GAS TRANSMISSION COMPANY, LLC",34,"FLORIDA GAS TRANSMISSION COMPANY, LLC",WITHIN 40 FEET,3,36400,50671656,1027075,548794,369942,8912,1,2012/01/03 00:00:00+00,4111335,37609775
-93.7478443369999,35.4026265800001,726,726,GCOMP420,NOARK,2509 PLUM ST,OZARK,AR,72949,NOT AVAILABLE,NATURAL GAS COMPRESSOR STATION,IN SERVICE,FRANKLIN,05047,USA,35.40262658,-93.747844337,486210,PIPELINE TRANSPORTATION OF NATURAL GAS,"FERC FORM 2, ARKANSAS DEPARTMENT OF ENVIRONMENTAL QUALITY",2015/08/17 00:00:00+00,IMAGERY/OTHER,2016/03/14 00:00:00+00,http://www.enogex.com/,"ENOGEX INTERSTATE TRANSMISSION, L.L.C.",63,"ENOGEX INTERSTATE TRANSMISSION, L.L.C.",WITHIN 40 FEET,6,11412,10571419,30089,0,9778,8562,0,1970/01/01 00:00:00+00,377175,7762983
-79.652676,39.8592170000001,727,727,GCOMP421,NORTH SUMMIT. PA,252 JUMONVILLE RD,HOPWOOD,PA,15445,NOT AVAILABLE,NATURAL GAS COMPRESSOR STATION,IN SERVICE,FAYETTE,42051,USA,39.859217,-79.652676,486210,PIPELINE TRANSPORTATION OF NATURAL GAS,"EPA ENVIROFACTS, FERC FORM 2, CORPORATE WEBSITE",2015/09/24 00:00:00+00,IMAGERY/OTHER,2016/03/14 00:00:00+00,http://escript.dom.com/,"DOMINION TRANSMISSION, INC.",22,"DOMINION TRANSMISSION, INC.",WITHIN 40 FEET,2,6400,22549425,224469,1788374,87450,3224,1,2012/04/09 00:00:00+00,0,0
-72.673458,41.63214,728,728,GCOMP422,CROMWELL,252 SHUNPIKE ROAD,CROMWELL,CT,06416,1128,NATURAL GAS COMPRESSOR STATION,IN SERVICE,MIDDLESEX,09003,USA,41.63214,-72.673458,486210,PIPELINE TRANSPORTATION OF NATURAL GAS,"EPA ENVIROFACTS, FERC FORM 2, CORPORATE WEBSITE",2015/10/28 00:00:00+00,IMAGERY/OTHER,2016/03/14 00:00:00+00,http://www.spectraenergy.com/,"ALGONQUIN GAS TRANSMISSION, LLC",20,"ALGONQUIN GAS TRANSMISSION, LLC",WITHIN 40 FEET,8,21400,41299845,3776069,0,972396,35563,8,2012/01/08 00:00:00+00,0,0
-84.809664588,41.0377567800001,729,729,GCOMP423,INDIANA-EDGERTON-ALLEN COUNTY,25419 PAULDING ROAD,MONROEVILLE,IN,46773,9789,NATURAL GAS COMPRESSOR STATION,IN SERVICE,ALLEN,18003,USA,41.03775678,-84.809664588,486210,PIPELINE TRANSPORTATION OF NATURAL GAS,"EPA ENVIROFACTS, FERC FORM 2, CORPORATE WEBSITE",2015/09/14 00:00:00+00,IMAGERY/OTHER,2016/03/14 00:00:00+00,http://peplmessenger.energytransfer.com/,"PANHANDLE EASTERN PIPE LINE COMPANY, LP",28,"PANHANDLE EASTERN PIPE LINE COMPANY, LP",WITHIN 40 FEET,12,22400,12364486,2199329,1913528,843072,40064,6,2012/04/18 00:00:00+00,0,0
-90.659578,29.6151600000001,730,730,GCOMP424,HOUMA,255 MITCHELL DR,HOUMA,LA,70364,NOT AVAILABLE,NATURAL GAS COMPRESSOR STATION,IN SERVICE,LAFOURCHE,22109,USA,29.61516,-90.659578,486210,PIPELINE TRANSPORTATION OF NATURAL GAS,"EPA ENVIROFACTS, FERC FORM 2, CORPORATE WEBSITE",2015/09/25 00:00:00+00,IMAGERY/OTHER,2016/03/14 00:00:00+00,http://www.columbiapipeinfo.com/,COLUMBIA GULF TRANSMISSION COMPANY,70,COLUMBIA GULF TRANSMISSION COMPANY,WITHIN 40 FEET,2,3000,5076810,0,376042,0,3491,2,2012/12/18 00:00:00+00,254184,2576000
-88.891015,35.0333690000001,731,731,GCOMP425,#71 - MIDDLETON,2560 HIGHWAY 125 S,MIDDLETON,TN,38052,NOT AVAILABLE,NATURAL GAS COMPRESSOR STATION,IN SERVICE,HARDEMAN,47069,USA,35.033369,-88.891015,486210,PIPELINE TRANSPORTATION OF NATURAL GAS,"EPA ENVIROFACTS, FERC FORM 2, CORPORATE WEBSITE",2015/09/02 00:00:00+00,IMAGERY/OTHER,2016/03/14 00:00:00+00,http://pipeline2.kindermorgan.com/,"TENNESSEE GAS PIPELINE COMPANY, L.L.C.",9,"TENNESSEE GAS PIPELINE COMPANY, L.L.C.",WITHIN 40 FEET,23,34350,26807070,1499083,1968668,500065,29591,17,2012/10/25 00:00:00+00,0,0
-95.158913894,30.3209382360001,732,732,GCOMP426,#25 - CLEVELAND,25726 HIGHWAY 105,CLEVELAND,TX,77327,NOT AVAILABLE,NATURAL GAS COMPRESSOR STATION,IN SERVICE,LIBERTY,48339,USA,30.320938236,-95.158913894,486210,PIPELINE TRANSPORTATION OF NATURAL GAS,"EPA ENVIROFACTS, FERC FORM 2, CORPORATE WEBSITE",2015/09/03 00:00:00+00,IMAGERY/OTHER,2016/03/14 00:00:00+00,http://pipeline2.kindermorgan.com/,"TENNESSEE GAS PIPELINE COMPANY, L.L.C.",9,"TENNESSEE GAS PIPELINE COMPANY, L.L.C.",WITHIN 40 FEET,3,25600,62182173,676,816342,208,5,2,2012/01/18 00:00:00+00,676532,1497160
-90.216317639,29.2161200620001,733,733,GCOMP427,#524 - LEEVILLE,25750 HWY. 1,GOLDEN MEADOW,LA,70357,NOT AVAILABLE,NATURAL GAS COMPRESSOR STATION,IN SERVICE,LAFOURCHE,22057,USA,29.216120062,-90.216317639,486210,PIPELINE TRANSPORTATION OF NATURAL GAS,"EPA ENVIROFACTS, FERC FORM 2, CORPORATE WEBSITE",2015/09/02 00:00:00+00,IMAGERY/OTHER,2016/03/14 00:00:00+00,http://pipeline2.kindermorgan.com/,"TENNESSEE GAS PIPELINE COMPANY, L.L.C.",9,"TENNESSEE GAS PIPELINE COMPANY, L.L.C.",WITHIN 40 FEET,2,-999,2673,678,93185,182,0,0,1970/01/01 00:00:00+00,0,0
-101.124103205,35.560279569,734,734,GCOMP428,SCHAFER (GETTY),"2591 COUNTY ROAD CC; (10 MI NW OF PAMPA NEAR HWY 152)",SKELLYTOWN,TX,79080,NOT AVAILABLE,NATURAL GAS COMPRESSOR STATION,IN SERVICE,CARSON,48065,USA,35.560279569,-101.124103205,486210,PIPELINE TRANSPORTATION OF NATURAL GAS,"FERC FORM 2, IMAGERY",2015/09/21 00:00:00+00,IMAGERY/OTHER,2016/03/14 00:00:00+00,https://pipeportal.kindermorgan.com/,"EL PASO NATURAL GAS COMPANY, L.L.C.",33,"EL PASO NATURAL GAS COMPANY, L.L.C.",WITHIN 40 FEET,3,6000,2449802,457414,457542,165697,13823,1,2012/12/31 00:00:00+00,0,0
-98.023812746,41.711993707,735,735,GCOMP429,ALBION,2593 240TH AVE,ALBION,NE,68620,NOT AVAILABLE,NATURAL GAS COMPRESSOR STATION,IN SERVICE,BOONE,31011,USA,41.711993707,-98.023812746,486210,PIPELINE TRANSPORTATION OF NATURAL GAS,"EPA ENVIROFACTS, FERC FORM 2, CORPORATE WEBSITE",2015/09/09 00:00:00+00,IMAGERY/OTHER,2016/03/14 00:00:00+00,http://pipeline.tallgrassenergylp.com/,TALLGRASS INTERSTATE GAS TRANSMISSION LLC,53,TALLGRASS INTERSTATE GAS TRANSMISSION LLC,WITHIN 40 FEET,4,3300,2356779,0,0,17339,3533,2,2012/01/12 00:00:00+00,0,0
-85.8508739059999,39.0258742020001,736,736,GCOMP43,SEYMOUR,10197 E 1000 N,SEYMOUR,IN,47274,9704,NATURAL GAS COMPRESSOR STATION,IN SERVICE,JACKSON,18071,USA,39.025874202,-85.850873906,486210,PIPELINE TRANSPORTATION OF NATURAL GAS,"EPA ENVIROFACTS, FERC FORM 2, CORPORATE WEBSITE",2015/08/31 00:00:00+00,IMAGERY/OTHER,2016/03/14 00:00:00+00,http://www.spectraenergy.com/,"TEXAS EASTERN TRANSMISSION, LP",17,"TEXAS EASTERN TRANSMISSION, LP",WITHIN 40 FEET,2,4000,3777811,0,0,0,10,0,1970/01/01 00:00:00+00,336350,1476332
-89.729297,29.515746,737,737,GCOMP430,#527 - PORT SULFUR,26166 LA HWY. 23,PORT SULPHUR,LA,70083,NOT AVAILABLE,NATURAL GAS COMPRESSOR STATION,IN SERVICE,PLAQUEMINES,22075,USA,29.515746,-89.729297,486210,PIPELINE TRANSPORTATION OF NATURAL GAS,"EPA ENVIROFACTS, FERC FORM 2, CORPORATE WEBSITE",2015/09/02 00:00:00+00,IMAGERY/OTHER,2016/03/14 00:00:00+00,http://pipeline2.kindermorgan.com/,"TENNESSEE GAS PIPELINE COMPANY, L.L.C.",9,"TENNESSEE GAS PIPELINE COMPANY, L.L.C.",WITHIN 40 FEET,4,38200,134981454,42113,2195618,15692,10706,3,2012/03/11 00:00:00+00,2262818,56021000
-84.0540042809999,35.7544716900001,738,738,GCOMP431,MARYVILLE,262 LONG HOLLOW RD,MARYVILLE,TN,37801,8319,NATURAL GAS COMPRESSOR STATION,IN SERVICE,BLOUNT,47009,USA,35.75447169,-84.054004281,486210,PIPELINE TRANSPORTATION OF NATURAL GAS,"EPA ENVIROFACTS, FERC FORM 2, CORPORATE WEBSITE",2015/09/22 00:00:00+00,IMAGERY/OTHER,2016/03/14 00:00:00+00,http://www.spectraenergy.com/,"EAST TENNESSEE NATURAL GAS, LLC",2,"EAST TENNESSEE NATURAL GAS, LLC",WITHIN 40 FEET,1,1100,2538195,22039,0,7408,690,0,2012/12/11 00:00:00+00,0,0
-87.3500892389999,39.8026589630001,739,739,GCOMP432,INDIANA-MONTEZUMA-PARKE COUNTY,2623 N COUNTY ROAD 600 W,MONTEZUMA,IN,47862,NOT AVAILABLE,NATURAL GAS COMPRESSOR STATION,IN SERVICE,PARKE,18121,USA,39.802658963,-87.350089239,486210,PIPELINE TRANSPORTATION OF NATURAL GAS,"EPA ENVIROFACTS, FERC FORM 2, CORPORATE WEBSITE",2015/09/14 00:00:00+00,IMAGERY/OTHER,2016/03/14 00:00:00+00,http://peplmessenger.energytransfer.com/,"PANHANDLE EASTERN PIPE LINE COMPANY, LP",28,"PANHANDLE EASTERN PIPE LINE COMPANY, LP",WITHIN 40 FEET,6,36100,56909156,3416567,1358722,1296315,20756,2,2012/12/16 00:00:00+00,0,0
-94.119278176,45.9406173720001,740,740,GCOMP433,PIERZ,26373 123RD ST,PIERZ,MN,56364,NOT AVAILABLE,NATURAL GAS COMPRESSOR STATION,IN SERVICE,MORRISON,27097,USA,45.940617372,-94.119278176,486210,PIPELINE TRANSPORTATION OF NATURAL GAS,"EPA ENVIROFACTS, FERC FORM 2, CORPORATE WEBSITE",2015/09/15 00:00:00+00,IMAGERY/OTHER,2016/03/14 00:00:00+00,http://www.northernnaturalgas.com/,NORTHERN NATURAL GAS COMPANY,59,NORTHERN NATURAL GAS COMPANY,WITHIN 40 FEET,1,800,5240839,2086,65666,750,633,1,2012/12/11 00:00:00+00,35900,302750
-96.289727,29.279476,741,741,GCOMP434,NO. 30 EL CAMPO,2648 FM. 2546,EL CAMPO,TX,77437,NOT AVAILABLE,NATURAL GAS COMPRESSOR STATION,IN SERVICE,WHARTON,48481,USA,29.279476,-96.289727,486210,PIPELINE TRANSPORTATION OF NATURAL GAS,"EPA ENVIROFACTS, FERC FORM 2, CORPORATE WEBSITE",2015/08/25 00:00:00+00,IMAGERY/OTHER,2016/03/14 00:00:00+00,http://www.1line.williams.com/,"TRANSCONTINENTAL GAS PIPE LINE COMPANY, LLC",29,"TRANSCONTINENTAL GAS PIPE LINE COMPANY, LLC",WITHIN 40 FEET,7,17500,31113022,939925,1731585,402258,21939,4,2012/11/03 00:00:00+00,0,0
-90.165159,34.899794532,742,742,GCOMP435,LAKE CORMORANT,2672 WILSON MILL ROAD,LAKE CORMORANT,MS,38641,NOT AVAILABLE,NATURAL GAS COMPRESSOR STATION,IN SERVICE,DE SOTO,28033,USA,34.899794532,-90.165159,486210,PIPELINE TRANSPORTATION OF NATURAL GAS,"EPA ENVIROFACTS, FERC FORM 2, CORPORATE WEBSITE",2015/08/28 00:00:00+00,IMAGERY/OTHER,2016/03/14 00:00:00+00,http://infopost.bwpmlp.com/,"TEXAS GAS TRANSMISSION, LLC",18,"TEXAS GAS TRANSMISSION, LLC",WITHIN 40 FEET,9,34773,37264274,2071101,2757300,763704,12519,6,2012/04/16 00:00:00+00,0,0
-111.159480338,42.1239926800001,743,743,GCOMP436,PEGRAM,"2685 SORENSON ROH RD; S14 T15S R45E",PEGRAM,ID,83254,NOT AVAILABLE,NATURAL GAS COMPRESSOR STATION,IN SERVICE,BEAR LAKE,16007,USA,42.12399268,-111.159480338,486210,PIPELINE TRANSPORTATION OF NATURAL GAS,"EPA ENVIROFACTS, FERC FORM 2, CORPORATE WEBSITE",2015/09/14 00:00:00+00,IMAGERY/OTHER,2016/03/14 00:00:00+00,http://www.northwest.williams.com/,NORTHWEST PIPELINE GP,37,NORTHWEST PIPELINE GP,WITHIN 40 FEET,2,9090,12355211,961080,100940,353613,5218,2,2012/01/17 00:00:00+00,0,0
-90.904184953,35.9247456520001,744,744,GCOMP437,WALNUT RIDGE,269 STATE HWY 349,WALNUT RIDGE,AR,72476,NOT AVAILABLE,NATURAL GAS COMPRESSOR STATION,IN SERVICE,LAWRENCE,05075,USA,35.924745652,-90.904184953,486210,PIPELINE TRANSPORTATION OF NATURAL GAS,"EPA ENVIROFACTS, FERC FORM 2, CORPORATE WEBSITE",2015/08/28 00:00:00+00,IMAGERY/OTHER,2016/03/14 00:00:00+00,http://www.spectraenergy.com/,"TEXAS EASTERN TRANSMISSION, LP",17,"TEXAS EASTERN TRANSMISSION, LP",WITHIN 40 FEET,4,8000,3175411,0,0,0,76,0,1970/01/01 00:00:00+00,138099,203328
-81.278085838,27.4985762690001,745,745,GCOMP438,GNGS #430,2706 SCRUBPENS RD,LORIDA,FL,33857,NOT AVAILABLE,NATURAL GAS COMPRESSOR STATION,IN SERVICE,HIGHLANDS,12055,USA,27.498576269,-81.278085838,486210,PIPELINE TRANSPORTATION OF NATURAL GAS,"FERC FORM 2, U.S. FEDERAL REGISTER",2015/10/06 00:00:00+00,IMAGERY/OTHER,2016/03/14 00:00:00+00,http://gulfstreamgas.files.wordpress.com/,"GULFSTREAM NATURAL GAS SYSTEM, L.L.C.",63,"GULFSTREAM NATURAL GAS SYSTEM, L.L.C.",WITHIN 40 FEET,1,7700,20362411,1335270,0,414409,7735,1,2012/01/19 00:00:00+00,0,0
-91.056022244,33.358384561,746,746,GCOMP439,#54 - GREENVILLE,272 TENNESSEE GAS RD.,GREENVILLE,MS,38701,NOT AVAILABLE,NATURAL GAS COMPRESSOR STATION,IN SERVICE,WASHINGTON,28151,USA,33.358384561,-91.056022244,486210,PIPELINE TRANSPORTATION OF NATURAL GAS,"EPA ENVIROFACTS, FERC FORM 2, CORPORATE WEBSITE",2015/09/02 00:00:00+00,IMAGERY/OTHER,2016/03/14 00:00:00+00,http://pipeline2.kindermorgan.com/,"TENNESSEE GAS PIPELINE COMPANY, L.L.C.",9,"TENNESSEE GAS PIPELINE COMPANY, L.L.C.",WITHIN 40 FEET,16,38970,55591165,688738,1459541,252365,19270,6,2012/02/21 00:00:00+00,4156100,37250170
-76.4298259999999,41.271842,747,747,GCOMP44,NO. 517 BENTON,102 POLE BRIDGE RD.,BENTON,PA,17814,NOT AVAILABLE,NATURAL GAS COMPRESSOR STATION,IN SERVICE,COLUMBIA,42037,USA,41.271842,-76.429826,486210,PIPELINE TRANSPORTATION OF NATURAL GAS,"EPA ENVIROFACTS, FERC FORM 2, CORPORATE WEBSITE",2015/08/24 00:00:00+00,IMAGERY/OTHER,2016/03/14 00:00:00+00,http://www.1line.williams.com/,"TRANSCONTINENTAL GAS PIPE LINE COMPANY, LLC",29,"TRANSCONTINENTAL GAS PIPE LINE COMPANY, LLC",WITHIN 40 FEET,4,38600,44790041,1048172,565258,361840,3974,3,2013/01/23 00:00:00+00,0,0
-94.726005372,32.456546163,748,748,GCOMP440,LONGVIEW #2,2728 S GREEN,LONGVIEW,TX,75602,NOT AVAILABLE,NATURAL GAS COMPRESSOR STATION,IN SERVICE,GREGG,48183,USA,32.456546163,-94.726005372,486210,PIPELINE TRANSPORTATION OF NATURAL GAS,"EPA ENVIROFACTS, FERC FORM 2, CORPORATE WEBSITE",2015/09/17 00:00:00+00,IMAGERY/OTHER,2016/03/14 00:00:00+00,http://infopost.bwpmlp.com/,"GULF SOUTH PIPELINE COMPANY, LP",11,"GULF SOUTH PIPELINE COMPANY, LP",WITHIN 40 FEET,3,3300,3817550,127572,141815,48554,6381,2,2012/06/26 00:00:00+00,0,0
-94.726014548,32.4566226270001,749,749,GCOMP441,LONGVIEW #1,2728 S GREEN,LONGVIEW,TX,75602,NOT AVAILABLE,NATURAL GAS COMPRESSOR STATION,IN SERVICE,GREGG,48183,USA,32.4566226270001,-94.726014548,486210,PIPELINE TRANSPORTATION OF NATURAL GAS,"EPA ENVIROFACTS, FERC FORM 2, CORPORATE WEBSITE",2015/09/17 00:00:00+00,IMAGERY/OTHER,2016/03/14 00:00:00+00,http://infopost.bwpmlp.com/,"GULF SOUTH PIPELINE COMPANY, LP",11,"GULF SOUTH PIPELINE COMPANY, LP",WITHIN 40 FEET,2,1050,2187853,4803,198900,2035,544,1,2012/04/01 00:00:00+00,0,0
-102.74856,32.972446,750,750,GCOMP442,PLAINS,"2731 COUNTY ROAD 355; (APPROX 4 MI E OF DENVER CITY, TX)",DENVER CITY,TX,79323,NOT AVAILABLE,NATURAL GAS COMPRESSOR STATION,IN SERVICE,YOAKUM,48501,USA,32.972446,-102.74856,486210,PIPELINE TRANSPORTATION OF NATURAL GAS,"EPA ENVIROFACTS, FERC FORM 2, CORPORATE WEBSITE",2015/09/21 00:00:00+00,IMAGERY/OTHER,2016/03/14 00:00:00+00,https://pipeportal.kindermorgan.com/,"EL PASO NATURAL GAS COMPANY, L.L.C.",33,"EL PASO NATURAL GAS COMPANY, L.L.C.",WITHIN 40 FEET,15,25450,17329474,1068101,951437,404935,34948,4,2012/08/25 00:00:00+00,0,0
-95.205233602,47.585325513,751,751,GCOMP443,SHEVLIN,27399 400TH ST,SHEVLIN,MN,56676,NOT AVAILABLE,NATURAL GAS COMPRESSOR STATION,IN SERVICE,CLEARWATER,27029,USA,47.585325513,-95.205233602,486210,PIPELINE TRANSPORTATION OF NATURAL GAS,"EPA ENVIROFACTS, FERC FORM 2, CORPORATE WEBSITE",2015/09/18 00:00:00+00,IMAGERY/OTHER,2016/03/14 00:00:00+00,http://www.glgt.com/,GREAT LAKES GAS TRANSMISSION LIMITED PTRSHP,51,GREAT LAKES GAS TRANSMISSION LIMITED PTRSHP,WITHIN 40 FEET,3,50700,47466815,1713894,300105,600787,4866,2,2012/05/20 00:00:00+00,0,0
-92.489592,30.463848,752,752,GCOMP444,STATION 7,2747 FOURNERAT RD,EUNICE,LA,70535,NOT AVAILABLE,NATURAL GAS COMPRESSOR STATION,IN SERVICE,SAINT LANDRY,22097,USA,30.463848,-92.489592,486210,PIPELINE TRANSPORTATION OF NATURAL GAS,"EPA ENVIROFACTS, FERC FORM 2, CORPORATE WEBSITE",2015/09/18 00:00:00+00,IMAGERY/OTHER,2016/03/14 00:00:00+00,http://fgttransfer.energytransfer.com/,"FLORIDA GAS TRANSMISSION COMPANY, LLC",34,"FLORIDA GAS TRANSMISSION COMPANY, LLC",WITHIN 40 FEET,3,8100,9240046,306905,821228,100630,5836,0,2012/01/03 00:00:00+00,0,0
-87.4499079999999,35.848036,753,753,GCOMP445,#860 - CENTERVILLE,2775 HIGHWAY 48 N,NUNNELLY,TN,37137,NOT AVAILABLE,NATURAL GAS COMPRESSOR STATION,IN SERVICE,HICKMAN,47081,USA,35.848036,-87.449908,486210,PIPELINE TRANSPORTATION OF NATURAL GAS,"EPA ENVIROFACTS, FERC FORM 2, CORPORATE WEBSITE",2015/09/02 00:00:00+00,IMAGERY/OTHER,2016/03/14 00:00:00+00,http://pipeline2.kindermorgan.com/,"TENNESSEE GAS PIPELINE COMPANY, L.L.C.",9,"TENNESSEE GAS PIPELINE COMPANY, L.L.C.",WITHIN 40 FEET,13,31600,29340226,2123222,1397101,709527,26270,6,2012/02/21 00:00:00+00,0,0
-90.827454,36.3193210000001,754,754,GCOMP446,BIGGERS,278 GAS PLANT ROAD,BIGGERS,AR,72413,9741,NATURAL GAS COMPRESSOR STATION,IN SERVICE,RANDOLPH,05121,USA,36.319321,-90.827454,486210,PIPELINE TRANSPORTATION OF NATURAL GAS,"EPA ENVIROFACTS, FERC FORM 2, CORPORATE WEBSITE",2015/10/20 00:00:00+00,IMAGERY/OTHER,2016/03/14 00:00:00+00,http://pipelines.centerpointenergy.com/,"CENTERPOINT ENERGY - MISSISSIPPI RIVER TRANSMISSION, LLC",25,"CENTERPOINT ENERGY - MISSISSIPPI RIVER TRANSMISSION, LLC",WITHIN 40 FEET,7,12150,17785309,551681,397900,207179,4845,3,1970/01/01 00:00:00+00,0,0
-77.229078,41.260054,755,755,GCOMP447,NO. 520 SALLADASBURG,2782 STATE ROUTE 287,SALLADASBURG,PA,17740,NOT AVAILABLE,NATURAL GAS COMPRESSOR STATION,IN SERVICE,LYCOMING,42081,USA,41.260054,-77.229078,486210,PIPELINE TRANSPORTATION OF NATURAL GAS,"EPA ENVIROFACTS, FERC FORM 2, CORPORATE WEBSITE",2015/08/24 00:00:00+00,IMAGERY/OTHER,2016/03/14 00:00:00+00,http://www.1line.williams.com/,"TRANSCONTINENTAL GAS PIPE LINE COMPANY, LLC",29,"TRANSCONTINENTAL GAS PIPE LINE COMPANY, LLC",WITHIN 40 FEET,7,35200,37719929,1194261,1816282,342700,6725,6,2012/11/07 00:00:00+00,0,0
-77.5629059999999,36.531436,756,756,GCOMP448,PLEASANT HILL,2784 NC 48 HWY,PLEASANT HILL,NC,27866,NOT AVAILABLE,NATURAL GAS COMPRESSOR STATION,IN SERVICE,NORTHAMPTON,37131,USA,36.531436,-77.562906,486210,PIPELINE TRANSPORTATION OF NATURAL GAS,"FERC FORM 2, IMAGERY",2015/09/28 00:00:00+00,IMAGERY/OTHER,2016/03/14 00:00:00+00,http://www.columbiapipeinfo.com/,"COLUMBIA GAS TRANSMISSION,LLC",21,"COLUMBIA GAS TRANSMISSION,LLC",WITHIN 40 FEET,3,1200,3947605,5250,82297,1797,702,1,2012/02/12 00:00:00+00,8916,-999
-91.965241915,40.90281098,757,757,GCOMP449,BIRMINGHAM,2795 LOCUST AVE,BIRMINGHAM,IA,52535,NOT AVAILABLE,NATURAL GAS COMPRESSOR STATION,IN SERVICE,JEFFERSON,19101,USA,40.90281098,-91.965241915,486210,PIPELINE TRANSPORTATION OF NATURAL GAS,"EPA ENVIROFACTS, FERC FORM 2, CORPORATE WEBSITE",2015/10/28 00:00:00+00,IMAGERY/OTHER,2016/03/14 00:00:00+00,http://anrebb.transcanada.com/,ANR PIPELINE COMPANY,48,ANR PIPELINE COMPANY,WITHIN 40 FEET,8,13100,18176851,1999947,1189720,747816,58075,8,2012/02/24 00:00:00+00,0,0
-90.0929209399999,32.301665095,758,758,GCOMP45,JACKSON,1020 NORTH FOXHALL ROAD,FLOWOOD,MS,39232,2201,NATURAL GAS COMPRESSOR STATION,IN SERVICE,RANKIN,28121,USA,32.301665095,-90.09292094,486210,PIPELINE TRANSPORTATION OF NATURAL GAS,"EPA ENVIROFACTS, FERC FORM 2, CORPORATE WEBSITE",2015/09/17 00:00:00+00,IMAGERY/OTHER,2016/03/14 00:00:00+00,http://infopost.bwpmlp.com/,"GULF SOUTH PIPELINE COMPANY, LP",11,"GULF SOUTH PIPELINE COMPANY, LP",WITHIN 40 FEET,4,8000,6228573,203204,529305,69656,4361,3,2012/01/20 00:00:00+00,0,0
-116.006169205,43.3470136240001,759,759,GCOMP450,BOISE,28001 SOUTH ORCHARD ACCESS ROAD,BOISE,ID,83716,NOT AVAILABLE,NATURAL GAS COMPRESSOR STATION,IN SERVICE,ADA,16001,USA,43.347013624,-116.006169205,486210,PIPELINE TRANSPORTATION OF NATURAL GAS,"EPA ENVIROFACTS, FERC FORM 2, CORPORATE WEBSITE",2015/09/15 00:00:00+00,IMAGERY/OTHER,2016/03/14 00:00:00+00,http://www.northwest.williams.com/,NORTHWEST PIPELINE GP,37,NORTHWEST PIPELINE GP,WITHIN 40 FEET,2,13000,15554298,1012747,209298,360008,8788,2,2012/03/24 00:00:00+00,0,0
-94.5620706999999,35.1292033840001,760,760,GCOMP451,POTEAU,28021 OK-112,CAMERON,OK,74932,NOT AVAILABLE,NATURAL GAS COMPRESSOR STATION,IN SERVICE,LE FLORE,40079,USA,35.129203384,-94.5620707,486210,PIPELINE TRANSPORTATION OF NATURAL GAS,"EPA ENVIROFACTS, FERC FORM 2, CORPORATE WEBSITE",2015/10/20 00:00:00+00,IMAGERY/OTHER,2016/03/14 00:00:00+00,http://pipelines.centerpointenergy.com/,"CENTERPOINT ENERGY GAS TRANSMISSION COMPANY, LLC",31,"CENTERPOINT ENERGY GAS TRANSMISSION COMPANY, LLC",WITHIN 40 FEET,1,10310,22540425,0,53453,0,0,0,1970/01/01 00:00:00+00,0,0
-100.472115,37.074148,761,761,GCOMP452,MEADE,28111 11 ROAD,MEADE,KS,67864,NOT AVAILABLE,NATURAL GAS COMPRESSOR STATION,IN SERVICE,MEADE,20119,USA,37.074148,-100.472115,486210,PIPELINE TRANSPORTATION OF NATURAL GAS,"EPA ENVIROFACTS, FERC FORM 2, CORPORATE WEBSITE",2015/10/21 00:00:00+00,IMAGERY/OTHER,2016/03/14 00:00:00+00,http://anrebb.transcanada.com/,ANR PIPELINE COMPANY,48,ANR PIPELINE COMPANY,WITHIN 40 FEET,9,13240,12848386,1091049,695074,396668,43090,7,2012/11/06 00:00:00+00,0,0
-81.906966,41.1965960000001,762,762,GCOMP453,MEDINA,2834 STIEGLER RD.,MEDINA,OH,44256,NOT AVAILABLE,NATURAL GAS COMPRESSOR STATION,IN SERVICE,MEDINA,39103,USA,41.196596,-81.906966,486210,PIPELINE TRANSPORTATION OF NATURAL GAS,"EPA ENVIROFACTS, FERC FORM 2, CORPORATE WEBSITE",2015/09/28 00:00:00+00,IMAGERY/OTHER,2016/03/14 00:00:00+00,http://www.columbiapipeinfo.com/,"COLUMBIA GAS TRANSMISSION,LLC",21,"COLUMBIA GAS TRANSMISSION,LLC",WITHIN 40 FEET,3,3300,4522695,106896,177868,37492,3096,2,2012/06/21 00:00:00+00,0,0
-74.4027918259999,42.755757956,763,763,GCOMP454,#249 - CARLISLE,2840 HIGHWAY ROUTE 20,SLOANSVILLE,NY,12160,NOT AVAILABLE,NATURAL GAS COMPRESSOR STATION,IN SERVICE,SCHOHARIE,36095,USA,42.755757956,-74.402791826,486210,PIPELINE TRANSPORTATION OF NATURAL GAS,"EPA ENVIROFACTS, FERC FORM 2, CORPORATE WEBSITE",2015/09/03 00:00:00+00,IMAGERY/OTHER,2016/03/14 00:00:00+00,http://pipeline2.kindermorgan.com/,"TENNESSEE GAS PIPELINE COMPANY, L.L.C.",9,"TENNESSEE GAS PIPELINE COMPANY, L.L.C.",WITHIN 40 FEET,4,16200,43502462,2064443,1090998,738984,23803,4,2012/02/17 00:00:00+00,0,0
-109.455947523,40.040203874,764,764,GCOMP455,UTAH - FIDLAR,28637 S GLEN BENCH RD,VERNAL,UT,84078,NOT AVAILABLE,NATURAL GAS COMPRESSOR STATION,IN SERVICE,UINTAH,49047,USA,40.040203874,-109.455947523,486210,PIPELINE TRANSPORTATION OF NATURAL GAS,"EPA ENVIROFACTS, FERC FORM 2, CORPORATE WEBSITE",2015/09/11 00:00:00+00,IMAGERY/OTHER,2016/03/14 00:00:00+00,http://www.questarpipeline.com/,QUESTAR PIPELINE COMPANY,55,QUESTAR PIPELINE COMPANY,WITHIN 40 FEET,4,8070,22431712,173579,290273,64302,4638,4,2012/11/12 00:00:00+00,0,0
-93.540108,40.6300440000001,765,765,GCOMP456,LINEVILLE,2868 15TH STREET,LINEVILLE,IA,50147,NOT AVAILABLE,NATURAL GAS COMPRESSOR STATION,IN SERVICE,WAYNE,19185,USA,40.630044,-93.540108,486210,PIPELINE TRANSPORTATION OF NATURAL GAS,"EPA ENVIROFACTS, FERC FORM 2, CORPORATE WEBSITE",2015/10/21 00:00:00+00,IMAGERY/OTHER,2016/03/14 00:00:00+00,http://anrebb.transcanada.com/,ANR PIPELINE COMPANY,48,ANR PIPELINE COMPANY,WITHIN 40 FEET,9,13410,19481275,1774826,1572604,660014,52334,8,2012/03/17 00:00:00+00,0,0
-82.402189,40.6593750000001,766,766,GCOMP457,WEAVER,2873 PLEASANT VALLEY RD.,LUCAS,OH,44843,NOT AVAILABLE,NATURAL GAS COMPRESSOR STATION,IN SERVICE,RICHLAND,39139,USA,40.659375,-82.402189,486210,PIPELINE TRANSPORTATION OF NATURAL GAS,"EPA ENVIROFACTS, FERC FORM 2, CORPORATE WEBSITE",2015/09/25 00:00:00+00,IMAGERY/OTHER,2016/03/14 00:00:00+00,http://www.columbiapipeinfo.com/,"COLUMBIA GAS TRANSMISSION,LLC",21,"COLUMBIA GAS TRANSMISSION,LLC",WITHIN 40 FEET,5,11950,11071937,208089,1036343,81173,4561,3,2012/02/09 00:00:00+00,0,0
-87.568189,39.5201050000001,767,767,GCOMP458,#2115 PARIS,2874 MIDWESTERN GAS ST,PARIS,IL,61944,NOT AVAILABLE,NATURAL GAS COMPRESSOR STATION,IN SERVICE,EDGAR,17045,USA,39.520105,-87.568189,486210,PIPELINE TRANSPORTATION OF NATURAL GAS,"FERC FORM 2, IMAGERY",2015/10/05 00:00:00+00,IMAGERY/OTHER,2016/03/14 00:00:00+00,www.mgt.nborder.com,MIDWESTERN GAS TRANSMISSION COMPANY,5,MIDWESTERN GAS TRANSMISSION COMPANY,WITHIN 40 FEET,3,8000,12962054,0,0,88454,2542,3,2012/11/03 00:00:00+00,0,0
-103.031185367,40.6541453610001,768,768,GCOMP459,STERLING,28822 US-6,FLEMING,CO,80728,NOT AVAILABLE,NATURAL GAS COMPRESSOR STATION,IN SERVICE,LOGAN,08075,USA,40.654145361,-103.031185367,486210,PIPELINE TRANSPORTATION OF NATURAL GAS,"EPA ENVIROFACTS, FERC FORM 2, CORPORATE WEBSITE",2015/09/03 00:00:00+00,IMAGERY/OTHER,2016/03/14 00:00:00+00,http://pipeline.tallgrassenergylp.com/,TALLGRASS INTERSTATE GAS TRANSMISSION LLC,53,TALLGRASS INTERSTATE GAS TRANSMISSION LLC,WITHIN 40 FEET,3,16500,16893063,0,0,0,634,1,2012/03/16 00:00:00+00,-999,6963288
-77.501796,38.8021370000001,769,769,GCOMP46,NO. 185 MANASSAS,10201 BALLS FORD RD,MANASSAS,VA,20105,NOT AVAILABLE,NATURAL GAS COMPRESSOR STATION,IN SERVICE,LOUDOUN,51153,USA,38.802137,-77.501796,486210,PIPELINE TRANSPORTATION OF NATURAL GAS,"EPA ENVIROFACTS, FERC FORM 2, CORPORATE WEBSITE",2015/08/25 00:00:00+00,IMAGERY/OTHER,2016/03/14 00:00:00+00,http://www.1line.williams.com/,"TRANSCONTINENTAL GAS PIPE LINE COMPANY, LLC",29,"TRANSCONTINENTAL GAS PIPE LINE COMPANY, LLC",WITHIN 40 FEET,10,20000,38285514,762565,2802817,272286,15717,10,2013/01/28 00:00:00+00,0,0
-102.991565,41.198317,770,770,GCOMP460,NEBRASKA HUNTSMAN FIELD,2884 ROAD 111,SIDNEY,NE,69162,NOT AVAILABLE,NATURAL GAS COMPRESSOR STATION,IN SERVICE,CHEYENNE,31033,USA,41.198317,-102.991565,486210,PIPELINE TRANSPORTATION OF NATURAL GAS,"EPA ENVIROFACTS, FERC FORM 2, CORPORATE WEBSITE",2015/09/09 00:00:00+00,IMAGERY/OTHER,2016/03/14 00:00:00+00,http://pipeline.tallgrassenergylp.com/,TALLGRASS INTERSTATE GAS TRANSMISSION LLC,53,TALLGRASS INTERSTATE GAS TRANSMISSION LLC,WITHIN 40 FEET,7,10860,28348748,0,0,67548,6684,2,2012/09/23 00:00:00+00,0,0
-102.993307,41.198203,771,771,GCOMP461,NEBRASKA HUNTSMAN FIELD -WEST ENGELLAND (NOT OPERATED),2884 ROAD 111,SIDNEY,NE,69162,NOT AVAILABLE,NATURAL GAS COMPRESSOR STATION,IN SERVICE,CHEYENNE,31033,USA,41.198203,-102.993307,486210,PIPELINE TRANSPORTATION OF NATURAL GAS,"EPA ENVIROFACTS, FERC FORM 2, CORPORATE WEBSITE",2015/09/09 00:00:00+00,IMAGERY/OTHER,2016/03/14 00:00:00+00,http://pipeline.tallgrassenergylp.com/,TALLGRASS INTERSTATE GAS TRANSMISSION LLC,53,TALLGRASS INTERSTATE GAS TRANSMISSION LLC,WITHIN 40 FEET,1,140,302492,0,0,0,0,0,1970/01/01 00:00:00+00,0,0
-99.0173139999999,39.262347,772,772,GCOMP462,LATON,2899 W RD,NATOMA,KS,67651,NOT AVAILABLE,NATURAL GAS COMPRESSOR STATION,IN SERVICE,ROOKS,20141,USA,39.262347,-99.017314,486210,PIPELINE TRANSPORTATION OF NATURAL GAS,"FERC FORM 2, CORPORATE WEBSITE, IMAGERY",2015/09/09 00:00:00+00,IMAGERY/OTHER,2016/03/14 00:00:00+00,http://pipeline.tallgrassenergylp.com/,TALLGRASS INTERSTATE GAS TRANSMISSION LLC,53,TALLGRASS INTERSTATE GAS TRANSMISSION LLC,WITHIN 40 FEET,3,10005,16003177,0,0,5293,263,1,2012/12/06 00:00:00+00,0,0
-81.4297569999999,35.1379240000001,773,773,GCOMP463,CGTC GROVER,290 LOOKOUT TOWER RD,BLACKSBURG,SC,29702,NOT AVAILABLE,NATURAL GAS COMPRESSOR STATION,IN SERVICE,CHEROKEE,45021,USA,35.137924,-81.429757,486210,PIPELINE TRANSPORTATION OF NATURAL GAS,"EPA ENVIROFACTS, FERC FORM 2, CORPORATE WEBSITE, IMAGERY",2015/10/21 00:00:00+00,IMAGERY/OTHER,2016/03/14 00:00:00+00,https://www.dominionenergy.com/,SC PIPELINE:BLACKSBURG,63,SC PIPELINE:BLACKSBURG,WITHIN 40 FEET,9,9450,14200127,887906,718440,307450,21806,7,2012/11/29 00:00:00+00,0,0
-94.673584551,38.5995770330001,774,774,GCOMP464,KANSAS-LOUISBURG-MIAMI COUNTY,29115 METCALF ROAD,LOUISBURG,KS,66053,8313,NATURAL GAS COMPRESSOR STATION,IN SERVICE,MIAMI,20121,USA,38.599577033,-94.673584551,486210,PIPELINE TRANSPORTATION OF NATURAL GAS,"EPA ENVIROFACTS, FERC FORM 2, CORPORATE WEBSITE",2015/09/11 00:00:00+00,IMAGERY/OTHER,2016/03/14 00:00:00+00,http://peplmessenger.energytransfer.com/,"PANHANDLE EASTERN PIPE LINE COMPANY, LP",28,"PANHANDLE EASTERN PIPE LINE COMPANY, LP",WITHIN 40 FEET,11,33280,47880321,3199321,1856672,1208081,50048,8,2012/10/31 00:00:00+00,0,0
-91.872238,30.539321,775,775,GCOMP465,STATION 7.5,2921 BAYOU GERIMOND RD.,PORT BARRE,LA,70577,NOT AVAILABLE,NATURAL GAS COMPRESSOR STATION,IN SERVICE,SAINT LANDRY,22097,USA,30.539321,-91.872238,486210,PIPELINE TRANSPORTATION OF NATURAL GAS,"EPA ENVIROFACTS, FERC FORM 2, CORPORATE WEBSITE",2015/09/18 00:00:00+00,IMAGERY/OTHER,2016/03/14 00:00:00+00,http://fgttransfer.energytransfer.com/,"FLORIDA GAS TRANSMISSION COMPANY, LLC",34,"FLORIDA GAS TRANSMISSION COMPANY, LLC",WITHIN 40 FEET,3,19500,26475811,2434534,701121,851064,16406,2,2012/01/03 00:00:00+00,0,0
-91.4169664889999,29.7271392850001,776,776,GCOMP466,SHADYSIDE,293 SONAT LN,CENTERVILLE,LA,70522,NOT AVAILABLE,NATURAL GAS COMPRESSOR STATION,IN SERVICE,SAINT MARY,22101,USA,29.727139285,-91.416966489,486210,PIPELINE TRANSPORTATION OF NATURAL GAS,"EPA ENVIROFACTS, FERC FORM 2, CORPORATE WEBSITE",2015/09/10 00:00:00+00,IMAGERY/OTHER,2016/03/14 00:00:00+00,http://ixsnp.sonetpremier.com/,"SOUTHERN NATURAL GAS COMPANY, L.L.C.",7,"SOUTHERN NATURAL GAS COMPANY, L.L.C.",WITHIN 40 FEET,5,9000,13244150,589879,693367,211501,20422,3,2012/02/25 00:00:00+00,0,0
-92.662991314,32.6897342570001,777,777,GCOMP467,WEST UNIONVILLE,294 OAK ST,DUBACH,LA,71235,NOT AVAILABLE,NATURAL GAS COMPRESSOR STATION,IN SERVICE,LINCOLN,22061,USA,32.689734257,-92.662991314,486210,PIPELINE TRANSPORTATION OF NATURAL GAS,"FERC FORM 2, CORPORATE WEBSITE",2015/10/26 00:00:00+00,IMAGERY/OTHER,2016/03/14 00:00:00+00,http://pipelines.centerpointenergy.com/,"CENTERPOINT ENERGY - MISSISSIPPI RIVER TRANSMISSION, LLC",25,"CENTERPOINT ENERGY - MISSISSIPPI RIVER TRANSMISSION, LLC",WITHIN 40 FEET,5,24590,47728994,2002740,1754694,704910,20650,3,1970/01/01 00:00:00+00,0,0
-100.450911679,37.584439522,778,778,GCOMP468,538NTEZUMA,29406 12TH ROAD,MONTEZUMA,KS,67867,NOT AVAILABLE,NATURAL GAS COMPRESSOR STATION,IN SERVICE,GRAY,20069,USA,37.584439522,-100.450911679,486210,PIPELINE TRANSPORTATION OF NATURAL GAS,"EPA ENVIROFACTS, FERC FORM 2, CORPORATE WEBSITE",2015/09/10 00:00:00+00,IMAGERY/OTHER,2016/03/14 00:00:00+00,https://csi.sscgp.com/,"SOUTHERN STAR CENTRAL GAS PIPELINE, INC.",43,"SOUTHERN STAR CENTRAL GAS PIPELINE, INC.",WITHIN 40 FEET,3,6000,3006594,282813,204267,108014,8749,3,2012/01/23 00:00:00+00,0,0
-122.946169147,46.9556320410001,779,779,GCOMP469,TUMWATER,2944 93RD AVE.,OLYMPIA,WA,98503,NOT AVAILABLE,NATURAL GAS COMPRESSOR STATION,IN SERVICE,THURSTON,53067,USA,46.955632041,-122.946169147,486210,PIPELINE TRANSPORTATION OF NATURAL GAS,"EPA ENVIROFACTS, FERC FORM 2, CORPORATE WEBSITE",2015/09/14 00:00:00+00,IMAGERY/OTHER,2016/03/14 00:00:00+00,http://www.northwest.williams.com/,NORTHWEST PIPELINE GP,37,NORTHWEST PIPELINE GP,WITHIN 40 FEET,2,6043,990734,3596,200712,1320,0,0,1970/01/01 00:00:00+00,0,0
-83.984955151,37.9174358660001,780,780,GCOMP47,#106 - CLAY CITY,10205 WINCHESTER RD.,CLAY CITY,KY,40312,NOT AVAILABLE,NATURAL GAS COMPRESSOR STATION,IN SERVICE,POWELL,21197,USA,37.917435866,-83.984955151,486210,PIPELINE TRANSPORTATION OF NATURAL GAS,"EPA ENVIROFACTS, FERC FORM 2, CORPORATE WEBSITE",2015/09/03 00:00:00+00,IMAGERY/OTHER,2016/03/14 00:00:00+00,http://pipeline2.kindermorgan.com/,"TENNESSEE GAS PIPELINE COMPANY, L.L.C.",9,"TENNESSEE GAS PIPELINE COMPANY, L.L.C.",WITHIN 40 FEET,30,48100,31000266,81732,1281456,27207,48,3,2012/06/19 00:00:00+00,0,0
-82.5762369999999,38.271462,781,781,GCOMP470,#114 - CATLETTSBURG,29450 MAYO TRAIL RD.,CATLETTSBURG,KY,41129,NOT AVAILABLE,NATURAL GAS COMPRESSOR STATION,IN SERVICE,BOYD,21099,USA,38.271462,-82.576237,486210,PIPELINE TRANSPORTATION OF NATURAL GAS,"EPA ENVIROFACTS, FERC FORM 2, CORPORATE WEBSITE",2015/09/03 00:00:00+00,IMAGERY/OTHER,2016/03/14 00:00:00+00,http://pipeline2.kindermorgan.com/,"TENNESSEE GAS PIPELINE COMPANY, L.L.C.",9,"TENNESSEE GAS PIPELINE COMPANY, L.L.C.",WITHIN 40 FEET,10,23751,28888530,7694,936973,2765,8175,2,2012/04/29 00:00:00+00,1923533,20189000
-102.030214,37.183857,782,782,GCOMP471,MORTON,295 ROAD P,RICHFIELD,KS,67953,NOT AVAILABLE,NATURAL GAS COMPRESSOR STATION,IN SERVICE,MORTON,20129,USA,37.183857,-102.030214,486210,PIPELINE TRANSPORTATION OF NATURAL GAS,"EPA ENVIROFACTS, FERC FORM 2, CORPORATE WEBSITE",2015/10/19 00:00:00+00,IMAGERY/OTHER,2016/03/14 00:00:00+00,http://ebb.cigco.com/,"COLORADO INTERSTATE GAS COMPANY, L.L.C.",32,"COLORADO INTERSTATE GAS COMPANY, L.L.C.",WITHIN 40 FEET,8,11080,11116359,249782,1223543,100321,13977,3,2012/12/06 00:00:00+00,0,0
-90.7046989999999,30.9935360000001,783,783,GCOMP472,NO. 65 KENTWOOD,29507 HIGHWAY 43,GREENSBURG,LA,70441,NOT AVAILABLE,NATURAL GAS COMPRESSOR STATION,IN SERVICE,SAINT HELENA,22091,USA,30.993536,-90.704699,486210,PIPELINE TRANSPORTATION OF NATURAL GAS,"EPA ENVIROFACTS, FERC FORM 2, CORPORATE WEBSITE",2015/08/24 00:00:00+00,IMAGERY/OTHER,2016/03/14 00:00:00+00,http://www.1line.williams.com/,"TRANSCONTINENTAL GAS PIPE LINE COMPANY, LLC",29,"TRANSCONTINENTAL GAS PIPE LINE COMPANY, LLC",WITHIN 40 FEET,6,26400,36595252,462240,1658728,187504,6288,4,2013/02/20 00:00:00+00,0,0
-92.9660139,31.8980192450001,784,784,GCOMP473,CLARENCE,2958 MAMMY TRAIL RD,GOLDONNA,LA,71031,NOT AVAILABLE,NATURAL GAS COMPRESSOR STATION,IN SERVICE,NATCHITOCHES,22069,USA,31.898019245,-92.9660139,486210,PIPELINE TRANSPORTATION OF NATURAL GAS,"EPA ENVIROFACTS, FERC FORM 2, CORPORATE WEBSITE",2015/09/17 00:00:00+00,IMAGERY/OTHER,2016/03/14 00:00:00+00,http://infopost.bwpmlp.com/,"GULF SOUTH PIPELINE COMPANY, LP",11,"GULF SOUTH PIPELINE COMPANY, LP",WITHIN 40 FEET,4,20652,35908612,1157656,855146,406541,9890,4,2012/03/07 00:00:00+00,0,0
-92.429964,30.5753950000001,785,785,GCOMP474,NO. 50 EUNICE,2959 VETERAN MEMORIAL HWY,MAMOU,LA,70554,NOT AVAILABLE,NATURAL GAS COMPRESSOR STATION,IN SERVICE,EVANGELINE,22039,USA,30.575395,-92.429964,486210,PIPELINE TRANSPORTATION OF NATURAL GAS,"FERC FORM 2, CORPORATE WEBSITE",2015/08/17 00:00:00+00,IMAGERY/OTHER,2016/03/14 00:00:00+00,http://www.1line.williams.com/,"TRANSCONTINENTAL GAS PIPE LINE COMPANY, LLC",29,"TRANSCONTINENTAL GAS PIPE LINE COMPANY, LLC",WITHIN 40 FEET,1,10310,25054390,17156,2058091,1759,20,1,2013/03/06 00:00:00+00,0,0
-90.429929,41.2395560000001,786,786,GCOMP475,NEW WINDSOR,296 NORTH 600 AVE,NEW WINDSOR,IL,61465,NOT AVAILABLE,NATURAL GAS COMPRESSOR STATION,IN SERVICE,HENRY,17073,USA,41.239556,-90.429929,486210,PIPELINE TRANSPORTATION OF NATURAL GAS,"EPA ENVIROFACTS, FERC FORM 2, CORPORATE WEBSITE",2015/10/21 00:00:00+00,IMAGERY/OTHER,2016/03/14 00:00:00+00,http://anrebb.transcanada.com/,ANR PIPELINE COMPANY,48,ANR PIPELINE COMPANY,WITHIN 40 FEET,8,13100,16382286,1794865,866713,666234,54015,8,2012/03/09 00:00:00+00,0,0
-91.2662319999999,30.7445020000001,787,787,GCOMP476,NO. 60 ST. FRANCISVILLE,2988 HIGHWAY 964,JACKSON,LA,70748,NOT AVAILABLE,NATURAL GAS COMPRESSOR STATION,IN SERVICE,EAST FELICIANA,22037,USA,30.744502,-91.266232,486210,PIPELINE TRANSPORTATION OF NATURAL GAS,"EPA ENVIROFACTS, FERC FORM 2, CORPORATE WEBSITE",2015/08/24 00:00:00+00,IMAGERY/OTHER,2016/03/14 00:00:00+00,http://www.1line.williams.com/,"TRANSCONTINENTAL GAS PIPE LINE COMPANY, LLC",29,"TRANSCONTINENTAL GAS PIPE LINE COMPANY, LLC",WITHIN 40 FEET,13,37105,46909961,2859009,2745650,1095820,55756,12,2013/03/03 00:00:00+00,0,0
-97.253638144,39.5495961930001,788,788,GCOMP477,CLIFTON,2994 GAS CITY RD,CLIFTON,KS,66937,NOT AVAILABLE,NATURAL GAS COMPRESSOR STATION,IN SERVICE,CLAY,20027,USA,39.549596193,-97.253638144,486210,PIPELINE TRANSPORTATION OF NATURAL GAS,"EPA ENVIROFACTS, FERC FORM 2, CORPORATE WEBSITE",2015/09/15 00:00:00+00,IMAGERY/OTHER,2016/03/14 00:00:00+00,http://www.northernnaturalgas.com/,NORTHERN NATURAL GAS COMPANY,59,NORTHERN NATURAL GAS COMPANY,WITHIN 40 FEET,5,24200,18925624,973692,1690293,332471,3175,2,2012/11/12 00:00:00+00,82516,982880
-92.82700434,34.167263699,789,789,GCOMP478,DONALDSON,2997 PUMPING STATION ROAD,MALVERN,AR,72104,NOT AVAILABLE,NATURAL GAS COMPRESSOR STATION,IN SERVICE,HOT SPRING,05059,USA,34.167263699,-92.82700434,486210,PIPELINE TRANSPORTATION OF NATURAL GAS,"EPA ENVIROFACTS, FERC FORM 2, CORPORATE WEBSITE",2015/09/01 00:00:00+00,IMAGERY/OTHER,2016/03/14 00:00:00+00,http://www.spectraenergy.com/,"TEXAS EASTERN TRANSMISSION, LP",17,"TEXAS EASTERN TRANSMISSION, LP",WITHIN 40 FEET,4,8000,1668315,0,0,0,0,0,1970/01/01 00:00:00+00,21682,31702
-94.503251,30.1768710000001,790,790,GCOMP479,NO. 40 SOUR LAKE,29979 W HIGHWAY 105 W,SOUR LAKE,TX,77659,NOT AVAILABLE,NATURAL GAS COMPRESSOR STATION,IN SERVICE,HARDIN,48199,USA,30.176871,-94.503251,486210,PIPELINE TRANSPORTATION OF NATURAL GAS,"EPA ENVIROFACTS, FERC FORM 2, CORPORATE WEBSITE",2015/08/25 00:00:00+00,IMAGERY/OTHER,2016/03/14 00:00:00+00,http://www.1line.williams.com/,"TRANSCONTINENTAL GAS PIPE LINE COMPANY, LLC",29,"TRANSCONTINENTAL GAS PIPE LINE COMPANY, LLC",WITHIN 40 FEET,6,15000,25962778,169620,1664105,85117,4795,6,2012/11/05 00:00:00+00,0,0
-90.1622,44.6187,791,791,GCOMP48,MARSHFIELD,10255 WASHINGTON AVE S,MARSHFIELD,WI,54449,9687,NATURAL GAS COMPRESSOR STATION,IN SERVICE,WOOD,55141,USA,44.6187,-90.1622,486210,PIPELINE TRANSPORTATION OF NATURAL GAS,"EPA ENVIROFACTS, FERC FORM 2, CORPORATE WEBSITE",2015/10/21 00:00:00+00,IMAGERY/OTHER,2016/03/14 00:00:00+00,http://anrebb.transcanada.com/,ANR PIPELINE COMPANY,48,ANR PIPELINE COMPANY,WITHIN 40 FEET,6,12480,12163454,182895,341166,70263,5581,4,2012/08/30 00:00:00+00,0,0
-111.555893989,35.2285002100001,792,792,GCOMP480,FLAGSTAFF,3 EL PASO FLAGSTAFF RD,FLAGSTAFF,AZ,86004,NOT AVAILABLE,NATURAL GAS COMPRESSOR STATION,IN SERVICE,COCONINO,04005,USA,35.22850021,-111.555893989,486210,PIPELINE TRANSPORTATION OF NATURAL GAS,"EPA ENVIROFACTS, FERC FORM 2, CORPORATE WEBSITE",2015/09/21 00:00:00+00,IMAGERY/OTHER,2016/03/14 00:00:00+00,https://pipeportal.kindermorgan.com/,"EL PASO NATURAL GAS COMPANY, L.L.C.",33,"EL PASO NATURAL GAS COMPANY, L.L.C.",WITHIN 40 FEET,2,11000,9657016,10973,66506,4093,0,0,1970/01/01 00:00:00+00,0,0
-103.10706578,31.274403869,793,793,GCOMP481,WAHA,"3 MI. N.W. OF COYANOSA, TX. ON HWY. 1450",COYANOSA,TX,79730,NOT AVAILABLE,NATURAL GAS COMPRESSOR STATION,IN SERVICE,PECOS & REEVES,48371,USA,31.274403869,-103.10706578,486210,PIPELINE TRANSPORTATION OF NATURAL GAS,"FERC FORM 2, IMAGERY",2015/09/21 00:00:00+00,IMAGERY/OTHER,2016/03/14 00:00:00+00,https://pipeportal.kindermorgan.com/,"EL PASO NATURAL GAS COMPANY, L.L.C.",33,"EL PASO NATURAL GAS COMPANY, L.L.C.",WITHIN 40 FEET,5,4640,23207853,1656153,677865,616294,14969,2,2012/03/20 00:00:00+00,0,0
-88.3838,45.6529,794,794,GCOMP482,GOODMAN,3 MILES NW OF GOODMAN,GOODMAN,WI,54125,NOT AVAILABLE,NATURAL GAS COMPRESSOR STATION,IN SERVICE,MARINETTE,55075,USA,45.6529,-88.3838,486210,PIPELINE TRANSPORTATION OF NATURAL GAS,"EPA ENVIROFACTS, FERC FORM 2, CORPORATE WEBSITE",2015/10/27 00:00:00+00,IMAGERY/OTHER,2016/03/14 00:00:00+00,http://anrebb.transcanada.com/,ANR PIPELINE COMPANY,48,ANR PIPELINE COMPANY,WITHIN 40 FEET,2,20620,28355952,0,99614,20828,264,2,2012/01/20 00:00:00+00,0,0
-108.270458743,36.2793293980001,795,795,GCOMP483,BISTI,30 M S OF FARMINGTON HWY 371,FARMINGTON,NM,87401,NOT AVAILABLE,NATURAL GAS COMPRESSOR STATION,IN SERVICE,SAN JUAN,35045,USA,36.279329398,-108.270458743,486210,PIPELINE TRANSPORTATION OF NATURAL GAS,"EPA ENVIROFACTS, FERC FORM 2, CORPORATE WEBSITE",2015/08/24 00:00:00+00,IMAGERY/OTHER,2016/03/14 00:00:00+00,http://twtransfer.energytransfer.com/,"TRANSWESTERN PIPELINE COMPANY, LLC",42,"TRANSWESTERN PIPELINE COMPANY, LLC",WITHIN 40 FEET,1,10000,11366013,0,390479,0,516,1,2012/04/16 00:00:00+00,355227,2004140
-94.711130295,32.456280866,796,796,GCOMP484,LONGVIEW,3009 LILLY ST,LONGVIEW,TX,75602,4013,NATURAL GAS COMPRESSOR STATION,IN SERVICE,GREGG,48183,USA,32.456280866,-94.711130295,486210,PIPELINE TRANSPORTATION OF NATURAL GAS,"EPA ENVIROFACTS, FERC FORM 2, CORPORATE WEBSITE",2015/09/01 00:00:00+00,IMAGERY/OTHER,2016/03/14 00:00:00+00,http://www.spectraenergy.com/,"TEXAS EASTERN TRANSMISSION, LP",17,"TEXAS EASTERN TRANSMISSION, LP",WITHIN 40 FEET,4,7500,3333452,448,0,157,11,1,2012/10/31 00:00:00+00,15427,229080
-79.6603055799999,40.937563031,797,797,GCOMP485,KAYLOR,3021 PUMP STATION LN,EAST BRADY,PA,16028,NOT AVAILABLE,NATURAL GAS COMPRESSOR STATION,IN SERVICE,CLARION,42005,USA,40.937563031,-79.66030558,486210,PIPELINE TRANSPORTATION OF NATURAL GAS,"EPA ENVIROFACTS, FERC FORM 2, CORPORATE WEBSITE",2015/09/16 00:00:00+00,IMAGERY/OTHER,2016/03/14 00:00:00+00,http://www.natfuel.com/,NATIONAL FUEL GAS SUPPLY CORPORATION,16,NATIONAL FUEL GAS SUPPLY CORPORATION,WITHIN 40 FEET,1,145,988463,26220,78330,9996,8232,1,2012/04/02 00:00:00+00,2002,17439
-103.006929923,33.8812877980001,798,798,GCOMP486,STATION 168 - SUDAN,3027 CR-21,MAPLE,TX,79344,NOT AVAILABLE,NATURAL GAS COMPRESSOR STATION,IN SERVICE,BAILEY,48017,USA,33.881287798,-103.006929923,486210,PIPELINE TRANSPORTATION OF NATURAL GAS,"EPA ENVIROFACTS, FERC FORM 2, CORPORATE WEBSITE",2015/09/16 00:00:00+00,IMAGERY/OTHER,2016/03/14 00:00:00+00,http://www.kindermorgan.com/,NATURAL GAS PIPELINE COMPANY OF AMERICA LLC,26,NATURAL GAS PIPELINE COMPANY OF AMERICA LLC,WITHIN 40 FEET,2,8000,4431549,0,0,30924,1353,1,2012/03/21 00:00:00+00,0,0
-91.896835,30.414453,799,799,GCOMP487,ARNAUDVILLE,"304 KOCH RD, 2 MILES EAST HWY 31",ARNAUDVILLE,LA,70512,NOT AVAILABLE,NATURAL GAS COMPRESSOR STATION,IN SERVICE,SAINT LANDRY,22097,USA,30.414453,-91.896835,486210,PIPELINE TRANSPORTATION OF NATURAL GAS,"FERC FORM 2, IMAGERY",2015/09/17 00:00:00+00,IMAGERY/OTHER,2016/03/14 00:00:00+00,http://infopost.bwpmlp.com/,"GULF SOUTH PIPELINE COMPANY, LP",11,"GULF SOUTH PIPELINE COMPANY, LP",WITHIN 40 FEET,2,13400,6368448,317080,162893,124895,1916,1,2012/05/23 00:00:00+00,0,0
-94.008244,31.9393870000001,800,800,GCOMP488,JOAQUIN,3053 FM 139,JOAQUIN,TX,75954,NOT AVAILABLE,NATURAL GAS COMPRESSOR STATION,IN SERVICE,SHELBY,48419,USA,31.939387,-94.008244,486210,PIPELINE TRANSPORTATION OF NATURAL GAS,"EPA ENVIROFACTS, FERC FORM 2, CORPORATE WEBSITE",2015/09/01 00:00:00+00,IMAGERY/OTHER,2016/03/14 00:00:00+00,http://www.spectraenergy.com/,"TEXAS EASTERN TRANSMISSION, LP",17,"TEXAS EASTERN TRANSMISSION, LP",WITHIN 40 FEET,4,4400,4784264,112672,0,39164,5179,4,2012/12/18 00:00:00+00,15771,149920
-83.8625,37.89,801,801,GCOMP489,STANTON,3066 MORRIS CREEK ROAD,STANTON,KY,40380,9406,NATURAL GAS COMPRESSOR STATION,IN SERVICE,POWELL,21197,USA,37.89,-83.8625,486210,PIPELINE TRANSPORTATION OF NATURAL GAS,"EPA ENVIROFACTS, FERC FORM 2, CORPORATE WEBSITE",2015/09/25 00:00:00+00,IMAGERY/OTHER,2016/03/14 00:00:00+00,http://www.columbiapipeinfo.com/,COLUMBIA GULF TRANSMISSION COMPANY,70,COLUMBIA GULF TRANSMISSION COMPANY,WITHIN 40 FEET,6,40600,39040518,2580362,1227501,929397,18749,4,2012/07/28 00:00:00+00,0,0
-82.412919,33.2489580000001,802,802,GCOMP49,WRENS,1028 USRY PLACE RD,WRENS,GA,30833,NOT AVAILABLE,NATURAL GAS COMPRESSOR STATION,IN SERVICE,JEFFERSON,13163,USA,33.248958,-82.412919,486210,PIPELINE TRANSPORTATION OF NATURAL GAS,"EPA ENVIROFACTS, FERC FORM 2, CORPORATE WEBSITE",2015/09/10 00:00:00+00,IMAGERY/OTHER,2016/03/14 00:00:00+00,http://ixsnp.sonetpremier.com/,"SOUTHERN NATURAL GAS COMPANY, L.L.C.",7,"SOUTHERN NATURAL GAS COMPANY, L.L.C.",WITHIN 40 FEET,5,9170,23061658,915364,1531009,333085,35016,5,2012/11/03 00:00:00+00,1448167,20350486
-96.742823385,40.220088048,803,803,GCOMP490,BEATRICE,30694 US HWY 77,BEATRICE,NE,68310,NOT AVAILABLE,NATURAL GAS COMPRESSOR STATION,IN SERVICE,GAGE,31067,USA,40.220088048,-96.742823385,486210,PIPELINE TRANSPORTATION OF NATURAL GAS,"EPA ENVIROFACTS, FERC FORM 2, CORPORATE WEBSITE",2015/09/15 00:00:00+00,IMAGERY/OTHER,2016/03/14 00:00:00+00,http://www.northernnaturalgas.com/,NORTHERN NATURAL GAS COMPANY,59,NORTHERN NATURAL GAS COMPANY,WITHIN 40 FEET,8,32500,24902286,1367445,1193202,479932,22024,8,2012/01/19 00:00:00+00,79227,1000320
-102.788791,38.660351,804,804,GCOMP491,KIT CARSON,3073 US HIGHWAY 287,KIT CARSON,CO,80825,NOT AVAILABLE,NATURAL GAS COMPRESSOR STATION,IN SERVICE,CHEYENNE,08017,USA,38.660351,-102.788791,486210,PIPELINE TRANSPORTATION OF NATURAL GAS,"EPA ENVIROFACTS, FERC FORM 2, CORPORATE WEBSITE",2015/10/19 00:00:00+00,IMAGERY/OTHER,2016/03/14 00:00:00+00,http://ebb.cigco.com/,"COLORADO INTERSTATE GAS COMPANY, L.L.C.",32,"COLORADO INTERSTATE GAS COMPANY, L.L.C.",WITHIN 40 FEET,10,12360,11831237,553717,1019220,228515,23193,1,2012/12/03 00:00:00+00,0,0
-92.185892666,32.5584753850001,805,805,GCOMP492,MONROE,309 WORTHY ROAD,WEST MONROE,LA,71291,1695,NATURAL GAS COMPRESSOR STATION,IN SERVICE,OUACHITA,22073,USA,32.558475385,-92.185892666,486210,PIPELINE TRANSPORTATION OF NATURAL GAS,"EPA ENVIROFACTS, FERC FORM 2, CORPORATE WEBSITE",2015/09/01 00:00:00+00,IMAGERY/OTHER,2016/03/14 00:00:00+00,http://www.spectraenergy.com/,"TEXAS EASTERN TRANSMISSION, LP",17,"TEXAS EASTERN TRANSMISSION, LP",WITHIN 40 FEET,3,7500,9140096,539554,0,197261,11095,3,2012/10/18 00:00:00+00,29136,85600
-86.9308801889999,32.526354097,806,806,GCOMP493,SELMA,3096 COUNTY ROAD 84,SELMA,AL,36703,NOT AVAILABLE,NATURAL GAS COMPRESSOR STATION,IN SERVICE,DALLAS,01047,USA,32.526354097,-86.930880189,486210,PIPELINE TRANSPORTATION OF NATURAL GAS,"EPA ENVIROFACTS, FERC FORM 2, CORPORATE WEBSITE",2015/09/10 00:00:00+00,IMAGERY/OTHER,2016/03/14 00:00:00+00,http://ixsnp.sonetpremier.com/,"SOUTHERN NATURAL GAS COMPANY, L.L.C.",7,"SOUTHERN NATURAL GAS COMPANY, L.L.C.",WITHIN 40 FEET,3,33320,26464428,2002470,3588987,714632,13610,1,2012/05/19 00:00:00+00,4933598,81729650
-82.832908,38.700345,807,807,GCOMP494,WHEELERSBURGH,3096 ST RT 522,WHEELERSBURG,OH,45694,NOT AVAILABLE,NATURAL GAS COMPRESSOR STATION,IN SERVICE,SCIOTO,39145,USA,38.700345,-82.832908,486210,PIPELINE TRANSPORTATION OF NATURAL GAS,"EPA ENVIROFACTS, FERC FORM 2, CORPORATE WEBSITE",2015/08/28 00:00:00+00,IMAGERY/OTHER,2016/03/14 00:00:00+00,http://www.spectraenergy.com/,"TEXAS EASTERN TRANSMISSION, LP",17,"TEXAS EASTERN TRANSMISSION, LP",WITHIN 40 FEET,7,30000,14167389,0,0,0,4963,0,1970/01/01 00:00:00+00,5267766,36120000
-122.209707061,47.229004951,808,808,GCOMP495,SUMNER,3104 166TH AVE E,SUMNER,WA,98390,NOT AVAILABLE,NATURAL GAS COMPRESSOR STATION,IN SERVICE,PIERCE,53053,USA,47.229004951,-122.209707061,486210,PIPELINE TRANSPORTATION OF NATURAL GAS,"EPA ENVIROFACTS, FERC FORM 2, CORPORATE WEBSITE",2015/09/14 00:00:00+00,IMAGERY/OTHER,2016/03/14 00:00:00+00,http://www.northwest.williams.com/,NORTHWEST PIPELINE GP,37,NORTHWEST PIPELINE GP,WITHIN 40 FEET,2,26000,29798416,872864,336583,325617,3106,2,2012/09/29 00:00:00+00,0,0
-95.1204959999999,35.1050090000001,809,809,GCOMP496,LEQUIRE,31088 N4440 RD,MCCURTAIN,OK,74944,NOT AVAILABLE,NATURAL GAS COMPRESSOR STATION,IN SERVICE,HASKELL,40061,USA,35.105009,-95.120496,486210,PIPELINE TRANSPORTATION OF NATURAL GAS,"FERC FORM 2, CORPORATE WEBSITE",2015/08/17 00:00:00+00,IMAGERY/OTHER,2016/03/14 00:00:00+00,http://www.spectraenergy.com/,"OZARK GAS TRANSMISSION, L.L.C",63,"OZARK GAS TRANSMISSION, L.L.C",WITHIN 40 FEET,5,8500,13043155,41,0,22,0,0,1970/01/01 00:00:00+00,10567,165600
-90.755960606,31.627696751,810,810,GCOMP497,UNION CHURCH,3109 TEXAS EASTERN RD,UNION CHURCH,MS,39668,NOT AVAILABLE,NATURAL GAS COMPRESSOR STATION,IN SERVICE,JEFFERSON,28063,USA,31.627696751,-90.755960606,486210,PIPELINE TRANSPORTATION OF NATURAL GAS,"EPA ENVIROFACTS, FERC FORM 2, CORPORATE WEBSITE",2015/08/31 00:00:00+00,IMAGERY/OTHER,2016/03/14 00:00:00+00,http://www.spectraenergy.com/,"TEXAS EASTERN TRANSMISSION, LP",17,"TEXAS EASTERN TRANSMISSION, LP",WITHIN 40 FEET,13,32050,14017366,310048,0,110149,5188,7,2012/01/15 00:00:00+00,185335,726000
-98.649330429,36.8638388950001,811,811,GCOMP498,556 ALVA,31465 US-281,ALVA,OK,73717,9801,NATURAL GAS COMPRESSOR STATION,IN SERVICE,WOODS,40151,USA,36.863838895,-98.649330429,486210,PIPELINE TRANSPORTATION OF NATURAL GAS,"EPA ENVIROFACTS, FERC FORM 2, CORPORATE WEBSITE",2015/09/10 00:00:00+00,IMAGERY/OTHER,2016/03/14 00:00:00+00,https://csi.sscgp.com/,"SOUTHERN STAR CENTRAL GAS PIPELINE, INC.",43,"SOUTHERN STAR CENTRAL GAS PIPELINE, INC.",WITHIN 40 FEET,4,6900,4418127,21,153029,10,3,0,1970/01/01 00:00:00+00,0,0
-92.021378,30.6701800000001,812,812,GCOMP499,NO. 54 WASHINGTON STORAGE FIELD,3149 HIGHWAY 10,WASHINGTON,LA,70589,NOT AVAILABLE,NATURAL GAS COMPRESSOR STATION,IN SERVICE,SAINT LANDRY,22097,USA,30.67018,-92.021378,486210,PIPELINE TRANSPORTATION OF NATURAL GAS,"EPA ENVIROFACTS, FERC FORM 2, CORPORATE WEBSITE",2015/08/24 00:00:00+00,IMAGERY/OTHER,2016/03/14 00:00:00+00,http://www.1line.williams.com/,"TRANSCONTINENTAL GAS PIPE LINE COMPANY, LLC",29,"TRANSCONTINENTAL GAS PIPE LINE COMPANY, LLC",WITHIN 40 FEET,3,33000,100435442,1241000,5321100,415209,5257,3,2012/04/22 00:00:00+00,0,0
-80.468601618,39.168148892,813,813,GCOMP5,LAW,.5 MILES EAST OF COUNTY RT 19/18 & CAMPBELL RUN ROAD,WEST MILFORD,WV,26451,NOT AVAILABLE,NATURAL GAS COMPRESSOR STATION,IN SERVICE,HARRISON,54033,USA,39.168148892,-80.468601618,486210,PIPELINE TRANSPORTATION OF NATURAL GAS,"EPA ENVIROFACTS, FERC FORM 2, CORPORATE WEBSITE",2015/09/24 00:00:00+00,IMAGERY/OTHER,2016/03/14 00:00:00+00,http://escript.dom.com/,"DOMINION TRANSMISSION, INC.",22,"DOMINION TRANSMISSION, INC.",WITHIN 40 FEET,2,1320,3517118,213486,261148,76684,13763,2,2012/08/15 00:00:00+00,0,0
-92.673645166,35.3351718050001,814,814,GCOMP50,ROUND MOUNTAIN,1030 LANTY RD,HATTIEVILLE,AR,72063,NOT AVAILABLE,NATURAL GAS COMPRESSOR STATION,IN SERVICE,CONWAY,05029,USA,35.335171805,-92.673645166,486210,PIPELINE TRANSPORTATION OF NATURAL GAS,"EPA ENVIROFACTS, FERC FORM 2, CORPORATE WEBSITE",2015/10/20 00:00:00+00,IMAGERY/OTHER,2016/03/14 00:00:00+00,http://pipelines.centerpointenergy.com/,"CENTERPOINT ENERGY GAS TRANSMISSION COMPANY, LLC",31,"CENTERPOINT ENERGY GAS TRANSMISSION COMPANY, LLC",WITHIN 40 FEET,2,9400,11973920,235579,88970,82779,2285,1,1970/01/01 00:00:00+00,0,0
-74.732468,40.337539,815,815,GCOMP500,NO. 205 LAWRENCEVILLE,315 COLD SOIL RD.,PRINCETON,NJ,08540,NOT AVAILABLE,NATURAL GAS COMPRESSOR STATION,IN SERVICE,MERCER,34021,USA,40.337539,-74.732468,486210,PIPELINE TRANSPORTATION OF NATURAL GAS,"EPA ENVIROFACTS, FERC FORM 2, CORPORATE WEBSITE",2015/08/25 00:00:00+00,IMAGERY/OTHER,2016/03/14 00:00:00+00,http://www.1line.williams.com/,"TRANSCONTINENTAL GAS PIPE LINE COMPANY, LLC",29,"TRANSCONTINENTAL GAS PIPE LINE COMPANY, LLC",WITHIN 40 FEET,3,30200,46336670,982,1754053,0,214,1,2013/03/18 00:00:00+00,209129,3111225
-80.2528789419999,40.833976868,816,816,GCOMP501,ELLWOOD CITY,"315 SHADYREST RD,",ELLWOOD CITY,PA,16117,NOT AVAILABLE,NATURAL GAS COMPRESSOR STATION,IN SERVICE,LAWRENCE,42007,USA,40.833976868,-80.252878942,486210,PIPELINE TRANSPORTATION OF NATURAL GAS,"EPA ENVIROFACTS, FERC FORM 2, CORPORATE WEBSITE",2015/09/29 00:00:00+00,IMAGERY/OTHER,2016/03/14 00:00:00+00,http://www.columbiapipeinfo.com/,"COLUMBIA GAS TRANSMISSION,LLC",21,"COLUMBIA GAS TRANSMISSION,LLC",WITHIN 40 FEET,2,1000,1663044,16868,250703,6219,974,1,2012/01/23 00:00:00+00,7718,-999
-93.849533385,47.332877544,817,817,GCOMP502,DEER RIVER,31641 GREAT LAKES ROAD,DEER RIVER,MN,56636,NOT AVAILABLE,NATURAL GAS COMPRESSOR STATION,IN SERVICE,ITASCA,27061,USA,47.332877544,-93.849533385,486210,PIPELINE TRANSPORTATION OF NATURAL GAS,"EPA ENVIROFACTS, FERC FORM 2, CORPORATE WEBSITE",2015/09/18 00:00:00+00,IMAGERY/OTHER,2016/03/14 00:00:00+00,http://www.glgt.com/,GREAT LAKES GAS TRANSMISSION LIMITED PTRSHP,51,GREAT LAKES GAS TRANSMISSION LIMITED PTRSHP,WITHIN 40 FEET,2,31300,42234574,28864,225067,10811,26,1,2012/03/14 00:00:00+00,0,0
-94.7015694249999,46.211039629,818,818,GCOMP503,STATION 2213 STAPLES,31866 400TH ST,CUSHING,MN,56443,NOT AVAILABLE,NATURAL GAS COMPRESSOR STATION,IN SERVICE,TODD,27153,USA,46.211039629,-94.701569425,486210,PIPELINE TRANSPORTATION OF NATURAL GAS,"EPA ENVIROFACTS, FERC FORM 2, CORPORATE WEBSITE",2015/08/19 00:00:00+00,IMAGERY/OTHER,2016/03/14 00:00:00+00,http://www.vgt.nborder.com/,VIKING GAS TRANSMISSION COMPANY,82,VIKING GAS TRANSMISSION COMPANY,WITHIN 40 FEET,4,9800,10044419,0,0,10791,612,3,2012/10/30 00:00:00+00,0,0
-107.948504353,36.728284844,819,819,GCOMP504,BLOOMFIELD,"3189 ARROYO DR; 1 MILE NE OF BLOOMFIELD",BLOOMFIELD,NM,87413,NOT AVAILABLE,NATURAL GAS COMPRESSOR STATION,IN SERVICE,SAN JUAN,35045,USA,36.728284844,-107.948504353,486210,PIPELINE TRANSPORTATION OF NATURAL GAS,"EPA ENVIROFACTS, FERC FORM 2, CORPORATE WEBSITE",2015/08/24 00:00:00+00,IMAGERY/OTHER,2016/03/14 00:00:00+00,http://twtransfer.energytransfer.com/,"TRANSWESTERN PIPELINE COMPANY, LLC",42,"TRANSWESTERN PIPELINE COMPANY, LLC",WITHIN 40 FEET,2,22000,25449174,0,0,0,9142,2,2012/07/13 00:00:00+00,3963218,65489907
-97.9307209,36.866058229,820,820,GCOMP505,543 WAKITA,"31897 OK-11A; 1 MI S OF WAKITA ON 11A",WAKITA,OK,73771,NOT AVAILABLE,NATURAL GAS COMPRESSOR STATION,IN SERVICE,GRANT,40053,USA,36.866058229,-97.9307209,486210,PIPELINE TRANSPORTATION OF NATURAL GAS,"EPA ENVIROFACTS, FERC FORM 2, CORPORATE WEBSITE",2015/09/10 00:00:00+00,IMAGERY/OTHER,2016/03/14 00:00:00+00,https://csi.sscgp.com/,"SOUTHERN STAR CENTRAL GAS PIPELINE, INC.",43,"SOUTHERN STAR CENTRAL GAS PIPELINE, INC.",WITHIN 40 FEET,2,4000,3092243,1698,88961,588,7,1,2012/01/18 00:00:00+00,0,0
-110.82113335,39.6174925240001,821,821,GCOMP506,UTAH - PRICE DEWPOINT PLANT,320 W 1100 N,PRICE,UT,84501,NOT AVAILABLE,NATURAL GAS COMPRESSOR STATION,IN SERVICE,CARBON,49007,USA,39.617492524,-110.82113335,486210,PIPELINE TRANSPORTATION OF NATURAL GAS,"EPA ENVIROFACTS, FERC FORM 2, CORPORATE WEBSITE",2015/09/11 00:00:00+00,IMAGERY/OTHER,2016/03/14 00:00:00+00,http://www.questarpipeline.com/,QUESTAR PIPELINE COMPANY,55,QUESTAR PIPELINE COMPANY,WITHIN 40 FEET,1,336,7092156,8628,85407,3297,2949,1,2012/11/03 00:00:00+00,0,0
-74.315548,40.441177,822,822,GCOMP507,NO: 207 SAYREVILLE,3200 BORDENTOWN AVE,SAYREVILLE,NJ,08857,NOT AVAILABLE,NATURAL GAS COMPRESSOR STATION,IN SERVICE,MIDDLESEX,34023,USA,40.441177,-74.315548,486210,PIPELINE TRANSPORTATION OF NATURAL GAS,"FERC FORM 2, CORPORATE WEBSITE",2015/08/17 00:00:00+00,IMAGERY/OTHER,2016/03/14 00:00:00+00,http://www.1line.williams.com/,"TRANSCONTINENTAL GAS PIPE LINE COMPANY, LLC",29,"TRANSCONTINENTAL GAS PIPE LINE COMPANY, LLC",WITHIN 40 FEET,2,10000,70417959,5163,1120614,1323,3243,2,2012/11/27 00:00:00+00,947649,12611013
-95.2289355,38.618586872,823,823,GCOMP508,555 OTTAWA,3243 NEBRASKA RD,OTTAWA,KS,66067,NOT AVAILABLE,NATURAL GAS COMPRESSOR STATION,IN SERVICE,FRANKLIN,20059,USA,38.618586872,-95.2289355,486210,PIPELINE TRANSPORTATION OF NATURAL GAS,"EPA ENVIROFACTS, FERC FORM 2, CORPORATE WEBSITE",2015/09/10 00:00:00+00,IMAGERY/OTHER,2016/03/14 00:00:00+00,https://csi.sscgp.com/,"SOUTHERN STAR CENTRAL GAS PIPELINE, INC.",43,"SOUTHERN STAR CENTRAL GAS PIPELINE, INC.",WITHIN 40 FEET,2,8500,9765842,128269,157860,43147,1136,2,2012/01/21 00:00:00+00,0,0
-90.125665764,34.424955255,824,824,GCOMP509,SARDIS,327 HOLLY GROVE ROAD,SARDIS,MS,38666,2703,NATURAL GAS COMPRESSOR STATION,IN SERVICE,PANOLA,28107,USA,34.424955255,-90.125665764,486210,PIPELINE TRANSPORTATION OF NATURAL GAS,"EPA ENVIROFACTS, FERC FORM 2, CORPORATE WEBSITE",2015/10/21 00:00:00+00,IMAGERY/OTHER,2016/03/14 00:00:00+00,http://anrebb.transcanada.com/,ANR PIPELINE COMPANY,48,ANR PIPELINE COMPANY,WITHIN 40 FEET,7,31920,30507834,1063065,1664424,384061,8293,4,2012/12/10 00:00:00+00,0,0
-87.4860278049999,41.431616408,825,825,GCOMP51,ST. JOHN,10313 WHITE OAK AVE,ST JOHN,IN,46373,9043,NATURAL GAS COMPRESSOR STATION,IN SERVICE,LAKE,18089,USA,41.431616408,-87.486027805,486210,PIPELINE TRANSPORTATION OF NATURAL GAS,"EPA ENVIROFACTS, FERC FORM 2, CORPORATE WEBSITE",2015/10/21 00:00:00+00,IMAGERY/OTHER,2016/03/14 00:00:00+00,http://anrebb.transcanada.com/,ANR PIPELINE COMPANY,48,ANR PIPELINE COMPANY,WITHIN 40 FEET,7,32200,34588242,487403,1101963,195452,7317,6,2012/09/08 00:00:00+00,0,0
-92.309425033,43.8302242170001,826,826,GCOMP510,CHATFIELD,32759 171ST AVE,CHATFIELD,MN,55923,NOT AVAILABLE,NATURAL GAS COMPRESSOR STATION,IN SERVICE,FILLMORE,27045,USA,43.830224217,-92.309425033,486210,PIPELINE TRANSPORTATION OF NATURAL GAS,"EPA ENVIROFACTS, FERC FORM 2, CORPORATE WEBSITE",2015/09/15 00:00:00+00,IMAGERY/OTHER,2016/03/14 00:00:00+00,http://www.northernnaturalgas.com/,NORTHERN NATURAL GAS COMPANY,59,NORTHERN NATURAL GAS COMPANY,WITHIN 40 FEET,2,4250,7769547,0,70168,0,11,1,2012/01/20 00:00:00+00,17228,199388
-92.430862,31.6008780000001,827,827,GCOMP511,LOUISIANA - POLLOCK - GRANT PARISH,328 FORESTRY ROAD 120,POLLOCK,LA,71467,NOT AVAILABLE,NATURAL GAS COMPRESSOR STATION,IN SERVICE,GRANT,22043,USA,31.600878,-92.430862,486210,PIPELINE TRANSPORTATION OF NATURAL GAS,"EPA ENVIROFACTS, FERC FORM 2, CORPORATE WEBSITE",2015/08/20 00:00:00+00,IMAGERY/OTHER,2016/03/14 00:00:00+00,http://feptransfer.energytransfer.com/,"TRUNKLINE GAS COMPANY, LLC",30,"TRUNKLINE GAS COMPANY, LLC",WITHIN 40 FEET,8,31101,20679235,17519,633576,6860,311,0,2012/02/12 00:00:00+00,0,0
-78.2626182449999,43.1048874250001,828,828,GCOMP512,OAKFIELD,3281 LOCKPORT RD,EAST OAKFIELD,NY,14125,NOT AVAILABLE,NATURAL GAS COMPRESSOR STATION,IN SERVICE,OAKFIELD,36037,USA,43.104887425,-78.262618245,486210,PIPELINE TRANSPORTATION OF NATURAL GAS,"FERC FORM 2, IMAGERY",2015/09/21 00:00:00+00,IMAGERY/OTHER,2016/03/14 00:00:00+00,https://www.natfuel.com/,"EMPIRE PIPELINE, INC.",575,"EMPIRE PIPELINE, INC.",WITHIN 40 FEET,2,20620,32026288,8657,56718,3060,0,0,1970/01/01 00:00:00+00,24039,242240
-90.635793,34.148916,829,829,GCOMP513,CLARKSDALE,3305 HIGHWAY 61 SOUTH,CLARKSDALE,MS,38614,NOT AVAILABLE,NATURAL GAS COMPRESSOR STATION,IN SERVICE,COAHOMA,28027,USA,34.148916,-90.635793,486210,PIPELINE TRANSPORTATION OF NATURAL GAS,"EPA ENVIROFACTS, FERC FORM 2, CORPORATE WEBSITE",2015/08/28 00:00:00+00,IMAGERY/OTHER,2016/03/14 00:00:00+00,http://infopost.bwpmlp.com/,"TEXAS GAS TRANSMISSION, LLC",18,"TEXAS GAS TRANSMISSION, LLC",WITHIN 40 FEET,9,38090,19830092,105946,810032,45039,2236,4,2012/03/23 00:00:00+00,0,0
-77.654159047,40.3541614100001,830,830,GCOMP514,PERULACK,3318 PUMPING STATION RD,PERULACK,PA,17021,7187,NATURAL GAS COMPRESSOR STATION,IN SERVICE,JUNIATA,42067,USA,40.35416141,-77.654159047,486210,PIPELINE TRANSPORTATION OF NATURAL GAS,"EPA ENVIROFACTS, FERC FORM 2, CORPORATE WEBSITE",2015/08/31 00:00:00+00,IMAGERY/OTHER,2016/03/14 00:00:00+00,http://www.spectraenergy.com/,"TEXAS EASTERN TRANSMISSION, LP",17,"TEXAS EASTERN TRANSMISSION, LP",WITHIN 40 FEET,4,34800,35277176,3396041,0,1221610,22409,4,2012/01/03 00:00:00+00,170214,851410
-75.3292037689999,43.5125450730001,831,831,GCOMP515,BOONVILLE,3338 EAST RD,BOONVILLE,NY,13309,NOT AVAILABLE,NATURAL GAS COMPRESSOR STATION,IN SERVICE,ONEIDA,36065,USA,43.512545073,-75.329203769,486210,PIPELINE TRANSPORTATION OF NATURAL GAS,"FERC FORM 2, IMAGERY",2015/09/17 00:00:00+00,IMAGERY/OTHER,2016/03/14 00:00:00+00,http://www.iroquois.com/,IPOC AS AGENT/IROQUOIS GAS TRANS. SYS. L.P.,110,IPOC AS AGENT/IROQUOIS GAS TRANS. SYS. L.P.,WITHIN 40 FEET,1,18371,26524451,0,245229,143737,951,1,2012/12/30 00:00:00+00,-999,569300
-91.1010663499999,30.1964899590001,832,832,GCOMP516,WHITE CASTLE,33480 HWY 405,WHITE CASTLE,LA,70788,4905,NATURAL GAS COMPRESSOR STATION,IN SERVICE,IBERVILLE,22047,USA,30.196489959,-91.10106635,486210,PIPELINE TRANSPORTATION OF NATURAL GAS,"EPA ENVIROFACTS, FERC FORM 2, CORPORATE WEBSITE",2015/09/10 00:00:00+00,IMAGERY/OTHER,2016/03/14 00:00:00+00,http://ixsnp.sonetpremier.com/,"SOUTHERN NATURAL GAS COMPANY, L.L.C.",7,"SOUTHERN NATURAL GAS COMPANY, L.L.C.",WITHIN 40 FEET,7,12600,32691606,1826380,1500688,664420,47328,6,2012/03/20 00:00:00+00,0,0
-88.1536859999999,30.7589790000001,833,833,GCOMP517,WHISTLER JCT.,3350 SUNCREST ROAD-EIGHT MILE BR,MOBILE,AL,36613,NOT AVAILABLE,NATURAL GAS COMPRESSOR STATION,IN SERVICE,MOBILE,01097,USA,30.758979,-88.153686,486210,PIPELINE TRANSPORTATION OF NATURAL GAS,"EPA ENVIROFACTS, FERC FORM 2, CORPORATE WEBSITE",2015/09/17 00:00:00+00,IMAGERY/OTHER,2016/03/14 00:00:00+00,http://infopost.bwpmlp.com/,"GULF SOUTH PIPELINE COMPANY, LP",11,"GULF SOUTH PIPELINE COMPANY, LP",WITHIN 40 FEET,1,4680,14826992,816243,151570,283539,7186,1,2012/05/12 00:00:00+00,0,0
-77.6793759999999,39.8910490000001,834,834,GCOMP518,CHAMBERSBURG-TE,3351 MOLLY PITCHER HWY,CHAMBERSBURG,PA,17201,NOT AVAILABLE,NATURAL GAS COMPRESSOR STATION,IN SERVICE,FRANKLIN,42055,USA,39.891049,-77.679376,486210,PIPELINE TRANSPORTATION OF NATURAL GAS,"FERC FORM 2, IMAGERY",2015/10/15 00:00:00+00,IMAGERY/OTHER,2016/03/14 00:00:00+00,http://escript.dom.com/,"DOMINION TRANSMISSION, INC.",22,"DOMINION TRANSMISSION, INC.",WITHIN 40 FEET,2,14300,6609074,0,0,0,0,0,1970/01/01 00:00:00+00,159770,5413187
-77.679297,39.8909870000001,835,835,GCOMP519,CHAMBERSBURG,3351 MOLLY PITCHER HWY,CHAMBERSBURG,PA,17202,NOT AVAILABLE,NATURAL GAS COMPRESSOR STATION,IN SERVICE,FRANKLIN,42055,USA,39.890987,-77.679297,486210,PIPELINE TRANSPORTATION OF NATURAL GAS,"FERC FORM 2, IMAGERY",2015/09/01 00:00:00+00,IMAGERY/OTHER,2016/03/14 00:00:00+00,http://www.spectraenergy.com/,"TEXAS EASTERN TRANSMISSION, LP",17,"TEXAS EASTERN TRANSMISSION, LP",WITHIN 40 FEET,2,41300,47655474,0,0,0,2162,0,1970/01/01 00:00:00+00,1707221,30966436
-85.565484,38.216777,836,836,GCOMP52,JEFFERSONTOWN,10327 GASLIGHT WAY,LOUISVILLE,KY,40299,NOT AVAILABLE,NATURAL GAS COMPRESSOR STATION,IN SERVICE,JEFFERSON,21111,USA,38.216777,-85.565484,486210,PIPELINE TRANSPORTATION OF NATURAL GAS,"EPA ENVIROFACTS, FERC FORM 2, CORPORATE WEBSITE",2015/08/28 00:00:00+00,IMAGERY/OTHER,2016/03/14 00:00:00+00,http://infopost.bwpmlp.com/,"TEXAS GAS TRANSMISSION, LLC",18,"TEXAS GAS TRANSMISSION, LLC",WITHIN 40 FEET,10,26830,36505205,600793,1569149,228539,19295,9,2012/02/11 00:00:00+00,0,0
-86.534271,41.8971260000001,837,837,GCOMP520,BRIDGMAN,3372 BROWNTOWN RD,BRIDGMAN,MI,49106,NOT AVAILABLE,NATURAL GAS COMPRESSOR STATION,IN SERVICE,BERRIEN,26021,USA,41.897126,-86.534271,486210,PIPELINE TRANSPORTATION OF NATURAL GAS,"EPA ENVIROFACTS, FERC FORM 2, CORPORATE WEBSITE",2015/10/28 00:00:00+00,IMAGERY/OTHER,2016/03/14 00:00:00+00,http://anrebb.transcanada.com/,ANR PIPELINE COMPANY,48,ANR PIPELINE COMPANY,WITHIN 40 FEET,9,22750,21349480,1909320,1087640,726636,35120,9,2012/03/15 00:00:00+00,0,0
-95.7502337889999,37.151515734,838,838,GCOMP521,515 GRABHAM,3380 3400 RD,INDEPENDENCE,KS,67301,NOT AVAILABLE,NATURAL GAS COMPRESSOR STATION,IN SERVICE,MONTGOMERY,20125,USA,37.151515734,-95.750233789,486210,PIPELINE TRANSPORTATION OF NATURAL GAS,"EPA ENVIROFACTS, FERC FORM 2, CORPORATE WEBSITE",2015/09/10 00:00:00+00,IMAGERY/OTHER,2016/03/14 00:00:00+00,https://csi.sscgp.com/,"SOUTHERN STAR CENTRAL GAS PIPELINE, INC.",43,"SOUTHERN STAR CENTRAL GAS PIPELINE, INC.",WITHIN 40 FEET,6,14135,24744854,952519,1120540,348893,21028,6,2012/12/27 00:00:00+00,0,0
-94.987645227,40.23327232,839,839,GCOMP522,MAITLAND,33854 MO-TT,GRAHAM,MO,64455,NOT AVAILABLE,NATURAL GAS COMPRESSOR STATION,IN SERVICE,NODAWAY,29147,USA,40.23327232,-94.987645227,486210,PIPELINE TRANSPORTATION OF NATURAL GAS,"EPA ENVIROFACTS, FERC FORM 2, CORPORATE WEBSITE",2015/10/21 00:00:00+00,IMAGERY/OTHER,2016/03/14 00:00:00+00,http://anrebb.transcanada.com/,ANR PIPELINE COMPANY,48,ANR PIPELINE COMPANY,WITHIN 40 FEET,8,13100,18675412,2121891,920169,793497,59510,8,2012/04/22 00:00:00+00,0,0
-89.972459795,32.878288997,840,840,GCOMP523,PICKENS,340 GAS PLANT ROAD,PICKENS,MS,39179,NOT AVAILABLE,NATURAL GAS COMPRESSOR STATION,IN SERVICE,YAZOO,28163,USA,32.878288997,-89.972459795,486210,PIPELINE TRANSPORTATION OF NATURAL GAS,"EPA ENVIROFACTS, FERC FORM 2, CORPORATE WEBSITE",2015/09/10 00:00:00+00,IMAGERY/OTHER,2016/03/14 00:00:00+00,http://ixsnp.sonetpremier.com/,"SOUTHERN NATURAL GAS COMPANY, L.L.C.",7,"SOUTHERN NATURAL GAS COMPANY, L.L.C.",WITHIN 40 FEET,2,5200,12148967,340226,516535,121921,7228,2,2012/08/14 00:00:00+00,0,0
-80.705807017,28.050956984,841,841,GCOMP524,STATION 19,3400 RANCH RD.,WEST MELBOURNE,FL,32904,NOT AVAILABLE,NATURAL GAS COMPRESSOR STATION,IN SERVICE,BREVARD,12009,USA,28.050956984,-80.705807017,486210,PIPELINE TRANSPORTATION OF NATURAL GAS,"EPA ENVIROFACTS, FERC FORM 2, CORPORATE WEBSITE",2015/09/18 00:00:00+00,IMAGERY/OTHER,2016/03/14 00:00:00+00,http://fgttransfer.energytransfer.com/,"FLORIDA GAS TRANSMISSION COMPANY, LLC",34,"FLORIDA GAS TRANSMISSION COMPANY, LLC",WITHIN 40 FEET,3,10000,26921486,82586,1136942,28517,1376,0,2010/01/03 00:00:00+00,0,0
-85.303918084,36.1915924240001,842,842,GCOMP525,MONTEREY,3400 STAMPS-SHADY GROVE RD,MONTEREY,TN,38574,3003,NATURAL GAS COMPRESSOR STATION,IN SERVICE,PUTNAM,47141,USA,36.191592424,-85.303918084,486210,PIPELINE TRANSPORTATION OF NATURAL GAS,"EPA ENVIROFACTS, FERC FORM 2, CORPORATE WEBSITE",2015/09/22 00:00:00+00,IMAGERY/OTHER,2016/03/14 00:00:00+00,http://www.spectraenergy.com/,"EAST TENNESSEE NATURAL GAS, LLC",2,"EAST TENNESSEE NATURAL GAS, LLC",WITHIN 40 FEET,4,5800,11697293,884346,0,313913,22023,0,2012/01/03 00:00:00+00,0,0
-108.445542676,38.17339092,843,843,GCOMP526,REDVALE,34141 COUNTY ROAD FF31,REDVALE,CO,81431,NOT AVAILABLE,NATURAL GAS COMPRESSOR STATION,IN SERVICE,MONTROSE,08085,USA,38.17339092,-108.445542676,486210,PIPELINE TRANSPORTATION OF NATURAL GAS,"EPA ENVIROFACTS, FERC FORM 2, CORPORATE WEBSITE",2015/08/27 00:00:00+00,IMAGERY/OTHER,2016/03/14 00:00:00+00,http://pipeline2.kindermorgan.com/,TRANSCOLORADO GAS TRANSMISSION COMPANY LLC,63,TRANSCOLORADO GAS TRANSMISSION COMPANY LLC,WITHIN 40 FEET,1,4044,7365117,0,0,120510,4019,1,2012/07/08 00:00:00+00,0,0
-83.564309335,42.543404373,844,844,GCOMP527,HIGHLAND - OAKLAND COUNTY,3427 CHILDS LAKE RD,MILFORD,MI,48381,NOT AVAILABLE,NATURAL GAS COMPRESSOR STATION,IN SERVICE,OAKLAND,26125,USA,42.543404373,-83.564309335,486210,PIPELINE TRANSPORTATION OF NATURAL GAS,"EPA ENVIROFACTS, FERC FORM 2, CORPORATE WEBSITE",2015/08/19 00:00:00+00,IMAGERY/OTHER,2016/03/14 00:00:00+00,http://www.vector-pipeline.com/,VECTOR PIPELINE L.P.,63,VECTOR PIPELINE L.P.,WITHIN 40 FEET,2,30000,38154147,0,355117,1385512,12409,2,2012/11/22 00:00:00+00,0,0
-81.681792,39.9390080000001,845,845,GCOMP528,#209 - CAMBRIDGE,3428 CLAY PIKE RD.,CUMBERLAND,OH,43732,NOT AVAILABLE,NATURAL GAS COMPRESSOR STATION,IN SERVICE,GUERNSEY,39059,USA,39.939008,-81.681792,486210,PIPELINE TRANSPORTATION OF NATURAL GAS,"EPA ENVIROFACTS, FERC FORM 2, CORPORATE WEBSITE",2015/09/03 00:00:00+00,IMAGERY/OTHER,2016/03/14 00:00:00+00,http://pipeline2.kindermorgan.com/,"TENNESSEE GAS PIPELINE COMPANY, L.L.C.",9,"TENNESSEE GAS PIPELINE COMPANY, L.L.C.",WITHIN 40 FEET,13,21000,21303970,357989,943980,124502,5691,6,2012/12/07 00:00:00+00,0,0
-94.071382,33.0516910000001,846,846,GCOMP529,ATLANTA,3437 COUNTY ROAD 4670,ATLANTA,TX,75551,NOT AVAILABLE,NATURAL GAS COMPRESSOR STATION,IN SERVICE,CASS,48067,USA,33.051691,-94.071382,486210,PIPELINE TRANSPORTATION OF NATURAL GAS,"EPA ENVIROFACTS, FERC FORM 2, CORPORATE WEBSITE",2015/09/01 00:00:00+00,IMAGERY/OTHER,2016/03/14 00:00:00+00,http://www.spectraenergy.com/,"TEXAS EASTERN TRANSMISSION, LP",17,"TEXAS EASTERN TRANSMISSION, LP",WITHIN 40 FEET,4,8000,2597635,0,0,0,0,0,1970/01/01 00:00:00+00,1743,4000
-84.7681084979999,45.261264983,847,847,GCOMP53,BOYNE FALLS,10339 GREAT LAKES ROAD,BOYNE FALLS,MI,49713,NOT AVAILABLE,NATURAL GAS COMPRESSOR STATION,IN SERVICE,CHARLEVOIX,26029,USA,45.261264983,-84.768108498,486210,PIPELINE TRANSPORTATION OF NATURAL GAS,"EPA ENVIROFACTS, FERC FORM 2, CORPORATE WEBSITE",2015/09/18 00:00:00+00,IMAGERY/OTHER,2016/03/14 00:00:00+00,http://www.glgt.com/,GREAT LAKES GAS TRANSMISSION LIMITED PTRSHP,51,GREAT LAKES GAS TRANSMISSION LIMITED PTRSHP,WITHIN 40 FEET,2,25000,37422972,232098,244608,76923,610,1,2012/01/24 00:00:00+00,0,0
-76.11627,42.9393670000001,848,848,GCOMP530,#241 - LAFAYETTE,3447 SENTINEL HEIGHTS RD.,LA FAYETTE,NY,13084,NOT AVAILABLE,NATURAL GAS COMPRESSOR STATION,IN SERVICE,ONONDAGA,36067,USA,42.939367,-76.11627,486210,PIPELINE TRANSPORTATION OF NATURAL GAS,"EPA ENVIROFACTS, FERC FORM 2, CORPORATE WEBSITE",2015/09/03 00:00:00+00,IMAGERY/OTHER,2016/03/14 00:00:00+00,http://pipeline2.kindermorgan.com/,"TENNESSEE GAS PIPELINE COMPANY, L.L.C.",9,"TENNESSEE GAS PIPELINE COMPANY, L.L.C.",WITHIN 40 FEET,5,18400,48332525,2026057,988510,716318,25900,5,2012/01/23 00:00:00+00,0,0
-85.713434198,36.304462072,849,849,GCOMP531,GAINESBORO,3460 GRANVILLE HWY,GAINESBORO,TN,38562,NOT AVAILABLE,NATURAL GAS COMPRESSOR STATION,IN SERVICE,JACKSON,47087,USA,36.304462072,-85.713434198,486210,PIPELINE TRANSPORTATION OF NATURAL GAS,"EPA ENVIROFACTS, FERC FORM 2, CORPORATE WEBSITE",2015/09/22 00:00:00+00,IMAGERY/OTHER,2016/03/14 00:00:00+00,http://www.spectraenergy.com/,"EAST TENNESSEE NATURAL GAS, LLC",2,"EAST TENNESSEE NATURAL GAS, LLC",WITHIN 40 FEET,1,10310,11306945,146334,0,48275,970,0,2012/01/14 00:00:00+00,0,0
-78.34010491,39.0089286960001,850,850,GCOMP532,STRASBURG,34646 OLD VALLEY PIKE,STRASBURG,VA,22657,NOT AVAILABLE,NATURAL GAS COMPRESSOR STATION,IN SERVICE,SHENANDOAH,51171,USA,39.008928696,-78.34010491,486210,PIPELINE TRANSPORTATION OF NATURAL GAS,"EPA ENVIROFACTS, FERC FORM 2, CORPORATE WEBSITE",2015/09/28 00:00:00+00,IMAGERY/OTHER,2016/03/14 00:00:00+00,http://www.columbiapipeinfo.com/,"COLUMBIA GAS TRANSMISSION,LLC",21,"COLUMBIA GAS TRANSMISSION,LLC",WITHIN 40 FEET,2,17800,22615732,134061,309241,46305,678,2,2012/11/18 00:00:00+00,17648,-999
-87.786855944,35.7766804520001,851,851,GCOMP533,#79 - LOBELVILLE,348 TENNESSEE GAS DR,LOBELVILLE,TN,37097,NOT AVAILABLE,NATURAL GAS COMPRESSOR STATION,IN SERVICE,PERRY,47135,USA,35.776680452,-87.786855944,486210,PIPELINE TRANSPORTATION OF NATURAL GAS,"EPA ENVIROFACTS, FERC FORM 2, CORPORATE WEBSITE",2015/09/02 00:00:00+00,IMAGERY/OTHER,2016/03/14 00:00:00+00,http://pipeline2.kindermorgan.com/,"TENNESSEE GAS PIPELINE COMPANY, L.L.C.",9,"TENNESSEE GAS PIPELINE COMPANY, L.L.C.",WITHIN 40 FEET,3,39099,47832330,461093,490390,145177,788,1,2012/01/18 00:00:00+00,0,0
-122.999350993,44.601408737,852,852,GCOMP534,ALBANY,34939 SPICER DRIVE,ALBANY,OR,97322,NOT AVAILABLE,NATURAL GAS COMPRESSOR STATION,IN SERVICE,LINN,41043,USA,44.601408737,-122.999350993,486210,PIPELINE TRANSPORTATION OF NATURAL GAS,"FERC FORM 2, IMAGERY",2015/09/15 00:00:00+00,IMAGERY/OTHER,2016/03/14 00:00:00+00,http://www.northwest.williams.com/,NORTHWEST PIPELINE GP,37,NORTHWEST PIPELINE GP,WITHIN 40 FEET,1,1200,5605884,85283,19651,32447,3956,1,2012/02/29 00:00:00+00,0,0
-78.584553,42.797464,853,853,GCOMP535,PORTERVILLE,350 HEMSTREET RD.,EAST AURORA,NY,14052,NOT AVAILABLE,NATURAL GAS COMPRESSOR STATION,IN SERVICE,ERIE,36029,USA,42.797464,-78.584553,486210,PIPELINE TRANSPORTATION OF NATURAL GAS,"FERC FORM 2, CORPORATE WEBSITE",2015/09/16 00:00:00+00,IMAGERY/OTHER,2016/03/14 00:00:00+00,http://www.natfuel.com/,NATIONAL FUEL GAS SUPPLY CORPORATION,16,NATIONAL FUEL GAS SUPPLY CORPORATION,WITHIN 40 FEET,4,600,3376600,9288,107945,3541,2990,3,2012/11/06 00:00:00+00,8833,109860
-119.138255669,45.8283772350001,854,854,GCOMP536,#560- STANFIELD,"35078 GUTHERY LN; .8 MI E OF STANFIELD LOOP RD",STANFIELD,OR,97875,NOT AVAILABLE,NATURAL GAS COMPRESSOR STATION,IN SERVICE,UMATILLA,41059,USA,45.828377235,-119.138255669,486210,PIPELINE TRANSPORTATION OF NATURAL GAS,"EPA ENVIROFACTS, FERC FORM 2, CORPORATE WEBSITE",2015/09/18 00:00:00+00,IMAGERY/OTHER,2016/03/14 00:00:00+00,http://www.gastransmissionnw.com/,GAS TRANSMISSION NORTHWEST LLC,86,GAS TRANSMISSION NORTHWEST LLC,WITHIN 40 FEET,1,1590,5167879,2741,25023,1004,45,1,2012/10/11 00:00:00+00,0,0
-80.216194,39.8951430000001,855,855,GCOMP537,WAYNESBURG,3508 W ROY FURMAN HWY -18,WAYNESBURG,PA,15370,NOT AVAILABLE,NATURAL GAS COMPRESSOR STATION,IN SERVICE,GREENE,42059,USA,39.895143,-80.216194,486210,PIPELINE TRANSPORTATION OF NATURAL GAS,"EPA ENVIROFACTS, FERC FORM 2, CORPORATE WEBSITE, IMAGERY",2015/08/28 00:00:00+00,IMAGERY/OTHER,2016/03/14 00:00:00+00,http://www.columbiapipeinfo.com/,"COLUMBIA GAS TRANSMISSION,LLC",21,"COLUMBIA GAS TRANSMISSION,LLC",WITHIN 40 FEET,5,5400,14548737,1223220,308080,446816,31511,5,2012/10/31 00:00:00+00,1332,-999
-88.191693373,41.1092799900001,856,856,GCOMP538,STATION 202 - HERSCHER,355 S 17000W RD,HERSCHER,IL,60961,NOT AVAILABLE,NATURAL GAS COMPRESSOR STATION,IN SERVICE,KANKAKEE,17091,USA,41.10927999,-88.191693373,486210,PIPELINE TRANSPORTATION OF NATURAL GAS,"EPA ENVIROFACTS, FERC FORM 2, CORPORATE WEBSITE",2015/09/16 00:00:00+00,IMAGERY/OTHER,2016/03/14 00:00:00+00,http://www.kindermorgan.com/,NATURAL GAS PIPELINE COMPANY OF AMERICA LLC,26,NATURAL GAS PIPELINE COMPANY OF AMERICA LLC,WITHIN 40 FEET,1,330,919634,0,0,0,0,0,1970/01/01 00:00:00+00,0,0
-87.501119,37.5087590000001,857,857,GCOMP539,SLAUGHTERS,3562 STATE ROUTE 1405,SLAUGHTERS,KY,42456,NOT AVAILABLE,NATURAL GAS COMPRESSOR STATION,IN SERVICE,WEBSTER,21233,USA,37.508759,-87.501119,486210,PIPELINE TRANSPORTATION OF NATURAL GAS,"EPA ENVIROFACTS, FERC FORM 2, CORPORATE WEBSITE",2015/08/27 00:00:00+00,IMAGERY/OTHER,2016/03/14 00:00:00+00,http://infopost.bwpmlp.com/,"TEXAS GAS TRANSMISSION, LLC",18,"TEXAS GAS TRANSMISSION, LLC",WITHIN 40 FEET,11,42448,60744227,1483129,2453354,545616,15829,8,2012/01/13 00:00:00+00,0,0
-94.188572,33.055373,858,858,GCOMP54,MEP-2 (ATLANTA,1034 COUNTY ROAD 4223,ATLANTA,TX,75551,NOT AVAILABLE,NATURAL GAS COMPRESSOR STATION,IN SERVICE,CASS,48067,USA,33.055373,-94.188572,486210,PIPELINE TRANSPORTATION OF NATURAL GAS,"FERC FORM 2, CORPORATE WEBSITE",2015/08/21 00:00:00+00,IMAGERY/OTHER,2016/03/14 00:00:00+00,http://www.nationalfuelgas.com/,"EMPIRE PIPELINE, INC.",575,"EMPIRE PIPELINE, INC.",WITHIN 40 FEET,4,32720,60730280,0,0,894120,17859,3,2012/01/26 00:00:00+00,0,0
-87.342367737,39.1941557230001,859,859,GCOMP540,WILFRED FIELD,3570 E COUNTY ROAD 750 N,SHELBURN,IN,47879,NOT AVAILABLE,NATURAL GAS COMPRESSOR STATION,IN SERVICE,SULLIVAN,18153,USA,39.194155723,-87.342367737,486210,PIPELINE TRANSPORTATION OF NATURAL GAS,"EPA ENVIROFACTS, FERC FORM 2, CORPORATE WEBSITE",2015/08/27 00:00:00+00,IMAGERY/OTHER,2016/03/14 00:00:00+00,http://infopost.bwpmlp.com/,"TEXAS GAS TRANSMISSION, LLC",18,"TEXAS GAS TRANSMISSION, LLC",WITHIN 40 FEET,2,700,2643110,57631,513204,21260,3795,1,2012/05/20 00:00:00+00,0,0
-114.048533974,42.481310283,860,860,GCOMP541,BURLEY,359 S. 1300 W.,MURTAUGH,ID,83344,NOT AVAILABLE,NATURAL GAS COMPRESSOR STATION,IN SERVICE,TWIN FALLS,16031,USA,42.481310283,-114.048533974,486210,PIPELINE TRANSPORTATION OF NATURAL GAS,"EPA ENVIROFACTS, FERC FORM 2, CORPORATE WEBSITE",2015/09/15 00:00:00+00,IMAGERY/OTHER,2016/03/14 00:00:00+00,http://www.northwest.williams.com/,NORTHWEST PIPELINE GP,37,NORTHWEST PIPELINE GP,WITHIN 40 FEET,2,17480,21617307,1121225,217514,396737,6370,1,2012/04/08 00:00:00+00,0,0
-88.39885,39.65254,861,861,GCOMP542,STATION 203 - ARCOLA,360 E COUNTY RD 000 N,ARCOLA,IL,61910,NOT AVAILABLE,NATURAL GAS COMPRESSOR STATION,IN SERVICE,DOUGLAS,17041,USA,39.65254,-88.39885,486210,PIPELINE TRANSPORTATION OF NATURAL GAS,"EPA ENVIROFACTS, FERC FORM 2, CORPORATE WEBSITE",2015/09/16 00:00:00+00,IMAGERY/OTHER,2016/03/14 00:00:00+00,http://www.kindermorgan.com/,NATURAL GAS PIPELINE COMPANY OF AMERICA LLC,26,NATURAL GAS PIPELINE COMPANY OF AMERICA LLC,WITHIN 40 FEET,4,3250,6900844,0,0,59074,6840,4,2012/04/26 00:00:00+00,0,0
-91.342529,29.692824,862,862,GCOMP543,PATTERSON,"3609 US-90 W; 1.5 MILES WEST OF PATTERSON, LA",PATTERSON,LA,70392,NOT AVAILABLE,NATURAL GAS COMPRESSOR STATION,IN SERVICE,SAINT MARY,22101,USA,29.692824,-91.342529,486210,PIPELINE TRANSPORTATION OF NATURAL GAS,"EPA ENVIROFACTS, FERC FORM 2, CORPORATE WEBSITE",2015/10/21 00:00:00+00,IMAGERY/OTHER,2016/03/14 00:00:00+00,http://anrebb.transcanada.com/,ANR PIPELINE COMPANY,48,ANR PIPELINE COMPANY,EXCEEDS 1 MILE,5,25490,28614112,1640657,1075215,610594,9755,2,2012/02/02 00:00:00+00,0,0
-91.346174,29.6929030000001,863,863,GCOMP544,LOUISIANA - PATTERSON - ST. MARY PARISH,3635 HIGHWAY 90,PATTERSON,LA,70392,NOT AVAILABLE,NATURAL GAS COMPRESSOR STATION,IN SERVICE,SAINT MARY,22101,USA,29.692903,-91.346174,486210,PIPELINE TRANSPORTATION OF NATURAL GAS,"EPA ENVIROFACTS, FERC FORM 2, CORPORATE WEBSITE",2015/08/20 00:00:00+00,IMAGERY/OTHER,2016/03/14 00:00:00+00,http://feptransfer.energytransfer.com/,"TRUNKLINE GAS COMPANY, LLC",30,"TRUNKLINE GAS COMPANY, LLC",WITHIN 40 FEET,3,10650,17850155,930655,675780,344879,14864,2,2012/11/08 00:00:00+00,0,0
-82.7456,42.7697000000001,864,864,GCOMP545,MUTTONVILLE,36555 29 MILE ROAD,LENOX,MI,48050,NOT AVAILABLE,NATURAL GAS COMPRESSOR STATION,IN SERVICE,MACOMB,26099,USA,42.7697,-82.7456,486210,PIPELINE TRANSPORTATION OF NATURAL GAS,"EPA ENVIROFACTS, FERC FORM 2, CORPORATE WEBSITE",2015/10/21 00:00:00+00,IMAGERY/OTHER,2016/03/14 00:00:00+00,http://anrebb.transcanada.com/,ANR PIPELINE COMPANY,48,ANR PIPELINE COMPANY,WITHIN 40 FEET,2,6400,7486138,38944,328311,17642,523,2,2012/05/03 00:00:00+00,0,0
-88.4190061479999,34.961872698,865,865,GCOMP546,CORINTH,3659 KENDRICK RD,CORINTH,MS,38834,NOT AVAILABLE,NATURAL GAS COMPRESSOR STATION,IN SERVICE,ALCORN,28003,USA,34.961872698,-88.419006148,486210,PIPELINE TRANSPORTATION OF NATURAL GAS,"EPA ENVIROFACTS, FERC FORM 2, CORPORATE WEBSITE",2015/09/25 00:00:00+00,IMAGERY/OTHER,2016/03/14 00:00:00+00,http://www.columbiapipeinfo.com/,COLUMBIA GULF TRANSMISSION COMPANY,70,COLUMBIA GULF TRANSMISSION COMPANY,WITHIN 40 FEET,6,52200,30779906,1695200,886130,626961,13006,5,2012/11/18 00:00:00+00,0,0
-81.440079,38.4642480000001,866,866,GCOMP547,WALGROVE,367 WALGROVE RD.,WALGROVE,WV,25071,NOT AVAILABLE,NATURAL GAS COMPRESSOR STATION,IN SERVICE,KANAWHA,54039,USA,38.464248,-81.440079,486210,PIPELINE TRANSPORTATION OF NATURAL GAS,"EPA ENVIROFACTS, FERC FORM 2, CORPORATE WEBSITE",2015/09/28 00:00:00+00,IMAGERY/OTHER,2016/03/14 00:00:00+00,http://www.columbiapipeinfo.com/,"COLUMBIA GAS TRANSMISSION,LLC",21,"COLUMBIA GAS TRANSMISSION,LLC",WITHIN 40 FEET,2,1320,1180802,154571,123837,55244,8362,1,2012/05/24 00:00:00+00,0,0
-84.709594,30.50534,867,867,GCOMP548,STATION 14 & 14-A,3690 HOSFORD HWY,QUINCY,FL,32351,NOT AVAILABLE,NATURAL GAS COMPRESSOR STATION,IN SERVICE,GADSDEN,12039,USA,30.50534,-84.709594,486210,PIPELINE TRANSPORTATION OF NATURAL GAS,"EPA ENVIROFACTS, FERC FORM 2, CORPORATE WEBSITE",2015/09/18 00:00:00+00,IMAGERY/OTHER,2016/03/14 00:00:00+00,http://fgttransfer.energytransfer.com/,"FLORIDA GAS TRANSMISSION COMPANY, LLC",34,"FLORIDA GAS TRANSMISSION COMPANY, LLC",WITHIN 40 FEET,9,61900,76382433,5681998,2803397,1995282,44182,8,2012/01/03 00:00:00+00,0,0
-98.786242707,45.5327204440001,868,868,GCOMP549,#9 - EDMUNDS COUNTY,36989 128TH ST,WESTPORT,SD,57481,NOT AVAILABLE,NATURAL GAS COMPRESSOR STATION,IN SERVICE,EDMUNDS,46045,USA,45.532720444,-98.786242707,486210,PIPELINE TRANSPORTATION OF NATURAL GAS,"EPA ENVIROFACTS, FERC FORM 2, CORPORATE WEBSITE",2015/09/15 00:00:00+00,IMAGERY/OTHER,2016/03/14 00:00:00+00,http://www.northernborder.com/,NORTHERN BORDER PIPELINE COMPANY,89,NORTHERN BORDER PIPELINE COMPANY,WITHIN 40 FEET,1,38000,26480566,6450124,212901,2229860,8596,1,2012/03/03 00:00:00+00,0,0
-87.518301,40.522661,869,869,GCOMP55,INDIANA - AMBIA - BENTON COUNTY,10483 W 600 S,AMBIA,IN,47917,NOT AVAILABLE,NATURAL GAS COMPRESSOR STATION,IN SERVICE,BENTON,18007,USA,40.522661,-87.518301,486210,PIPELINE TRANSPORTATION OF NATURAL GAS,"EPA ENVIROFACTS, FERC FORM 2, CORPORATE WEBSITE",2015/08/20 00:00:00+00,IMAGERY/OTHER,2016/03/14 00:00:00+00,http://feptransfer.energytransfer.com/,"TRUNKLINE GAS COMPANY, LLC",30,"TRUNKLINE GAS COMPANY, LLC",WITHIN 40 FEET,4,9000,7615371,717081,741370,276791,17637,4,2012/04/07 00:00:00+00,0,0
-90.219366456,31.3317355090001,870,870,GCOMP550,MCCOMB,37 ALEXANDER ROAD,JAYESS,MS,39641,8255,NATURAL GAS COMPRESSOR STATION,IN SERVICE,LAWRENCE,28147,USA,31.331735509,-90.219366456,486210,PIPELINE TRANSPORTATION OF NATURAL GAS,"EPA ENVIROFACTS, FERC FORM 2, CORPORATE WEBSITE",2015/09/17 00:00:00+00,IMAGERY/OTHER,2016/03/14 00:00:00+00,http://infopost.bwpmlp.com/,"GULF SOUTH PIPELINE COMPANY, LP",11,"GULF SOUTH PIPELINE COMPANY, LP",WITHIN 40 FEET,7,11000,7738188,1124265,1030002,388872,41282,7,2012/09/01 00:00:00+00,0,0
-84.9383,43.9357000000001,871,871,GCOMP551,FARWELL,3700 HICKORY AVE,LAKE GEORGE,MI,48632,NOT AVAILABLE,NATURAL GAS COMPRESSOR STATION,IN SERVICE,CLARE,26035,USA,43.9357,-84.9383,486210,PIPELINE TRANSPORTATION OF NATURAL GAS,"EPA ENVIROFACTS, FERC FORM 2, CORPORATE WEBSITE",2015/09/18 00:00:00+00,IMAGERY/OTHER,2016/03/14 00:00:00+00,http://www.glgt.com/,GREAT LAKES GAS TRANSMISSION LIMITED PTRSHP,51,GREAT LAKES GAS TRANSMISSION LIMITED PTRSHP,WITHIN 40 FEET,6,29930,55647037,1288332,824032,430212,12342,4,2012/06/20 00:00:00+00,0,0
-92.5017823169999,30.5595800570001,872,872,GCOMP552,NO. 52 EUNICE,3729 DURALDE HWY,EUNICE,LA,70535,NOT AVAILABLE,NATURAL GAS COMPRESSOR STATION,IN SERVICE,SAINT LANDRY,22097,USA,30.5595800570001,-92.5017823169999,486210,PIPELINE TRANSPORTATION OF NATURAL GAS,"EPA ENVIROFACTS, FERC FORM 2, CORPORATE WEBSITE",2015/08/17 00:00:00+00,IMAGERY/OTHER,2016/03/14 00:00:00+00,http://www.1line.williams.com/,"TRANSCONTINENTAL GAS PIPE LINE COMPANY, LLC",29,"TRANSCONTINENTAL GAS PIPE LINE COMPANY, LLC",WITHIN 40 FEET,3,6000,3737985,667,3177,268,23,3,2012/04/10 00:00:00+00,0,0
-116.84990359,34.850950288,873,873,GCOMP553,DAGGETT,37379 COUNTY RTE 66,DAGGETT,CA,92327,NOT AVAILABLE,NATURAL GAS COMPRESSOR STATION,IN SERVICE,SAN BERNARDINO,06071,USA,34.850950288,-116.84990359,486210,PIPELINE TRANSPORTATION OF NATURAL GAS,"FERC FORM 2, IMAGERY",2015/09/17 00:00:00+00,IMAGERY/OTHER,2016/03/14 00:00:00+00,http://services.kernrivergas.com/,KERN RIVER GAS TRANSMISSION COMPANY,99,KERN RIVER GAS TRANSMISSION COMPANY,WITHIN 40 FEET,1,4000,24114919,0,13897,0,0,0,1970/01/01 00:00:00+00,34387,279000
-92.7023282709999,46.785565214,874,874,GCOMP554,CLOQUET,3741 BRANDON ROAD,CLOQUET,MN,55720,NOT AVAILABLE,NATURAL GAS COMPRESSOR STATION,IN SERVICE,CARLTON,27137,USA,46.785565214,-92.702328271,486210,PIPELINE TRANSPORTATION OF NATURAL GAS,"EPA ENVIROFACTS, FERC FORM 2, CORPORATE WEBSITE",2015/09/18 00:00:00+00,IMAGERY/OTHER,2016/03/14 00:00:00+00,http://www.glgt.com/,GREAT LAKES GAS TRANSMISSION LIMITED PTRSHP,51,GREAT LAKES GAS TRANSMISSION LIMITED PTRSHP,WITHIN 40 FEET,3,48200,41086542,1524426,296559,536874,4310,1,2012/05/03 00:00:00+00,0,0
-107.78756,37.1438900000001,875,875,GCOMP555,LA PLATA B,"3743 CR-307; SE SEC 35 T34N R9W",DURANGO,CO,81301,NOT AVAILABLE,NATURAL GAS COMPRESSOR STATION,IN SERVICE,LA PLATA,08067,USA,37.14389,-107.78756,486210,PIPELINE TRANSPORTATION OF NATURAL GAS,"EPA ENVIROFACTS, FERC FORM 2, CORPORATE WEBSITE",2015/09/14 00:00:00+00,IMAGERY/OTHER,2016/03/14 00:00:00+00,http://www.northwest.williams.com/,NORTHWEST PIPELINE GP,37,NORTHWEST PIPELINE GP,WITHIN 40 FEET,2,13000,17648451,473534,126232,175401,4158,2,2012/06/27 00:00:00+00,0,0
-95.712699227,46.6621780850001,876,876,GCOMP556,STATION 2210 PERHAM,37497 STATE HIGHWAY 228,FRAZEE,MN,56544,NOT AVAILABLE,NATURAL GAS COMPRESSOR STATION,IN SERVICE,OTTER TAIL,27111,USA,46.662178085,-95.712699227,486210,PIPELINE TRANSPORTATION OF NATURAL GAS,"EPA ENVIROFACTS, FERC FORM 2, CORPORATE WEBSITE",2015/08/19 00:00:00+00,IMAGERY/OTHER,2016/03/14 00:00:00+00,http://www.vgt.nborder.com/,VIKING GAS TRANSMISSION COMPANY,82,VIKING GAS TRANSMISSION COMPANY,WITHIN 40 FEET,4,9500,9626842,0,0,70012,5707,3,2012/10/30 00:00:00+00,0,0
-102.384454632,34.7500576190001,877,877,GCOMP557,STATION 169 - HEREFORD,3753 COUNTY ROAD 1,HEREFORD,TX,79045,NOT AVAILABLE,NATURAL GAS COMPRESSOR STATION,IN SERVICE,DEAF SMITH,48069,USA,34.750057619,-102.384454632,486210,PIPELINE TRANSPORTATION OF NATURAL GAS,"EPA ENVIROFACTS, FERC FORM 2, CORPORATE WEBSITE",2015/09/16 00:00:00+00,IMAGERY/OTHER,2016/03/14 00:00:00+00,http://www.kindermorgan.com/,NATURAL GAS PIPELINE COMPANY OF AMERICA LLC,26,NATURAL GAS PIPELINE COMPANY OF AMERICA LLC,WITHIN 40 FEET,2,8000,3797953,0,0,0,0,0,1970/01/01 00:00:00+00,0,0
-111.419871578,42.5430213760001,878,878,GCOMP558,SODA SPRINGS,37538 US HWY 30,GEORGETOWN,ID,83239,NOT AVAILABLE,NATURAL GAS COMPRESSOR STATION,IN SERVICE,BEAR LAKE,16007,USA,42.543021376,-111.419871578,486210,PIPELINE TRANSPORTATION OF NATURAL GAS,"EPA ENVIROFACTS, FERC FORM 2, CORPORATE WEBSITE",2015/09/14 00:00:00+00,IMAGERY/OTHER,2016/03/14 00:00:00+00,http://www.northwest.williams.com/,NORTHWEST PIPELINE GP,37,NORTHWEST PIPELINE GP,WITHIN 40 FEET,4,12000,9282958,904397,463421,316301,12909,3,2012/01/17 00:00:00+00,0,0
-102.85429,40.99247,879,879,GCOMP559,STATION 601 - PEETZ,37564 COUNTY ROAD 78,PEETZ,CO,80726,NOT AVAILABLE,NATURAL GAS COMPRESSOR STATION,IN SERVICE,LOGAN,08075,USA,40.99247,-102.85429,486210,PIPELINE TRANSPORTATION OF NATURAL GAS,"EPA ENVIROFACTS, FERC FORM 2, CORPORATE WEBSITE",2015/08/27 00:00:00+00,IMAGERY/OTHER,2016/03/14 00:00:00+00,http://pipeline.tallgrassenergylp.com/,TRAILBLAZER PIPELINE COMPANY LLC,68,TRAILBLAZER PIPELINE COMPANY LLC,WITHIN 40 FEET,2,20000,22202986,0,0,694540,7374,2,2012/07/05 00:00:00+00,0,0
-81.7930111379999,36.7945847880001,880,880,GCOMP56,GLADE SPRING,10494 FOREST HILLS DR,GLADE SPRING,VA,24340,5240,NATURAL GAS COMPRESSOR STATION,IN SERVICE,WASHINGTON,51191,USA,36.794584788,-81.793011138,486210,PIPELINE TRANSPORTATION OF NATURAL GAS,"EPA ENVIROFACTS, FERC FORM 2, CORPORATE WEBSITE",2015/09/22 00:00:00+00,IMAGERY/OTHER,2016/03/14 00:00:00+00,http://www.spectraenergy.com/,"EAST TENNESSEE NATURAL GAS, LLC",2,"EAST TENNESSEE NATURAL GAS, LLC",WITHIN 40 FEET,3,7600,26603047,0,0,0,7318,0,1970/01/01 00:00:00+00,1692376,26424000
-99.920718,46.871402,881,881,GCOMP560,STEELE,3764 ND-3,STEELE,ND,58482,NOT AVAILABLE,NATURAL GAS COMPRESSOR STATION,IN SERVICE,KIDDER,38043,USA,46.871402,-99.920718,486210,PIPELINE TRANSPORTATION OF NATURAL GAS,"FERC FORM 2, U.S. FEDERAL REGISTER",2015/08/14 00:00:00+00,IMAGERY/OTHER,2016/03/14 00:00:00+00,http://transmission.wbienergy.com/,WILLISTON BASIN INTERSTATE PIPELINE COMPANY,49,WILLISTON BASIN INTERSTATE PIPELINE COMPANY,WITHIN 40 FEET,1,1750,3390382,0,74595,0,8605,1,2012/10/22 00:00:00+00,378848,5856577
-107.78756,37.1455570000001,882,882,GCOMP561,LAPLATA A,3775 COUNTY ROAD 307,DURANGO,CO,81303,6129,NATURAL GAS COMPRESSOR STATION,IN SERVICE,LA PLATA,08067,USA,37.145557,-107.78756,486210,PIPELINE TRANSPORTATION OF NATURAL GAS,"EPA ENVIROFACTS, FERC FORM 2, CORPORATE WEBSITE",2015/08/24 00:00:00+00,IMAGERY/OTHER,2016/03/14 00:00:00+00,http://twtransfer.energytransfer.com/,"TRANSWESTERN PIPELINE COMPANY, LLC",42,"TRANSWESTERN PIPELINE COMPANY, LLC",WITHIN 40 FEET,2,12500,24658760,1021607,812056,371274,9425,2,2012/11/18 00:00:00+00,0,0
-90.045757851,31.3259580490001,883,883,GCOMP562,PEARL RIVER,378 WHITE BLUFF ROAD,FOXWORTH,MS,39483,NOT AVAILABLE,NATURAL GAS COMPRESSOR STATION,IN SERVICE,MARION,28147,USA,31.325958049,-90.045757851,486210,PIPELINE TRANSPORTATION OF NATURAL GAS,"EPA ENVIROFACTS, FERC FORM 2, CORPORATE WEBSITE",2015/09/10 00:00:00+00,IMAGERY/OTHER,2016/03/14 00:00:00+00,http://ixsnp.sonetpremier.com/,"SOUTHERN NATURAL GAS COMPANY, L.L.C.",7,"SOUTHERN NATURAL GAS COMPANY, L.L.C.",WITHIN 40 FEET,2,13000,6194021,1548522,129274,535583,5374,2,2012/12/12 00:00:00+00,0,0
-89.029997,36.237627,884,884,GCOMP563,KENTON,3793 TEXAS GAS LANE,KENTON,TN,38233,NOT AVAILABLE,NATURAL GAS COMPRESSOR STATION,IN SERVICE,GIBSON,47131,USA,36.237627,-89.029997,486210,PIPELINE TRANSPORTATION OF NATURAL GAS,"EPA ENVIROFACTS, FERC FORM 2, CORPORATE WEBSITE",2015/08/28 00:00:00+00,IMAGERY/OTHER,2016/03/14 00:00:00+00,http://infopost.bwpmlp.com/,"TEXAS GAS TRANSMISSION, LLC",18,"TEXAS GAS TRANSMISSION, LLC",WITHIN 40 FEET,12,34650,28566804,559394,1331912,231728,3987,8,2012/04/16 00:00:00+00,0,0
-90.287725968,36.497095395,885,885,GCOMP564,POLLARD,380 CLAY 320 RD,POLLARD,AR,72456,NOT AVAILABLE,NATURAL GAS COMPRESSOR STATION,IN SERVICE,CLAY,05023,USA,36.497095395,-90.287725968,486210,PIPELINE TRANSPORTATION OF NATURAL GAS,"EPA ENVIROFACTS, FERC FORM 2, CORPORATE WEBSITE",2015/08/31 00:00:00+00,IMAGERY/OTHER,2016/03/14 00:00:00+00,http://www.spectraenergy.com/,"TEXAS EASTERN TRANSMISSION, LP",17,"TEXAS EASTERN TRANSMISSION, LP",WITHIN 40 FEET,3,4500,2845152,0,0,0,6867,0,1970/01/01 00:00:00+00,726920,5506056
-82.239617746,36.5910363890001,886,886,GCOMP565,BRISTOL,380 MEADOWVIEW ROAD,BRISTOL,TN,37620,NOT AVAILABLE,NATURAL GAS COMPRESSOR STATION,IN SERVICE,SULLIVAN,47163,USA,36.591036389,-82.239617746,486210,PIPELINE TRANSPORTATION OF NATURAL GAS,"EPA ENVIROFACTS, FERC FORM 2, CORPORATE WEBSITE",2015/09/22 00:00:00+00,IMAGERY/OTHER,2016/03/14 00:00:00+00,http://www.spectraenergy.com/,"EAST TENNESSEE NATURAL GAS, LLC",2,"EAST TENNESSEE NATURAL GAS, LLC",WITHIN 40 FEET,1,1100,1670839,329,0,120,7,0,2012/07/01 00:00:00+00,0,0
-80.4697209999999,39.690638,887,887,GCOMP566,HUNDRED,3805 US 250,HUNDRED,WV,26575,NOT AVAILABLE,NATURAL GAS COMPRESSOR STATION,IN SERVICE,WETZEL,54103,USA,39.690638,-80.469721,486210,PIPELINE TRANSPORTATION OF NATURAL GAS,"FERC FORM 2, IMAGERY",2015/09/21 00:00:00+00,IMAGERY/OTHER,2016/03/14 00:00:00+00,http://equitrans.eqtmidstreampartners.com/,"EQUITRANS, L.P.",24,"EQUITRANS, L.P.",WITHIN 40 FEET,2,845,878424,66023,13024,22341,8550,1,2012/10/18 00:00:00+00,1216,-999
-107.907116632,44.1275211350001,888,888,GCOMP567,WORLAND,385 US-16,WORLAND,WY,82401,NOT AVAILABLE,NATURAL GAS COMPRESSOR STATION,IN SERVICE,WASHAKIE,56043,USA,44.127521135,-107.907116632,486210,PIPELINE TRANSPORTATION OF NATURAL GAS,"EPA ENVIROFACTS, FERC FORM 2, CORPORATE WEBSITE",2015/08/14 00:00:00+00,IMAGERY/OTHER,2016/03/14 00:00:00+00,http://transmission.wbienergy.com/,WILLISTON BASIN INTERSTATE PIPELINE COMPANY,49,WILLISTON BASIN INTERSTATE PIPELINE COMPANY,WITHIN 40 FEET,8,7402,8819735,370591,746620,141857,26076,6,2012/03/01 00:00:00+00,0,0
-94.8969,44.8491000000001,889,889,GCOMP568,OLIVIA,38884 870TH AVE,BIRD ISLAND,MN,55310,NOT AVAILABLE,NATURAL GAS COMPRESSOR STATION,IN SERVICE,RENVILLE,27129,USA,44.8491,-94.8969,486210,PIPELINE TRANSPORTATION OF NATURAL GAS,"EPA ENVIROFACTS, FERC FORM 2, CORPORATE WEBSITE",2015/10/28 00:00:00+00,IMAGERY/OTHER,2016/03/14 00:00:00+00,http://tariff.alliance-pipeline.com/,ALLIANCE PIPELINE,63,ALLIANCE PIPELINE,WITHIN 40 FEET,1,31206,29816141,0,1581029,1584432,8359,0,2012/12/11 00:00:00+00,0,0
-95.449203844,41.0587110430001,890,890,GCOMP569,STATION 107 - EMERSON,39080 HUTCHINGS AVE,HASTINGS,IA,51540,NOT AVAILABLE,NATURAL GAS COMPRESSOR STATION,IN SERVICE,MILLS,19129,USA,41.058711043,-95.449203844,486210,PIPELINE TRANSPORTATION OF NATURAL GAS,"EPA ENVIROFACTS, FERC FORM 2, CORPORATE WEBSITE",2015/09/16 00:00:00+00,IMAGERY/OTHER,2016/03/14 00:00:00+00,http://www.kindermorgan.com/,NATURAL GAS PIPELINE COMPANY OF AMERICA LLC,26,NATURAL GAS PIPELINE COMPANY OF AMERICA LLC,WITHIN 40 FEET,7,28300,29671674,0,0,999952,31026,6,2012/06/13 00:00:00+00,0,0
-75.2671584679999,40.6092859770001,891,891,GCOMP57,HELLERTOWN,105 155 WOODLAND RD,HELLERTOWN,PA,18055,NOT AVAILABLE,NATURAL GAS COMPRESSOR STATION,IN SERVICE,NORTHAMPTON,42095,USA,40.609285977,-75.267158468,486210,PIPELINE TRANSPORTATION OF NATURAL GAS,"FERC FORM 2, IMAGERY",2015/09/28 00:00:00+00,IMAGERY/OTHER,2016/03/14 00:00:00+00,http://www.columbiapipeinfo.com/,"COLUMBIA GAS TRANSMISSION,LLC",21,"COLUMBIA GAS TRANSMISSION,LLC",WITHIN 40 FEET,2,2200,8744029,0,123597,0,0,0,1970/01/01 00:00:00+00,7557,-999
-93.436879759,33.5855048650001,892,892,GCOMP570,HOPE,393 NEVADA 112,EMMET,AR,71835,NOT AVAILABLE,NATURAL GAS COMPRESSOR STATION,IN SERVICE,NEVADA,05099,USA,33.585504865,-93.436879759,486210,PIPELINE TRANSPORTATION OF NATURAL GAS,"EPA ENVIROFACTS, FERC FORM 2, CORPORATE WEBSITE",2015/09/01 00:00:00+00,IMAGERY/OTHER,2016/03/14 00:00:00+00,http://www.spectraenergy.com/,"TEXAS EASTERN TRANSMISSION, LP",17,"TEXAS EASTERN TRANSMISSION, LP",WITHIN 40 FEET,8,8300,3876241,173089,0,56310,6328,7,2012/12/20 00:00:00+00,26596,27440
-90.7465559999999,30.0458110000001,893,893,GCOMP571,UNDERGROUND STROAGE: NO. 64 HESTER STORAGE FIELD,39344 HUMBLE ST.,PAULINA,LA,70763,NOT AVAILABLE,NATURAL GAS COMPRESSOR STATION,IN SERVICE,SAINT JAMES,22093,USA,30.045811,-90.746556,486210,PIPELINE TRANSPORTATION OF NATURAL GAS,"EPA ENVIROFACTS, FERC FORM 2, CORPORATE WEBSITE",2015/09/30 00:00:00+00,IMAGERY/OTHER,2016/03/14 00:00:00+00,http://www.1line.williams.com/,"TRANSCONTINENTAL GAS PIPE LINE COMPANY, LLC",29,"TRANSCONTINENTAL GAS PIPE LINE COMPANY, LLC",WITHIN 40 FEET,2,2200,812681,0,4156,0,0,0,1970/01/01 00:00:00+00,0,0
-89.583679,35.5230480000001,894,894,GCOMP572,COVINGTON,3947 TABERNACLE CHARLESTON ROAD,COVINGTON,TN,38049,NOT AVAILABLE,NATURAL GAS COMPRESSOR STATION,IN SERVICE,FAYETTE,47167,USA,35.523048,-89.583679,486210,PIPELINE TRANSPORTATION OF NATURAL GAS,"EPA ENVIROFACTS, FERC FORM 2, CORPORATE WEBSITE",2015/08/28 00:00:00+00,IMAGERY/OTHER,2016/03/14 00:00:00+00,http://infopost.bwpmlp.com/,"TEXAS GAS TRANSMISSION, LLC",18,"TEXAS GAS TRANSMISSION, LLC",WITHIN 40 FEET,11,29000,20180840,337021,939726,138411,4512,4,2012/04/16 00:00:00+00,0,0
-80.3040789999999,40.8176020000001,895,895,GCOMP573,BEAVER,398 THOMPSON RUN ROAD,BEAVER FALLS,PA,15010,NOT AVAILABLE,NATURAL GAS COMPRESSOR STATION,IN SERVICE,BEAVER,42007,USA,40.817602,-80.304079,486210,PIPELINE TRANSPORTATION OF NATURAL GAS,"EPA ENVIROFACTS, FERC FORM 2, CORPORATE WEBSITE",2015/09/25 00:00:00+00,IMAGERY/OTHER,2016/03/14 00:00:00+00,http://escript.dom.com/,"DOMINION TRANSMISSION, INC.",22,"DOMINION TRANSMISSION, INC.",WITHIN 40 FEET,4,12800,34355824,296868,1272815,120704,5165,4,2012/04/13 00:00:00+00,0,0
-92.333697,31.297983,896,896,GCOMP574,PINEVILLE,3983 HIGHWAY 107 SOUTH,PINEVILLE,LA,71360,NOT AVAILABLE,NATURAL GAS COMPRESSOR STATION,IN SERVICE,RAPIDES,22079,USA,31.297983,-92.333697,486210,PIPELINE TRANSPORTATION OF NATURAL GAS,"EPA ENVIROFACTS, FERC FORM 2, CORPORATE WEBSITE",2015/08/27 00:00:00+00,IMAGERY/OTHER,2016/03/14 00:00:00+00,http://infopost.bwpmlp.com/,"TEXAS GAS TRANSMISSION, LLC",18,"TEXAS GAS TRANSMISSION, LLC",WITHIN 40 FEET,9,27800,16709504,1057063,2095098,384269,255106,5,2012/09/18 00:00:00+00,0,0
-84.940942144,43.9410115530001,897,897,GCOMP575,LINCOLN,3991 HICKORY RD,LAKE GEORGE,MI,48633,NOT AVAILABLE,NATURAL GAS COMPRESSOR STATION,IN SERVICE,CLARE,26035,USA,43.941011553,-84.940942144,486210,PIPELINE TRANSPORTATION OF NATURAL GAS,"EPA ENVIROFACTS, FERC FORM 2, CORPORATE WEBSITE",2015/10/21 00:00:00+00,IMAGERY/OTHER,2016/03/14 00:00:00+00,http://anrebb.transcanada.com/,ANR PIPELINE COMPANY,48,ANR PIPELINE COMPANY,WITHIN 40 FEET,3,14033,23905118,1204659,590242,452331,14576,3,2012/02/22 00:00:00+00,0,0
-108.904121,44.4206050000001,898,898,GCOMP576,OREGON BASIN,3FK ROAD,OREGON BASIN,WY,82414,NOT AVAILABLE,NATURAL GAS COMPRESSOR STATION,IN SERVICE,PARK,56029,USA,44.420605,-108.904121,486210,PIPELINE TRANSPORTATION OF NATURAL GAS,"EPA ENVIROFACTS, FERC FORM 2, CORPORATE WEBSITE",2015/10/16 00:00:00+00,IMAGERY/OTHER,2016/03/14 00:00:00+00,http://ebb.cigco.com/,"COLORADO INTERSTATE GAS COMPANY, L.L.C.",32,"COLORADO INTERSTATE GAS COMPANY, L.L.C.",WITHIN 40 FEET,2,768,1955387,26523,86154,10252,6635,1,2012/12/31 00:00:00+00,0,0
-96.2213829999999,28.811944,899,899,GCOMP577,BLESSING,4 MI SOUTH OF BLESSING ON RAILROAD AVE 4220 CR 394,BLESSING,TX,77419,NOT AVAILABLE,NATURAL GAS COMPRESSOR STATION,IN SERVICE,MATAGORDA,48321,USA,28.811944,-96.221383,486210,PIPELINE TRANSPORTATION OF NATURAL GAS,"EPA ENVIROFACTS, FERC FORM 2, CORPORATE WEBSITE",2015/09/01 00:00:00+00,IMAGERY/OTHER,2016/03/14 00:00:00+00,http://www.spectraenergy.com/,"TEXAS EASTERN TRANSMISSION, LP",17,"TEXAS EASTERN TRANSMISSION, LP",WITHIN 40 FEET,6,6600,7759221,199259,0,72474,8110,6,2012/10/16 00:00:00+00,61946,171680
-112.06417,32.92972,900,900,GCOMP578,CASA GRANDE,4 MI. N OF HWY 84 &17MI W OF CASA GRANDE,MARICOPA,AZ,85139,NOT AVAILABLE,NATURAL GAS COMPRESSOR STATION,IN SERVICE,PINAL,04021,USA,32.92972,-112.06417,486210,PIPELINE TRANSPORTATION OF NATURAL GAS,"EPA ENVIROFACTS, FERC FORM 2, IMAGERY",2015/10/09 00:00:00+00,IMAGERY/OTHER,2016/03/14 00:00:00+00,https://pipeportal.kindermorgan.com/,"EL PASO NATURAL GAS COMPANY, L.L.C.",33,"EL PASO NATURAL GAS COMPANY, L.L.C.",WITHIN 40 FEET,5,33710,26733157,364765,289297,114052,3429,2,2012/12/19 00:00:00+00,0,0
-91.4870799999999,32.4098050000001,901,901,GCOMP579,DELHI,4 MILE SOUTH OF DELHI,DELHI,LA,71232,NOT AVAILABLE,NATURAL GAS COMPRESSOR STATION,IN SERVICE,MADISON,22041,USA,32.409805,-91.48708,486210,PIPELINE TRANSPORTATION OF NATURAL GAS,"FERC FORM 2, CORPORATE WEBSITE",2015/08/18 00:00:00+00,IMAGERY/OTHER,2016/03/14 00:00:00+00,http://www.spectraenergy.com/,"SOUTHEAST SUPPLY HEADER, LLC.",575,"SOUTHEAST SUPPLY HEADER, LLC.",WITHIN 40 FEET,3,38748,56084342,6493216,0,2390114,23355,3,2012/11/05 00:00:00+00,0,0
-81.48101,38.5129910000001,902,902,GCOMP58,HUNT,105 PATTERSON DRIVE,ELKVIEW,WV,25071,NOT AVAILABLE,NATURAL GAS COMPRESSOR STATION,IN SERVICE,KANAWHA,54039,USA,38.512991,-81.48101,486210,PIPELINE TRANSPORTATION OF NATURAL GAS,"EPA ENVIROFACTS, FERC FORM 2, CORPORATE WEBSITE",2015/09/28 00:00:00+00,IMAGERY/OTHER,2016/03/14 00:00:00+00,http://www.columbiapipeinfo.com/,"COLUMBIA GAS TRANSMISSION,LLC",21,"COLUMBIA GAS TRANSMISSION,LLC",WITHIN 40 FEET,1,1100,2314273,14296,130698,5366,684,1,2012/01/12 00:00:00+00,0,0
-99.02329,35.63721,903,903,GCOMP580,CUSTER,"4 MILES W OF HWY 33/183; OK-33",CUSTER CITY,OK,73620,NOT AVAILABLE,NATURAL GAS COMPRESSOR STATION,IN SERVICE,CUSTER,40039,USA,35.63721,-99.02329,486210,PIPELINE TRANSPORTATION OF NATURAL GAS,"EPA ENVIROFACTS, FERC FORM 2, CORPORATE WEBSITE",2015/10/27 00:00:00+00,IMAGERY/OTHER,2016/03/14 00:00:00+00,http://anrebb.transcanada.com/,ANR PIPELINE COMPANY,48,ANR PIPELINE COMPANY,WITHIN 40 FEET,6,7734,15988585,675663,490631,252405,29416,5,2012/08/22 00:00:00+00,0,0
-97.959109333,36.3622635300001,904,904,GCOMP581,ENID,4 MILES W ON SECTION RD OF,ENID,OK,73701,NOT AVAILABLE,NATURAL GAS COMPRESSOR STATION,CLOSED,GARFIELD,40047,USA,36.36226353,-97.959109333,486210,PIPELINE TRANSPORTATION OF NATURAL GAS,"EPA ENVIROFACTS, FERC FORM 2",2015/11/05 00:00:00+00,IMAGERY/OTHER,2016/03/14 00:00:00+00,http://pipelines.centerpointenergy.com/,"CENTERPOINT ENERGY GAS TRANSMISSION COMPANY, LLC",31,"CENTERPOINT ENERGY GAS TRANSMISSION COMPANY, LLC",WITHIN 40 FEET,3,3750,-999,0,0,0,0,0,1970/01/01 00:00:00+00,0,0
-106.679062,34.5358600000001,905,905,GCOMP582,BELEN,4.5 MILES SE OF BELEN OFF HWY 47,BELEN,NM,87002,NOT AVAILABLE,NATURAL GAS COMPRESSOR STATION,IN SERVICE,VALENCIA,35061,USA,34.53586,-106.679062,486210,PIPELINE TRANSPORTATION OF NATURAL GAS,"EPA ENVIROFACTS, FERC FORM 2, CORPORATE WEBSITE",2015/09/22 00:00:00+00,IMAGERY/OTHER,2016/03/14 00:00:00+00,https://pipeportal.kindermorgan.com/,"EL PASO NATURAL GAS COMPANY, L.L.C.",33,"EL PASO NATURAL GAS COMPANY, L.L.C.",WITHIN 40 FEET,2,11400,8499340,10811,263592,4290,83,1,2012/03/06 00:00:00+00,0,0
-104.445034162,32.7155342360001,906,906,GCOMP583,ATOKA 3,4.9 MILES SOUTH WEST OF ATOKA,ATOKA,NM,88210,NOT AVAILABLE,NATURAL GAS COMPRESSOR STATION,IN SERVICE,EDDY,35015,USA,32.715534236,-104.445034162,486210,PIPELINE TRANSPORTATION OF NATURAL GAS,"FERC FORM 2, CORPORATE WEBSITE, IMAGERY",2015/09/30 00:00:00+00,IMAGERY/OTHER,2016/03/14 00:00:00+00,http://twtransfer.energytransfer.com/,"TRANSWESTERN PIPELINE COMPANY, LLC",42,"TRANSWESTERN PIPELINE COMPANY, LLC",WITHIN 40 FEET,5,4555,5557500,0,44283,0,0,0,1970/01/01 00:00:00+00,0,0
-73.120414808,41.4856986840001,907,907,GCOMP584,OXFORD,40 WOODRUFF HILL RD,OXFORD,CT,06478,NOT AVAILABLE,NATURAL GAS COMPRESSOR STATION,IN SERVICE,NEW HAVEN,09009,USA,41.485698684,-73.120414808,486210,PIPELINE TRANSPORTATION OF NATURAL GAS,"EPA ENVIROFACTS, FERC FORM 2, CORPORATE WEBSITE",2015/10/28 00:00:00+00,IMAGERY/OTHER,2016/03/14 00:00:00+00,http://www.spectraenergy.com/,"ALGONQUIN GAS TRANSMISSION, LLC",20,"ALGONQUIN GAS TRANSMISSION, LLC",WITHIN 40 FEET,3,37700,79754326,2437867,0,610196,7212,2,2012/01/15 00:00:00+00,0,0
-90.466239179,36.7881872790001,908,908,GCOMP585,POPLAR BLUFF,4011 TOWNSHIP LINE ROAD,POPLAR BLUFF,MO,63901,1514,NATURAL GAS COMPRESSOR STATION,IN SERVICE,BUTLER,29023,USA,36.788187279,-90.466239179,486210,PIPELINE TRANSPORTATION OF NATURAL GAS,"EPA ENVIROFACTS, FERC FORM 2, CORPORATE WEBSITE",2015/10/20 00:00:00+00,IMAGERY/OTHER,2016/03/14 00:00:00+00,http://pipelines.centerpointenergy.com/,"CENTERPOINT ENERGY - MISSISSIPPI RIVER TRANSMISSION, LLC",25,"CENTERPOINT ENERGY - MISSISSIPPI RIVER TRANSMISSION, LLC",WITHIN 40 FEET,10,7890,15273766,288212,500993,106252,14789,10,1970/01/01 00:00:00+00,0,0
-77.129198908,39.9481133840001,909,909,GCOMP586,HEIDLERSBURG,4032 OXFORD RD,YORK SPRINGS,PA,17372,NOT AVAILABLE,NATURAL GAS COMPRESSOR STATION,IN SERVICE,ADAMS,42001,USA,39.948113384,-77.129198908,486210,PIPELINE TRANSPORTATION OF NATURAL GAS,"EPA ENVIROFACTS, FERC FORM 2, CORPORATE WEBSITE",2015/09/01 00:00:00+00,IMAGERY/OTHER,2016/03/14 00:00:00+00,http://www.spectraenergy.com/,"TEXAS EASTERN TRANSMISSION, LP",17,"TEXAS EASTERN TRANSMISSION, LP",WITHIN 40 FEET,2,43000,70481995,0,0,0,5049,1,2012/10/01 00:00:00+00,2446692,19490427
-77.5969679999999,39.0005570000001,910,910,GCOMP587,LEESBURG,40620 CONSOLIDATED LN,LEESBURG,VA,20175,NOT AVAILABLE,NATURAL GAS COMPRESSOR STATION,IN SERVICE,LOUDOUN,51107,USA,39.000557,-77.596968,486210,PIPELINE TRANSPORTATION OF NATURAL GAS,"EPA ENVIROFACTS, FERC FORM 2, CORPORATE WEBSITE",2015/09/24 00:00:00+00,IMAGERY/OTHER,2016/03/14 00:00:00+00,http://escript.dom.com/,"DOMINION TRANSMISSION, INC.",22,"DOMINION TRANSMISSION, INC.",WITHIN 40 FEET,3,14200,30052272,1246236,1666837,431202,13108,3,2012/04/04 00:00:00+00,0,0
-93.282970833,32.2471431340001,911,911,GCOMP588,HALL SUMMIT,407 HWY 371,RINGGOLD,LA,71068,7209,NATURAL GAS COMPRESSOR STATION,IN SERVICE,BIENVILLE,22013,USA,32.247143134,-93.282970833,486210,PIPELINE TRANSPORTATION OF NATURAL GAS,"EPA ENVIROFACTS, FERC FORM 2, CORPORATE WEBSITE",2015/09/17 00:00:00+00,IMAGERY/OTHER,2016/03/14 00:00:00+00,http://infopost.bwpmlp.com/,"GULF SOUTH PIPELINE COMPANY, LP",11,"GULF SOUTH PIPELINE COMPANY, LP",WITHIN 40 FEET,5,43500,58565322,5045099,1164748,1803172,33420,5,2012/06/15 00:00:00+00,0,0
-77.592364,38.994226,912,912,GCOMP589,LOUDOUN,40750 COMPRESSOR LN.,WATSON,VA,20175,NOT AVAILABLE,NATURAL GAS COMPRESSOR STATION,IN SERVICE,LOUDOUN,51107,USA,38.994226,-77.592364,486210,PIPELINE TRANSPORTATION OF NATURAL GAS,"FERC FORM 2, IMAGERY",2015/09/28 00:00:00+00,IMAGERY/OTHER,2016/03/14 00:00:00+00,http://www.columbiapipeinfo.com/,"COLUMBIA GAS TRANSMISSION,LLC",21,"COLUMBIA GAS TRANSMISSION,LLC",WITHIN 40 FEET,9,15190,11484702,344127,254120,125587,7418,8,2012/01/04 00:00:00+00,17583,-999
-102.717376,47.254825155,913,913,GCOMP59,#5 - DUNN COUNTY,10510 11TH ST SW,MANNING,ND,58642,NOT AVAILABLE,NATURAL GAS COMPRESSOR STATION,IN SERVICE,DUNN,38025,USA,47.254825155,-102.717376,486210,PIPELINE TRANSPORTATION OF NATURAL GAS,"EPA ENVIROFACTS, FERC FORM 2, CORPORATE WEBSITE",2015/09/15 00:00:00+00,IMAGERY/OTHER,2016/03/14 00:00:00+00,http://www.northernborder.com/,NORTHERN BORDER PIPELINE COMPANY,89,NORTHERN BORDER PIPELINE COMPANY,WITHIN 40 FEET,1,38000,26684199,5783911,213124,1999161,8605,1,2012/03/09 00:00:00+00,0,0
-87.263597293,35.6419233620001,914,914,GCOMP590,HAMPSHIRE,4077 BOOKER FARM,HAMPSHIRE,TN,38474,NOT AVAILABLE,NATURAL GAS COMPRESSOR STATION,IN SERVICE,MAURY,47119,USA,35.641923362,-87.263597293,486210,PIPELINE TRANSPORTATION OF NATURAL GAS,"EPA ENVIROFACTS, FERC FORM 2, CORPORATE WEBSITE",2015/09/25 00:00:00+00,IMAGERY/OTHER,2016/03/14 00:00:00+00,http://www.columbiapipeinfo.com/,COLUMBIA GULF TRANSMISSION COMPANY,70,COLUMBIA GULF TRANSMISSION COMPANY,WITHIN 40 FEET,9,43100,35805741,2894982,1811136,1044221,34762,8,2012/11/17 00:00:00+00,0,0
-77.5910969999999,38.9956260000001,915,915,GCOMP591,LOUDOUN,40830 COVE POINT LANE,LEESBURG,VA,20175,NOT AVAILABLE,NATURAL GAS COMPRESSOR STATION,IN SERVICE,LOUDOUN,51107,USA,38.995626,-77.591097,486210,PIPELINE TRANSPORTATION OF NATURAL GAS,"EPA ENVIROFACTS, FERC FORM 2, CORPORATE WEBSITE, IMAGERY",2015/09/25 00:00:00+00,IMAGERY/OTHER,2016/03/14 00:00:00+00,http://escript.dom.com/,"DOMINION COVE POINT LNG, LP",127,"DOMINION COVE POINT LNG, LP",WITHIN 40 FEET,3,11840,27208019,746541,693934,242711,10632,3,2012/12/27 00:00:00+00,0,0
-91.933171,33.3346710000001,916,916,GCOMP592,FOUNTAIN HILL,409 ASHLEY 88 ROAD,HAMBURG,AR,71646,NOT AVAILABLE,NATURAL GAS COMPRESSOR STATION,IN SERVICE,ASHLEY,05003,USA,33.334671,-91.933171,486210,PIPELINE TRANSPORTATION OF NATURAL GAS,"EPA ENVIROFACTS, FERC FORM 2, CORPORATE WEBSITE",2015/10/20 00:00:00+00,IMAGERY/OTHER,2016/03/14 00:00:00+00,http://pipelines.centerpointenergy.com/,"CENTERPOINT ENERGY - MISSISSIPPI RIVER TRANSMISSION, LLC",25,"CENTERPOINT ENERGY - MISSISSIPPI RIVER TRANSMISSION, LLC",WITHIN 40 FEET,8,7040,17547640,269120,652531,115179,8650,0,1970/01/01 00:00:00+00,0,0
-101.758365251,46.8210096650001,917,917,GCOMP593,#6 - MORTON COUNTY,"4090 62ND AVE; 3 MI E OF GLEN ULLIN ON CO RD",GLEN ULLIN,ND,58631,NOT AVAILABLE,NATURAL GAS COMPRESSOR STATION,IN SERVICE,MORTON,38059,USA,46.821009665,-101.758365251,486210,PIPELINE TRANSPORTATION OF NATURAL GAS,"EPA ENVIROFACTS, FERC FORM 2, CORPORATE WEBSITE",2015/09/15 00:00:00+00,IMAGERY/OTHER,2016/03/14 00:00:00+00,http://www.northernborder.com/,NORTHERN BORDER PIPELINE COMPANY,89,NORTHERN BORDER PIPELINE COMPANY,WITHIN 40 FEET,1,38000,26755026,6011783,212777,2067096,8591,1,2012/02/10 00:00:00+00,0,0
-97.0602930219999,48.990623692,918,918,GCOMP594,ST. VINCENT,4094 180TH AVE,ST. VINCENT,MN,56755,9566,NATURAL GAS COMPRESSOR STATION,IN SERVICE,KITTSON,27069,USA,48.990623692,-97.060293022,486210,PIPELINE TRANSPORTATION OF NATURAL GAS,"EPA ENVIROFACTS, FERC FORM 2, CORPORATE WEBSITE",2015/09/18 00:00:00+00,IMAGERY/OTHER,2016/03/14 00:00:00+00,http://www.glgt.com/,GREAT LAKES GAS TRANSMISSION LIMITED PTRSHP,51,GREAT LAKES GAS TRANSMISSION LIMITED PTRSHP,WITHIN 40 FEET,5,32330,67419742,37854,542408,13146,110,1,2012/01/22 00:00:00+00,0,0
-93.918691238,32.574750443,919,919,GCOMP595,BUCKLEY,"4094 L Q BUCKLEY COMP STATION RD; 10 MI NW",SHREVEPORT,LA,71107,NOT AVAILABLE,NATURAL GAS COMPRESSOR STATION,IN SERVICE,CADDO,22017,USA,32.574750443,-93.918691238,486210,PIPELINE TRANSPORTATION OF NATURAL GAS,"EPA ENVIROFACTS, FERC FORM 2, CORPORATE WEBSITE",2015/10/20 00:00:00+00,IMAGERY/OTHER,2016/03/14 00:00:00+00,http://pipelines.centerpointenergy.com/,"CENTERPOINT ENERGY GAS TRANSMISSION COMPANY, LLC",31,"CENTERPOINT ENERGY GAS TRANSMISSION COMPANY, LLC",WITHIN 40 FEET,1,4200,7018223,0,171319,0,4250,1,1970/01/01 00:00:00+00,649573,8988800
-100.982565213,38.483687027,920,920,GCOMP596,SCOTT CITY,4100 W HWY 96,SCOTT CITY,KS,67871,NOT AVAILABLE,NATURAL GAS COMPRESSOR STATION,IN SERVICE,SCOTT,20171,USA,38.483687027,-100.982565213,486210,PIPELINE TRANSPORTATION OF NATURAL GAS,"EPA ENVIROFACTS, FERC FORM 2, CORPORATE WEBSITE",2015/09/03 00:00:00+00,IMAGERY/OTHER,2016/03/14 00:00:00+00,http://pipeline.tallgrassenergylp.com/,TALLGRASS INTERSTATE GAS TRANSMISSION LLC,53,TALLGRASS INTERSTATE GAS TRANSMISSION LLC,WITHIN 40 FEET,5,17300,28188976,0,0,127263,8802,1,2012/11/14 00:00:00+00,0,0
-79.961222214,40.25565871,921,921,GCOMP597,HARTSON,"4111-4139 FINLEYVILLE ELRAMA ROAD; FINLEYVILLE",FINLEYVILLE,PA,01533,3124,NATURAL GAS COMPRESSOR STATION,IN SERVICE,WASHINGTON,42125,USA,40.25565871,-79.961222214,486210,PIPELINE TRANSPORTATION OF NATURAL GAS,"EPA ENVIROFACTS, FERC FORM 2, CORPORATE WEBSITE, IMAGERY",2015/09/18 00:00:00+00,IMAGERY/OTHER,2015/09/18 00:00:00+00,http://equitrans.eqtmidstreampartners.com/,"EQUITRANS, L.P.",24,"EQUITRANS, L.P.",WITHIN 40 FEET,3,3300,6470458,227970,103359,90069,9586,3,2012/01/13 00:00:00+00,20112,-999
-93.442255379,32.417211669,922,922,GCOMP598,KORAN #2,4135 CAMP JOY RD,HAUGHTON,LA,71037,NOT AVAILABLE,NATURAL GAS COMPRESSOR STATION,IN SERVICE,BOSSIER,22015,USA,32.417211669,-93.442255379,486210,PIPELINE TRANSPORTATION OF NATURAL GAS,"EPA ENVIROFACTS, FERC FORM 2, CORPORATE WEBSITE",2015/09/17 00:00:00+00,IMAGERY/OTHER,2016/03/14 00:00:00+00,http://infopost.bwpmlp.com/,"GULF SOUTH PIPELINE COMPANY, LP",11,"GULF SOUTH PIPELINE COMPANY, LP",WITHIN 40 FEET,4,4000,2460852,325358,388992,117019,15719,2,2012/07/08 00:00:00+00,0,0
-78.860934549,38.8768466720001,923,923,GCOMP599,LOST RIVER,419 UPPER COVE RD.,MATHIAS,WV,26812,NOT AVAILABLE,NATURAL GAS COMPRESSOR STATION,IN SERVICE,HARDY,54031,USA,38.876846672,-78.860934549,486210,PIPELINE TRANSPORTATION OF NATURAL GAS,"EPA ENVIROFACTS, FERC FORM 2, CORPORATE WEBSITE",2015/09/28 00:00:00+00,IMAGERY/OTHER,2016/03/14 00:00:00+00,http://www.columbiapipeinfo.com/,"COLUMBIA GAS TRANSMISSION,LLC",21,"COLUMBIA GAS TRANSMISSION,LLC",WITHIN 40 FEET,9,22115,54654803,1666672,1200763,577990,29412,9,2012/01/05 00:00:00+00,77511,-999
-78.8456869999999,40.9246240000001,924,924,GCOMP6,STONEY RUN,.5 MILES NORTH OF ROUTE 36 & TIPPLE ROAD,BIG RUN,PA,15715,NOT AVAILABLE,NATURAL GAS COMPRESSOR STATION,IN SERVICE,JEFFERSON,42065,USA,40.924624,-78.845687,486210,PIPELINE TRANSPORTATION OF NATURAL GAS,"EPA ENVIROFACTS, FERC FORM 2, CORPORATE WEBSITE",2015/09/24 00:00:00+00,IMAGERY/OTHER,2016/03/14 00:00:00+00,http://escript.dom.com/,"DOMINION TRANSMISSION, INC.",22,"DOMINION TRANSMISSION, INC.",WITHIN 40 FEET,3,1152,1545835,70665,208596,25618,8862,2,2012/07/27 00:00:00+00,0,0
-109.4307,38.3269000000001,925,925,GCOMP60,MOAB,10527 US-191,MOAB,UT,84532,NOT AVAILABLE,NATURAL GAS COMPRESSOR STATION,IN SERVICE,GRAND,49037,USA,38.3269,-109.4307,486210,PIPELINE TRANSPORTATION OF NATURAL GAS,"EPA ENVIROFACTS, FERC FORM 2, CORPORATE WEBSITE",2015/09/14 00:00:00+00,IMAGERY/OTHER,2016/03/14 00:00:00+00,http://www.northwest.williams.com/,NORTHWEST PIPELINE GP,37,NORTHWEST PIPELINE GP,WITHIN 40 FEET,5,12690,15420791,292780,772129,105740,5530,3,2012/07/24 00:00:00+00,0,0
-93.2830089999999,32.2475260000001,926,926,GCOMP600,HALL SUMMIT (RECIP),419 US-371,COUSHATTA,LA,71019,NOT AVAILABLE,NATURAL GAS COMPRESSOR STATION,IN SERVICE,BIENVILLE,22013,USA,32.247526,-93.283009,486210,PIPELINE TRANSPORTATION OF NATURAL GAS,"EPA ENVIROFACTS, FERC FORM 2, CORPORATE WEBSITE",2015/10/07 00:00:00+00,IMAGERY/OTHER,2016/03/14 00:00:00+00,http://infopost.bwpmlp.com/,"GULF SOUTH PIPELINE COMPANY, LP",11,"GULF SOUTH PIPELINE COMPANY, LP",WITHIN 40 FEET,1,8180,22592317,379062,87513,135481,2511,1,2012/06/06 00:00:00+00,0,0
-85.955791431,42.6670630400001,927,927,GCOMP601,HAMILTON,4193 134TH AVE,HAMILTON,MI,49419,NOT AVAILABLE,NATURAL GAS COMPRESSOR STATION,IN SERVICE,ALLEGAN,26005,USA,42.66706304,-85.955791431,486210,PIPELINE TRANSPORTATION OF NATURAL GAS,"EPA ENVIROFACTS, FERC FORM 2, CORPORATE WEBSITE",2015/10/21 00:00:00+00,IMAGERY/OTHER,2016/03/14 00:00:00+00,http://anrebb.transcanada.com/,ANR PIPELINE COMPANY,48,ANR PIPELINE COMPANY,WITHIN 40 FEET,10,40316,19495665,1550773,1130303,606123,12196,1,2012/11/22 00:00:00+00,0,0
-80.3306335359999,34.422112086,928,928,GCOMP602,BETHUNE - KERSHAW,4200 JEFFERSON DAVIS HWY,BETHUNE,SC,29009,NOT AVAILABLE,NATURAL GAS COMPRESSOR STATION,IN SERVICE,KERSHAW,45055,USA,34.422112086,-80.330633536,486210,PIPELINE TRANSPORTATION OF NATURAL GAS,"EPA ENVIROFACTS, FERC FORM 2, CORPORATE WEBSITE",2015/09/25 00:00:00+00,IMAGERY/OTHER,2016/03/14 00:00:00+00,http://www.discovery.williamsenergy.com/,DISCOVERY GAS TRANSMISSION LLC,63,DISCOVERY GAS TRANSMISSION LLC,WITHIN 40 FEET,3,3150,12178406,23540,0,6603,383,3,2012/11/30 00:00:00+00,0,0
-92.5216389999999,30.466732,929,929,GCOMP603,EUNICE,"4202 FOURNERAT RD; OFF HWY 190 W",EUNICE,LA,70535,NOT AVAILABLE,NATURAL GAS COMPRESSOR STATION,IN SERVICE,SAINT LANDRY,22097,USA,30.466732,-92.521639,486210,PIPELINE TRANSPORTATION OF NATURAL GAS,"EPA ENVIROFACTS, FERC FORM 2, CORPORATE WEBSITE",2015/10/27 00:00:00+00,IMAGERY/OTHER,2016/03/14 00:00:00+00,http://anrebb.transcanada.com/,ANR PIPELINE COMPANY,48,ANR PIPELINE COMPANY,WITHIN 40 FEET,2,24000,27315136,441727,441377,157765,2131,1,2012/07/30 00:00:00+00,0,0
-95.6797999999999,42.9084,930,930,GCOMP604,PAULLINA,4213 J AVENUE,PAULLINA,IA,51046,7001,NATURAL GAS COMPRESSOR STATION,IN SERVICE,OBRIEN,19035,USA,42.9084,-95.6798,486210,PIPELINE TRANSPORTATION OF NATURAL GAS,"EPA ENVIROFACTS, FERC FORM 2, CORPORATE WEBSITE",2015/09/15 00:00:00+00,IMAGERY/OTHER,2016/03/14 00:00:00+00,http://www.northernnaturalgas.com/,NORTHERN NATURAL GAS COMPANY,59,NORTHERN NATURAL GAS COMPANY,WITHIN 40 FEET,5,4400,7054824,70565,308241,25110,3681,3,2012/01/12 00:00:00+00,18298,181120
-91.220443459,35.7150384330001,931,931,GCOMP605,TUCKERMAN,424 CR-62,TUCKERMAN,AR,72473,NOT AVAILABLE,NATURAL GAS COMPRESSOR STATION,IN SERVICE,JACKSON,05067,USA,35.715038433,-91.220443459,486210,PIPELINE TRANSPORTATION OF NATURAL GAS,"EPA ENVIROFACTS, FERC FORM 2, CORPORATE WEBSITE",2015/10/20 00:00:00+00,IMAGERY/OTHER,2016/03/14 00:00:00+00,http://pipelines.centerpointenergy.com/,"CENTERPOINT ENERGY - MISSISSIPPI RIVER TRANSMISSION, LLC",25,"CENTERPOINT ENERGY - MISSISSIPPI RIVER TRANSMISSION, LLC",WITHIN 40 FEET,7,11095,14232224,586335,340308,211780,4831,3,1970/01/01 00:00:00+00,0,0
-98.6910099999999,36.72619,932,932,GCOMP606,OKLAHOMA-HOPETON-WOODS COUNTY,"42589 GRADY RD; 6.5 MI SW OF ALVA",ALVA,OK,73717,NOT AVAILABLE,NATURAL GAS COMPRESSOR STATION,IN SERVICE,WOODS,40151,USA,36.72619,-98.69101,486210,PIPELINE TRANSPORTATION OF NATURAL GAS,"EPA ENVIROFACTS, FERC FORM 2, CORPORATE WEBSITE",2015/09/11 00:00:00+00,IMAGERY/OTHER,2016/03/14 00:00:00+00,http://peplmessenger.energytransfer.com/,"PANHANDLE EASTERN PIPE LINE COMPANY, LP",28,"PANHANDLE EASTERN PIPE LINE COMPANY, LP",WITHIN 40 FEET,5,20800,23224996,1846335,1885448,675957,19715,4,2012/10/09 00:00:00+00,0,0
-119.411333665,45.9312926580001,933,933,GCOMP607,PLYMOUTH,42612 E CHRISTY RD,PLYMOUTH,WA,99346,NOT AVAILABLE,NATURAL GAS COMPRESSOR STATION,IN SERVICE,BENTON,53005,USA,45.931292658,-119.411333665,486210,PIPELINE TRANSPORTATION OF NATURAL GAS,"EPA ENVIROFACTS, FERC FORM 2, CORPORATE WEBSITE",2015/09/14 00:00:00+00,IMAGERY/OTHER,2016/03/14 00:00:00+00,http://www.northwest.williams.com/,NORTHWEST PIPELINE GP,37,NORTHWEST PIPELINE GP,WITHIN 40 FEET,5,5343,14526677,265470,333219,92799,4585,5,2012/01/27 00:00:00+00,0,0
-90.180481426,30.8188681660001,934,934,GCOMP608,FRANKLINTON,42621 HWY 16,AMITE,LA,70422,NOT AVAILABLE,NATURAL GAS COMPRESSOR STATION,IN SERVICE,WASHINGTON,22117,USA,30.818868166,-90.180481426,486210,PIPELINE TRANSPORTATION OF NATURAL GAS,"EPA ENVIROFACTS, FERC FORM 2, CORPORATE WEBSITE",2015/09/10 00:00:00+00,IMAGERY/OTHER,2016/03/14 00:00:00+00,http://ixsnp.sonetpremier.com/,"SOUTHERN NATURAL GAS COMPANY, L.L.C.",7,"SOUTHERN NATURAL GAS COMPANY, L.L.C.",WITHIN 40 FEET,10,16750,32116020,1941893,1154832,692525,48576,6,2012/11/03 00:00:00+00,0,0
-76.6712283259999,40.3799741980001,935,935,GCOMP609,GRANTVILLE,429 STATION ROAD HIGHWAY 81 EXIT 28,GRANTVILLE,PA,17028,NOT AVAILABLE,NATURAL GAS COMPRESSOR STATION,IN SERVICE,DAUPHIN,42043,USA,40.379974198,-76.671228326,486210,PIPELINE TRANSPORTATION OF NATURAL GAS,"EPA ENVIROFACTS, FERC FORM 2, CORPORATE WEBSITE",2015/09/01 00:00:00+00,IMAGERY/OTHER,2016/03/14 00:00:00+00,http://www.spectraenergy.com/,"TEXAS EASTERN TRANSMISSION, LP",17,"TEXAS EASTERN TRANSMISSION, LP",WITHIN 40 FEET,4,33500,37629364,2879011,0,1030744,16951,4,2012/01/15 00:00:00+00,71387,186576
-74.552186712,40.515597955,936,936,GCOMP61,FRANKLIN (FREEHOLD),106 WESTON RD,FRANKLIN TWP,NJ,08873,NOT AVAILABLE,NATURAL GAS COMPRESSOR STATION,IN SERVICE,SOMERSET,34035,USA,40.515597955,-74.552186712,486210,PIPELINE TRANSPORTATION OF NATURAL GAS,"EPA ENVIROFACTS, FERC FORM 2, CORPORATE WEBSITE",2015/09/01 00:00:00+00,IMAGERY/OTHER,2016/03/14 00:00:00+00,http://www.spectraenergy.com/,"TEXAS EASTERN TRANSMISSION, LP",17,"TEXAS EASTERN TRANSMISSION, LP",WITHIN 40 FEET,1,5000,18232188,0,0,0,0,0,1970/01/01 00:00:00+00,95222,286468
-77.161431863,40.3437313900001,937,937,GCOMP610,SHERMANS DALE,429 TEXAS EASTERN RD OFF HWY 34,SHERMANS DALE,PA,17090,NOT AVAILABLE,NATURAL GAS COMPRESSOR STATION,IN SERVICE,PERRY,42099,USA,40.34373139,-77.161431863,486210,PIPELINE TRANSPORTATION OF NATURAL GAS,"FERC FORM 2, CORPORATE WEBSITE, IMAGERY",2015/08/31 00:00:00+00,IMAGERY/OTHER,2016/03/14 00:00:00+00,http://www.spectraenergy.com/,"TEXAS EASTERN TRANSMISSION, LP",17,"TEXAS EASTERN TRANSMISSION, LP",WITHIN 40 FEET,2,41800,25793190,1894792,0,666417,2768,2,2012/01/15 00:00:00+00,36522,206720
-97.588243096,43.720325062,938,938,GCOMP611,SPENCER,43 1ST AVE,SPENCER,SD,57374,NOT AVAILABLE,NATURAL GAS COMPRESSOR STATION,IN SERVICE,MCCOOK,46087,USA,43.720325062,-97.588243096,486210,PIPELINE TRANSPORTATION OF NATURAL GAS,"FERC FORM 2, CORPORATE WEBSITE, IMAGERY",2015/08/19 00:00:00+00,IMAGERY/OTHER,2016/03/14 00:00:00+00,http://www.northernnaturalgas.com/,NORTHERN NATURAL GAS COMPANY,59,NORTHERN NATURAL GAS COMPANY,WITHIN 40 FEET,1,1100,4026629,0,113370,0,156,1,2012/01/19 00:00:00+00,9181,177600
-79.820398,36.3423000000001,939,939,GCOMP612,NO. 160 REIDSVILLE,4300 NC HIGHWAY 65,REIDSVILLE,NC,27320,NOT AVAILABLE,NATURAL GAS COMPRESSOR STATION,IN SERVICE,ROCKINGHAM,37157,USA,36.3423,-79.820398,486210,PIPELINE TRANSPORTATION OF NATURAL GAS,"EPA ENVIROFACTS, FERC FORM 2, CORPORATE WEBSITE",2015/08/25 00:00:00+00,IMAGERY/OTHER,2016/03/14 00:00:00+00,http://www.1line.williams.com/,"TRANSCONTINENTAL GAS PIPE LINE COMPANY, LLC",29,"TRANSCONTINENTAL GAS PIPE LINE COMPANY, LLC",WITHIN 40 FEET,16,54520,60966765,4113531,3860814,1574719,63038,11,2012/11/04 00:00:00+00,33903,-999
-82.360607,40.7064930000001,940,940,GCOMP613,LUCAS,4307 STATE ROUTE 39,LUCAS,OH,44843,NOT AVAILABLE,NATURAL GAS COMPRESSOR STATION,IN SERVICE,RICHLAND,39139,USA,40.706493,-82.360607,486210,PIPELINE TRANSPORTATION OF NATURAL GAS,"FERC FORM 2, IMAGERY",2015/09/28 00:00:00+00,IMAGERY/OTHER,2016/03/14 00:00:00+00,http://www.columbiapipeinfo.com/,"COLUMBIA GAS TRANSMISSION,LLC",21,"COLUMBIA GAS TRANSMISSION,LLC",WITHIN 40 FEET,5,11120,16258470,838710,817480,301498,11083,5,2012/02/26 00:00:00+00,0,0
-100.764163523,41.1700211730001,941,941,GCOMP614,NORTH PLATTE,4317 N WASHBOARD RD,NORTH PLATTE,NE,69101,NOT AVAILABLE,NATURAL GAS COMPRESSOR STATION,IN SERVICE,LINCOLN,31111,USA,41.170021173,-100.764163523,486210,PIPELINE TRANSPORTATION OF NATURAL GAS,"EPA ENVIROFACTS, FERC FORM 2, CORPORATE WEBSITE",2015/09/09 00:00:00+00,IMAGERY/OTHER,2016/03/14 00:00:00+00,http://pipeline.tallgrassenergylp.com/,TALLGRASS INTERSTATE GAS TRANSMISSION LLC,53,TALLGRASS INTERSTATE GAS TRANSMISSION LLC,WITHIN 40 FEET,5,7150,3799357,0,0,7123,885,3,2012/07/12 00:00:00+00,0,0
-89.75179,38.6715800000001,942,942,GCOMP615,ST. JACOB,438 SUMMERFIELD RD,SAINT JACOB,IL,62281,NOT AVAILABLE,NATURAL GAS COMPRESSOR STATION,IN SERVICE,MADISON,17119,USA,38.67158,-89.75179,486210,PIPELINE TRANSPORTATION OF NATURAL GAS,"FERC FORM 2, CORPORATE WEBSITE",2015/11/03 00:00:00+00,IMAGERY/OTHER,2016/03/14 00:00:00+00,http://pipelines.centerpointenergy.com/,"CENTERPOINT ENERGY - MISSISSIPPI RIVER TRANSMISSION, LLC",25,"CENTERPOINT ENERGY - MISSISSIPPI RIVER TRANSMISSION, LLC",WITHIN 40 FEET,1,3280,2366998,930,106004,361,20,0,1970/01/01 00:00:00+00,0,0
-76.9808145279999,42.1901990330001,943,943,GCOMP616,CORNING,4401 COLLEGE AVE.,CORNING,NY,14830,NOT AVAILABLE,NATURAL GAS COMPRESSOR STATION,IN SERVICE,STEUBEN,36101,USA,42.190199033,-76.980814528,486210,PIPELINE TRANSPORTATION OF NATURAL GAS,"EPA ENVIROFACTS, FERC FORM 2, CORPORATE WEBSITE",2015/09/29 00:00:00+00,IMAGERY/OTHER,2016/03/14 00:00:00+00,http://www.columbiapipeinfo.com/,"COLUMBIA GAS TRANSMISSION,LLC",21,"COLUMBIA GAS TRANSMISSION,LLC",WITHIN 40 FEET,1,1000,2103861,10580,109933,4342,582,1,2012/03/07 00:00:00+00,1561,-999
-79.038829,41.539255,944,944,GCOMP617,#307 - PIGEON,44232 PA-66,MARIENVILLE,PA,16239,NOT AVAILABLE,NATURAL GAS COMPRESSOR STATION,IN SERVICE,FOREST,42053,USA,41.539255,-79.038829,486210,PIPELINE TRANSPORTATION OF NATURAL GAS,"EPA ENVIROFACTS, FERC FORM 2, CORPORATE WEBSITE",2015/09/03 00:00:00+00,IMAGERY/OTHER,2016/03/14 00:00:00+00,http://pipeline2.kindermorgan.com/,"TENNESSEE GAS PIPELINE COMPANY, L.L.C.",9,"TENNESSEE GAS PIPELINE COMPANY, L.L.C.",WITHIN 40 FEET,6,15500,29160453,243149,583282,86726,5062,4,2012/06/18 00:00:00+00,0,0
-92.030941,30.088266,945,945,GCOMP618,YOUNGSVILLE,4443 VEROT SCHOOL ROAD,YOUNGSVILLE,LA,70592,NOT AVAILABLE,NATURAL GAS COMPRESSOR STATION,IN SERVICE,LAFAYETTE,22055,USA,30.088266,-92.030941,486210,PIPELINE TRANSPORTATION OF NATURAL GAS,"EPA ENVIROFACTS, FERC FORM 2, CORPORATE WEBSITE",2015/08/27 00:00:00+00,IMAGERY/OTHER,2016/03/14 00:00:00+00,http://infopost.bwpmlp.com/,"TEXAS GAS TRANSMISSION, LLC",18,"TEXAS GAS TRANSMISSION, LLC",WITHIN 40 FEET,8,21060,22400849,1108809,3047564,405293,28522,5,2012/12/09 00:00:00+00,0,0
-86.678727872,41.672293102,946,946,GCOMP619,SPRINGVILLE - LAPORTE COUNTY,4446 N FAIL RD,SPRINGVILLE,IN,46350,NOT AVAILABLE,NATURAL GAS COMPRESSOR STATION,IN SERVICE,LAPORTE,18091,USA,41.672293102,-86.678727872,486210,PIPELINE TRANSPORTATION OF NATURAL GAS,"EPA ENVIROFACTS, FERC FORM 2, CORPORATE WEBSITE",2015/08/24 00:00:00+00,IMAGERY/OTHER,2016/03/14 00:00:00+00,http://www.vector-pipeline.com/,VECTOR PIPELINE L.P.,63,VECTOR PIPELINE L.P.,WITHIN 40 FEET,2,30000,32411351,0,422530,1474574,13709,2,2012/11/16 00:00:00+00,0,0
-84.9566799999999,36.184197,947,947,GCOMP62,CLARKRANGE,1060 DEERLODGE HWY,CLARKRANGE,TN,38553,NOT AVAILABLE,NATURAL GAS COMPRESSOR STATION,IN SERVICE,FENTRESS,47049,USA,36.184197,-84.95668,486210,PIPELINE TRANSPORTATION OF NATURAL GAS,"EPA ENVIROFACTS, FERC FORM 2, CORPORATE WEBSITE",2015/09/22 00:00:00+00,IMAGERY/OTHER,2016/03/14 00:00:00+00,http://www.spectraenergy.com/,"EAST TENNESSEE NATURAL GAS, LLC",2,"EAST TENNESSEE NATURAL GAS, LLC",WITHIN 40 FEET,1,10310,11039249,128790,0,42989,861,0,2012/01/03 00:00:00+00,0,0
-90.673173,32.2751060000001,948,948,GCOMP620,MEP-4 (VICKSBURG,4449 SMITH STATION RD,EDWARDS,MS,39066,NOT AVAILABLE,NATURAL GAS COMPRESSOR STATION,IN SERVICE,HINDS,28049,USA,32.275106,-90.673173,486210,PIPELINE TRANSPORTATION OF NATURAL GAS,"FERC FORM 2, CORPORATE WEBSITE",2015/08/21 00:00:00+00,IMAGERY/OTHER,2016/03/14 00:00:00+00,http://www.nationalfuelgas.com/,"EMPIRE PIPELINE, INC.",575,"EMPIRE PIPELINE, INC.",WITHIN 40 FEET,4,24540,58961106,0,0,936136,26208,4,2012/11/17 00:00:00+00,0,0
-90.143743737,32.0291772620001,949,949,GCOMP621,HARRISVILLE#1 - RECIP,444A TWIN LAKES RD,FLORENCE,MS,39073,NOT AVAILABLE,NATURAL GAS COMPRESSOR STATION,IN SERVICE,RANKIN,28127,USA,32.0291772620001,-90.143743737,486210,PIPELINE TRANSPORTATION OF NATURAL GAS,"EPA ENVIROFACTS, FERC FORM 2, CORPORATE WEBSITE",2015/09/17 00:00:00+00,IMAGERY/OTHER,2016/03/14 00:00:00+00,http://infopost.bwpmlp.com/,"GULF SOUTH PIPELINE COMPANY, LP",11,"GULF SOUTH PIPELINE COMPANY, LP",WITHIN 40 FEET,4,18940,60077926,965249,442717,339630,10193,3,2012/06/17 00:00:00+00,0,0
-90.142508913,32.029096254,950,950,GCOMP622,HARRISVILLE#2 - TURBINE,444A TWIN LAKES RD,FLORENCE,MS,39073,NOT AVAILABLE,NATURAL GAS COMPRESSOR STATION,IN SERVICE,RANKIN,28127,USA,32.029096254,-90.142508913,486210,PIPELINE TRANSPORTATION OF NATURAL GAS,"EPA ENVIROFACTS, FERC FORM 2, CORPORATE WEBSITE",2015/09/17 00:00:00+00,IMAGERY/OTHER,2016/03/14 00:00:00+00,http://infopost.bwpmlp.com/,"GULF SOUTH PIPELINE COMPANY, LP",11,"GULF SOUTH PIPELINE COMPANY, LP",WITHIN 40 FEET,2,30000,45743301,3518684,450014,1266671,10361,2,2012/10/04 00:00:00+00,0,0
-75.682315,40.097584,951,951,GCOMP623,EAGLE,446 FELLOWSHIP RD.,EAGLE,PA,15628,NOT AVAILABLE,NATURAL GAS COMPRESSOR STATION,IN SERVICE,CHESTER,42029,USA,40.097584,-75.682315,486210,PIPELINE TRANSPORTATION OF NATURAL GAS,"FERC FORM 2, IMAGERY",2015/09/29 00:00:00+00,IMAGERY/OTHER,2016/03/14 00:00:00+00,http://www.columbiapipeinfo.com/,"COLUMBIA GAS TRANSMISSION,LLC",21,"COLUMBIA GAS TRANSMISSION,LLC",WITHIN 40 FEET,4,8050,25225584,288188,474562,111958,13163,4,2012/01/22 00:00:00+00,41627,-999
-78.064986067,42.6733421850001,952,952,GCOMP624,SILVER SPRINGS,4478 OAK HILL RD,SILVER SPRINGS,NY,14550,NOT AVAILABLE,NATURAL GAS COMPRESSOR STATION,IN SERVICE,WYOMING,36121,USA,42.673342185,-78.064986067,486210,PIPELINE TRANSPORTATION OF NATURAL GAS,"EPA ENVIROFACTS, FERC FORM 2, CORPORATE WEBSITE",2015/09/24 00:00:00+00,IMAGERY/OTHER,2016/03/14 00:00:00+00,http://escript.dom.com/,"DOMINION TRANSMISSION, INC.",22,"DOMINION TRANSMISSION, INC.",WITHIN 40 FEET,2,10800,35835378,57402,95993,15187,320,1,2012/12/31 00:00:00+00,0,0
-74.4277175189999,40.7998812330001,953,953,GCOMP625,HANOVER,45 AIRPORT RD,MORRISTOWN,NJ,07960,NOT AVAILABLE,NATURAL GAS COMPRESSOR STATION,IN SERVICE,MORRIS,34027,USA,40.799881233,-74.427717519,486210,PIPELINE TRANSPORTATION OF NATURAL GAS,"EPA ENVIROFACTS, FERC FORM 2, CORPORATE WEBSITE",2015/10/28 00:00:00+00,IMAGERY/OTHER,2016/03/14 00:00:00+00,http://www.spectraenergy.com/,"ALGONQUIN GAS TRANSMISSION, LLC",20,"ALGONQUIN GAS TRANSMISSION, LLC",WITHIN 40 FEET,3,22000,49298056,461642,0,103952,3495,2,2012/11/05 00:00:00+00,0,0
-81.091847,37.5886100000001,954,954,GCOMP626,FLAT TOP,450 ELLISSON RIDGE RD.,FLAT TOP,WV,25841,NOT AVAILABLE,NATURAL GAS COMPRESSOR STATION,IN SERVICE,MERCER,54055,USA,37.58861,-81.091847,486210,PIPELINE TRANSPORTATION OF NATURAL GAS,"EPA ENVIROFACTS, FERC FORM 2, CORPORATE WEBSITE",2015/09/29 00:00:00+00,IMAGERY/OTHER,2016/03/14 00:00:00+00,http://www.columbiapipeinfo.com/,"COLUMBIA GAS TRANSMISSION,LLC",21,"COLUMBIA GAS TRANSMISSION,LLC",WITHIN 40 FEET,1,6960,12549249,993717,180381,354346,8137,1,2012/02/12 00:00:00+00,20465,-999
-102.183934791,34.8961110880001,955,955,GCOMP627,STATION P-2,4510 COUNTY ROAD AA,HEREFORD,TX,79045,NOT AVAILABLE,NATURAL GAS COMPRESSOR STATION,IN SERVICE,DEAF SMITH,48117,USA,34.896111088,-102.183934791,486210,PIPELINE TRANSPORTATION OF NATURAL GAS,"EPA ENVIROFACTS, FERC FORM 2, CORPORATE WEBSITE",2015/08/20 00:00:00+00,IMAGERY/OTHER,2016/03/14 00:00:00+00,http://twtransfer.energytransfer.com/,"TRANSWESTERN PIPELINE COMPANY, LLC",42,"TRANSWESTERN PIPELINE COMPANY, LLC",WITHIN 40 FEET,1,4700,8494541,6236,336241,2244,13,1,2012/07/19 00:00:00+00,0,0
-97.715866767,27.873282642,956,956,GCOMP628,STATION 341 - ROBSTOWN,4518 FM-624,ROBSTOWN,TX,78380,NOT AVAILABLE,NATURAL GAS COMPRESSOR STATION,IN SERVICE,NUECES,48355,USA,27.873282642,-97.715866767,486210,PIPELINE TRANSPORTATION OF NATURAL GAS,"EPA ENVIROFACTS, FERC FORM 2, CORPORATE WEBSITE",2015/09/16 00:00:00+00,IMAGERY/OTHER,2016/03/14 00:00:00+00,http://www.kindermorgan.com/,NATURAL GAS PIPELINE COMPANY OF AMERICA LLC,26,NATURAL GAS PIPELINE COMPANY OF AMERICA LLC,WITHIN 40 FEET,2,6330,6186953,0,0,306,9,2,2012/06/21 00:00:00+00,0,0
-92.004677,32.7056880000001,957,957,GCOMP629,PERRYVILLE,452 HWY 165,BASTROP,LA,71220,NOT AVAILABLE,NATURAL GAS COMPRESSOR STATION,IN SERVICE,MOREHOUSE,22073,USA,32.705688,-92.004677,486210,PIPELINE TRANSPORTATION OF NATURAL GAS,"EPA ENVIROFACTS, FERC FORM 2",2015/11/05 00:00:00+00,IMAGERY/OTHER,2016/03/14 00:00:00+00,http://pipelines.centerpointenergy.com/,"CENTERPOINT ENERGY GAS TRANSMISSION COMPANY, LLC",31,"CENTERPOINT ENERGY GAS TRANSMISSION COMPANY, LLC",WITHIN 40 FEET,3,4500,-999,0,0,0,0,0,1970/01/01 00:00:00+00,0,0
-79.377185078,40.808541602,958,958,GCOMP63,RURAL VALLEY,10612 STATE RT 85,KITTANING,PA,16201,NOT AVAILABLE,NATURAL GAS COMPRESSOR STATION,IN SERVICE,ARMSTRONG,42005,USA,40.808541602,-79.377185078,486210,PIPELINE TRANSPORTATION OF NATURAL GAS,"EPA ENVIROFACTS, FERC FORM 2, CORPORATE WEBSITE",2015/09/24 00:00:00+00,IMAGERY/OTHER,2016/03/14 00:00:00+00,http://escript.dom.com/,"DOMINION TRANSMISSION, INC.",22,"DOMINION TRANSMISSION, INC.",WITHIN 40 FEET,2,5325,21348191,464657,578251,170486,9373,2,2012/07/03 00:00:00+00,0,0
-88.076087,34.2354050000001,959,959,GCOMP630,#550 - HAMILTON,455 COUNTY HIGHWAY 56,HAMILTON,AL,35570,NOT AVAILABLE,NATURAL GAS COMPRESSOR STATION,IN SERVICE,MARION,01093,USA,34.235405,-88.076087,486210,PIPELINE TRANSPORTATION OF NATURAL GAS,"EPA ENVIROFACTS, FERC FORM 2, CORPORATE WEBSITE",2015/09/02 00:00:00+00,IMAGERY/OTHER,2016/03/14 00:00:00+00,http://pipeline2.kindermorgan.com/,"TENNESSEE GAS PIPELINE COMPANY, L.L.C.",9,"TENNESSEE GAS PIPELINE COMPANY, L.L.C.",WITHIN 40 FEET,5,29500,20057238,1604,327510,574,5,1,2012/01/11 00:00:00+00,0,0
-97.326874,39.7984760000001,960,960,GCOMP631,STATION 195 - HADDAM,456 16TH RD,HADDAM,KS,66944,NOT AVAILABLE,NATURAL GAS COMPRESSOR STATION,IN SERVICE,WASHINGTON,20201,USA,39.798476,-97.326874,486210,PIPELINE TRANSPORTATION OF NATURAL GAS,"EPA ENVIROFACTS, FERC FORM 2, CORPORATE WEBSITE",2015/09/16 00:00:00+00,IMAGERY/OTHER,2016/03/14 00:00:00+00,http://www.kindermorgan.com/,NATURAL GAS PIPELINE COMPANY OF AMERICA LLC,26,NATURAL GAS PIPELINE COMPANY OF AMERICA LLC,WITHIN 40 FEET,1,12000,6078686,0,0,693950,6046,1,2012/01/18 00:00:00+00,0,0
-75.1673969999999,42.873611,961,961,GCOMP632,#245 - WEST WINFIELD,457 BURROWS RD.,WEST WINFIELD,NY,13491,NOT AVAILABLE,NATURAL GAS COMPRESSOR STATION,IN SERVICE,HERKIMER,36043,USA,42.873611,-75.167397,486210,PIPELINE TRANSPORTATION OF NATURAL GAS,"EPA ENVIROFACTS, FERC FORM 2, CORPORATE WEBSITE",2015/09/03 00:00:00+00,IMAGERY/OTHER,2016/03/14 00:00:00+00,http://pipeline2.kindermorgan.com/,"TENNESSEE GAS PIPELINE COMPANY, L.L.C.",9,"TENNESSEE GAS PIPELINE COMPANY, L.L.C.",WITHIN 40 FEET,12,31700,54265990,2604778,1547405,924544,65180,10,2012/03/15 00:00:00+00,0,0
-92.090968,32.1580910000001,962,962,GCOMP633,COLUMBIA,4583 HIGHWAY 165 NORTH,COLUMBIA,LA,71418,NOT AVAILABLE,NATURAL GAS COMPRESSOR STATION,IN SERVICE,CALDWELL,22021,USA,32.158091,-92.090968,486210,PIPELINE TRANSPORTATION OF NATURAL GAS,"EPA ENVIROFACTS, FERC FORM 2, CORPORATE WEBSITE",2015/08/28 00:00:00+00,IMAGERY/OTHER,2016/03/14 00:00:00+00,http://infopost.bwpmlp.com/,"TEXAS GAS TRANSMISSION, LLC",18,"TEXAS GAS TRANSMISSION, LLC",WITHIN 40 FEET,9,31090,20148085,148179,842899,47584,2875,3,2012/09/17 00:00:00+00,0,0
-82.517221771,27.624432579,963,963,GCOMP634,GNGS #420,4610 BUCKEYE ROAD,PALMETTO,FL,34221,NOT AVAILABLE,NATURAL GAS COMPRESSOR STATION,IN SERVICE,MANATEE,12081,USA,27.624432579,-82.517221771,486210,PIPELINE TRANSPORTATION OF NATURAL GAS,"FERC FORM 2, FERC DOCKET CP10-4-000, CORPORATE WEBSITE",2015/10/06 00:00:00+00,IMAGERY/OTHER,2016/03/14 00:00:00+00,http://gulfstreamgas.files.wordpress.com/,"GULFSTREAM NATURAL GAS SYSTEM, L.L.C.",63,"GULFSTREAM NATURAL GAS SYSTEM, L.L.C.",WITHIN 40 FEET,3,50500,86524995,2532366,0,735660,7883,3,2012/08/10 00:00:00+00,0,0
-76.977125793,42.456657072,964,964,GCOMP635,DUNDEE,4620 ROUTE 226,ROCK STREAM,NY,14878,NOT AVAILABLE,NATURAL GAS COMPRESSOR STATION,IN SERVICE,SCHUYLER,36097,USA,42.456657072,-76.977125793,486210,PIPELINE TRANSPORTATION OF NATURAL GAS,"EPA ENVIROFACTS, FERC FORM 2, CORPORATE WEBSITE",2015/09/29 00:00:00+00,IMAGERY/OTHER,2016/03/14 00:00:00+00,http://www.columbiapipeinfo.com/,"COLUMBIA GAS TRANSMISSION,LLC",21,"COLUMBIA GAS TRANSMISSION,LLC",WITHIN 40 FEET,3,1880,5069869,31365,513808,12801,1710,3,2012/02/22 00:00:00+00,0,0
-95.300855027,41.31668827,965,965,GCOMP636,OAKLAND,46299 HIGHWAY 6,OAKLAND,IA,51560,NOT AVAILABLE,NATURAL GAS COMPRESSOR STATION,IN SERVICE,POTTAWATTAMIE,19155,USA,41.31668827,-95.300855027,486210,PIPELINE TRANSPORTATION OF NATURAL GAS,"EPA ENVIROFACTS, FERC FORM 2, CORPORATE WEBSITE",2015/09/15 00:00:00+00,IMAGERY/OTHER,2016/03/14 00:00:00+00,http://www.northernnaturalgas.com/,NORTHERN NATURAL GAS COMPANY,59,NORTHERN NATURAL GAS COMPANY,WITHIN 40 FEET,6,30500,30107601,1078960,902688,365323,12901,6,2012/10/31 00:00:00+00,75431,545400
-92.729723,30.010114,966,966,GCOMP637,STATION 346 - GUEYDAN,465 HARRYS RD,GUEYDAN,LA,70542,NOT AVAILABLE,NATURAL GAS COMPRESSOR STATION,IN SERVICE,VERMILION,22023,USA,30.010114,-92.729723,486210,PIPELINE TRANSPORTATION OF NATURAL GAS,"FERC FORM 2, IMAGERY",2015/09/15 00:00:00+00,IMAGERY/OTHER,2016/03/14 00:00:00+00,http://www.kindermorgan.com/,NATURAL GAS PIPELINE COMPANY OF AMERICA LLC,26,NATURAL GAS PIPELINE COMPANY OF AMERICA LLC,WITHIN 40 FEET,4,9800,8759970,0,0,6046,211,1,2012/06/12 00:00:00+00,0,0
-81.291654717,39.7738495730001,967,967,GCOMP638,BERNE,46552 SWAZEY RD,LEWISVILLE,OH,43754,NOT AVAILABLE,NATURAL GAS COMPRESSOR STATION,IN SERVICE,MONROE,39111,USA,39.773849573,-81.291654717,486210,PIPELINE TRANSPORTATION OF NATURAL GAS,"EPA ENVIROFACTS, FERC FORM 2, CORPORATE WEBSITE",2015/09/01 00:00:00+00,IMAGERY/OTHER,2016/03/14 00:00:00+00,http://www.spectraenergy.com/,"TEXAS EASTERN TRANSMISSION, LP",17,"TEXAS EASTERN TRANSMISSION, LP",WITHIN 40 FEET,8,35100,26007150,132646,0,40027,9635,7,2012/11/09 00:00:00+00,6278975,47952000
-75.622135,40.418328,968,968,GCOMP639,BECHTELSVILLE,467 FORGEDALE ROAD,BARTO,PA,19504,NOT AVAILABLE,NATURAL GAS COMPRESSOR STATION,IN SERVICE,BERKS,42011,USA,40.418328,-75.622135,486210,PIPELINE TRANSPORTATION OF NATURAL GAS,"FERC FORM 2, CORPORATE WEBSITE",2015/09/01 00:00:00+00,IMAGERY/OTHER,2016/03/14 00:00:00+00,http://www.spectraenergy.com/,"TEXAS EASTERN TRANSMISSION, LP",17,"TEXAS EASTERN TRANSMISSION, LP",WITHIN 40 FEET,4,33500,37807515,3225355,0,1160482,18350,4,2012/01/03 00:00:00+00,88142,853628
-85.0131489999999,39.018066,969,969,GCOMP64,DILLSBORO,10622 TEXAS GAS ROAD,DILSBORO,IN,47001,NOT AVAILABLE,NATURAL GAS COMPRESSOR STATION,IN SERVICE,DEARBORN,18029,USA,39.018066,-85.013149,486210,PIPELINE TRANSPORTATION OF NATURAL GAS,"EPA ENVIROFACTS, FERC FORM 2, CORPORATE WEBSITE",2015/08/28 00:00:00+00,IMAGERY/OTHER,2016/03/14 00:00:00+00,http://infopost.bwpmlp.com/,"TEXAS GAS TRANSMISSION, LLC",18,"TEXAS GAS TRANSMISSION, LLC",WITHIN 40 FEET,10,22560,14869813,107142,946826,38392,167,8,2012/01/02 00:00:00+00,0,0
-93.161628628,44.6425358700001,970,970,GCOMP640,FARMINGTON,4685 212TH ST W,FARMINGTON,MN,55024,NOT AVAILABLE,NATURAL GAS COMPRESSOR STATION,IN SERVICE,DAKOTA,27037,USA,44.64253587,-93.161628628,486210,PIPELINE TRANSPORTATION OF NATURAL GAS,"EPA ENVIROFACTS, FERC FORM 2, CORPORATE WEBSITE",2015/09/15 00:00:00+00,IMAGERY/OTHER,2016/03/14 00:00:00+00,http://www.northernnaturalgas.com/,NORTHERN NATURAL GAS COMPANY,59,NORTHERN NATURAL GAS COMPANY,WITHIN 40 FEET,7,20200,28084312,875075,1595182,305805,17001,6,2012/11/26 00:00:00+00,262899,2890560
-97.737786468,33.2936720700001,971,971,GCOMP641,STATION 155 - CHICO,4688 FM-1810,CHICO,TX,76431,NOT AVAILABLE,NATURAL GAS COMPRESSOR STATION,IN SERVICE,WISE,48497,USA,33.29367207,-97.737786468,486210,PIPELINE TRANSPORTATION OF NATURAL GAS,"EPA ENVIROFACTS, FERC FORM 2, CORPORATE WEBSITE",2015/09/16 00:00:00+00,IMAGERY/OTHER,2016/03/14 00:00:00+00,http://www.kindermorgan.com/,NATURAL GAS PIPELINE COMPANY OF AMERICA LLC,26,NATURAL GAS PIPELINE COMPANY OF AMERICA LLC,WITHIN 40 FEET,2,5325,15160868,0,0,1442,87,1,2012/01/06 00:00:00+00,0,0
-107.42194965,32.217252086,972,972,GCOMP642,FLORIDA,"4700 GERANIO RD SE; (20 MI E OF DEMING, 1MI S HWY80)",DEMING,NM,88030,NOT AVAILABLE,NATURAL GAS COMPRESSOR STATION,IN SERVICE,LUNA,35029,USA,32.217252086,-107.42194965,486210,PIPELINE TRANSPORTATION OF NATURAL GAS,"EPA ENVIROFACTS, FERC FORM 2, CORPORATE WEBSITE",2015/09/21 00:00:00+00,IMAGERY/OTHER,2016/03/14 00:00:00+00,https://pipeportal.kindermorgan.com/,"EL PASO NATURAL GAS COMPANY, L.L.C.",33,"EL PASO NATURAL GAS COMPANY, L.L.C.",WITHIN 40 FEET,5,46900,25104674,1413957,324441,515691,6728,2,2012/12/20 00:00:00+00,0,0
-96.80773515,44.6660780280001,973,973,GCOMP643,#11 - DEUEL COUNTY,"470TH AVENUE; CORNER OF 470TH AVE AND 188TH ST",ESTELLINE,SD,57234,NOT AVAILABLE,NATURAL GAS COMPRESSOR STATION,IN SERVICE,DEUEL,46039,USA,44.666078028,-96.80773515,486210,PIPELINE TRANSPORTATION OF NATURAL GAS,"EPA ENVIROFACTS, FERC FORM 2, CORPORATE WEBSITE",2015/09/15 00:00:00+00,IMAGERY/OTHER,2016/03/14 00:00:00+00,http://www.northernborder.com/,NORTHERN BORDER PIPELINE COMPANY,89,NORTHERN BORDER PIPELINE COMPANY,WITHIN 40 FEET,1,38000,33079712,6272235,213149,2165649,8606,1,2012/01/14 00:00:00+00,0,0
-90.8756653679999,29.6033457,974,974,GCOMP644,NO. 62 HUMPHRIES,4711 BAYOU BLACK DRIVE,GIBSON,LA,70356,NOT AVAILABLE,NATURAL GAS COMPRESSOR STATION,IN SERVICE,TERREBONNE,22109,USA,29.6033457,-90.875665368,486210,PIPELINE TRANSPORTATION OF NATURAL GAS,"EPA ENVIROFACTS, FERC FORM 2, CORPORATE WEBSITE",2015/08/24 00:00:00+00,IMAGERY/OTHER,2016/03/14 00:00:00+00,http://www.1line.williams.com/,"TRANSCONTINENTAL GAS PIPE LINE COMPANY, LLC",29,"TRANSCONTINENTAL GAS PIPE LINE COMPANY, LLC",WITHIN 40 FEET,9,24820,42173392,178086,1738583,120697,20,1,2012/04/26 00:00:00+00,0,0
-122.2214,49.001,975,975,GCOMP645,SUMAS,4738 JONES RD,SUMAS,WA,98295,NOT AVAILABLE,NATURAL GAS COMPRESSOR STATION,IN SERVICE,WHATCOM,53073,USA,49.001,-122.2214,486210,PIPELINE TRANSPORTATION OF NATURAL GAS,"EPA ENVIROFACTS, FERC FORM 2, CORPORATE WEBSITE",2015/09/14 00:00:00+00,IMAGERY/OTHER,2016/03/14 00:00:00+00,http://www.northwest.williams.com/,NORTHWEST PIPELINE GP,37,NORTHWEST PIPELINE GP,WITHIN 40 FEET,9,55000,72903963,3378261,1125702,1230463,17740,2,2012/10/01 00:00:00+00,0,0
-90.662612055,30.655202252,976,976,GCOMP646,MONTPELIER,477 HWY 441,MONTPELIER,LA,70422,NOT AVAILABLE,NATURAL GAS COMPRESSOR STATION,IN SERVICE,SAINT HELENA,22091,USA,30.655202252,-90.662612055,486210,PIPELINE TRANSPORTATION OF NATURAL GAS,"FERC FORM 2, IMAGERY",2015/09/17 00:00:00+00,IMAGERY/OTHER,2016/03/14 00:00:00+00,http://infopost.bwpmlp.com/,"GULF SOUTH PIPELINE COMPANY, LP",11,"GULF SOUTH PIPELINE COMPANY, LP",WITHIN 40 FEET,8,12500,11589575,548012,702499,205010,15117,8,2012/02/15 00:00:00+00,0,0
-81.336536,39.803115,977,977,GCOMP647,SUMMERFIELD,48651 GLADY RD,SUMMERFIELD,OH,43788,NOT AVAILABLE,NATURAL GAS COMPRESSOR STATION,IN SERVICE,NOBLE,39121,USA,39.803115,-81.336536,486210,PIPELINE TRANSPORTATION OF NATURAL GAS,"EPA ENVIROFACTS, FERC FORM 2, CORPORATE WEBSITE",2015/08/31 00:00:00+00,IMAGERY/OTHER,2016/03/14 00:00:00+00,http://www.spectraenergy.com/,"TEXAS EASTERN TRANSMISSION, LP",17,"TEXAS EASTERN TRANSMISSION, LP",WITHIN 40 FEET,5,19000,18620692,0,0,0,783,0,1970/01/01 00:00:00+00,2518258,3906000
-82.9461760629999,43.038641114,978,978,GCOMP648,CAPAC,4876 KETTLEHUT RD,CAPAC,MI,48014,NOT AVAILABLE,NATURAL GAS COMPRESSOR STATION,IN SERVICE,SAINT CLAIR,26147,USA,43.038641114,-82.946176063,486210,PIPELINE TRANSPORTATION OF NATURAL GAS,"EPA ENVIROFACTS, FERC FORM 2, CORPORATE WEBSITE",2015/10/28 00:00:00+00,IMAGERY/OTHER,2016/03/14 00:00:00+00,http://anrebb.transcanada.com/,ANR PIPELINE COMPANY,48,ANR PIPELINE COMPANY,WITHIN 40 FEET,2,9660,-999,0,0,0,0,0,1970/01/01 00:00:00+00,0,0
-105.612978706,42.7868068390001,979,979,GCOMP649,PLATTE RIVER,49 NATURAL BRIDGE RD,DOUGLAS,WY,82633,NOT AVAILABLE,NATURAL GAS COMPRESSOR STATION,IN SERVICE,CONVERSE,56009,USA,42.786806839,-105.612978706,486210,PIPELINE TRANSPORTATION OF NATURAL GAS,"FERC FORM 2, IMAGERY",2015/10/05 00:00:00+00,IMAGERY/OTHER,2016/03/14 00:00:00+00,http://www.migc.com/,"MIGC, LLC",47,"MIGC, LLC",WITHIN 40 FEET,1,3300,5648009,5,137340,2,0,0,1970/01/01 00:00:00+00,0,0
-92.888935659,45.209837641,980,980,GCOMP65,HUGO,10645 180TH ST N,HUGO,MN,55047,NOT AVAILABLE,NATURAL GAS COMPRESSOR STATION,IN SERVICE,WASHINGTON,27163,USA,45.209837641,-92.888935659,486210,PIPELINE TRANSPORTATION OF NATURAL GAS,"EPA ENVIROFACTS, FERC FORM 2, CORPORATE WEBSITE",2015/09/15 00:00:00+00,IMAGERY/OTHER,2016/03/14 00:00:00+00,http://www.northernnaturalgas.com/,NORTHERN NATURAL GAS COMPANY,59,NORTHERN NATURAL GAS COMPANY,WITHIN 40 FEET,1,5967,11198864,76213,202143,29836,1431,1,2012/01/17 00:00:00+00,11655,128800
-93.604149695,29.7620717840001,981,981,GCOMP650,OTHER: STATION 701 (ON SHORE) - CAMERON,4918 LA-82,CAMERON,LA,70631,NOT AVAILABLE,NATURAL GAS COMPRESSOR STATION,IN SERVICE,CAMERON,22023,USA,29.762071784,-93.604149695,486210,PIPELINE TRANSPORTATION OF NATURAL GAS,"EPA ENVIROFACTS, FERC FORM 2, CORPORATE WEBSITE",2015/09/09 00:00:00+00,IMAGERY/OTHER,2016/03/14 00:00:00+00,http://stingray.mcpoperating.com/,"STINGRAY PIPELINE COMPANY, L.L.C.",69,"STINGRAY PIPELINE COMPANY, L.L.C.",WITHIN 40 FEET,3,13232,11369846,0,0,179391,8431,1,2012/11/03 00:00:00+00,0,0
-85.07402395,44.77056356,982,982,GCOMP651,EXCELSIOR 6,4936 STATE ROAD NORTHEAST,KALKASKA,MI,49646,NOT AVAILABLE,NATURAL GAS COMPRESSOR STATION,IN SERVICE,KALKASKA,26079,USA,44.77056356,-85.07402395,486210,PIPELINE TRANSPORTATION OF NATURAL GAS,"EPA ENVIROFACTS, FERC FORM 2, CORPORATE WEBSITE",2015/10/21 00:00:00+00,IMAGERY/OTHER,2016/03/14 00:00:00+00,http://www.gasnom.com/,ANR STORAGE COMPANY,91,ANR STORAGE COMPANY,WITHIN 40 FEET,2,7500,27993640,60833,270316,28331,1062,2,2012/04/03 00:00:00+00,0,0
-84.7489677,35.3112925840001,983,983,GCOMP652,CALHOUN,4958B HWY 11,CALHOUN,TN,37309,NOT AVAILABLE,NATURAL GAS COMPRESSOR STATION,IN SERVICE,MCMINN,47107,USA,35.311292584,-84.7489677,486210,PIPELINE TRANSPORTATION OF NATURAL GAS,"EPA ENVIROFACTS, FERC FORM 2, CORPORATE WEBSITE",2015/09/22 00:00:00+00,IMAGERY/OTHER,2016/03/14 00:00:00+00,http://www.spectraenergy.com/,"EAST TENNESSEE NATURAL GAS, LLC",2,"EAST TENNESSEE NATURAL GAS, LLC",WITHIN 40 FEET,1,1590,3615758,166418,0,60662,3946,0,2012/10/28 00:00:00+00,0,0
-80.186529,39.7188870000001,984,984,GCOMP653,BLACKSVILLE,"4960 MASON DIXON HWY; OFF OF ROUTE 7 WEST OF ROGERS AVE.",BLACKSVILLE,WV,26521,NOT AVAILABLE,NATURAL GAS COMPRESSOR STATION,IN SERVICE,MONONGALIA,54061,USA,39.718887,-80.186529,486210,PIPELINE TRANSPORTATION OF NATURAL GAS,"FERC FORM 2, CORPORATE WEBSITE",2015/09/18 00:00:00+00,IMAGERY/OTHER,2016/03/14 00:00:00+00,http://equitrans.eqtmidstreampartners.com/,"EQUITRANS, L.P.",24,"EQUITRANS, L.P.",WITHIN 40 FEET,2,9470,31001877,299887,0,79757,3631,2,2012/11/29 00:00:00+00,0,0
-85.2644701089999,42.1437983530001,985,985,GCOMP654,ATHENS - CALHOUN COUNTY,4981 2 MILE ROAD,ATHENS,MI,49011,NOT AVAILABLE,NATURAL GAS COMPRESSOR STATION,IN SERVICE,CALHOUN,26025,USA,42.143798353,-85.264470109,486210,PIPELINE TRANSPORTATION OF NATURAL GAS,"FERC FORM 2, MICHIGAN DEPARTMENT OF ENVIRONMENTAL QUALITY",2015/08/14 00:00:00+00,IMAGERY/OTHER,2016/03/14 00:00:00+00,http://www.vector-pipeline.com/,VECTOR PIPELINE L.P.,63,VECTOR PIPELINE L.P.,WITHIN 40 FEET,1,15000,29776568,0,153217,969722,8249,1,2012/11/16 00:00:00+00,0,0
-89.640796,42.686357,986,986,GCOMP655,BELLEVILLE,4982 CENTER RD,MONROE,WI,53566,NOT AVAILABLE,NATURAL GAS COMPRESSOR STATION,IN SERVICE,GREEN,55045,USA,42.686357,-89.640796,486210,PIPELINE TRANSPORTATION OF NATURAL GAS,"FERC FORM 2, IMAGERY",2015/09/15 00:00:00+00,IMAGERY/OTHER,2016/03/14 00:00:00+00,http://www.northernnaturalgas.com/,NORTHERN NATURAL GAS COMPANY,59,NORTHERN NATURAL GAS COMPANY,WITHIN 40 FEET,4,4640,4937286,691868,231490,250789,18955,4,2012/04/29 00:00:00+00,16470,133902
-112.060440743,35.3054556590001,987,987,GCOMP656,WILLIAMS,5 MI EAST OF WILLIAMS,WILLIAMS,AZ,85046,NOT AVAILABLE,NATURAL GAS COMPRESSOR STATION,IN SERVICE,MARICOPA,04005,USA,35.305455659,-112.060440743,486210,PIPELINE TRANSPORTATION OF NATURAL GAS,"EPA ENVIROFACTS, FERC FORM 2, CORPORATE WEBSITE",2015/09/21 00:00:00+00,IMAGERY/OTHER,2016/03/14 00:00:00+00,https://pipeportal.kindermorgan.com/,"EL PASO NATURAL GAS COMPANY, L.L.C.",33,"EL PASO NATURAL GAS COMPANY, L.L.C.",WITHIN 40 FEET,6,43400,31069384,2075786,1399410,769331,33381,6,2012/09/17 00:00:00+00,0,0
-104.90751,31.773516,988,988,GCOMP657,GUADALUPE,"5 TO 6 MILES FROM SALT FLAT ON HWY 62-180. STATION WILL BE ON LEFT SIDE OF HWY, 1/4 MILE OFF THE ROAD",SALT FLAT,TX,79901,NOT AVAILABLE,NATURAL GAS COMPRESSOR STATION,IN SERVICE,CULBERSON,48109,USA,31.773516,-104.90751,486210,PIPELINE TRANSPORTATION OF NATURAL GAS,"FERC FORM 2, IMAGERY",2015/09/21 00:00:00+00,IMAGERY/OTHER,2016/03/14 00:00:00+00,https://pipeportal.kindermorgan.com/,"EL PASO NATURAL GAS COMPANY, L.L.C.",33,"EL PASO NATURAL GAS COMPANY, L.L.C.",WITHIN 40 FEET,1,31050,17446350,2041516,278159,792109,4974,1,2012/12/20 00:00:00+00,0,0
-80.0934559999999,40.6325660000001,989,989,GCOMP658,PENNVIEW,500 INDIAN PINE LN,WEXFORD,PA,15090,NOT AVAILABLE,NATURAL GAS COMPRESSOR STATION,IN SERVICE,ALLEGHENY,42003,USA,40.632566,-80.093456,486210,PIPELINE TRANSPORTATION OF NATURAL GAS,"EPA ENVIROFACTS, FERC FORM 2, CORPORATE WEBSITE, IMAGERY",2015/11/04 00:00:00+00,IMAGERY/OTHER,2016/03/14 00:00:00+00,https://www.natfuel.com/,"EQUITRANS, L.P.",24,"EQUITRANS, L.P.",WITHIN 40 FEET,2,2940,-999,0,0,0,0,0,1970/01/01 00:00:00+00,0,0
-82.099720587,28.082919824,990,990,GCOMP659,STATION 30,5011 BUDDY ROGERS WAY,PLANT CITY,FL,33565,NOT AVAILABLE,NATURAL GAS COMPRESSOR STATION,IN SERVICE,HILLSBOROUGH,12057,USA,28.082919824,-82.099720587,486210,PIPELINE TRANSPORTATION OF NATURAL GAS,"EPA ENVIROFACTS, FERC FORM 2, CORPORATE WEBSITE",2015/09/18 00:00:00+00,IMAGERY/OTHER,2016/03/14 00:00:00+00,http://fgttransfer.energytransfer.com/,"FLORIDA GAS TRANSMISSION COMPANY, LLC",34,"FLORIDA GAS TRANSMISSION COMPANY, LLC",WITHIN 40 FEET,3,3210,6604583,130347,1059697,51233,3987,2,2012/01/03 00:00:00+00,0,0
-81.282667513,32.2705338430001,991,991,GCOMP66,WOODCLIFF,1068 BLUE JAY RD,RINCON,GA,31326,NOT AVAILABLE,NATURAL GAS COMPRESSOR STATION,IN SERVICE,EFFINGHAM,13103,USA,32.270533843,-81.282667513,486210,PIPELINE TRANSPORTATION OF NATURAL GAS,"FERC FORM 2, IMAGERY",2015/08/18 00:00:00+00,IMAGERY/OTHER,2016/03/14 00:00:00+00,http://ixsnp.sonetpremier.com/,"SOUTHERN NATURAL GAS COMPANY, L.L.C.",7,"SOUTHERN NATURAL GAS COMPANY, L.L.C.",WITHIN 40 FEET,1,5278,67131,0,18824,0,0,0,1970/01/01 00:00:00+00,0,0
-82.846821,29.6641700000001,992,992,GCOMP660,STATION 24,5030 S HIGHWAY 129,TRENTON,FL,32693,NOT AVAILABLE,NATURAL GAS COMPRESSOR STATION,IN SERVICE,GILCHRIST,12041,USA,29.66417,-82.846821,486210,PIPELINE TRANSPORTATION OF NATURAL GAS,"EPA ENVIROFACTS, FERC FORM 2, CORPORATE WEBSITE",2015/09/18 00:00:00+00,IMAGERY/OTHER,2016/03/14 00:00:00+00,http://fgttransfer.energytransfer.com/,"FLORIDA GAS TRANSMISSION COMPANY, LLC",34,"FLORIDA GAS TRANSMISSION COMPANY, LLC",WITHIN 40 FEET,3,42700,60521094,2622951,421499,920376,7143,2,2012/01/03 00:00:00+00,0,0
-73.563171,42.4828420000001,993,993,GCOMP661,#254 - NASSAU,5035 STATE ROUTE 66,NASSAU,NY,12123,NOT AVAILABLE,NATURAL GAS COMPRESSOR STATION,IN SERVICE,RENSSELAER,36083,USA,42.482842,-73.563171,486210,PIPELINE TRANSPORTATION OF NATURAL GAS,"EPA ENVIROFACTS, FERC FORM 2, CORPORATE WEBSITE",2015/09/03 00:00:00+00,IMAGERY/OTHER,2016/03/14 00:00:00+00,http://pipeline2.kindermorgan.com/,"TENNESSEE GAS PIPELINE COMPANY, L.L.C.",9,"TENNESSEE GAS PIPELINE COMPANY, L.L.C.",WITHIN 40 FEET,7,18710,44927716,1450674,1014043,496764,15222,7,2012/01/14 00:00:00+00,0,0
-92.8252680149999,34.269096905,994,994,GCOMP662,MALVERN,5063 RIDGE RD,MALVERN,AR,72104,NOT AVAILABLE,NATURAL GAS COMPRESSOR STATION,IN SERVICE,HOT SPRING,05059,USA,34.269096905,-92.825268015,486210,PIPELINE TRANSPORTATION OF NATURAL GAS,"EPA ENVIROFACTS, FERC FORM 2, CORPORATE WEBSITE",2015/10/20 00:00:00+00,IMAGERY/OTHER,2016/03/14 00:00:00+00,http://pipelines.centerpointenergy.com/,"CENTERPOINT ENERGY GAS TRANSMISSION COMPANY, LLC",31,"CENTERPOINT ENERGY GAS TRANSMISSION COMPANY, LLC",WITHIN 40 FEET,4,14750,33468114,655693,1116897,242387,13359,3,1970/01/01 00:00:00+00,0,0
-114.530225,33.5960900000001,995,995,GCOMP663,EHRENBERG,50650 COLORADO RIVER ROAD,EHRENBURG,AZ,85334,NOT AVAILABLE,NATURAL GAS COMPRESSOR STATION,IN SERVICE,LA PAZ,04012,USA,33.59609,-114.530225,486210,PIPELINE TRANSPORTATION OF NATURAL GAS,"EPA ENVIROFACTS, FERC FORM 2, CORPORATE WEBSITE",2015/08/25 00:00:00+00,IMAGERY/OTHER,2016/03/14 00:00:00+00,http://www.northbajapipeline.com/,"NORTH BAJA PIPELINE, LLC",63,"NORTH BAJA PIPELINE, LLC",WITHIN 40 FEET,4,29800,59514577,1655822,249872,560741,10540,2,2012/08/12 00:00:00+00,0,0
-86.31997,32.5231700000001,996,996,GCOMP664,ELMORE,5070 COOSADA PARKWAY,ELMORE,AL,36025,NOT AVAILABLE,NATURAL GAS COMPRESSOR STATION,IN SERVICE,ELMORE,01051,USA,32.52317,-86.31997,486210,PIPELINE TRANSPORTATION OF NATURAL GAS,"FERC FORM 2, IMAGERY",2015/09/10 00:00:00+00,IMAGERY/OTHER,2016/03/14 00:00:00+00,http://ixsnp.sonetpremier.com/,"SOUTHERN NATURAL GAS COMPANY, L.L.C.",7,"SOUTHERN NATURAL GAS COMPANY, L.L.C.",WITHIN 40 FEET,5,26200,33491795,509625,2907105,171696,15399,1,2012/03/16 00:00:00+00,5069763,88206947
-96.897791,40.016778,997,997,GCOMP665,R28274008 AT STEELE CITY,50731 W 131 RD,ODELL,NE,68415,NOT AVAILABLE,NATURAL GAS COMPRESSOR STATION,IN SERVICE,GAGE,31067,USA,40.016778,-96.897791,486210,PIPELINE TRANSPORTATION OF NATURAL GAS,"EPA ENVIROFACTS, FERC FORM 2, CORPORATE WEBSITE",2015/09/10 00:00:00+00,IMAGERY/OTHER,2016/03/14 00:00:00+00,http://www.tallgrassenergylp.com/,ROCKIES EXPRESS PIPELINE LLC,575,ROCKIES EXPRESS PIPELINE LLC,WITHIN 40 FEET,2,31012,39520550,0,0,1730062,13085,2,2012/04/22 00:00:00+00,0,0
-101.199524246,37.516804387,998,998,GCOMP666,KANSAS-COLUMBIAN-GRANT COUNTY,5079 S ROAD S,ULYSSES,KS,67880,NOT AVAILABLE,NATURAL GAS COMPRESSOR STATION,IN SERVICE,GRANT,20067,USA,37.516804387,-101.199524246,486210,PIPELINE TRANSPORTATION OF NATURAL GAS,"FERC FORM 2, IMAGERY",2015/10/01 00:00:00+00,IMAGERY/OTHER,2016/03/14 00:00:00+00,http://peplmessenger.energytransfer.com/,"PANHANDLE EASTERN PIPE LINE COMPANY, LP",28,"PANHANDLE EASTERN PIPE LINE COMPANY, LP",WITHIN 40 FEET,2,7030,5862076,875516,0,335197,16739,2,2012/05/15 00:00:00+00,0,0
-84.911028,33.3694130000001,999,999,GCOMP667,NO. 115 NEWNAN,510 KEITH RD.,NEWNAN,GA,30263,NOT AVAILABLE,NATURAL GAS COMPRESSOR STATION,IN SERVICE,COWETA,13077,USA,33.369413,-84.911028,486210,PIPELINE TRANSPORTATION OF NATURAL GAS,"EPA ENVIROFACTS, FERC FORM 2, CORPORATE WEBSITE",2015/08/25 00:00:00+00,IMAGERY/OTHER,2016/03/14 00:00:00+00,http://www.1line.williams.com/,"TRANSCONTINENTAL GAS PIPE LINE COMPANY, LLC",29,"TRANSCONTINENTAL GAS PIPE LINE COMPANY, LLC",WITHIN 40 FEET,3,62950,67372417,7772,4186379,0,7243,3,2013/01/25 00:00:00+00,3734440,102446585
-88.360271,33.4497280000001,1000,1000,GCOMP668,#546 - COLUMBUS,511 CROWE ROAD,COLUMBUS,MS,39702,NOT AVAILABLE,NATURAL GAS COMPRESSOR STATION,IN SERVICE,LOWNDES,28087,USA,33.449728,-88.360271,486210,PIPELINE TRANSPORTATION OF NATURAL GAS,"EPA ENVIROFACTS, FERC FORM 2, CORPORATE WEBSITE",2015/09/02 00:00:00+00,IMAGERY/OTHER,2016/03/14 00:00:00+00,http://pipeline2.kindermorgan.com/,"TENNESSEE GAS PIPELINE COMPANY, L.L.C.",9,"TENNESSEE GAS PIPELINE COMPANY, L.L.C.",WITHIN 40 FEET,8,30000,25715730,60706,785197,22449,826,1,2012/01/13 00:00:00+00,0,0
-78.753906414,43.1602817400001,1001,1001,GCOMP669,LOCKPORT,5120 5153 JUNCTION RD,LOCKPORT,NY,14094,NOT AVAILABLE,NATURAL GAS COMPRESSOR STATION,IN SERVICE,NIAGARA,36063,USA,43.16028174,-78.753906414,486210,PIPELINE TRANSPORTATION OF NATURAL GAS,"EPA ENVIROFACTS, FERC FORM 2, CORPORATE WEBSITE",2015/09/16 00:00:00+00,IMAGERY/OTHER,2016/03/14 00:00:00+00,http://www.natfuel.com/,NATIONAL FUEL GAS SUPPLY CORPORATION,16,NATIONAL FUEL GAS SUPPLY CORPORATION,WITHIN 40 FEET,4,18000,23275264,64535,250812,24603,0,0,1970/01/01 00:00:00+00,0,0
-90.688521,33.6292710000001,1002,1002,GCOMP67,MISSISSIPPI - SHAW - BOLIVAR COUNTY,1069 SAND PIT ROAD,SHAW,MS,38773,NOT AVAILABLE,NATURAL GAS COMPRESSOR STATION,IN SERVICE,BOLIVAR,28011,USA,33.629271,-90.688521,486210,PIPELINE TRANSPORTATION OF NATURAL GAS,"EPA ENVIROFACTS, FERC FORM 2, CORPORATE WEBSITE",2015/08/20 00:00:00+00,IMAGERY/OTHER,2016/03/14 00:00:00+00,http://feptransfer.energytransfer.com/,"TRUNKLINE GAS COMPANY, LLC",30,"TRUNKLINE GAS COMPANY, LLC",WITHIN 40 FEET,11,32301,25700243,831154,856295,309376,6398,4,2012/01/13 00:00:00+00,0,0
-93.944582,33.4702090000001,1003,1003,GCOMP670,STATION 305 - TEXARKANA,5121 JOEY LANE,TEXARKANA,AR,71854,5059,NATURAL GAS COMPRESSOR STATION,IN SERVICE,MILLER,05091,USA,33.470209,-93.944582,486210,PIPELINE TRANSPORTATION OF NATURAL GAS,"EPA ENVIROFACTS, FERC FORM 2, CORPORATE WEBSITE",2015/09/16 00:00:00+00,IMAGERY/OTHER,2016/03/14 00:00:00+00,http://www.kindermorgan.com/,NATURAL GAS PIPELINE COMPANY OF AMERICA LLC,26,NATURAL GAS PIPELINE COMPANY OF AMERICA LLC,WITHIN 40 FEET,9,29650,14260963,0,0,554385,23878,8,2012/01/12 00:00:00+00,0,0
-86.485582,37.7869620000001,1004,1004,GCOMP671,HARDINSBURG,514 US-60 WEST,HARDINSBURG,KY,40143,NOT AVAILABLE,NATURAL GAS COMPRESSOR STATION,IN SERVICE,BRECKINRIDGE,21027,USA,37.786962,-86.485582,486210,PIPELINE TRANSPORTATION OF NATURAL GAS,"EPA ENVIROFACTS, FERC FORM 2, CORPORATE WEBSITE",2015/08/28 00:00:00+00,IMAGERY/OTHER,2016/03/14 00:00:00+00,http://infopost.bwpmlp.com/,"TEXAS GAS TRANSMISSION, LLC",18,"TEXAS GAS TRANSMISSION, LLC",WITHIN 40 FEET,10,47673,44914376,406219,1109833,147703,8946,7,2012/02/11 00:00:00+00,0,0
-85.03127,46.030762,1005,1005,GCOMP672,BREVORT,514 WORTH RD,BREVORT,MI,49760,NOT AVAILABLE,NATURAL GAS COMPRESSOR STATION,IN SERVICE,MACKINAC,26097,USA,46.030762,-85.03127,486210,PIPELINE TRANSPORTATION OF NATURAL GAS,"FERC FORM 2, IMAGERY",2015/09/18 00:00:00+00,IMAGERY/OTHER,2016/03/14 00:00:00+00,http://www.glgt.com/,GREAT LAKES GAS TRANSMISSION LIMITED PTRSHP,51,GREAT LAKES GAS TRANSMISSION LIMITED PTRSHP,WITHIN 40 FEET,2,2200,4764525,230486,82708,79326,5588,2,2012/01/20 00:00:00+00,0,0
-90.425269374,32.884238376,1006,1006,GCOMP673,YAZOO CITY,5170 RACETRACK ROAD,YAZOO,MS,39194,NOT AVAILABLE,NATURAL GAS COMPRESSOR STATION,IN SERVICE,YAZOO,28163,USA,32.884238376,-90.425269374,486210,PIPELINE TRANSPORTATION OF NATURAL GAS,"EPA ENVIROFACTS, FERC FORM 2, CORPORATE WEBSITE",2015/08/28 00:00:00+00,IMAGERY/OTHER,2016/03/14 00:00:00+00,http://www.spectraenergy.com/,"TEXAS EASTERN TRANSMISSION, LP",17,"TEXAS EASTERN TRANSMISSION, LP",WITHIN 40 FEET,1,8000,5464769,50796,0,17498,286,1,2012/01/16 00:00:00+00,7937,-999
-78.762253,43.159746,1007,1007,GCOMP674,#230C - LOCKPORT,5186 LOCKPORT JUNCTION RD.,LOCKPORT,NY,14094,NOT AVAILABLE,NATURAL GAS COMPRESSOR STATION,IN SERVICE,NIAGARA,36063,USA,43.159746,-78.762253,486210,PIPELINE TRANSPORTATION OF NATURAL GAS,"EPA ENVIROFACTS, FERC FORM 2, CORPORATE WEBSITE",2015/09/03 00:00:00+00,IMAGERY/OTHER,2016/03/14 00:00:00+00,http://pipeline2.kindermorgan.com/,"TENNESSEE GAS PIPELINE COMPANY, L.L.C.",9,"TENNESSEE GAS PIPELINE COMPANY, L.L.C.",WITHIN 40 FEET,4,18000,17900534,87027,7798,24928,2697,3,2012/11/07 00:00:00+00,0,0
-78.762984,43.1595300000001,1008,1008,GCOMP675,LOCKPORT,5186 LOCKPORT JUNCTION ROAD,LOCKPORT,NY,14094,NOT AVAILABLE,NATURAL GAS COMPRESSOR STATION,IN SERVICE,NIAGARA,36063,USA,43.15953,-78.762984,486210,PIPELINE TRANSPORTATION OF NATURAL GAS,"FERC FORM 2, CORPORATE WEBSITE, IMAGERY",2015/10/28 00:00:00+00,IMAGERY/OTHER,2016/03/14 00:00:00+00,http://escript.dom.com/,"DOMINION TRANSMISSION, INC.",22,"DOMINION TRANSMISSION, INC.",WITHIN 40 FEET,4,500,1312273,0,0,0,0,0,1970/01/01 00:00:00+00,0,0
-96.574767043,36.0386326760001,1009,1009,GCOMP676,514 DRUMRIGHT,51970 W. 86TH STREET SOUTH,DRUMRIGHT,OK,74030,5943,NATURAL GAS COMPRESSOR STATION,IN SERVICE,CREEK,40037,USA,36.038632676,-96.574767043,486210,PIPELINE TRANSPORTATION OF NATURAL GAS,"EPA ENVIROFACTS, FERC FORM 2, CORPORATE WEBSITE",2015/09/10 00:00:00+00,IMAGERY/OTHER,2016/03/14 00:00:00+00,https://csi.sscgp.com/,"SOUTHERN STAR CENTRAL GAS PIPELINE, INC.",43,"SOUTHERN STAR CENTRAL GAS PIPELINE, INC.",WITHIN 40 FEET,3,2475,3451326,29855,84374,10557,1942,2,2012/10/14 00:00:00+00,0,0
-71.514243,42.0806650000001,1010,1010,GCOMP677,#266A - MENDON,52 THAYER RD.,MENDON,MA,01756,NOT AVAILABLE,NATURAL GAS COMPRESSOR STATION,IN SERVICE,WORCESTER,25027,USA,42.080665,-71.514243,486210,PIPELINE TRANSPORTATION OF NATURAL GAS,"EPA ENVIROFACTS, FERC FORM 2, CORPORATE WEBSITE",2015/09/03 00:00:00+00,IMAGERY/OTHER,2016/03/14 00:00:00+00,http://pipeline2.kindermorgan.com/,"TENNESSEE GAS PIPELINE COMPANY, L.L.C.",9,"TENNESSEE GAS PIPELINE COMPANY, L.L.C.",WITHIN 40 FEET,3,9170,27523339,840461,300953,296756,7961,1,2012/12/01 00:00:00+00,0,0
-80.756401,40.8245230000001,1011,1011,GCOMP678,BRINKER,5213 LEETONIA RD.,LEETONIA,OH,44431,NOT AVAILABLE,NATURAL GAS COMPRESSOR STATION,IN SERVICE,COLUMBIANA,39029,USA,40.824523,-80.756401,486210,PIPELINE TRANSPORTATION OF NATURAL GAS,"EPA ENVIROFACTS, FERC FORM 2, CORPORATE WEBSITE",2015/09/29 00:00:00+00,IMAGERY/OTHER,2016/03/14 00:00:00+00,http://www.columbiapipeinfo.com/,"COLUMBIA GAS TRANSMISSION,LLC",21,"COLUMBIA GAS TRANSMISSION,LLC",WITHIN 40 FEET,3,3080,7824520,24945,789187,9443,1407,2,2012/02/09 00:00:00+00,0,0
-92.061025461,29.8960974500001,1012,1012,GCOMP679,HENRY HUB NORTH BOOSTER STATION,5246 ARISTIDE RD,ERATH,LA,70533,NOT AVAILABLE,NATURAL GAS COMPRESSOR STATION,IN SERVICE,VERMILION,22113,USA,29.89609745,-92.061025461,486210,PIPELINE TRANSPORTATION OF NATURAL GAS,"FERC FORM 2, CORPORATE WEBSITE",2015/08/18 00:00:00+00,IMAGERY/OTHER,2016/03/14 00:00:00+00,http://www.sabinepipeline.com/,SABINE PIPE LINE LLC,79,SABINE PIPE LINE LLC,WITHIN 40 FEET,5,4400,4967096,0,1073431,67071,7675,2,2012/05/04 00:00:00+00,100091,667272
-77.832872,39.7804080000001,1013,1013,GCOMP68,GREENCASTLE,10750 WELSH RUN RD.,GREENSCASTLE,PA,17225,NOT AVAILABLE,NATURAL GAS COMPRESSOR STATION,IN SERVICE,FRANKLIN,42055,USA,39.780408,-77.832872,486210,PIPELINE TRANSPORTATION OF NATURAL GAS,"EPA ENVIROFACTS, FERC FORM 2, CORPORATE WEBSITE",2015/09/28 00:00:00+00,IMAGERY/OTHER,2016/03/14 00:00:00+00,http://www.columbiapipeinfo.com/,"COLUMBIA GAS TRANSMISSION,LLC",21,"COLUMBIA GAS TRANSMISSION,LLC",WITHIN 40 FEET,4,7070,7752957,506566,176080,167755,6319,4,2012/01/05 00:00:00+00,605,-999
-84.2544,32.7877,1014,1014,GCOMP680,THOMASTON,5276 HIGHWAY 19 SOUTH,THOMASTON,GA,30286,5314,NATURAL GAS COMPRESSOR STATION,IN SERVICE,UPSON,13293,USA,32.7877,-84.2544,486210,PIPELINE TRANSPORTATION OF NATURAL GAS,"EPA ENVIROFACTS, FERC FORM 2, CORPORATE WEBSITE",2015/09/10 00:00:00+00,IMAGERY/OTHER,2016/03/14 00:00:00+00,http://ixsnp.sonetpremier.com/,"SOUTHERN NATURAL GAS COMPANY, L.L.C.",7,"SOUTHERN NATURAL GAS COMPANY, L.L.C.",WITHIN 40 FEET,4,17460,28470470,2139960,1136197,770274,26413,4,2012/03/22 00:00:00+00,0,0
-92.0614342759999,29.8961337800001,1015,1015,GCOMP681,SOUTH BOOSTER STATION,5319 ARISTIDE RD,ERATH,LA,70533,NOT AVAILABLE,NATURAL GAS COMPRESSOR STATION,IN SERVICE,VERMILION,22113,USA,29.89613378,-92.061434276,486210,PIPELINE TRANSPORTATION OF NATURAL GAS,"FERC FORM 2, CORPORATE WEBSITE",2015/09/30 00:00:00+00,IMAGERY/OTHER,2016/03/14 00:00:00+00,http://www.sabinepipeline.com/,SABINE PIPE LINE LLC,79,SABINE PIPE LINE LLC,WITHIN 40 FEET,5,11250,10572744,0,1172914,207967,18749,5,2012/05/04 00:00:00+00,53726,358173
-80.12820189,39.9127160460001,1016,1016,GCOMP682,PRATT,532 JEFFERSON RD,WAYNESBURG,PA,15370,NOT AVAILABLE,NATURAL GAS COMPRESSOR STATION,IN SERVICE,GREENE,42059,USA,39.912716046,-80.12820189,486210,PIPELINE TRANSPORTATION OF NATURAL GAS,"EPA ENVIROFACTS, FERC FORM 2, CORPORATE WEBSITE",2015/09/18 00:00:00+00,IMAGERY/OTHER,2016/03/14 00:00:00+00,http://equitrans.eqtmidstreampartners.com/,"EQUITRANS, L.P.",24,"EQUITRANS, L.P.",WITHIN 40 FEET,5,4800,16105458,616595,733726,229033,30978,5,2012/02/09 00:00:00+00,42703,-999
-85.779545156,33.619766585,1017,1017,GCOMP683,DEARMANVILLE,539 CHEVRON ROAD,ANNISTON,AL,36207,9413,NATURAL GAS COMPRESSOR STATION,IN SERVICE,CALHOUN,01015,USA,33.619766585,-85.779545156,486210,PIPELINE TRANSPORTATION OF NATURAL GAS,"EPA ENVIROFACTS, FERC FORM 2, CORPORATE WEBSITE",2015/09/10 00:00:00+00,IMAGERY/OTHER,2016/03/14 00:00:00+00,http://ixsnp.sonetpremier.com/,"SOUTHERN NATURAL GAS COMPANY, L.L.C.",7,"SOUTHERN NATURAL GAS COMPANY, L.L.C.",WITHIN 40 FEET,8,11250,14432041,784051,1087821,280956,23215,8,2012/11/14 00:00:00+00,0,0
-72.158984915,41.817605309,1018,1018,GCOMP684,CHAPLIN,539 TOWER HILL ROAD,CHAPLIN,CT,06235,NOT AVAILABLE,NATURAL GAS COMPRESSOR STATION,IN SERVICE,WINDHAM,09015,USA,41.817605309,-72.158984915,486210,PIPELINE TRANSPORTATION OF NATURAL GAS,"EPA ENVIROFACTS, FERC FORM 2, CORPORATE WEBSITE",2015/10/28 00:00:00+00,IMAGERY/OTHER,2016/03/14 00:00:00+00,http://www.spectraenergy.com/,"ALGONQUIN GAS TRANSMISSION, LLC",20,"ALGONQUIN GAS TRANSMISSION, LLC",WITHIN 40 FEET,2,13900,27732480,1634270,0,418141,7427,2,2012/11/06 00:00:00+00,0,0
-71.7555,41.9682,1019,1019,GCOMP685,BURRILLVILLE,54 ALGONQUIN LN,BURRILLVILLE,RI,02859,1602,NATURAL GAS COMPRESSOR STATION,IN SERVICE,PROVIDENCE,44007,USA,41.9682,-71.7555,486210,PIPELINE TRANSPORTATION OF NATURAL GAS,"EPA ENVIROFACTS, FERC FORM 2, CORPORATE WEBSITE",2015/10/28 00:00:00+00,IMAGERY/OTHER,2016/03/14 00:00:00+00,http://www.spectraenergy.com/,"ALGONQUIN GAS TRANSMISSION, LLC",20,"ALGONQUIN GAS TRANSMISSION, LLC",WITHIN 40 FEET,5,22000,41452592,2664105,0,687170,14672,5,2012/03/11 00:00:00+00,0,0
-71.514755,42.246334,1020,1020,GCOMP686,#267 - HOPKINTON,54 WILSON ST.,HOPKINTON,MA,01748,NOT AVAILABLE,NATURAL GAS COMPRESSOR STATION,IN SERVICE,MIDDLESEX,25017,USA,42.246334,-71.514755,486210,PIPELINE TRANSPORTATION OF NATURAL GAS,"EPA ENVIROFACTS, FERC FORM 2, CORPORATE WEBSITE",2015/09/03 00:00:00+00,IMAGERY/OTHER,2016/03/14 00:00:00+00,http://pipeline2.kindermorgan.com/,"TENNESSEE GAS PIPELINE COMPANY, L.L.C.",9,"TENNESSEE GAS PIPELINE COMPANY, L.L.C.",WITHIN 40 FEET,5,5000,15443189,310411,656056,109952,7899,3,2012/01/15 00:00:00+00,0,0
-92.22130723,38.8875147210001,1021,1021,GCOMP687,552LUMBIA,5401 S BEN WILLIAMS RD,COLUMBIA,MO,65201,NOT AVAILABLE,NATURAL GAS COMPRESSOR STATION,IN SERVICE,BOONE,29019,USA,38.887514721,-92.22130723,486210,PIPELINE TRANSPORTATION OF NATURAL GAS,"EPA ENVIROFACTS, FERC FORM 2, CORPORATE WEBSITE",2015/09/10 00:00:00+00,IMAGERY/OTHER,2016/03/14 00:00:00+00,https://csi.sscgp.com/,"SOUTHERN STAR CENTRAL GAS PIPELINE, INC.",43,"SOUTHERN STAR CENTRAL GAS PIPELINE, INC.",WITHIN 40 FEET,1,1400,1532076,280036,161009,99048,6667,1,2012/12/14 00:00:00+00,0,0
-78.8054739999999,41.612486,1022,1022,GCOMP688,LAMONT,5405 HIGHLAND RD,KANE,PA,16735,NOT AVAILABLE,NATURAL GAS COMPRESSOR STATION,IN SERVICE,MCKEAN,42047,USA,41.612486,-78.805474,486210,PIPELINE TRANSPORTATION OF NATURAL GAS,"EPA ENVIROFACTS, FERC FORM 2, CORPORATE WEBSITE",2015/09/16 00:00:00+00,IMAGERY/OTHER,2016/03/14 00:00:00+00,http://www.natfuel.com/,NATIONAL FUEL GAS SUPPLY CORPORATION,16,NATIONAL FUEL GAS SUPPLY CORPORATION,WITHIN 40 FEET,8,1490,2130444,108125,191755,41221,26431,3,2012/08/01 00:00:00+00,15221,195840
-92.783428681,30.017240384,1023,1023,GCOMP689,LAKE ARTHUR,541 LOWRY HWY 3056,LOWRY,LA,70631,NOT AVAILABLE,NATURAL GAS COMPRESSOR STATION,IN SERVICE,CAMERON,22023,USA,30.017240384,-92.783428681,486210,PIPELINE TRANSPORTATION OF NATURAL GAS,"FERC FORM 2, IMAGERY",2015/10/21 00:00:00+00,IMAGERY/OTHER,2016/03/14 00:00:00+00,http://anrebb.transcanada.com/,ANR PIPELINE COMPANY,48,ANR PIPELINE COMPANY,WITHIN 40 FEET,2,2300,2439901,0,36704,0,0,0,1970/01/01 00:00:00+00,0,0
-98.281585373,40.973428282,1024,1024,GCOMP69,GRAND ISLAND,108 D RD,GRAND ISLAND,NE,68801,NOT AVAILABLE,NATURAL GAS COMPRESSOR STATION,IN SERVICE,MERRICK,31079,USA,40.973428282,-98.281585373,486210,PIPELINE TRANSPORTATION OF NATURAL GAS,"EPA ENVIROFACTS, FERC FORM 2, CORPORATE WEBSITE",2015/09/09 00:00:00+00,IMAGERY/OTHER,2016/03/14 00:00:00+00,http://pipeline.tallgrassenergylp.com/,TALLGRASS INTERSTATE GAS TRANSMISSION LLC,53,TALLGRASS INTERSTATE GAS TRANSMISSION LLC,WITHIN 40 FEET,4,2650,2905744,0,0,40267,8764,3,2012/01/12 00:00:00+00,0,0
-86.179541,36.4612080000001,1025,1025,GCOMP690,HARTSVILLE,5422 GREEN GROVE ROAD,HARTSVILLE,TN,37074,5059,NATURAL GAS COMPRESSOR STATION,IN SERVICE,MACON,47169,USA,36.461208,-86.179541,486210,PIPELINE TRANSPORTATION OF NATURAL GAS,"FERC FORM 2, IMAGERY",2015/09/25 00:00:00+00,IMAGERY/OTHER,2016/03/14 00:00:00+00,http://www.columbiapipeinfo.com/,COLUMBIA GULF TRANSMISSION COMPANY,70,COLUMBIA GULF TRANSMISSION COMPANY,WITHIN 40 FEET,3,45400,4294472,1602608,849029,615039,6034,2,2012/11/22 00:00:00+00,0,0
-79.640213,40.4629430000001,1026,1026,GCOMP691,J.B. TONKIN,5423 MAMONT RD,MURRYSVILLE,PA,15668,NOT AVAILABLE,NATURAL GAS COMPRESSOR STATION,IN SERVICE,WESTMORELAND,42129,USA,40.462943,-79.640213,486210,PIPELINE TRANSPORTATION OF NATURAL GAS,"EPA ENVIROFACTS, FERC FORM 2, CORPORATE WEBSITE",2015/09/24 00:00:00+00,IMAGERY/OTHER,2016/03/14 00:00:00+00,http://escript.dom.com/,"DOMINION TRANSMISSION, INC.",22,"DOMINION TRANSMISSION, INC.",WITHIN 40 FEET,1,6000,10394707,545075,380990,198310,5200,1,2012/12/13 00:00:00+00,0,0
-80.522230114,38.980936694,1027,1027,GCOMP692,COPLEY RUN,544 COPLEY RUN ROAD,WESTON,WV,26452,NOT AVAILABLE,NATURAL GAS COMPRESSOR STATION,IN SERVICE,LEWIS,54041,USA,38.980936694,-80.522230114,486210,PIPELINE TRANSPORTATION OF NATURAL GAS,"EPA ENVIROFACTS, FERC FORM 2, CORPORATE WEBSITE",2015/09/18 00:00:00+00,IMAGERY/OTHER,2016/03/14 00:00:00+00,http://equitrans.eqtmidstreampartners.com/,"EQUITRANS, L.P.",24,"EQUITRANS, L.P.",WITHIN 40 FEET,3,6600,11670973,323558,139618,117954,24390,2,2012/05/02 00:00:00+00,359303,15391728
-90.5144299999999,42.4543,1028,1028,GCOMP693,GALENA,5444 N MENOMINEE RD,EAST DUBUQUE,IL,61025,NOT AVAILABLE,NATURAL GAS COMPRESSOR STATION,IN SERVICE,JO DAVIESS,17085,USA,42.4543,-90.51443,486210,PIPELINE TRANSPORTATION OF NATURAL GAS,"EPA ENVIROFACTS, FERC FORM 2, CORPORATE WEBSITE",2015/09/15 00:00:00+00,IMAGERY/OTHER,2016/03/14 00:00:00+00,http://www.northernnaturalgas.com/,NORTHERN NATURAL GAS COMPANY,59,NORTHERN NATURAL GAS COMPANY,WITHIN 40 FEET,2,7600,7660687,526678,357532,198346,5931,2,2012/12/10 00:00:00+00,16266,33855
-92.244286861,32.7293661200001,1029,1029,GCOMP694,MEP-3 (PERRYVILLE,545 MASHAW DR.,FARMVILLE,LA,71241,NOT AVAILABLE,NATURAL GAS COMPRESSOR STATION,IN SERVICE,UNION,22111,USA,32.72936612,-92.244286861,486210,PIPELINE TRANSPORTATION OF NATURAL GAS,"FERC FORM 2, CORPORATE WEBSITE",2015/08/21 00:00:00+00,IMAGERY/OTHER,2016/03/14 00:00:00+00,http://www.nationalfuelgas.com/,"EMPIRE PIPELINE, INC.",575,"EMPIRE PIPELINE, INC.",WITHIN 40 FEET,4,32720,59564527,0,0,943028,22469,3,2012/05/12 00:00:00+00,0,0
-85.468588269,32.5175000250001,1030,1030,GCOMP695,AUBURN,5487 COUNTY ROAD 159,AUBURN,AL,36830,NOT AVAILABLE,NATURAL GAS COMPRESSOR STATION,IN SERVICE,LEE,01081,USA,32.517500025,-85.468588269,486210,PIPELINE TRANSPORTATION OF NATURAL GAS,"EPA ENVIROFACTS, FERC FORM 2, CORPORATE WEBSITE",2015/09/10 00:00:00+00,IMAGERY/OTHER,2016/03/14 00:00:00+00,http://ixsnp.sonetpremier.com/,"SOUTHERN NATURAL GAS COMPANY, L.L.C.",7,"SOUTHERN NATURAL GAS COMPANY, L.L.C.",WITHIN 40 FEET,3,33320,25205378,1310161,2636141,460513,10300,1,2012/10/10 00:00:00+00,4449093,70782348
-85.876251703,39.4391338880001,1031,1031,GCOMP696,SHELBYVILLE,5500 SMITHLAND RD,SHELBYVILLE,IN,46176,NOT AVAILABLE,NATURAL GAS COMPRESSOR STATION,IN SERVICE,SHELBY,18145,USA,39.439133888,-85.876251703,486210,PIPELINE TRANSPORTATION OF NATURAL GAS,"EPA ENVIROFACTS, FERC FORM 2, CORPORATE WEBSITE",2015/10/21 00:00:00+00,IMAGERY/OTHER,2016/03/14 00:00:00+00,http://anrebb.transcanada.com/,ANR PIPELINE COMPANY,48,ANR PIPELINE COMPANY,WITHIN 40 FEET,9,32990,33308415,2135667,1289425,799401,24447,5,2012/12/22 00:00:00+00,0,0
-82.8424209999999,39.812057,1032,1032,GCOMP697,GROVEPORT,5509 BERGER ROAD,GROVEPORT,OH,43125,NOT AVAILABLE,NATURAL GAS COMPRESSOR STATION,IN SERVICE,FRANKLIN,39049,USA,39.812057,-82.842421,486210,PIPELINE TRANSPORTATION OF NATURAL GAS,"EPA ENVIROFACTS, FERC FORM 2, CORPORATE WEBSITE",2015/09/24 00:00:00+00,IMAGERY/OTHER,2016/03/14 00:00:00+00,http://escript.dom.com/,"DOMINION TRANSMISSION, INC.",22,"DOMINION TRANSMISSION, INC.",WITHIN 40 FEET,3,11600,25429888,101717,1076702,39715,1133,1,2012/06/22 00:00:00+00,0,0
-91.135003559,30.110818647,1033,1033,GCOMP698,WHITE CASTLE,55095 GRAND RD,WHITE CASTLE,LA,70788,NOT AVAILABLE,NATURAL GAS COMPRESSOR STATION,IN SERVICE,IBERVILLE,22047,USA,30.110818647,-91.135003559,486210,PIPELINE TRANSPORTATION OF NATURAL GAS,"EPA ENVIROFACTS, FERC FORM 2, CORPORATE WEBSITE",2015/08/28 00:00:00+00,IMAGERY/OTHER,2016/03/14 00:00:00+00,http://www.spectraenergy.com/,"TEXAS EASTERN TRANSMISSION, LP",17,"TEXAS EASTERN TRANSMISSION, LP",WITHIN 40 FEET,1,19800,9097993,0,0,0,0,0,1970/01/01 00:00:00+00,19470,66560
-78.780898152,42.5619737110001,1034,1034,GCOMP699,CONCORD,5510 GENESSEE ROAD,SPRINGVILLE,NY,14141,NOT AVAILABLE,NATURAL GAS COMPRESSOR STATION,IN SERVICE,ERIE,36029,USA,42.561973711,-78.780898152,486210,PIPELINE TRANSPORTATION OF NATURAL GAS,"EPA ENVIROFACTS, FERC FORM 2, CORPORATE WEBSITE",2015/09/16 00:00:00+00,IMAGERY/OTHER,2016/03/14 00:00:00+00,http://www.natfuel.com/,NATIONAL FUEL GAS SUPPLY CORPORATION,16,NATIONAL FUEL GAS SUPPLY CORPORATION,WITHIN 40 FEET,5,11250,25039925,25572,198576,9749,2753,3,2012/12/27 00:00:00+00,28743,310400
-80.937125,38.914412,1035,1035,GCOMP7,HARDMAN,.6 MILES NORTH OF GRASS RUN RD 7 COUNTY HWY 15/4,HARDMAN,WV,26351,NOT AVAILABLE,NATURAL GAS COMPRESSOR STATION,IN SERVICE,GILMER,54021,USA,38.914412,-80.937125,486210,PIPELINE TRANSPORTATION OF NATURAL GAS,"EPA ENVIROFACTS, FERC FORM 2, CORPORATE WEBSITE",2015/10/27 00:00:00+00,IMAGERY/OTHER,2016/03/14 00:00:00+00,http://escript.dom.com/,"DOMINION TRANSMISSION, INC.",22,"DOMINION TRANSMISSION, INC.",WITHIN 40 FEET,1,145,183773,9760,35434,3518,7885,1,2012/01/03 00:00:00+00,0,0
-93.5345599999999,38.85652,1036,1036,GCOMP70,551 CONCORDIA,1085 NE 700 ROAD,KNOB NOSTER,MO,65336,2426,NATURAL GAS COMPRESSOR STATION,IN SERVICE,JOHNSON,29101,USA,38.85652,-93.53456,486210,PIPELINE TRANSPORTATION OF NATURAL GAS,"EPA ENVIROFACTS, FERC FORM 2, CORPORATE WEBSITE",2015/09/10 00:00:00+00,IMAGERY/OTHER,2016/03/14 00:00:00+00,https://csi.sscgp.com/,"SOUTHERN STAR CENTRAL GAS PIPELINE, INC.",43,"SOUTHERN STAR CENTRAL GAS PIPELINE, INC.",WITHIN 40 FEET,2,1800,3693848,46419,224084,18294,3738,1,2012/08/15 00:00:00+00,0,0
-91.82152,31.9628040000001,1037,1037,GCOMP700,#834 - WINNSBORO,552 HWY 873,EXTENSION,LA,71243,NOT AVAILABLE,NATURAL GAS COMPRESSOR STATION,IN SERVICE,FRANKLIN,22041,USA,31.962804,-91.82152,486210,PIPELINE TRANSPORTATION OF NATURAL GAS,"EPA ENVIROFACTS, FERC FORM 2, CORPORATE WEBSITE",2015/09/02 00:00:00+00,IMAGERY/OTHER,2016/03/14 00:00:00+00,http://pipeline2.kindermorgan.com/,"TENNESSEE GAS PIPELINE COMPANY, L.L.C.",9,"TENNESSEE GAS PIPELINE COMPANY, L.L.C.",WITHIN 40 FEET,7,11350,13006288,595416,1064333,220505,13025,6,2012/04/13 00:00:00+00,0,0
-69.8120289999999,44.1253830000001,1038,1038,GCOMP701,RICHMOND,553 LINCOLN ST,RICHMOND,ME,04357,NOT AVAILABLE,NATURAL GAS COMPRESSOR STATION,IN SERVICE,SAGADAHOC,23023,USA,44.125383,-69.812029,486210,PIPELINE TRANSPORTATION OF NATURAL GAS,"EPA ENVIROFACTS, FERC FORM 2, CORPORATE WEBSITE",2015/09/17 00:00:00+00,IMAGERY/OTHER,2016/03/14 00:00:00+00,http://www.spectraenergy.com/,"MARITIMES & NORTHEAST PIPELINE, L.L.C.",63,"MARITIMES & NORTHEAST PIPELINE, L.L.C.",WITHIN 40 FEET,2,16622,38405128,167952,0,34991,720,1,2012/01/03 00:00:00+00,0,0
-78.461445,42.009961,1039,1039,GCOMP702,QUINLAN,554 HOSTAGEH RD,OLEAN,NY,14760,NOT AVAILABLE,NATURAL GAS COMPRESSOR STATION,IN SERVICE,CATTARAUGUS,36009,USA,42.009961,-78.461445,486210,PIPELINE TRANSPORTATION OF NATURAL GAS,"EPA ENVIROFACTS, FERC FORM 2, CORPORATE WEBSITE",2015/09/24 00:00:00+00,IMAGERY/OTHER,2016/03/14 00:00:00+00,http://escript.dom.com/,"DOMINION TRANSMISSION, INC.",22,"DOMINION TRANSMISSION, INC.",WITHIN 40 FEET,2,4740,28112476,117149,985324,40881,3016,2,2012/06/06 00:00:00+00,0,0
-92.8152233,34.271164336,1040,1040,GCOMP703,STATION 306 - MALVERN,5560 RIDGE RD,MALVERN,AR,72104,9655,NATURAL GAS COMPRESSOR STATION,IN SERVICE,HOT SPRING,05059,USA,34.271164336,-92.8152233,486210,PIPELINE TRANSPORTATION OF NATURAL GAS,"EPA ENVIROFACTS, FERC FORM 2, CORPORATE WEBSITE",2015/09/16 00:00:00+00,IMAGERY/OTHER,2016/03/14 00:00:00+00,http://www.kindermorgan.com/,NATURAL GAS PIPELINE COMPANY OF AMERICA LLC,26,NATURAL GAS PIPELINE COMPANY OF AMERICA LLC,WITHIN 40 FEET,9,29650,11705267,0,0,148108,6720,6,2012/01/13 00:00:00+00,0,0
-93.7478950729999,29.793447616,1041,1041,GCOMP704,STATION 342 - JOHNSON BAYOU,5564 GULF BEACH HWY,JOHNSONS BAYOU,LA,70631,4206,NATURAL GAS COMPRESSOR STATION,IN SERVICE,CAMERON,22023,USA,29.793447616,-93.747895073,486210,PIPELINE TRANSPORTATION OF NATURAL GAS,"EPA ENVIROFACTS, FERC FORM 2, CORPORATE WEBSITE",2015/09/16 00:00:00+00,IMAGERY/OTHER,2016/03/14 00:00:00+00,http://www.kindermorgan.com/,NATURAL GAS PIPELINE COMPANY OF AMERICA LLC,26,NATURAL GAS PIPELINE COMPANY OF AMERICA LLC,WITHIN 40 FEET,6,19700,66173260,0,0,321811,8021,5,2012/03/23 00:00:00+00,0,0
-121.422907928,43.821468796,1042,1042,GCOMP705,#12- BEND,55640 S. HIGHWAY 97,SUNRIVER,OR,97707,NOT AVAILABLE,NATURAL GAS COMPRESSOR STATION,IN SERVICE,DESCHUTES,41017,USA,43.821468796,-121.422907928,486210,PIPELINE TRANSPORTATION OF NATURAL GAS,"EPA ENVIROFACTS, FERC FORM 2, CORPORATE WEBSITE",2015/09/18 00:00:00+00,IMAGERY/OTHER,2016/03/14 00:00:00+00,http://www.gastransmissionnw.com/,GAS TRANSMISSION NORTHWEST LLC,86,GAS TRANSMISSION NORTHWEST LLC,WITHIN 40 FEET,3,50400,51565308,3643977,150183,1334790,10698,2,2012/05/17 00:00:00+00,0,0
-93.639812658,29.760756852,1043,1043,GCOMP706,NO. 44 JOHNSON'S BAYOU,5575 GULF BEACH HWY,CAMERON,LA,70631,NOT AVAILABLE,NATURAL GAS COMPRESSOR STATION,IN SERVICE,CAMERON,22023,USA,29.760756852,-93.639812658,486210,PIPELINE TRANSPORTATION OF NATURAL GAS,"EPA ENVIROFACTS, FERC FORM 2, CORPORATE WEBSITE",2015/08/24 00:00:00+00,IMAGERY/OTHER,2016/03/14 00:00:00+00,http://www.1line.williams.com/,"TRANSCONTINENTAL GAS PIPE LINE COMPANY, LLC",29,"TRANSCONTINENTAL GAS PIPE LINE COMPANY, LLC",WITHIN 40 FEET,3,11490,12668001,0,0,44980,0,0,1970/01/01 00:00:00+00,0,0
-89.297498,31.068246,1044,1044,GCOMP707,#534 - PURVIS,560 PUMPING STATION RD.,PURVIS,MS,39475,NOT AVAILABLE,NATURAL GAS COMPRESSOR STATION,IN SERVICE,LAMAR,28035,USA,31.068246,-89.297498,486210,PIPELINE TRANSPORTATION OF NATURAL GAS,"EPA ENVIROFACTS, FERC FORM 2, CORPORATE WEBSITE",2015/09/02 00:00:00+00,IMAGERY/OTHER,2016/03/14 00:00:00+00,http://pipeline2.kindermorgan.com/,"TENNESSEE GAS PIPELINE COMPANY, L.L.C.",9,"TENNESSEE GAS PIPELINE COMPANY, L.L.C.",WITHIN 40 FEET,7,26000,18049527,2571,609648,1009,52,3,2012/05/29 00:00:00+00,0,0
-88.175624,30.400318,1045,1045,GCOMP708,NO. 82 CODEN,5600 ROCK RD.,CODEN,AL,36523,NOT AVAILABLE,NATURAL GAS COMPRESSOR STATION,IN SERVICE,MOBILE,01097,USA,30.400318,-88.175624,486210,PIPELINE TRANSPORTATION OF NATURAL GAS,"EPA ENVIROFACTS, FERC FORM 2, CORPORATE WEBSITE",2015/08/24 00:00:00+00,IMAGERY/OTHER,2016/03/14 00:00:00+00,http://www.1line.williams.com/,"TRANSCONTINENTAL GAS PIPE LINE COMPANY, LLC",29,"TRANSCONTINENTAL GAS PIPE LINE COMPANY, LLC",WITHIN 40 FEET,3,25766,22589871,5675,678334,35,2,1,2012/12/04 00:00:00+00,0,0
-88.090375127,41.0349363650001,1046,1046,GCOMP709,STATION 201 - HERSCHER,5611 S 12000 W RD,HERSCHER,IL,60941,NOT AVAILABLE,NATURAL GAS COMPRESSOR STATION,IN SERVICE,KANKAKEE,17091,USA,41.034936365,-88.090375127,486210,PIPELINE TRANSPORTATION OF NATURAL GAS,"EPA ENVIROFACTS, FERC FORM 2, CORPORATE WEBSITE",2015/09/16 00:00:00+00,IMAGERY/OTHER,2016/03/14 00:00:00+00,http://www.kindermorgan.com/,NATURAL GAS PIPELINE COMPANY OF AMERICA LLC,26,NATURAL GAS PIPELINE COMPANY OF AMERICA LLC,WITHIN 40 FEET,15,53820,92845542,0,0,513443,28707,9,2012/01/29 00:00:00+00,0,0
-86.960271,45.9405770000001,1047,1047,GCOMP71,RAPID RIVER,10888 T-65 PIPELINE RD,RAPID RIVER,MI,49878,NOT AVAILABLE,NATURAL GAS COMPRESSOR STATION,IN SERVICE,DELTA,26041,USA,45.940577,-86.960271,486210,PIPELINE TRANSPORTATION OF NATURAL GAS,"FERC FORM 2, IMAGERY",2015/09/18 00:00:00+00,IMAGERY/OTHER,2016/03/14 00:00:00+00,http://www.glgt.com/,GREAT LAKES GAS TRANSMISSION LIMITED PTRSHP,51,GREAT LAKES GAS TRANSMISSION LIMITED PTRSHP,WITHIN 40 FEET,1,12500,10403184,40870,227397,14792,60,1,2012/01/20 00:00:00+00,0,0
-83.711589233,32.9370247910001,1048,1048,GCOMP710,OCMULGEE,5676 ARKWRIGHT RD.,MACON,GA,36925,NOT AVAILABLE,NATURAL GAS COMPRESSOR STATION,IN SERVICE,BIBB,13021,USA,32.937024791,-83.711589233,486210,PIPELINE TRANSPORTATION OF NATURAL GAS,"FERC FORM 2, IMAGERY",2015/09/10 00:00:00+00,IMAGERY/OTHER,2016/03/14 00:00:00+00,http://ixsnp.sonetpremier.com/,"SOUTHERN NATURAL GAS COMPANY, L.L.C.",7,"SOUTHERN NATURAL GAS COMPANY, L.L.C.",WITHIN 40 FEET,6,9000,12661610,1529047,874313,555816,43872,6,2012/09/28 00:00:00+00,0,0
-92.199834999,34.7545191510001,1049,1049,GCOMP711,NORTH LITTLE ROCK,5700 LYNCH DRIVE,NORTH LITTLE ROCK,AR,72117,4606,NATURAL GAS COMPRESSOR STATION,IN SERVICE,PULASKI,05119,USA,34.754519151,-92.199834999,486210,PIPELINE TRANSPORTATION OF NATURAL GAS,"EPA ENVIROFACTS, FERC FORM 2, CORPORATE WEBSITE",2015/09/01 00:00:00+00,IMAGERY/OTHER,2016/03/14 00:00:00+00,http://www.spectraenergy.com/,"TEXAS EASTERN TRANSMISSION, LP",17,"TEXAS EASTERN TRANSMISSION, LP",WITHIN 40 FEET,4,7750,2856645,0,0,0,0,0,1970/01/01 00:00:00+00,22686,28720
-121.439454315,42.173989809,1050,1050,GCOMP712,#14- BONANZA,"5745 HARPOLD RD; 3 MI SOUTH OF BONANZA ON HARPOLD ROAD",BONANZA,OR,97623,NOT AVAILABLE,NATURAL GAS COMPRESSOR STATION,IN SERVICE,KLAMATH,41035,USA,42.173989809,-121.439454315,486210,PIPELINE TRANSPORTATION OF NATURAL GAS,"EPA ENVIROFACTS, FERC FORM 2, CORPORATE WEBSITE",2015/09/18 00:00:00+00,IMAGERY/OTHER,2016/03/14 00:00:00+00,http://www.gastransmissionnw.com/,GAS TRANSMISSION NORTHWEST LLC,86,GAS TRANSMISSION NORTHWEST LLC,WITHIN 40 FEET,2,31600,48096179,2390391,116573,875601,7460,2,2012/03/11 00:00:00+00,0,0
-88.358652,39.790242,1051,1051,GCOMP713,ILLINOIS-TUSCOLA-DOUGLAS COUNTY,575 E US HWY 36,TUSCOLA,IL,61953,7586,NATURAL GAS COMPRESSOR STATION,IN SERVICE,DOUGLAS,17041,USA,39.790242,-88.358652,486210,PIPELINE TRANSPORTATION OF NATURAL GAS,"EPA ENVIROFACTS, FERC FORM 2, CORPORATE WEBSITE",2015/09/14 00:00:00+00,IMAGERY/OTHER,2016/03/14 00:00:00+00,http://peplmessenger.energytransfer.com/,"PANHANDLE EASTERN PIPE LINE COMPANY, LP",28,"PANHANDLE EASTERN PIPE LINE COMPANY, LP",WITHIN 40 FEET,11,26800,31480580,3127668,2173073,1188510,60218,11,2012/01/20 00:00:00+00,0,0
-77.217748,41.9370910000001,1052,1052,GCOMP714,TIOGA,576 PALMER ROAD,LAWRENCEVILLE,PA,16929,NOT AVAILABLE,NATURAL GAS COMPRESSOR STATION,IN SERVICE,TIOGA,42117,USA,41.937091,-77.217748,486210,PIPELINE TRANSPORTATION OF NATURAL GAS,"EPA ENVIROFACTS, FERC FORM 2, CORPORATE WEBSITE",2015/09/24 00:00:00+00,IMAGERY/OTHER,2016/03/14 00:00:00+00,http://escript.dom.com/,"DOMINION TRANSMISSION, INC.",22,"DOMINION TRANSMISSION, INC.",WITHIN 40 FEET,2,8400,23251273,9119,1212021,3028,2784,2,2012/09/26 00:00:00+00,0,0
-106.238087278,42.856871846,1053,1053,GCOMP715,CASPER,5766 E YELLOWSTONE HWY,EVANSVILLE,WY,82636,NOT AVAILABLE,NATURAL GAS COMPRESSOR STATION,IN SERVICE,NATRONA,56025,USA,42.856871846,-106.238087278,486210,PIPELINE TRANSPORTATION OF NATURAL GAS,"EPA ENVIROFACTS, FERC FORM 2, CORPORATE WEBSITE",2015/09/09 00:00:00+00,IMAGERY/OTHER,2016/03/14 00:00:00+00,http://pipeline.tallgrassenergylp.com/,TALLGRASS INTERSTATE GAS TRANSMISSION LLC,53,TALLGRASS INTERSTATE GAS TRANSMISSION LLC,WITHIN 40 FEET,5,10500,21892552,0,0,38409,12527,4,2012/07/25 00:00:00+00,-999,90020
-92.263950097,30.32121763,1054,1054,GCOMP716,RAYNE,5799 CHURCH POINT HIGHWAY,RAYNE,LA,70578,NOT AVAILABLE,NATURAL GAS COMPRESSOR STATION,IN SERVICE,ACADIA,22001,USA,30.32121763,-92.263950097,486210,PIPELINE TRANSPORTATION OF NATURAL GAS,"EPA ENVIROFACTS, FERC FORM 2, CORPORATE WEBSITE",2015/09/25 00:00:00+00,IMAGERY/OTHER,2016/03/14 00:00:00+00,http://www.columbiapipeinfo.com/,COLUMBIA GULF TRANSMISSION COMPANY,70,COLUMBIA GULF TRANSMISSION COMPANY,WITHIN 40 FEET,12,58050,58477391,1441128,2030961,522476,32830,9,2012/10/03 00:00:00+00,0,0
-86.0971079879999,35.285724976,1055,1055,GCOMP717,ESTILL SPRINGS,58 RAY ROAD,WINCHESTER,TN,37398,4817,NATURAL GAS COMPRESSOR STATION,IN SERVICE,FRANKLIN,47051,USA,35.285724976,-86.097107988,486210,PIPELINE TRANSPORTATION OF NATURAL GAS,"EPA ENVIROFACTS, FERC FORM 2, CORPORATE WEBSITE",2015/09/22 00:00:00+00,IMAGERY/OTHER,2016/03/14 00:00:00+00,http://www.spectraenergy.com/,"EAST TENNESSEE NATURAL GAS, LLC",2,"EAST TENNESSEE NATURAL GAS, LLC",WITHIN 40 FEET,2,2870,7084737,416965,0,152797,11430,0,2012/01/13 00:00:00+00,0,0
-89.78497,41.59254,1056,1056,GCOMP718,TAMPICO,580 TAMPICO RD,TAMPICO,IL,61283,NOT AVAILABLE,NATURAL GAS COMPRESSOR STATION,IN SERVICE,WHITESIDE,17195,USA,41.59254,-89.78497,486210,PIPELINE TRANSPORTATION OF NATURAL GAS,"EPA ENVIROFACTS, FERC FORM 2, CORPORATE WEBSITE",2015/10/28 00:00:00+00,IMAGERY/OTHER,2016/03/14 00:00:00+00,http://tariff.alliance-pipeline.com/,ALLIANCE PIPELINE,63,ALLIANCE PIPELINE,WITHIN 40 FEET,1,31206,31434945,0,1150087,1030192,8196,0,2012/12/11 00:00:00+00,0,0
-112.503889,38.8494440000001,1057,1057,GCOMP719,FILLMORE,5800 SOUTH 6770 W HATTON ROAD WEST,MEADOW,UT,84644,NOT AVAILABLE,NATURAL GAS COMPRESSOR STATION,IN SERVICE,MILLARD,49027,USA,38.849444,-112.503889,486210,PIPELINE TRANSPORTATION OF NATURAL GAS,"EPA ENVIROFACTS, FERC FORM 2, CORPORATE WEBSITE",2015/09/17 00:00:00+00,IMAGERY/OTHER,2016/03/14 00:00:00+00,http://services.kernrivergas.com/,KERN RIVER GAS TRANSMISSION COMPANY,99,KERN RIVER GAS TRANSMISSION COMPANY,WITHIN 40 FEET,2,30000,43748453,4047372,380256,1519975,15608,2,2012/01/22 00:00:00+00,-999,445560
-96.238249751,48.255806568,1058,1058,GCOMP72,THIEF RIVER,10950 260TH ST NE,NEWFOLDEN,MN,56738,9376,NATURAL GAS COMPRESSOR STATION,IN SERVICE,MARSHALL,27089,USA,48.255806568,-96.238249751,486210,PIPELINE TRANSPORTATION OF NATURAL GAS,"EPA ENVIROFACTS, FERC FORM 2, CORPORATE WEBSITE",2015/09/18 00:00:00+00,IMAGERY/OTHER,2016/03/14 00:00:00+00,http://www.glgt.com/,GREAT LAKES GAS TRANSMISSION LIMITED PTRSHP,51,GREAT LAKES GAS TRANSMISSION LIMITED PTRSHP,WITHIN 40 FEET,2,28500,25782587,45988,263924,15954,74,1,2012/07/28 00:00:00+00,0,0
-105.688047677,44.7449934960001,1059,1059,GCOMP720,RECLUSE,581 RECLUSE RD,RECLUSE,WY,82725,NOT AVAILABLE,NATURAL GAS COMPRESSOR STATION,IN SERVICE,CAMPBELL,56005,USA,44.744993496,-105.688047677,486210,PIPELINE TRANSPORTATION OF NATURAL GAS,"FERC FORM 2, IMAGERY",2015/10/16 00:00:00+00,IMAGERY/OTHER,2016/03/14 00:00:00+00,http://www.migc.com/,"MIGC, LLC",47,"MIGC, LLC",WITHIN 40 FEET,2,1456,1218866,0,24000,0,0,0,1970/01/01 00:00:00+00,0,0
-94.429694,32.407249,1060,1060,GCOMP721,STATION 304 - MARSHALL,583 TERRAPIN NECK RD,MARSHALL,TX,75672,NOT AVAILABLE,NATURAL GAS COMPRESSOR STATION,IN SERVICE,HARRISON,48203,USA,32.407249,-94.429694,486210,PIPELINE TRANSPORTATION OF NATURAL GAS,"EPA ENVIROFACTS, FERC FORM 2, CORPORATE WEBSITE",2015/09/16 00:00:00+00,IMAGERY/OTHER,2016/03/14 00:00:00+00,http://www.kindermorgan.com/,NATURAL GAS PIPELINE COMPANY OF AMERICA LLC,26,NATURAL GAS PIPELINE COMPANY OF AMERICA LLC,WITHIN 40 FEET,9,30850,21387037,0,0,7407,115,1,2012/10/11 00:00:00+00,0,0
-94.4295299999999,32.4070800000001,1061,1061,GCOMP722,STATION 157 - MARSHALL,583 TERRAPIN NECK RD,MARSHALL,TX,75672,4971,NATURAL GAS COMPRESSOR STATION,IN SERVICE,HARRISON,48203,USA,32.40708,-94.42953,486210,PIPELINE TRANSPORTATION OF NATURAL GAS,"EPA ENVIROFACTS, FERC FORM 2, CORPORATE WEBSITE",2015/10/02 00:00:00+00,IMAGERY/OTHER,2016/03/14 00:00:00+00,http://www.kindermorgan.com/,NATURAL GAS PIPELINE COMPANY OF AMERICA LLC,26,NATURAL GAS PIPELINE COMPANY OF AMERICA LLC,WITHIN 40 FEET,1,400,564576,0,0,0,0,0,1970/01/01 00:00:00+00,0,0
-100.974286724,35.6186275320001,1062,1062,GCOMP723,STATION P-3,"586 COUNTY LINE RD; 3.5 MI NORTH",PAMPA,TX,79065,NOT AVAILABLE,NATURAL GAS COMPRESSOR STATION,IN SERVICE,GRAY,48179,USA,35.618627532,-100.974286724,486210,PIPELINE TRANSPORTATION OF NATURAL GAS,"EPA ENVIROFACTS, FERC FORM 2, CORPORATE WEBSITE",2015/08/20 00:00:00+00,IMAGERY/OTHER,2016/03/14 00:00:00+00,http://twtransfer.energytransfer.com/,"TRANSWESTERN PIPELINE COMPANY, LLC",42,"TRANSWESTERN PIPELINE COMPANY, LLC",WITHIN 40 FEET,5,8000,16244130,115696,867178,66896,7242,2,2012/07/19 00:00:00+00,0,0
-88.6361649999999,39.7940340000001,1063,1063,GCOMP724,STATION 311 - HAMMOND,586 E RTE 36,HAMMOND,IL,61929,NOT AVAILABLE,NATURAL GAS COMPRESSOR STATION,IN SERVICE,PIATT,17147,USA,39.794034,-88.636165,486210,PIPELINE TRANSPORTATION OF NATURAL GAS,"EPA ENVIROFACTS, FERC FORM 2, CORPORATE WEBSITE",2015/09/16 00:00:00+00,IMAGERY/OTHER,2016/03/14 00:00:00+00,http://www.kindermorgan.com/,NATURAL GAS PIPELINE COMPANY OF AMERICA LLC,26,NATURAL GAS PIPELINE COMPANY OF AMERICA LLC,WITHIN 40 FEET,9,30600,16771535,0,0,967569,39966,8,2012/01/14 00:00:00+00,0,0
-92.1240647769999,30.573750972,1064,1064,GCOMP725,OPELOUSAS,586 TEXAS EASTERN ROAD,OPELOUSAS,LA,70570,NOT AVAILABLE,NATURAL GAS COMPRESSOR STATION,IN SERVICE,SAINT LANDRY,22097,USA,30.573750972,-92.124064777,486210,PIPELINE TRANSPORTATION OF NATURAL GAS,"EPA ENVIROFACTS, FERC FORM 2, CORPORATE WEBSITE",2015/08/31 00:00:00+00,IMAGERY/OTHER,2016/03/14 00:00:00+00,http://www.spectraenergy.com/,"TEXAS EASTERN TRANSMISSION, LP",17,"TEXAS EASTERN TRANSMISSION, LP",WITHIN 40 FEET,9,18450,10260878,306407,0,106742,7371,9,2012/08/23 00:00:00+00,93327,148640
-81.263075583,36.9260092370001,1065,1065,GCOMP726,RURAL RETREAT,588 SHOAL RIDGE DR,RURAL RETREAT,VA,24368,NOT AVAILABLE,NATURAL GAS COMPRESSOR STATION,IN SERVICE,WYTHE,51197,USA,36.926009237,-81.263075583,486210,PIPELINE TRANSPORTATION OF NATURAL GAS,"EPA ENVIROFACTS, FERC FORM 2, CORPORATE WEBSITE",2015/09/22 00:00:00+00,IMAGERY/OTHER,2016/03/14 00:00:00+00,http://www.spectraenergy.com/,"EAST TENNESSEE NATURAL GAS, LLC",2,"EAST TENNESSEE NATURAL GAS, LLC",WITHIN 40 FEET,1,10310,13484765,1192858,0,430180,6307,0,2012/01/03 00:00:00+00,0,0
-85.082318,35.125634,1066,1066,GCOMP727,OOLTEWAH,5888 HUNTER ROAD,OOLTEWAH,TN,37363,8748,NATURAL GAS COMPRESSOR STATION,IN SERVICE,HAMILTON,47065,USA,35.125634,-85.082318,486210,PIPELINE TRANSPORTATION OF NATURAL GAS,"FERC FORM 2, IMAGERY",2015/09/22 00:00:00+00,IMAGERY/OTHER,2016/03/14 00:00:00+00,http://www.spectraenergy.com/,"EAST TENNESSEE NATURAL GAS, LLC",2,"EAST TENNESSEE NATURAL GAS, LLC",WITHIN 40 FEET,2,7630,14653640,1010448,0,372545,7711,0,2012/02/11 00:00:00+00,0,0
-81.8802659999999,41.149236,1067,1067,GCOMP728,YORK,589 NORTH STATE RD,MEDINA,OH,44256,1400,NATURAL GAS COMPRESSOR STATION,IN SERVICE,MEDINA,39103,USA,41.149236,-81.880266,486210,PIPELINE TRANSPORTATION OF NATURAL GAS,"EPA ENVIROFACTS, FERC FORM 2, CORPORATE WEBSITE",2015/09/25 00:00:00+00,IMAGERY/OTHER,2016/03/14 00:00:00+00,http://www.columbiapipeinfo.com/,"COLUMBIA GAS TRANSMISSION,LLC",21,"COLUMBIA GAS TRANSMISSION,LLC",WITHIN 40 FEET,3,2000,3362243,0,17296,0,0,0,1970/01/01 00:00:00+00,0,0
-108.866218,44.9918450000001,1068,1068,GCOMP729,ELK BASIN,59 CUNNINGHAM LANE,POWELL,WY,82435,NOT AVAILABLE,NATURAL GAS COMPRESSOR STATION,IN SERVICE,PARK,56029,USA,44.991845,-108.866218,486210,PIPELINE TRANSPORTATION OF NATURAL GAS,"EPA ENVIROFACTS, FERC FORM 2, CORPORATE WEBSITE",2015/08/24 00:00:00+00,IMAGERY/OTHER,2016/03/14 00:00:00+00,http://transmission.wbienergy.com/,WILLISTON BASIN INTERSTATE PIPELINE COMPANY,49,WILLISTON BASIN INTERSTATE PIPELINE COMPANY,WITHIN 40 FEET,3,2400,9744386,195265,860776,69688,13218,3,2012/09/13 00:00:00+00,1166,25613
-97.4774055509999,36.853463784,1069,1069,GCOMP73,432 WEBB,"110146 JOHNSTON RD; JOHNSTON ROAD 31K",DEER CREEK,OK,74636,NOT AVAILABLE,NATURAL GAS COMPRESSOR STATION,IN SERVICE,GRANT,40053,USA,36.853463784,-97.477405551,486210,PIPELINE TRANSPORTATION OF NATURAL GAS,"EPA ENVIROFACTS, FERC FORM 2, CORPORATE WEBSITE",2015/09/09 00:00:00+00,IMAGERY/OTHER,2016/03/14 00:00:00+00,https://csi.sscgp.com/,"SOUTHERN STAR CENTRAL GAS PIPELINE, INC.",43,"SOUTHERN STAR CENTRAL GAS PIPELINE, INC.",WITHIN 40 FEET,1,2400,3983041,150261,313136,56313,2386,1,2012/07/02 00:00:00+00,0,0
-105.372902845,47.896651707,1070,1070,GCOMP730,VIDA,"593 MT-201; N1/2 NE1/4 SEC 27 T25N R49E",VIDA,MT,59274,NOT AVAILABLE,NATURAL GAS COMPRESSOR STATION,IN SERVICE,MCCONE,30055,USA,47.896651707,-105.372902845,486210,PIPELINE TRANSPORTATION OF NATURAL GAS,"FERC FORM 2, MONTANA DEPARTMENT OF ENVIRONMENTAL QUALITY",2015/08/14 00:00:00+00,IMAGERY/OTHER,2016/03/14 00:00:00+00,http://transmission.wbienergy.com/,WILLISTON BASIN INTERSTATE PIPELINE COMPANY,49,WILLISTON BASIN INTERSTATE PIPELINE COMPANY,WITHIN 40 FEET,4,2400,2120446,4509,97282,1701,0,0,1970/01/01 00:00:00+00,0,0
-111.368408872,40.9139081010001,1071,1071,GCOMP731,UTAH - CASH (WAS COALVILLE) (UNDERGROUND STORAGE),599 BORDER STATION RD,COALVILLE,UT,84017,NOT AVAILABLE,NATURAL GAS COMPRESSOR STATION,IN SERVICE,SUMMIT,49043,USA,40.913908101,-111.368408872,486210,PIPELINE TRANSPORTATION OF NATURAL GAS,"EPA ENVIROFACTS, FERC FORM 2, CORPORATE WEBSITE",2015/09/11 00:00:00+00,IMAGERY/OTHER,2016/03/14 00:00:00+00,http://www.questarpipeline.com/,QUESTAR PIPELINE COMPANY,55,QUESTAR PIPELINE COMPANY,WITHIN 40 FEET,1,1600,5236104,68939,114907,25899,2039,0,2012/12/10 00:00:00+00,0,0
-109.33094494,40.5693586990001,1072,1072,GCOMP732,VERNAL,599 S 500 E,VERNAL,UT,84078,NOT AVAILABLE,NATURAL GAS COMPRESSOR STATION,IN SERVICE,UINTAH,49047,USA,40.569358699,-109.33094494,486210,PIPELINE TRANSPORTATION OF NATURAL GAS,"EPA ENVIROFACTS, FERC FORM 2, CORPORATE WEBSITE",2015/09/14 00:00:00+00,IMAGERY/OTHER,2016/03/14 00:00:00+00,http://www.northwest.williams.com/,NORTHWEST PIPELINE GP,37,NORTHWEST PIPELINE GP,WITHIN 40 FEET,1,10310,28710681,738199,170858,247671,4585,1,2012/02/29 00:00:00+00,0,0
-75.5875349999999,40.0485380000001,1073,1073,GCOMP733,NO. 200 MALVERN,60 N BACTON HILL RD.,MALVERN,PA,19355,NOT AVAILABLE,NATURAL GAS COMPRESSOR STATION,IN SERVICE,CHESTER,42029,USA,40.048538,-75.587535,486210,PIPELINE TRANSPORTATION OF NATURAL GAS,"EPA ENVIROFACTS, FERC FORM 2, CORPORATE WEBSITE",2015/08/25 00:00:00+00,IMAGERY/OTHER,2016/03/14 00:00:00+00,http://www.1line.williams.com/,"TRANSCONTINENTAL GAS PIPE LINE COMPANY, LLC",29,"TRANSCONTINENTAL GAS PIPE LINE COMPANY, LLC",WITHIN 40 FEET,13,30860,60545274,3511578,5325587,1326068,65183,12,2013/02/12 00:00:00+00,0,0
-77.5021026639999,38.854775241,1074,1074,GCOMP734,PLEASANT VALLEY,6002 PLEASANT VALLEY ROAD,FAIRFAX,VA,20120,NOT AVAILABLE,NATURAL GAS COMPRESSOR STATION,IN SERVICE,FAIRFAX,51059,USA,38.854775241,-77.502102664,486210,PIPELINE TRANSPORTATION OF NATURAL GAS,"EPA ENVIROFACTS, FERC FORM 2, CORPORATE WEBSITE",2015/09/25 00:00:00+00,IMAGERY/OTHER,2016/03/14 00:00:00+00,http://escript.dom.com/,"DOMINION COVE POINT LNG, LP",127,"DOMINION COVE POINT LNG, LP",WITHIN 40 FEET,2,6000,15223322,22621,278926,6981,7572,2,2012/05/09 00:00:00+00,1406410,12441296
-99.179051,46.9048960000001,1075,1075,GCOMP735,CLEVELAND,"6005 35TH ST SE; NE1/4 S31-T140N-R67W",CLEVELAND,ND,58424,NOT AVAILABLE,NATURAL GAS COMPRESSOR STATION,IN SERVICE,STUTSMAN,38093,USA,46.904896,-99.179051,486210,PIPELINE TRANSPORTATION OF NATURAL GAS,"EPA ENVIROFACTS, FERC FORM 2, CORPORATE WEBSITE",2015/08/17 00:00:00+00,IMAGERY/OTHER,2016/03/14 00:00:00+00,http://transmission.wbienergy.com/,WILLISTON BASIN INTERSTATE PIPELINE COMPANY,49,WILLISTON BASIN INTERSTATE PIPELINE COMPANY,WITHIN 40 FEET,1,1100,3241019,68540,146085,24718,3311,1,2012/12/18 00:00:00+00,0,0
-85.096956633,40.442913892,1076,1076,GCOMP736,PORTLAND,6059 W STATE ROAD 26,PORTLAND,IN,47371,NOT AVAILABLE,NATURAL GAS COMPRESSOR STATION,IN SERVICE,JAY,18075,USA,40.442913892,-85.096956633,486210,PIPELINE TRANSPORTATION OF NATURAL GAS,"EPA ENVIROFACTS, FERC FORM 2, CORPORATE WEBSITE",2015/10/21 00:00:00+00,IMAGERY/OTHER,2016/03/14 00:00:00+00,http://anrebb.transcanada.com/,ANR PIPELINE COMPANY,48,ANR PIPELINE COMPANY,WITHIN 40 FEET,9,34880,18327312,1348492,1015124,501630,16420,6,2012/03/23 00:00:00+00,0,0
-94.334898,32.1384370000001,1077,1077,GCOMP737,CARTHAGE #2,606 S. SHELBY,CARTHAGE,TX,75633,3026,NATURAL GAS COMPRESSOR STATION,IN SERVICE,PANOLA,48365,USA,32.138437,-94.334898,486210,PIPELINE TRANSPORTATION OF NATURAL GAS,"FERC FORM 2, IMAGERY",2015/09/17 00:00:00+00,IMAGERY/OTHER,2016/03/14 00:00:00+00,http://infopost.bwpmlp.com/,"GULF SOUTH PIPELINE COMPANY, LP",11,"GULF SOUTH PIPELINE COMPANY, LP",WITHIN 40 FEET,3,3000,6656206,82057,382123,30406,4384,2,2012/10/21 00:00:00+00,0,0
-119.84877992,45.489317951,1078,1078,GCOMP738,#9- IONE,60716 IONE GOOSEBERRY RD,IONE,OR,97843,NOT AVAILABLE,NATURAL GAS COMPRESSOR STATION,IN SERVICE,MORROW,41049,USA,45.489317951,-119.84877992,486210,PIPELINE TRANSPORTATION OF NATURAL GAS,"EPA ENVIROFACTS, FERC FORM 2, CORPORATE WEBSITE",2015/09/18 00:00:00+00,IMAGERY/OTHER,2016/03/14 00:00:00+00,http://www.gastransmissionnw.com/,GAS TRANSMISSION NORTHWEST LLC,86,GAS TRANSMISSION NORTHWEST LLC,WITHIN 40 FEET,2,28200,26465894,374147,128857,137050,1506,1,2012/10/03 00:00:00+00,0,0
-94.04538,42.0469400000001,1079,1079,GCOMP739,OGDEN,608 210TH STREET,OGDEN,IA,50212,7441,NATURAL GAS COMPRESSOR STATION,IN SERVICE,BOONE,19015,USA,42.04694,-94.04538,486210,PIPELINE TRANSPORTATION OF NATURAL GAS,"EPA ENVIROFACTS, FERC FORM 2, CORPORATE WEBSITE",2015/09/15 00:00:00+00,IMAGERY/OTHER,2016/03/14 00:00:00+00,http://www.northernnaturalgas.com/,NORTHERN NATURAL GAS COMPANY,59,NORTHERN NATURAL GAS COMPANY,WITHIN 40 FEET,10,30400,24402340,2462744,4223325,887699,37536,6,2012/01/25 00:00:00+00,79554,402300
-75.1927209999999,43.0369220000001,1080,1080,GCOMP74,UTICA,1103 HIGBY ROAD,NEW HARTFORD,NY,13413,NOT AVAILABLE,NATURAL GAS COMPRESSOR STATION,IN SERVICE,ONEIDA,36043,USA,43.036922,-75.192721,486210,PIPELINE TRANSPORTATION OF NATURAL GAS,"EPA ENVIROFACTS, FERC FORM 2, CORPORATE WEBSITE",2015/09/24 00:00:00+00,IMAGERY/OTHER,2016/03/14 00:00:00+00,http://escript.dom.com/,"DOMINION TRANSMISSION, INC.",22,"DOMINION TRANSMISSION, INC.",WITHIN 40 FEET,7,9500,25022930,121451,1038174,38641,4157,5,2012/01/15 00:00:00+00,0,0
-80.597222,39.0597220000001,1081,1081,GCOMP740,CAMDEN,6097 US-33,WESTON,WV,26452,NOT AVAILABLE,NATURAL GAS COMPRESSOR STATION,IN SERVICE,LEWIS,54041,USA,39.059722,-80.597222,486210,PIPELINE TRANSPORTATION OF NATURAL GAS,"EPA ENVIROFACTS, FERC FORM 2, CORPORATE WEBSITE",2015/09/25 00:00:00+00,IMAGERY/OTHER,2016/03/14 00:00:00+00,http://escript.dom.com/,"DOMINION TRANSMISSION, INC.",22,"DOMINION TRANSMISSION, INC.",WITHIN 40 FEET,5,3300,8763192,583035,789477,211053,38548,5,2012/04/19 00:00:00+00,0,0
-87.7577019999999,35.0243100000001,1082,1082,GCOMP741,#555 - COLLINWOOD,6100 PUMPING STATION RD,CYPRESS INN,TN,38452,NOT AVAILABLE,NATURAL GAS COMPRESSOR STATION,IN SERVICE,WAYNE,47181,USA,35.02431,-87.757702,486210,PIPELINE TRANSPORTATION OF NATURAL GAS,"EPA ENVIROFACTS, FERC FORM 2, CORPORATE WEBSITE",2015/09/02 00:00:00+00,IMAGERY/OTHER,2016/03/14 00:00:00+00,http://pipeline2.kindermorgan.com/,"TENNESSEE GAS PIPELINE COMPANY, L.L.C.",9,"TENNESSEE GAS PIPELINE COMPANY, L.L.C.",WITHIN 40 FEET,7,25000,15485466,552,318706,170,10,3,2012/10/22 00:00:00+00,0,0
-107.833804567,39.5328440770001,1083,1083,GCOMP742,COLORADO - RIFLE,613 COUNTY RD 264,RIFLE,CO,81650,NOT AVAILABLE,NATURAL GAS COMPRESSOR STATION,IN SERVICE,GARFIELD,08045,USA,39.532844077,-107.833804567,486210,PIPELINE TRANSPORTATION OF NATURAL GAS,"FERC FORM 2, CORPORATE WEBSITE",2015/09/11 00:00:00+00,IMAGERY/OTHER,2016/03/14 00:00:00+00,http://www.questarpipeline.com/,QUESTAR PIPELINE COMPANY,55,QUESTAR PIPELINE COMPANY,WITHIN 40 FEET,2,650,1038984,0,10473,0,0,0,1970/01/01 00:00:00+00,0,0
-82.543246,39.239313,1084,1084,GCOMP743,MCARTHUR,61318 MT. ZION RD.,MCARTHUR,OH,45651,NOT AVAILABLE,NATURAL GAS COMPRESSOR STATION,IN SERVICE,VINTON,39163,USA,39.239313,-82.543246,486210,PIPELINE TRANSPORTATION OF NATURAL GAS,"EPA ENVIROFACTS, FERC FORM 2, CORPORATE WEBSITE",2015/09/28 00:00:00+00,IMAGERY/OTHER,2016/03/14 00:00:00+00,http://www.columbiapipeinfo.com/,"COLUMBIA GAS TRANSMISSION,LLC",21,"COLUMBIA GAS TRANSMISSION,LLC",WITHIN 40 FEET,3,3300,5015693,72346,1464103,27167,2916,2,2012/02/12 00:00:00+00,0,0
-100.48035,39.276301,1085,1085,GCOMP744,578 HOXIE,6135 S ROAD 20 W,HOXIE,KS,67740,NOT AVAILABLE,NATURAL GAS COMPRESSOR STATION,IN SERVICE,SHERIDAN,20179,USA,39.276301,-100.48035,486210,PIPELINE TRANSPORTATION OF NATURAL GAS,"EPA ENVIROFACTS, FERC FORM 2, CORPORATE WEBSITE",2015/09/09 00:00:00+00,IMAGERY/OTHER,2016/03/14 00:00:00+00,https://csi.sscgp.com/,"SOUTHERN STAR CENTRAL GAS PIPELINE, INC.",43,"SOUTHERN STAR CENTRAL GAS PIPELINE, INC.",WITHIN 40 FEET,1,2400,3867101,206793,130283,78578,4297,1,2012/06/03 00:00:00+00,0,0
-93.5086009999999,32.4731410000001,1086,1086,GCOMP745,HAUGHTON,6172 HIGHWAY 157 SOUTH,HAUGHTON,LA,71037,NOT AVAILABLE,NATURAL GAS COMPRESSOR STATION,IN SERVICE,BOSSIER,22015,USA,32.473141,-93.508601,486210,PIPELINE TRANSPORTATION OF NATURAL GAS,"EPA ENVIROFACTS, FERC FORM 2, CORPORATE WEBSITE",2015/08/28 00:00:00+00,IMAGERY/OTHER,2016/03/14 00:00:00+00,http://infopost.bwpmlp.com/,"TEXAS GAS TRANSMISSION, LLC",18,"TEXAS GAS TRANSMISSION, LLC",WITHIN 40 FEET,3,12338,30279538,655785,1317545,246214,20273,3,2012/02/17 00:00:00+00,0,0
-82.556225,39.631648,1087,1087,GCOMP746,CRAWFORD,6175 OLD LOGAN RD.,CRAWFORD,OH,43155,NOT AVAILABLE,NATURAL GAS COMPRESSOR STATION,IN SERVICE,FAIRFIELD,39045,USA,39.631648,-82.556225,486210,PIPELINE TRANSPORTATION OF NATURAL GAS,"EPA ENVIROFACTS, FERC FORM 2, CORPORATE WEBSITE",2015/09/29 00:00:00+00,IMAGERY/OTHER,2016/03/14 00:00:00+00,http://www.columbiapipeinfo.com/,"COLUMBIA GAS TRANSMISSION,LLC",21,"COLUMBIA GAS TRANSMISSION,LLC",WITHIN 40 FEET,14,28650,40279247,1913333,5027928,678113,48697,10,2012/12/30 00:00:00+00,0,0
-85.440738403,40.022370256,1088,1088,GCOMP747,SULPHUR SPRINGS,6180 N COUNTY ROAD 300 W,SULPHUR SPRINGS,IN,47388,NOT AVAILABLE,NATURAL GAS COMPRESSOR STATION,IN SERVICE,HENRY,18065,USA,40.022370256,-85.440738403,486210,PIPELINE TRANSPORTATION OF NATURAL GAS,"EPA ENVIROFACTS, FERC FORM 2, CORPORATE WEBSITE",2015/10/21 00:00:00+00,IMAGERY/OTHER,2016/03/14 00:00:00+00,http://anrebb.transcanada.com/,ANR PIPELINE COMPANY,48,ANR PIPELINE COMPANY,WITHIN 40 FEET,2,5700,15726914,102752,309472,39611,2429,1,2012/02/25 00:00:00+00,0,0
-95.4868121229999,37.813864741,1089,1089,GCOMP748,591 HUMBOLDT,620 GEORGIA RD,HUMBOLDT,KS,66748,1212,NATURAL GAS COMPRESSOR STATION,IN SERVICE,ALLEN,20001,USA,37.813864741,-95.486812123,486210,PIPELINE TRANSPORTATION OF NATURAL GAS,"EPA ENVIROFACTS, FERC FORM 2, CORPORATE WEBSITE",2015/09/09 00:00:00+00,IMAGERY/OTHER,2016/03/14 00:00:00+00,https://csi.sscgp.com/,"SOUTHERN STAR CENTRAL GAS PIPELINE, INC.",43,"SOUTHERN STAR CENTRAL GAS PIPELINE, INC.",WITHIN 40 FEET,1,9300,2223288,97810,29973,27533,234,1,2012/12/30 00:00:00+00,0,0
-82.044276,38.337209,1090,1090,GCOMP749,NYE,6207 HAMLIN RD,HAMLIN,WV,25523,NOT AVAILABLE,NATURAL GAS COMPRESSOR STATION,IN SERVICE,LINCOLN,54043,USA,38.337209,-82.044276,486210,PIPELINE TRANSPORTATION OF NATURAL GAS,"FERC FORM 2, IMAGERY",2015/09/28 00:00:00+00,IMAGERY/OTHER,2016/03/14 00:00:00+00,http://www.columbiapipeinfo.com/,"COLUMBIA GAS TRANSMISSION,LLC",21,"COLUMBIA GAS TRANSMISSION,LLC",WITHIN 40 FEET,2,634,250833,52230,165432,18366,8085,2,2012/10/10 00:00:00+00,3839,-999
-85.385710617,43.628572348,1091,1091,GCOMP75,WOOLFOLK (SEE FOOTNOTE),11039 150TH AVENUE,BIG RAPIDS,MI,49307,9482,NATURAL GAS COMPRESSOR STATION,IN SERVICE,MECOSTA,26107,USA,43.628572348,-85.385710617,486210,PIPELINE TRANSPORTATION OF NATURAL GAS,"EPA ENVIROFACTS, FERC FORM 2, CORPORATE WEBSITE",2015/10/21 00:00:00+00,IMAGERY/OTHER,2016/03/14 00:00:00+00,http://anrebb.transcanada.com/,ANR PIPELINE COMPANY,48,ANR PIPELINE COMPANY,WITHIN 40 FEET,17,44280,26905499,1042993,2203092,402165,31603,10,2012/12/02 00:00:00+00,0,0
-94.033831,45.6517040000001,1092,1092,GCOMP750,POPPLE CREEK,6220 GOLDEN SPIKE RD NE,SAUK RAPIDS,MN,56379,NOT AVAILABLE,NATURAL GAS COMPRESSOR STATION,IN SERVICE,BENTON,27009,USA,45.651704,-94.033831,486210,PIPELINE TRANSPORTATION OF NATURAL GAS,"EPA ENVIROFACTS, FERC FORM 2, CORPORATE WEBSITE",2015/09/15 00:00:00+00,IMAGERY/OTHER,2016/03/14 00:00:00+00,http://www.northernnaturalgas.com/,NORTHERN NATURAL GAS COMPANY,59,NORTHERN NATURAL GAS COMPANY,WITHIN 40 FEET,1,2000,3373310,0,48654,0,245,1,2012/12/11 00:00:00+00,23639,249375
-74.730111,40.532538,1093,1093,GCOMP751,NO. 505 CENTERVILLE,623 CASE RD.,NESHANIC STATION,NJ,08853,NOT AVAILABLE,NATURAL GAS COMPRESSOR STATION,IN SERVICE,SOMERSET,34035,USA,40.532538,-74.730111,486210,PIPELINE TRANSPORTATION OF NATURAL GAS,"EPA ENVIROFACTS, FERC FORM 2, CORPORATE WEBSITE",2015/08/21 00:00:00+00,IMAGERY/OTHER,2016/03/14 00:00:00+00,http://www.1line.williams.com/,"TRANSCONTINENTAL GAS PIPE LINE COMPANY, LLC",29,"TRANSCONTINENTAL GAS PIPE LINE COMPANY, LLC",WITHIN 40 FEET,8,16000,31011826,6321,2277800,1613,110,3,2012/08/03 00:00:00+00,0,0
-100.800652126,46.514544001,1094,1094,GCOMP752,#7 - MORTON COUNTY,6245 COUNTY RD 81,ST ANTHONY,ND,58566,NOT AVAILABLE,NATURAL GAS COMPRESSOR STATION,IN SERVICE,MORTON,38059,USA,46.514544001,-100.800652126,486210,PIPELINE TRANSPORTATION OF NATURAL GAS,"FERC FORM 2, IMAGERY",2015/09/15 00:00:00+00,IMAGERY/OTHER,2016/03/14 00:00:00+00,http://www.northernborder.com/,NORTHERN BORDER PIPELINE COMPANY,89,NORTHERN BORDER PIPELINE COMPANY,WITHIN 40 FEET,1,38000,27445464,6024325,214709,2075924,8669,1,2012/11/28 00:00:00+00,0,0
-104.26116,46.3690300000001,1095,1095,GCOMP753,BAKER,"63 BERWALD RD; P.O. BOX 1527",BAKER,MT,59313,1527,NATURAL GAS COMPRESSOR STATION,IN SERVICE,FALLON,30025,USA,46.36903,-104.26116,486210,PIPELINE TRANSPORTATION OF NATURAL GAS,"FERC FORM 2, MONTANA DEPARTMENT OF ENVIRONMENTAL QUALITY",2015/08/14 00:00:00+00,IMAGERY/OTHER,2016/03/14 00:00:00+00,http://transmission.wbienergy.com/,WILLISTON BASIN INTERSTATE PIPELINE COMPANY,49,WILLISTON BASIN INTERSTATE PIPELINE COMPANY,WITHIN 40 FEET,7,4780,3944618,118191,238178,44210,19211,5,2012/01/20 00:00:00+00,89742,1653600
-94.4802220349999,37.016556801,1096,1096,GCOMP754,507 SAGINAW,6300 RANGELINE RD,JOPLIN,MO,64804,NOT AVAILABLE,NATURAL GAS COMPRESSOR STATION,IN SERVICE,NEWTON,29145,USA,37.016556801,-94.480222035,486210,PIPELINE TRANSPORTATION OF NATURAL GAS,"EPA ENVIROFACTS, FERC FORM 2, CORPORATE WEBSITE",2015/09/10 00:00:00+00,IMAGERY/OTHER,2016/03/14 00:00:00+00,https://csi.sscgp.com/,"SOUTHERN STAR CENTRAL GAS PIPELINE, INC.",43,"SOUTHERN STAR CENTRAL GAS PIPELINE, INC.",WITHIN 40 FEET,3,7600,10660034,76441,373022,28854,2976,2,2012/07/19 00:00:00+00,0,0
-122.839781206,45.0161047660001,1097,1097,GCOMP755,MCMINNVILLE,6302 TORVEND RD NE,SILVERTON,OR,97381,NOT AVAILABLE,NATURAL GAS COMPRESSOR STATION,IN SERVICE,MARION,41047,USA,45.016104766,-122.839781206,486210,PIPELINE TRANSPORTATION OF NATURAL GAS,"EPA ENVIROFACTS, FERC FORM 2, CORPORATE WEBSITE",2015/09/14 00:00:00+00,IMAGERY/OTHER,2016/03/14 00:00:00+00,http://www.northwest.williams.com/,NORTHWEST PIPELINE GP,37,NORTHWEST PIPELINE GP,WITHIN 40 FEET,1,3550,5612324,14117,40509,7110,111,1,2012/02/29 00:00:00+00,0,0
-88.188323,30.394751,1098,1098,GCOMP756,GNGS #410,6310 ROCK RD (COUNTY HWY 10),CODEN,AL,36523,NOT AVAILABLE,NATURAL GAS COMPRESSOR STATION,IN SERVICE,MOBILE,01097,USA,30.394751,-88.188323,486210,PIPELINE TRANSPORTATION OF NATURAL GAS,"FERC FORM 2, INDUSTRY WEBSITE",2015/10/06 00:00:00+00,IMAGERY/OTHER,2016/03/14 00:00:00+00,http://gulfstreamgas.files.wordpress.com/,"GULFSTREAM NATURAL GAS SYSTEM, L.L.C.",63,"GULFSTREAM NATURAL GAS SYSTEM, L.L.C.",WITHIN 40 FEET,4,128688,203700111,16597792,0,5070716,22470,3,2012/01/05 00:00:00+00,0,0
-87.668876,37.671367,1099,1099,GCOMP757,DIXIE FIELD,6321 HIGHWAY 145,CORYDON,KY,42406,NOT AVAILABLE,NATURAL GAS COMPRESSOR STATION,IN SERVICE,HENDERSON,21101,USA,37.671367,-87.668876,486210,PIPELINE TRANSPORTATION OF NATURAL GAS,"EPA ENVIROFACTS, FERC FORM 2, CORPORATE WEBSITE",2015/08/27 00:00:00+00,IMAGERY/OTHER,2016/03/14 00:00:00+00,http://infopost.bwpmlp.com/,"TEXAS GAS TRANSMISSION, LLC",18,"TEXAS GAS TRANSMISSION, LLC",WITHIN 40 FEET,3,1800,3801393,112139,479773,40670,2587,3,2012/01/13 00:00:00+00,0,0
-84.5404,44.9119000000001,1100,1100,GCOMP758,SOUTH CHESTER,6327 OLD STATE ROAD,JOHANNESBURG,MI,49751,9564,NATURAL GAS COMPRESSOR STATION,IN SERVICE,OTSEGO,26137,USA,44.9119,-84.5404,486210,PIPELINE TRANSPORTATION OF NATURAL GAS,"EPA ENVIROFACTS, FERC FORM 2, CORPORATE WEBSITE",2015/10/21 00:00:00+00,IMAGERY/OTHER,2016/03/14 00:00:00+00,http://anrebb.transcanada.com/,ANR PIPELINE COMPANY,48,ANR PIPELINE COMPANY,WITHIN 40 FEET,2,7200,20557294,99194,973593,48344,1243,2,2012/04/14 00:00:00+00,0,0
-84.3594869999999,41.349885,1101,1101,GCOMP759,DEFIANCE,6357 STATE ROUTE 66,DEFIANCE,OH,43512,6714,NATURAL GAS COMPRESSOR STATION,IN SERVICE,DEFIANCE,39039,USA,41.349885,-84.359487,486210,PIPELINE TRANSPORTATION OF NATURAL GAS,"EPA ENVIROFACTS, FERC FORM 2, CORPORATE WEBSITE",2015/10/27 00:00:00+00,IMAGERY/OTHER,2016/03/14 00:00:00+00,http://anrebb.transcanada.com/,ANR PIPELINE COMPANY,48,ANR PIPELINE COMPANY,WITHIN 40 FEET,10,36963,30915058,2565783,1260296,969419,43157,3,2012/06/05 00:00:00+00,0,0
-106.206526,41.6069350000001,1102,1102,GCOMP76,572 ARLINGTON,1108 WY-13,ROCK RIVER,WY,82083,NOT AVAILABLE,NATURAL GAS COMPRESSOR STATION,IN SERVICE,CARBON,56007,USA,41.606935,-106.206526,486210,PIPELINE TRANSPORTATION OF NATURAL GAS,"FERC FORM 2, IMAGERY",2015/09/09 00:00:00+00,IMAGERY/OTHER,2016/03/14 00:00:00+00,https://csi.sscgp.com/,"SOUTHERN STAR CENTRAL GAS PIPELINE, INC.",43,"SOUTHERN STAR CENTRAL GAS PIPELINE, INC.",WITHIN 40 FEET,1,3950,3816601,97007,153432,38003,1170,1,2012/07/28 00:00:00+00,0,0
-94.8252687409999,29.8164161240001,1103,1103,GCOMP760,MT. BELVIEU,6371 S FM-565,BAYTOWN,TX,77520,NOT AVAILABLE,NATURAL GAS COMPRESSOR STATION,IN SERVICE,CHAMBERS,48071,USA,29.816416124,-94.825268741,486210,PIPELINE TRANSPORTATION OF NATURAL GAS,"EPA ENVIROFACTS, FERC FORM 2, CORPORATE WEBSITE",2015/09/01 00:00:00+00,IMAGERY/OTHER,2016/03/14 00:00:00+00,http://www.spectraenergy.com/,"TEXAS EASTERN TRANSMISSION, LP",17,"TEXAS EASTERN TRANSMISSION, LP",WITHIN 40 FEET,5,10250,13727045,18,0,7,0,0,1970/01/01 00:00:00+00,45775,54622
-82.590094,38.074643,1104,1104,GCOMP761,WALBRIDGE,638 HIGHWAY 1690,LOUISA,KY,41230,NOT AVAILABLE,NATURAL GAS COMPRESSOR STATION,IN SERVICE,LAWRENCE,21127,USA,38.074643,-82.590094,486210,PIPELINE TRANSPORTATION OF NATURAL GAS,"EPA ENVIROFACTS, FERC FORM 2, CORPORATE WEBSITE",2015/09/28 00:00:00+00,IMAGERY/OTHER,2016/03/14 00:00:00+00,http://www.columbiapipeinfo.com/,"COLUMBIA GAS TRANSMISSION,LLC",21,"COLUMBIA GAS TRANSMISSION,LLC",WITHIN 40 FEET,1,500,626428,5802,75112,2327,5917,1,2012/03/22 00:00:00+00,2399,-999
-118.843891715,46.053148789,1105,1105,GCOMP762,#8- WALLULA,638 LAMBDIN ROAD,WALLULA,WA,99360,NOT AVAILABLE,NATURAL GAS COMPRESSOR STATION,IN SERVICE,WALLA WALLA,53071,USA,46.053148789,-118.843891715,486210,PIPELINE TRANSPORTATION OF NATURAL GAS,"EPA ENVIROFACTS, FERC FORM 2, CORPORATE WEBSITE",2015/09/18 00:00:00+00,IMAGERY/OTHER,2016/03/14 00:00:00+00,http://www.gastransmissionnw.com/,GAS TRANSMISSION NORTHWEST LLC,86,GAS TRANSMISSION NORTHWEST LLC,WITHIN 40 FEET,3,51600,67545080,4546908,254009,1665534,11724,2,2012/03/02 00:00:00+00,0,0
-104.516904,33.5101710000001,1106,1106,GCOMP763,KEYSTONE,6381 N MAIN ST,ROSWELL,NM,88201,9485,NATURAL GAS COMPRESSOR STATION,IN SERVICE,CHAVES,35005,USA,33.510171,-104.516904,486210,PIPELINE TRANSPORTATION OF NATURAL GAS,"EPA ENVIROFACTS, FERC FORM 2, CORPORATE WEBSITE",2015/08/24 00:00:00+00,IMAGERY/OTHER,2016/03/14 00:00:00+00,http://twtransfer.energytransfer.com/,"TRANSWESTERN PIPELINE COMPANY, LLC",42,"TRANSWESTERN PIPELINE COMPANY, LLC",WITHIN 40 FEET,3,2860,3075973,29571,291231,10339,1525,2,2012/07/19 00:00:00+00,0,0
-80.7833400219999,39.731132379,1107,1107,GCOMP764,BURCH RIDGE,6411 BURCH RIDGE RD,PROCTOR,WV,26055,NOT AVAILABLE,NATURAL GAS COMPRESSOR STATION,IN SERVICE,MARSHALL,54051,USA,39.731132379,-80.783340022,486210,PIPELINE TRANSPORTATION OF NATURAL GAS,"EPA ENVIROFACTS, FERC FORM 2, CORPORATE WEBSITE, IMAGERY",2015/09/25 00:00:00+00,IMAGERY/OTHER,2016/03/14 00:00:00+00,http://escript.dom.com/,"DOMINION TRANSMISSION, INC.",22,"DOMINION TRANSMISSION, INC.",WITHIN 40 FEET,1,6130,24684138,206197,193466,56403,1269,1,2012/09/19 00:00:00+00,0,0
-102.687149,40.2198320000001,1108,1108,GCOMP765,YUMA,"6418 COUNTY RD 45; NE SEC 24 T3N R48W",YUMA,CO,80759,NOT AVAILABLE,NATURAL GAS COMPRESSOR STATION,IN SERVICE,YUMA,08125,USA,40.219832,-102.687149,486210,PIPELINE TRANSPORTATION OF NATURAL GAS,"EPA ENVIROFACTS, FERC FORM 2, CORPORATE WEBSITE, IMAGERY",2015/10/27 00:00:00+00,IMAGERY/OTHER,2016/03/14 00:00:00+00,http://ebb.cigco.com/,WILLIAMS NATURAL GAS COMPANY,63,WILLIAMS NATURAL GAS COMPANY,WITHIN 40 FEET,2,2000,11902083,0,173569,0,17479,2,2012/07/16 00:00:00+00,554096,9165600
-86.720295,32.670019,1109,1109,GCOMP766,NO. 100 BILLINGSLEY,"642 COUNTY ROAD 62; (4521 CHILTON ROAD)",BILLINGSLEY,AL,36006,NOT AVAILABLE,NATURAL GAS COMPRESSOR STATION,IN SERVICE,AUTAUGA,01021,USA,32.670019,-86.720295,486210,PIPELINE TRANSPORTATION OF NATURAL GAS,"EPA ENVIROFACTS, FERC FORM 2, CORPORATE WEBSITE",2015/08/25 00:00:00+00,IMAGERY/OTHER,2016/03/14 00:00:00+00,http://www.1line.williams.com/,"TRANSCONTINENTAL GAS PIPE LINE COMPANY, LLC",29,"TRANSCONTINENTAL GAS PIPE LINE COMPANY, LLC",WITHIN 40 FEET,7,91880,84346644,4162580,3326513,1499082,22398,6,2013/02/20 00:00:00+00,14283742,214086529
-89.9351311349999,30.3703479760001,1110,1110,GCOMP767,LACOMBE,64298 FISH HATCHERY ROAD,LACOMBE,LA,70445,4912,NATURAL GAS COMPRESSOR STATION,IN SERVICE,SAINT TAMMANY,22103,USA,30.370347976,-89.935131135,486210,PIPELINE TRANSPORTATION OF NATURAL GAS,"EPA ENVIROFACTS, FERC FORM 2, CORPORATE WEBSITE",2015/09/10 00:00:00+00,IMAGERY/OTHER,2016/03/14 00:00:00+00,http://ixsnp.sonetpremier.com/,"SOUTHERN NATURAL GAS COMPANY, L.L.C.",7,"SOUTHERN NATURAL GAS COMPANY, L.L.C.",WITHIN 40 FEET,1,10350,14352720,114,60265,43,0,0,2012/12/31 00:00:00+00,0,0
-105.617189879,42.787932106,1111,1111,GCOMP768,DOUGLAS,65 NATURAL BRIDGE RD,DOUGLAS,WY,82633,NOT AVAILABLE,NATURAL GAS COMPRESSOR STATION,IN SERVICE,CONVERSE,56009,USA,42.787932106,-105.617189879,486210,PIPELINE TRANSPORTATION OF NATURAL GAS,"EPA ENVIROFACTS, FERC FORM 2, CORPORATE WEBSITE",2015/08/14 00:00:00+00,IMAGERY/OTHER,2016/03/14 00:00:00+00,http://ebb.cigco.com/,"WYOMING INTERSTATE COMPANY, L.L.C.",76,"WYOMING INTERSTATE COMPANY, L.L.C.",WITHIN 40 FEET,4,45648,62698653,2693764,1641511,1049729,24394,1,2012/05/13 00:00:00+00,0,0
-80.329941,35.879781,1112,1112,GCOMP769,NO. 155 LEXINGTON,650 BECKY HILL RD.,LEXINGTON,NC,27295,NOT AVAILABLE,NATURAL GAS COMPRESSOR STATION,IN SERVICE,DAVIDSON,37057,USA,35.879781,-80.329941,486210,PIPELINE TRANSPORTATION OF NATURAL GAS,"EPA ENVIROFACTS, FERC FORM 2, CORPORATE WEBSITE",2015/08/25 00:00:00+00,IMAGERY/OTHER,2016/03/14 00:00:00+00,http://www.1line.williams.com/,"TRANSCONTINENTAL GAS PIPE LINE COMPANY, LLC",29,"TRANSCONTINENTAL GAS PIPE LINE COMPANY, LLC",WITHIN 40 FEET,6,22300,35256492,78272,1456620,28114,567,3,2012/09/12 00:00:00+00,0,0
-81.410907,35.1708770000001,1113,1113,GCOMP77,NO. 145 GROVER,111 TRANSCO RD.,GROVER,NC,28073,NOT AVAILABLE,NATURAL GAS COMPRESSOR STATION,IN SERVICE,CLEVELAND,37045,USA,35.170877,-81.410907,486210,PIPELINE TRANSPORTATION OF NATURAL GAS,"EPA ENVIROFACTS, FERC FORM 2, CORPORATE WEBSITE",2015/08/25 00:00:00+00,IMAGERY/OTHER,2016/03/14 00:00:00+00,http://www.1line.williams.com/,"TRANSCONTINENTAL GAS PIPE LINE COMPANY, LLC",29,"TRANSCONTINENTAL GAS PIPE LINE COMPANY, LLC",WITHIN 40 FEET,3,37500,14862549,7890,3133884,724,6276,3,2013/01/27 00:00:00+00,2432957,56965429
-96.434691899,33.6878654940001,1114,1114,GCOMP770,SHERMAN,650 SEVEN HILLS RD,DENISON,TX,75021,NOT AVAILABLE,NATURAL GAS COMPRESSOR STATION,IN SERVICE,GRAYSON,48181,USA,33.687865494,-96.434691899,486210,PIPELINE TRANSPORTATION OF NATURAL GAS,"EPA ENVIROFACTS, FERC FORM 2, CORPORATE WEBSITE",2015/09/17 00:00:00+00,IMAGERY/OTHER,2016/03/14 00:00:00+00,http://infopost.bwpmlp.com/,GULF CROSSING PIPELINE COMPANY LLC,575,GULF CROSSING PIPELINE COMPANY LLC,WITHIN 40 FEET,3,25339,64163784,2063654,512577,745150,11944,3,2012/09/17 00:00:00+00,0,0
-104.798156,40.9537740000001,1115,1115,GCOMP771,CHEYENNE,65000 COUNTY RD 29 (US-85),CARR,CO,80612,NOT AVAILABLE,NATURAL GAS COMPRESSOR STATION,IN SERVICE,WELD,08123,USA,40.953774,-104.798156,486210,PIPELINE TRANSPORTATION OF NATURAL GAS,"EPA ENVIROFACTS, FERC FORM 2, CORPORATE WEBSITE",2015/10/19 00:00:00+00,IMAGERY/OTHER,2016/03/14 00:00:00+00,https://www.epa.gov/Enviro,"COLORADO INTERSTATE GAS COMPANY, L.L.C.",32,"COLORADO INTERSTATE GAS COMPANY, L.L.C.",WITHIN 40 FEET,7,22630,38394548,729736,995123,279812,16655,3,2012/09/08 00:00:00+00,0,0
-104.802017,40.953293,1116,1116,GCOMP772,CHEYENNE,65018 US-85,CARR,CO,80612,NOT AVAILABLE,NATURAL GAS COMPRESSOR STATION,IN SERVICE,WELD,08123,USA,40.953293,-104.802017,486210,PIPELINE TRANSPORTATION OF NATURAL GAS,"EPA ENVIROFACTS, FERC FORM 2, CORPORATE WEBSITE",2015/08/14 00:00:00+00,IMAGERY/OTHER,2016/03/14 00:00:00+00,http://ebb.cigco.com/,"WYOMING INTERSTATE COMPANY, L.L.C.",76,"WYOMING INTERSTATE COMPANY, L.L.C.",WITHIN 40 FEET,4,10800,26196798,578041,492176,230008,12983,1,2012/03/19 00:00:00+00,0,0
-120.167384842,45.800737165,1117,1117,GCOMP773,ROOSEVELT,"652 SIXPRONG RD; ROOSEVELT GRADE RD",BICKLETON,WA,99322,NOT AVAILABLE,NATURAL GAS COMPRESSOR STATION,IN SERVICE,KLICKITAT,53039,USA,45.800737165,-120.167384842,486210,PIPELINE TRANSPORTATION OF NATURAL GAS,"FERC FORM 2, IMAGERY",2015/09/14 00:00:00+00,IMAGERY/OTHER,2016/03/14 00:00:00+00,http://www.northwest.williams.com/,NORTHWEST PIPELINE GP,37,NORTHWEST PIPELINE GP,WITHIN 40 FEET,3,19470,28501782,1031308,201609,355036,5350,2,2012/01/30 00:00:00+00,0,0
-91.4995532789999,35.345581215,1118,1118,GCOMP774,BALD KNOB,655 TAYLOR ROAD,BALD KNOB,AR,72010,NOT AVAILABLE,NATURAL GAS COMPRESSOR STATION,IN SERVICE,WHITE,05145,USA,35.345581215,-91.499553279,486210,PIPELINE TRANSPORTATION OF NATURAL GAS,"FERC FORM 2, CORPORATE WEBSITE",2015/08/28 00:00:00+00,IMAGERY/OTHER,2016/03/14 00:00:00+00,http://infopost.bwpmlp.com/,"TEXAS GAS TRANSMISSION, LLC",18,"TEXAS GAS TRANSMISSION, LLC",WITHIN 40 FEET,2,26660,41017334,2913022,3221085,1076775,9327,2,2012/04/24 00:00:00+00,0,0
-104.799968714,40.951640566,1119,1119,GCOMP775,ROCKPORT,65537 HIGHWAY 85,CARR,CO,80612,NOT AVAILABLE,NATURAL GAS COMPRESSOR STATION,IN SERVICE,WELD,08123,USA,40.951640566,-104.799968714,486210,PIPELINE TRANSPORTATION OF NATURAL GAS,"FERC FORM 2, CORPORATE WEBSITE",2015/09/30 00:00:00+00,IMAGERY/OTHER,2016/03/14 00:00:00+00,http://pipeline.tallgrassenergylp.com/,TALLGRASS INTERSTATE GAS TRANSMISSION LLC,53,TALLGRASS INTERSTATE GAS TRANSMISSION LLC,WITHIN 40 FEET,2,3096,8340145,0,0,367,5,1,2012/05/02 00:00:00+00,0,0
-104.796943,40.949487,1120,1120,GCOMP776,R28214005 AT CHEYENNE,65537 US-85,CARR,CO,80612,NOT AVAILABLE,NATURAL GAS COMPRESSOR STATION,IN SERVICE,WELD,08123,USA,40.949487,-104.796943,486210,PIPELINE TRANSPORTATION OF NATURAL GAS,"EPA ENVIROFACTS, FERC FORM 2, CORPORATE WEBSITE",2015/09/11 00:00:00+00,IMAGERY/OTHER,2016/03/14 00:00:00+00,http://www.tallgrassenergylp.com/,ROCKIES EXPRESS PIPELINE LLC,575,ROCKIES EXPRESS PIPELINE LLC,WITHIN 40 FEET,2,35000,37391762,0,0,0,17451,2,2012/03/16 00:00:00+00,-999,125080150
-81.465028,40.2866550000001,1121,1121,GCOMP777,GILMORE,656 GRAVEL LICK RD SW TC 5,GILMORE,OH,43837,NOT AVAILABLE,NATURAL GAS COMPRESSOR STATION,IN SERVICE,TUSCARAWAS,39157,USA,40.286655,-81.465028,486210,PIPELINE TRANSPORTATION OF NATURAL GAS,"EPA ENVIROFACTS, FERC FORM 2, CORPORATE WEBSITE",2015/09/24 00:00:00+00,IMAGERY/OTHER,2016/03/14 00:00:00+00,http://escript.dom.com/,"DOMINION TRANSMISSION, INC.",22,"DOMINION TRANSMISSION, INC.",WITHIN 40 FEET,6,13600,20871823,75482,1383592,34272,2424,3,2012/04/29 00:00:00+00,0,0
-104.796732,40.9542970000001,1122,1122,GCOMP778,CHEYENNE,65657 HWY 85 NE OFCARR,CARR,CO,80612,NOT AVAILABLE,NATURAL GAS COMPRESSOR STATION,IN SERVICE,WELD,08123,USA,40.954297,-104.796732,486210,PIPELINE TRANSPORTATION OF NATURAL GAS,"EPA ENVIROFACTS, FERC FORM 2, CORPORATE WEBSITE, IMAGERY",2015/10/26 00:00:00+00,IMAGERY/OTHER,2016/03/14 00:00:00+00,http://ebb.cigco.com/,"CHEYENNE PLAINS GAS PIPELINE COMPANY, LLC",63,"CHEYENNE PLAINS GAS PIPELINE COMPANY, LLC",WITHIN 40 FEET,3,30900,37012881,1497949,301624,573567,10649,1,2012/05/24 00:00:00+00,0,0
-80.123448434,39.919754271,1123,1123,GCOMP779,CRAYNE,657 JEFFERSON RD,WAYNESBURG,PA,15370,NOT AVAILABLE,NATURAL GAS COMPRESSOR STATION,IN SERVICE,GREENE,42059,USA,39.919754271,-80.123448434,486210,PIPELINE TRANSPORTATION OF NATURAL GAS,"EPA ENVIROFACTS, FERC FORM 2, CORPORATE WEBSITE",2015/09/25 00:00:00+00,IMAGERY/OTHER,2016/03/14 00:00:00+00,http://escript.dom.com/,"DOMINION TRANSMISSION, INC.",22,"DOMINION TRANSMISSION, INC.",WITHIN 40 FEET,2,15600,18833192,1019367,907041,339282,5920,2,2012/12/29 00:00:00+00,0,0
-107.404675021,35.016416947,1124,1124,GCOMP78,STATION 6,"111 LAGUNA TRIBAL SHOP RD; 2 MI S OF I-40",CASA BLANCA,NM,87007,NOT AVAILABLE,NATURAL GAS COMPRESSOR STATION,IN SERVICE,CIBOLA,35006,USA,35.016416947,-107.404675021,486210,PIPELINE TRANSPORTATION OF NATURAL GAS,"EPA ENVIROFACTS, FERC FORM 2, CORPORATE WEBSITE",2015/08/21 00:00:00+00,IMAGERY/OTHER,2016/03/14 00:00:00+00,http://twtransfer.energytransfer.com/,"TRANSWESTERN PIPELINE COMPANY, LLC",42,"TRANSWESTERN PIPELINE COMPANY, LLC",WITHIN 40 FEET,3,12000,23384133,303575,1033342,101916,4912,1,2012/10/12 00:00:00+00,0,0
-92.973939872,45.5556809760001,1125,1125,GCOMP780,NORTH BRANCH,6579 420TH STREET,NORTH BRANCH,MN,55056,NOT AVAILABLE,NATURAL GAS COMPRESSOR STATION,IN SERVICE,CHISAGO,27025,USA,45.555680976,-92.973939872,486210,PIPELINE TRANSPORTATION OF NATURAL GAS,"EPA ENVIROFACTS, FERC FORM 2, CORPORATE WEBSITE",2015/09/15 00:00:00+00,IMAGERY/OTHER,2016/03/14 00:00:00+00,http://www.northernnaturalgas.com/,NORTHERN NATURAL GAS COMPANY,59,NORTHERN NATURAL GAS COMPANY,WITHIN 40 FEET,4,8000,11968502,497395,1124279,177696,12601,4,2012/11/16 00:00:00+00,71942,702600
-86.6579139999999,41.2060230000001,1126,1126,GCOMP781,INDIANA - NORTH JUDSON - STARKE COUNTY,6580 S 200 E,KNOX,IN,46534,NOT AVAILABLE,NATURAL GAS COMPRESSOR STATION,IN SERVICE,STARKE,18149,USA,41.206023,-86.657914,486210,PIPELINE TRANSPORTATION OF NATURAL GAS,"EPA ENVIROFACTS, FERC FORM 2, CORPORATE WEBSITE",2015/08/20 00:00:00+00,IMAGERY/OTHER,2016/03/14 00:00:00+00,http://feptransfer.energytransfer.com/,"TRUNKLINE GAS COMPANY, LLC",30,"TRUNKLINE GAS COMPANY, LLC",WITHIN 40 FEET,4,8700,7208007,1319082,583943,490352,27382,4,2012/04/07 00:00:00+00,0,0
-85.4491,33.640118,1127,1127,GCOMP782,BELL MILLS,661 COUNTY ROAD 60,HEFLAN,AL,36264,NOT AVAILABLE,NATURAL GAS COMPRESSOR STATION,IN SERVICE,CLEBURNE,01029,USA,33.640118,-85.4491,486210,PIPELINE TRANSPORTATION OF NATURAL GAS,"FERC FORM 2, IMAGERY",2015/09/10 00:00:00+00,IMAGERY/OTHER,2016/03/14 00:00:00+00,http://ixsnp.sonetpremier.com/,"SOUTHERN NATURAL GAS COMPANY, L.L.C.",7,"SOUTHERN NATURAL GAS COMPANY, L.L.C.",WITHIN 40 FEET,4,4815,9835649,578191,707723,210764,19986,4,2012/01/03 00:00:00+00,0,0
-88.5812749999999,41.6229500000001,1128,1128,GCOMP783,SANDWICH,6650 SANDY BLUFF RD,SANDWICH,IL,60548,7025,NATURAL GAS COMPRESSOR STATION,IN SERVICE,KENDALL,17093,USA,41.62295,-88.581275,486210,PIPELINE TRANSPORTATION OF NATURAL GAS,"EPA ENVIROFACTS, FERC FORM 2, CORPORATE WEBSITE",2015/10/21 00:00:00+00,IMAGERY/OTHER,2016/03/14 00:00:00+00,http://anrebb.transcanada.com/,ANR PIPELINE COMPANY,48,ANR PIPELINE COMPANY,WITHIN 40 FEET,5,22190,33951001,1123961,1750831,422626,9189,3,2012/03/29 00:00:00+00,0,0
-102.686920788,40.218886001,1129,1129,GCOMP784,575 YUMA,6651 COUNTY ROAD 45,YUMA,CO,80759,NOT AVAILABLE,NATURAL GAS COMPRESSOR STATION,IN SERVICE,YUMA,08125,USA,40.218886001,-102.686920788,486210,PIPELINE TRANSPORTATION OF NATURAL GAS,"EPA ENVIROFACTS, FERC FORM 2, CORPORATE WEBSITE",2015/09/09 00:00:00+00,IMAGERY/OTHER,2016/03/14 00:00:00+00,https://csi.sscgp.com/,"SOUTHERN STAR CENTRAL GAS PIPELINE, INC.",43,"SOUTHERN STAR CENTRAL GAS PIPELINE, INC.",WITHIN 40 FEET,1,2400,4692808,254461,131651,100027,5719,1,2012/06/03 00:00:00+00,0,0
-86.7674880719999,33.5935976370001,1130,1130,GCOMP785,TARRANT,666 SPRINGDALE RD,TARRANT,AL,35217,2040,NATURAL GAS COMPRESSOR STATION,IN SERVICE,JEFFERSON,01073,USA,33.593597637,-86.767488072,486210,PIPELINE TRANSPORTATION OF NATURAL GAS,"EPA ENVIROFACTS, FERC FORM 2, CORPORATE WEBSITE",2015/09/10 00:00:00+00,IMAGERY/OTHER,2016/03/14 00:00:00+00,http://ixsnp.sonetpremier.com/,"SOUTHERN NATURAL GAS COMPANY, L.L.C.",7,"SOUTHERN NATURAL GAS COMPANY, L.L.C.",WITHIN 40 FEET,8,12050,22023448,948659,1522032,338651,26397,5,2012/10/28 00:00:00+00,0,0
-112.091252878,42.6304185380001,1131,1131,GCOMP786,LAVA HOT SPRINGS,6680 E. OLD OREGON ROAD,LAVA HOT SPRINGS,ID,83246,NOT AVAILABLE,NATURAL GAS COMPRESSOR STATION,IN SERVICE,BANNOCK,16005,USA,42.630418538,-112.091252878,486210,PIPELINE TRANSPORTATION OF NATURAL GAS,"EPA ENVIROFACTS, FERC FORM 2, CORPORATE WEBSITE",2015/09/14 00:00:00+00,IMAGERY/OTHER,2016/03/14 00:00:00+00,http://www.northwest.williams.com/,NORTHWEST PIPELINE GP,37,NORTHWEST PIPELINE GP,WITHIN 40 FEET,2,8807,15782304,611577,115896,226035,5720,2,2012/01/16 00:00:00+00,0,0
-77.725033396,40.8815733600001,1132,1132,GCOMP787,CENTRE,670 WITHERITE RD PLEASANT,GAP,PA,16823,NOT AVAILABLE,NATURAL GAS COMPRESSOR STATION,IN SERVICE,LANCASTER,42027,USA,40.88157336,-77.725033396,486210,PIPELINE TRANSPORTATION OF NATURAL GAS,"EPA ENVIROFACTS, FERC FORM 2, CORPORATE WEBSITE",2015/09/25 00:00:00+00,IMAGERY/OTHER,2016/03/14 00:00:00+00,http://escript.dom.com/,"DOMINION TRANSMISSION, INC.",22,"DOMINION TRANSMISSION, INC.",WITHIN 40 FEET,2,12400,22808734,53363,317390,18225,334,1,2012/12/22 00:00:00+00,0,0
-77.927095,41.991832,1133,1133,GCOMP788,STATE LINE,671 ODONNELL ROAD,GENESEE,PA,16923,NOT AVAILABLE,NATURAL GAS COMPRESSOR STATION,IN SERVICE,POTTER,42105,USA,41.991832,-77.927095,486210,PIPELINE TRANSPORTATION OF NATURAL GAS,"EPA ENVIROFACTS, FERC FORM 2, CORPORATE WEBSITE",2015/09/24 00:00:00+00,IMAGERY/OTHER,2016/03/14 00:00:00+00,http://escript.dom.com/,"DOMINION TRANSMISSION, INC.",22,"DOMINION TRANSMISSION, INC.",WITHIN 40 FEET,4,4650,18012015,34382,595322,12151,35,1,2012/01/02 00:00:00+00,0,0
-108.773530669,40.0460547320001,1134,1134,GCOMP789,RANGELY,"67221 CO-139; SEC 5 T2S R96W",RANGELY,CO,81648,NOT AVAILABLE,NATURAL GAS COMPRESSOR STATION,IN SERVICE,RIO BLANCO,08103,USA,40.046054732,-108.773530669,486210,PIPELINE TRANSPORTATION OF NATURAL GAS,"EPA ENVIROFACTS, FERC FORM 2, CORPORATE WEBSITE",2015/09/14 00:00:00+00,IMAGERY/OTHER,2016/03/14 00:00:00+00,http://www.northwest.williams.com/,NORTHWEST PIPELINE GP,37,NORTHWEST PIPELINE GP,WITHIN 40 FEET,4,8000,12193604,382646,705607,134892,12791,3,2012/04/14 00:00:00+00,0,0
-108.076461363,38.5333620490001,1135,1135,GCOMP79,OLATHE,11100 TRANSFER RD,OLATHE,CO,81425,NOT AVAILABLE,NATURAL GAS COMPRESSOR STATION,IN SERVICE,MONTROSE,08085,USA,38.533362049,-108.076461363,486210,PIPELINE TRANSPORTATION OF NATURAL GAS,"FERC FROM 2, U.S. FEDERAL REGISTER. IMAGERY",2015/08/17 00:00:00+00,IMAGERY/OTHER,2016/03/14 00:00:00+00,http://pipeline2.kindermorgan.com/,TRANSCOLORADO GAS TRANSMISSION COMPANY LLC,63,TRANSCOLORADO GAS TRANSMISSION COMPANY LLC,WITHIN 40 FEET,1,3873,17859710,0,0,86466,2102,1,2012/07/08 00:00:00+00,0,0
-97.406320398,35.722541719,1136,1136,GCOMP790,535 EDMOND,6724 N AIR DEPOT BLVD,EDMOND,OK,73034,NOT AVAILABLE,NATURAL GAS COMPRESSOR STATION,IN SERVICE,OKLAHOMA,40109,USA,35.722541719,-97.406320398,486210,PIPELINE TRANSPORTATION OF NATURAL GAS,"EPA ENVIROFACTS, FERC FORM 2, CORPORATE WEBSITE",2015/09/10 00:00:00+00,IMAGERY/OTHER,2016/03/14 00:00:00+00,https://csi.sscgp.com/,"SOUTHERN STAR CENTRAL GAS PIPELINE, INC.",43,"SOUTHERN STAR CENTRAL GAS PIPELINE, INC.",WITHIN 40 FEET,3,4050,3744375,385428,408262,145157,15246,3,2012/06/21 00:00:00+00,0,0
-97.799806217,39.366828013,1137,1137,GCOMP791,STATION 105 - GLASCO,673 DEER RD,GLASCO,KS,67445,NOT AVAILABLE,NATURAL GAS COMPRESSOR STATION,IN SERVICE,CLOUD,20029,USA,39.366828013,-97.799806217,486210,PIPELINE TRANSPORTATION OF NATURAL GAS,"EPA ENVIROFACTS, FERC FORM 2, CORPORATE WEBSITE",2015/09/16 00:00:00+00,IMAGERY/OTHER,2016/03/14 00:00:00+00,http://www.kindermorgan.com/,NATURAL GAS PIPELINE COMPANY OF AMERICA LLC,26,NATURAL GAS PIPELINE COMPANY OF AMERICA LLC,WITHIN 40 FEET,3,17100,15192189,0,0,422383,11432,3,1970/01/01 00:00:00+00,0,0
-85.63165,43.6276500000001,1138,1138,GCOMP792,GOODWELL,6759 E 5 MILE RD,WHITE CLOUD,MI,49349,NOT AVAILABLE,NATURAL GAS COMPRESSOR STATION,IN SERVICE,NEWAYGO,26123,USA,43.62765,-85.63165,486210,PIPELINE TRANSPORTATION OF NATURAL GAS,"EPA ENVIROFACTS, FERC FORM 2, CORPORATE WEBSITE",2015/10/21 00:00:00+00,IMAGERY/OTHER,2016/03/14 00:00:00+00,http://anrebb.transcanada.com/,ANR PIPELINE COMPANY,48,ANR PIPELINE COMPANY,WITHIN 40 FEET,2,15000,26881615,347512,96456,144190,2109,2,2012/02/29 00:00:00+00,0,0
-80.151936937,26.6956510000001,1139,1139,GCOMP793,STATION 21,6789 BELVEDERE RD.,WEST PALM BEACH,FL,33413,NOT AVAILABLE,NATURAL GAS COMPRESSOR STATION,IN SERVICE,PALM BEACH,12099,USA,26.695651,-80.151936937,486210,PIPELINE TRANSPORTATION OF NATURAL GAS,"EPA ENVIROFACTS, FERC FORM 2, CORPORATE WEBSITE",2015/09/18 00:00:00+00,IMAGERY/OTHER,2016/03/14 00:00:00+00,http://fgttransfer.energytransfer.com/,"FLORIDA GAS TRANSMISSION COMPANY, LLC",34,"FLORIDA GAS TRANSMISSION COMPANY, LLC",WITHIN 40 FEET,2,13000,18046764,420153,545782,147538,3189,1,2012/01/03 00:00:00+00,0,0
-73.3733881109999,41.433573084,1140,1140,GCOMP794,BROOKFIELD,68 HIGH MEADOW RD,BROOKFIELD,CT,06804,NOT AVAILABLE,NATURAL GAS COMPRESSOR STATION,IN SERVICE,BROOKFIELD,09001,USA,41.433573084,-73.373388111,486210,PIPELINE TRANSPORTATION OF NATURAL GAS,"EPA ENVIROFACTS, FERC FORM 2, CORPORATE WEBSITE",2015/09/17 00:00:00+00,IMAGERY/OTHER,2016/03/14 00:00:00+00,http://www.iroquois.com/,IPOC AS AGENT/IROQUOIS GAS TRANS. SYS. L.P.,110,IPOC AS AGENT/IROQUOIS GAS TRANS. SYS. L.P.,WITHIN 40 FEET,2,18010,55458341,0,301858,897573,13894,2,2012/11/01 00:00:00+00,-999,897408
-92.4596854119999,32.323527777,1141,1141,GCOMP795,CHATHAM,"681 LA-146; 2.12 MI NW OF CHATHAM",CHATHAM,LA,71226,NOT AVAILABLE,NATURAL GAS COMPRESSOR STATION,IN SERVICE,JACKSON,22049,USA,32.323527777,-92.459685412,486210,PIPELINE TRANSPORTATION OF NATURAL GAS,"FERC FORM 2, IMAGERY",2015/09/18 00:00:00+00,IMAGERY/OTHER,2016/03/14 00:00:00+00,http://tigertransfer.energytransfer.com/,"ETC TIGER PIPELINE, LLC",63,"ETC TIGER PIPELINE, LLC",WITHIN 40 FEET,7,46925,90799246,54463,873155,17104,217,0,2012/01/06 00:00:00+00,0,0
-79.554188,40.4051930000001,1142,1142,GCOMP796,ROCK SPRINGS,6810 WILLIAM PENN HWY,GREENSBURG,PA,15601,NOT AVAILABLE,NATURAL GAS COMPRESSOR STATION,IN SERVICE,WESTMORELAND,42129,USA,40.405193,-79.554188,486210,PIPELINE TRANSPORTATION OF NATURAL GAS,"FERC FORM 2, IMAGERY",2015/10/14 00:00:00+00,IMAGERY/OTHER,2016/03/14 00:00:00+00,http://escript.dom.com/,"DOMINION TRANSMISSION, INC.",22,"DOMINION TRANSMISSION, INC.",WITHIN 40 FEET,2,4740,21568766,8792,183831,3040,53,2,2012/08/28 00:00:00+00,0,0
-88.4975868349999,30.382513159,1143,1143,GCOMP797,PASCAGOULA,6812 STENNIS BOULEVARD,MOSS POINT,MS,39562,NOT AVAILABLE,NATURAL GAS COMPRESSOR STATION,IN SERVICE,JACKSON,28059,USA,30.382513159,-88.497586835,486210,PIPELINE TRANSPORTATION OF NATURAL GAS,"EPA ENVIROFACTS, FERC FORM 2, CORPORATE WEBSITE",2015/09/25 00:00:00+00,IMAGERY/OTHER,2016/03/14 00:00:00+00,http://www.destin-pipeline.com/,"DESTIN PIPELINE COMPANY, L.L.C.",63,"DESTIN PIPELINE COMPANY, L.L.C.",WITHIN 40 FEET,4,25400,34168463,0,0,322493,8278,1,2012/09/18 00:00:00+00,606039,667680
-79.548935731,40.3972226270001,1144,1144,GCOMP798,OAKFORD,6814 ROUTE 22,DELMONT,PA,15626,NOT AVAILABLE,NATURAL GAS COMPRESSOR STATION,IN SERVICE,WESTMORELAND,42129,USA,40.397222627,-79.548935731,486210,PIPELINE TRANSPORTATION OF NATURAL GAS,"EPA ENVIROFACTS, FERC FORM 2, CORPORATE WEBSITE",2015/09/24 00:00:00+00,IMAGERY/OTHER,2016/03/14 00:00:00+00,http://escript.dom.com/,"DOMINION TRANSMISSION, INC.",22,"DOMINION TRANSMISSION, INC.",WITHIN 1 MILE,15,43800,51751547,706585,4405308,229296,43418,15,2012/01/04 00:00:00+00,0,0
-86.8502769999999,39.75863,1145,1145,GCOMP799,R28354012 AT BAINBRIDGE,6821 N COUNTY ROAD 25 W,BAINBRIDGE,IN,46105,NOT AVAILABLE,NATURAL GAS COMPRESSOR STATION,IN SERVICE,PUTNAM,18133,USA,39.75863,-86.850277,486210,PIPELINE TRANSPORTATION OF NATURAL GAS,"EPA ENVIROFACTS, FERC FORM 2, CORPORATE WEBSITE",2015/09/10 00:00:00+00,IMAGERY/OTHER,2016/03/14 00:00:00+00,http://www.tallgrassenergylp.com/,ROCKIES EXPRESS PIPELINE LLC,575,ROCKIES EXPRESS PIPELINE LLC,WITHIN 40 FEET,2,31654,46722543,0,0,892469,6770,2,2012/04/01 00:00:00+00,0,0
-90.668458,29.236547,1146,1146,GCOMP8,COCODRIE,.86 MILES SW OF COCODRIE,COCODRIE,LA,70344,NOT AVAILABLE,NATURAL GAS COMPRESSOR STATION,IN SERVICE,TERREBONNE,22109,USA,29.236547,-90.668458,486210,PIPELINE TRANSPORTATION OF NATURAL GAS,"FERC FORM 2, IMAGERY",2015/10/07 00:00:00+00,IMAGERY/OTHER,2016/03/14 00:00:00+00,http://infopost.bwpmlp.com/,"GULF SOUTH PIPELINE COMPANY, LP",11,"GULF SOUTH PIPELINE COMPANY, LP",WITHIN 40 FEET,1,3594,1163456,0,0,0,0,0,1970/01/01 00:00:00+00,0,0
-105.557138966,43.3495688960001,1147,1147,GCOMP80,PYTHON,1116 JENNE TRAIL RD,DOUGLAS,WY,82633,NOT AVAILABLE,NATURAL GAS COMPRESSOR STATION,IN SERVICE,CONVERSE,56009,USA,43.349568896,-105.557138966,486210,PIPELINE TRANSPORTATION OF NATURAL GAS,"EPA ENVIROFACTS, FERC FORM 2, CORPORATE WEBSITE",2015/09/17 00:00:00+00,IMAGERY/OTHER,2016/03/14 00:00:00+00,http://www.migc.com/,"MIGC, LLC",47,"MIGC, LLC",WITHIN 40 FEET,1,2225,4051917,0,114000,0,0,0,1970/01/01 00:00:00+00,0,0
-89.054239077,42.7728070680001,1148,1148,GCOMP800,JANESVILLE,6827 CONSOLIDATED SCHOOL ROAD,JANESVILLE,WI,53545,NOT AVAILABLE,NATURAL GAS COMPRESSOR STATION,IN SERVICE,ROCK,55105,USA,42.772807068,-89.054239077,486210,PIPELINE TRANSPORTATION OF NATURAL GAS,"EPA ENVIROFACTS, FERC FORM 2, CORPORATE WEBSITE",2015/10/21 00:00:00+00,IMAGERY/OTHER,2016/03/14 00:00:00+00,http://anrebb.transcanada.com/,ANR PIPELINE COMPANY,48,ANR PIPELINE COMPANY,WITHIN 40 FEET,3,5370,13303057,60611,220696,21599,1321,2,2012/01/19 00:00:00+00,0,0
-84.253475,33.5711590000001,1149,1149,GCOMP801,NO. 120 STOCKBRIDGE,683 VALLEY HILL RD.,STOCKBRIDGE,GA,30281,NOT AVAILABLE,NATURAL GAS COMPRESSOR STATION,IN SERVICE,HENRY,13151,USA,33.571159,-84.253475,486210,PIPELINE TRANSPORTATION OF NATURAL GAS,"EPA ENVIROFACTS, FERC FORM 2, CORPORATE WEBSITE",2015/08/25 00:00:00+00,IMAGERY/OTHER,2016/03/14 00:00:00+00,http://www.1line.williams.com/,"TRANSCONTINENTAL GAS PIPE LINE COMPANY, LLC",29,"TRANSCONTINENTAL GAS PIPE LINE COMPANY, LLC",WITHIN 40 FEET,18,71240,92275815,6622332,3977119,2486976,121428,18,2013/01/25 00:00:00+00,2856439,55365182
-97.8562960149999,39.0557339910001,1150,1150,GCOMP802,TESCOTT,685 N 40TH RD,TESCOTT,KS,67484,NOT AVAILABLE,NATURAL GAS COMPRESSOR STATION,IN SERVICE,OTTAWA,20143,USA,39.055733991,-97.856296015,486210,PIPELINE TRANSPORTATION OF NATURAL GAS,"EPA ENVIROFACTS, FERC FORM 2, CORPORATE WEBSITE",2015/09/15 00:00:00+00,IMAGERY/OTHER,2016/03/14 00:00:00+00,http://www.northernnaturalgas.com/,NORTHERN NATURAL GAS COMPANY,59,NORTHERN NATURAL GAS COMPANY,WITHIN 40 FEET,5,33900,15978274,260366,209596,85188,588,2,2012/01/19 00:00:00+00,37845,418880
-77.8926079999999,41.925818,1151,1151,GCOMP803,ELLISBURG,685 PUMP STATION RD,ELLISBURG,PA,16923,NOT AVAILABLE,NATURAL GAS COMPRESSOR STATION,IN SERVICE,POTTER,42105,USA,41.925818,-77.892608,486210,PIPELINE TRANSPORTATION OF NATURAL GAS,"EPA ENVIROFACTS, FERC FORM 2, CORPORATE WEBSITE",2015/09/25 00:00:00+00,IMAGERY/OTHER,2016/03/14 00:00:00+00,http://escript.dom.com/,"DOMINION TRANSMISSION, INC.",22,"DOMINION TRANSMISSION, INC.",WITHIN 40 FEET,8,18400,15923093,796878,2491929,297318,19024,7,2012/03/20 00:00:00+00,0,0
-86.749734732,36.4453994990001,1152,1152,GCOMP804,RIDGETOP,6851 HALL RD,GREENBRIER,TN,37073,NOT AVAILABLE,NATURAL GAS COMPRESSOR STATION,IN SERVICE,ROBERTSON,47147,USA,36.445399499,-86.749734732,486210,PIPELINE TRANSPORTATION OF NATURAL GAS,"EPA ENVIROFACTS, FERC FORM 2, CORPORATE WEBSITE",2015/09/22 00:00:00+00,IMAGERY/OTHER,2016/03/14 00:00:00+00,http://www.spectraenergy.com/,"EAST TENNESSEE NATURAL GAS, LLC",2,"EAST TENNESSEE NATURAL GAS, LLC",WITHIN 40 FEET,3,3000,3423022,21463,0,6839,858,0,2012/01/03 00:00:00+00,0,0
-81.639380976,40.099552293,1153,1153,GCOMP805,GUERNSEY,68523 MOUNTAIN HERMAN RD.,CAMBRIDGE,OH,43725,NOT AVAILABLE,NATURAL GAS COMPRESSOR STATION,IN SERVICE,GUERNSEY,39059,USA,40.099552293,-81.639380976,486210,PIPELINE TRANSPORTATION OF NATURAL GAS,"EPA ENVIROFACTS, FERC FORM 2, CORPORATE WEBSITE",2015/09/28 00:00:00+00,IMAGERY/OTHER,2016/03/14 00:00:00+00,http://www.columbiapipeinfo.com/,"COLUMBIA GAS TRANSMISSION,LLC",21,"COLUMBIA GAS TRANSMISSION,LLC",WITHIN 40 FEET,2,880,1234237,21017,590462,7436,1607,1,2012/09/20 00:00:00+00,0,0
-104.90808184,40.990478055,1154,1154,GCOMP806,573 CHEYENNE,68604 I-25 ACCESS RD,CARR,CO,80612,NOT AVAILABLE,NATURAL GAS COMPRESSOR STATION,IN SERVICE,WELD,08123,USA,40.990478055,-104.90808184,486210,PIPELINE TRANSPORTATION OF NATURAL GAS,"EPA ENVIROFACTS, FERC FORM 2, CORPORATE WEBSITE",2015/09/09 00:00:00+00,IMAGERY/OTHER,2016/03/14 00:00:00+00,https://csi.sscgp.com/,"SOUTHERN STAR CENTRAL GAS PIPELINE, INC.",43,"SOUTHERN STAR CENTRAL GAS PIPELINE, INC.",WITHIN 40 FEET,1,2400,4229979,417481,370666,159341,8281,1,2012/06/03 00:00:00+00,0,0
-81.702612113,31.212475177,1155,1155,GCOMP807,TRANSMISSION:BROOKMAN,6864 US-82 W,BRUNSWICK,GA,31523,NOT AVAILABLE,NATURAL GAS COMPRESSOR STATION,IN SERVICE,GLYNN,13127,USA,31.212475177,-81.702612113,486210,PIPELINE TRANSPORTATION OF NATURAL GAS,"EPA ENVIROFACTS, FERC FORM 2, CORPORATE WEBSITE",2015/09/10 00:00:00+00,IMAGERY/OTHER,2016/03/14 00:00:00+00,http://ixsnp.sonetpremier.com/,"SOUTHERN NATURAL GAS COMPANY, L.L.C.",7,"SOUTHERN NATURAL GAS COMPANY, L.L.C.",WITHIN 40 FEET,1,10000,20397127,0,311089,0,891,1,2012/04/02 00:00:00+00,145853,2566844
-84.376885,39.4663830000001,1156,1156,GCOMP808,R28374013 AT HAMILTON,688 TODHUNTER RD/SOUTH OF YANKEE RD,HAMILTON,OH,45011,NOT AVAILABLE,NATURAL GAS COMPRESSOR STATION,IN SERVICE,BUTLER,39017,USA,39.466383,-84.376885,486210,PIPELINE TRANSPORTATION OF NATURAL GAS,"FERC FORM 2, CORPORATE WEBSITE",2015/09/30 00:00:00+00,IMAGERY/OTHER,2016/03/14 00:00:00+00,http://www.tallgrassenergylp.com/,ROCKIES EXPRESS PIPELINE LLC,575,ROCKIES EXPRESS PIPELINE LLC,WITHIN 40 FEET,2,35000,53408255,0,0,0,3984,2,2012/03/10 00:00:00+00,-999,48383449
-87.107443749,35.42956229,1157,1157,GCOMP809,MT. PLEASANT,693 PARRISH HOLLOW ROAD,LYNNVILLE,TN,38472,8146,NATURAL GAS COMPRESSOR STATION,IN SERVICE,GILES,47055,USA,35.42956229,-87.107443749,486210,PIPELINE TRANSPORTATION OF NATURAL GAS,"EPA ENVIROFACTS, FERC FORM 2, CORPORATE WEBSITE",2015/09/01 00:00:00+00,IMAGERY/OTHER,2016/03/14 00:00:00+00,http://www.spectraenergy.com/,"TEXAS EASTERN TRANSMISSION, LP",17,"TEXAS EASTERN TRANSMISSION, LP",WITHIN 40 FEET,3,50000,18292328,0,0,0,5728,0,1970/01/01 00:00:00+00,7349786,52813640
-103.284386972,32.69609903,1158,1158,GCOMP81,MONUMENT,11285 W CARLSBAD HWY,HOBBS,NM,88240,NOT AVAILABLE,NATURAL GAS COMPRESSOR STATION,IN SERVICE,LEA,35025,USA,32.69609903,-103.284386972,486210,PIPELINE TRANSPORTATION OF NATURAL GAS,"EPA ENVIROFACTS, FERC FORM 2, CORPORATE WEBSITE",2015/08/24 00:00:00+00,IMAGERY/OTHER,2016/03/14 00:00:00+00,http://twtransfer.energytransfer.com/,"TRANSWESTERN PIPELINE COMPANY, LLC",42,"TRANSWESTERN PIPELINE COMPANY, LLC",WITHIN 40 FEET,2,2200,2558822,0,25778,0,0,0,1970/01/01 00:00:00+00,0,0
-104.175825474,39.6075665290001,1159,1159,GCOMP810,LATIGO,69500 E COUNTY ROAD 38,BYERS,CO,80103,NOT AVAILABLE,NATURAL GAS COMPRESSOR STATION,IN SERVICE,ARAPAHOE,08005,USA,39.607566529,-104.175825474,486210,PIPELINE TRANSPORTATION OF NATURAL GAS,"EPA ENVIROFACTS, FERC FORM 2, CORPORATE WEBSITE",2015/10/19 00:00:00+00,IMAGERY/OTHER,2016/03/14 00:00:00+00,http://ebb.cigco.com/,"COLORADO INTERSTATE GAS COMPANY, L.L.C.",32,"COLORADO INTERSTATE GAS COMPANY, L.L.C.",WITHIN 40 FEET,4,4400,9225915,299666,480011,117340,13784,4,2012/04/29 00:00:00+00,0,0
-103.179208,31.7684780000001,1160,1160,GCOMP811,WINK,6963 COUNTY ROAD 201,WINK,TX,79789,NOT AVAILABLE,NATURAL GAS COMPRESSOR STATION,IN SERVICE,WINKLER,48495,USA,31.768478,-103.179208,486210,PIPELINE TRANSPORTATION OF NATURAL GAS,"EPA ENVIROFACTS, FERC FORM 2, CORPORATE WEBSITE",2015/09/21 00:00:00+00,IMAGERY/OTHER,2016/03/14 00:00:00+00,https://pipeportal.kindermorgan.com/,"EL PASO NATURAL GAS COMPANY, L.L.C.",33,"EL PASO NATURAL GAS COMPANY, L.L.C.",WITHIN 40 FEET,3,23100,23052220,1642069,274027,589349,11897,1,2012/02/04 00:00:00+00,0,0
-81.416560335,38.402159012,1161,1161,GCOMP812,COCO,7 COCO RD.,ELKVIEW,WV,25071,NOT AVAILABLE,NATURAL GAS COMPRESSOR STATION,IN SERVICE,KANAWHA,54039,USA,38.402159012,-81.416560335,486210,PIPELINE TRANSPORTATION OF NATURAL GAS,"EPA ENVIROFACTS, FERC FORM 2, CORPORATE WEBSITE",2015/09/29 00:00:00+00,IMAGERY/OTHER,2016/03/14 00:00:00+00,http://www.columbiapipeinfo.com/,"COLUMBIA GAS TRANSMISSION,LLC",21,"COLUMBIA GAS TRANSMISSION,LLC",WITHIN 40 FEET,7,9500,44519699,498667,1741948,192049,21834,7,2012/04/10 00:00:00+00,0,0
-108.650189747,35.8949417800001,1162,1162,GCOMP813,GALLUP,"7 MI N OF TOHATCHI; RIGHT OFF OF US-491",TOHATCHI,NM,87325,NOT AVAILABLE,NATURAL GAS COMPRESSOR STATION,IN SERVICE,MCKINLEY,35031,USA,35.89494178,-108.650189747,486210,PIPELINE TRANSPORTATION OF NATURAL GAS,"EPA ENVIROFACTS, FERC FORM 2, CORPORATE WEBSITE",2015/08/24 00:00:00+00,IMAGERY/OTHER,2016/03/14 00:00:00+00,http://twtransfer.energytransfer.com/,"TRANSWESTERN PIPELINE COMPANY, LLC",42,"TRANSWESTERN PIPELINE COMPANY, LLC",WITHIN 40 FEET,1,10000,12804832,0,560420,0,0,0,1970/01/01 00:00:00+00,333780,211210
-104.269205562,32.770427881,1163,1163,GCOMP814,ATOKA 2,7.5 MILES EAST OF ATOKA,ATOKA,NM,88210,NOT AVAILABLE,NATURAL GAS COMPRESSOR STATION,IN SERVICE,EDDY,35015,USA,32.770427881,-104.269205562,486210,PIPELINE TRANSPORTATION OF NATURAL GAS,"FERC FORM 2, CORPORATE WEBSITE, IMAGERY",2015/09/30 00:00:00+00,IMAGERY/OTHER,2016/03/14 00:00:00+00,http://twtransfer.energytransfer.com/,"TRANSWESTERN PIPELINE COMPANY, LLC",42,"TRANSWESTERN PIPELINE COMPANY, LLC",WITHIN 40 FEET,4,3670,6117822,187150,521861,199631,18076,3,2012/07/19 00:00:00+00,0,0
-80.5211727399999,39.964095607,1164,1164,GCOMP815,MAJORSVILLE,70 CALI'S MAJORSVILLE RD.,WEST FINLEY,PA,15377,NOT AVAILABLE,NATURAL GAS COMPRESSOR STATION,IN SERVICE,MARSHALL,42125,USA,39.964095607,-80.52117274,486210,PIPELINE TRANSPORTATION OF NATURAL GAS,"FERC FORM 2, IMAGERY",2015/09/28 00:00:00+00,IMAGERY/OTHER,2016/03/14 00:00:00+00,http://www.columbiapipeinfo.com/,"COLUMBIA GAS TRANSMISSION,LLC",21,"COLUMBIA GAS TRANSMISSION,LLC",WITHIN 40 FEET,1,360,1165455,0,252394,0,0,0,1970/01/01 00:00:00+00,0,0
-89.284481275,35.4459173020001,1165,1165,GCOMP816,BROWNSVILLE,70 PUMPING STATION ROAD,BROWNSVILLE,TN,38012,NOT AVAILABLE,NATURAL GAS COMPRESSOR STATION,IN SERVICE,HAYWOOD,47075,USA,35.445917302,-89.284481275,486210,PIPELINE TRANSPORTATION OF NATURAL GAS,"EPA ENVIROFACTS, FERC FORM 2, CORPORATE WEBSITE",2015/10/28 00:00:00+00,IMAGERY/OTHER,2016/03/14 00:00:00+00,http://anrebb.transcanada.com/,ANR PIPELINE COMPANY,48,ANR PIPELINE COMPANY,WITHIN 40 FEET,8,31933,21841399,3292032,2242878,1239667,34064,7,2012/11/16 00:00:00+00,0,0
-95.13258895,39.542954933,1166,1166,GCOMP817,501 ATCHISON,7002 LOGEMAN RD,ATCHISON,KS,66002,NOT AVAILABLE,NATURAL GAS COMPRESSOR STATION,IN SERVICE,ATCHISON,20005,USA,39.542954933,-95.13258895,486210,PIPELINE TRANSPORTATION OF NATURAL GAS,"EPA ENVIROFACTS, FERC FORM 2, CORPORATE WEBSITE",2015/09/10 00:00:00+00,IMAGERY/OTHER,2016/03/14 00:00:00+00,https://csi.sscgp.com/,"SOUTHERN STAR CENTRAL GAS PIPELINE, INC.",43,"SOUTHERN STAR CENTRAL GAS PIPELINE, INC.",WITHIN 40 FEET,5,1340,1732556,6292,166141,1987,587,1,2012/12/21 00:00:00+00,0,0
-88.750662937,31.3041167800001,1167,1167,GCOMP818,SAND HILL,705 POPE ROAD RICHTON,RICHTON,MS,39476,NOT AVAILABLE,NATURAL GAS COMPRESSOR STATION,IN SERVICE,GREENE,28041,USA,31.30411678,-88.750662937,486210,PIPELINE TRANSPORTATION OF NATURAL GAS,"EPA ENVIROFACTS, FERC FORM 2, CORPORATE WEBSITE",2015/09/25 00:00:00+00,IMAGERY/OTHER,2016/03/14 00:00:00+00,http://www.destin-pipeline.com/,"DESTIN PIPELINE COMPANY, L.L.C.",63,"DESTIN PIPELINE COMPANY, L.L.C.",WITHIN 40 FEET,2,9400,16852033,0,0,651253,14237,2,2012/10/29 00:00:00+00,571432,376224
-85.1040935519999,34.27304838,1168,1168,GCOMP819,ROME,706 MORAN LAKE ROAD NORTH EAST,ROME,GA,30161,NOT AVAILABLE,NATURAL GAS COMPRESSOR STATION,IN SERVICE,FLOYD,13115,USA,34.27304838,-85.104093552,486210,PIPELINE TRANSPORTATION OF NATURAL GAS,"EPA ENVIROFACTS, FERC FORM 2, CORPORATE WEBSITE",2015/09/10 00:00:00+00,IMAGERY/OTHER,2016/03/14 00:00:00+00,http://ixsnp.sonetpremier.com/,"SOUTHERN NATURAL GAS COMPANY, L.L.C.",7,"SOUTHERN NATURAL GAS COMPANY, L.L.C.",WITHIN 40 FEET,1,3755,9117605,111924,113511,41602,1480,1,2012/01/13 00:00:00+00,0,0
-88.341600794,45.1130782480001,1169,1169,GCOMP82,MOUNTAIN,11345 HIGHWAY 64 EAST,SURING,WI,54174,NOT AVAILABLE,NATURAL GAS COMPRESSOR STATION,IN SERVICE,OCONTO,55083,USA,45.113078248,-88.341600794,486210,PIPELINE TRANSPORTATION OF NATURAL GAS,"EPA ENVIROFACTS, FERC FORM 2, CORPORATE WEBSITE",2015/10/21 00:00:00+00,IMAGERY/OTHER,2016/03/14 00:00:00+00,http://anrebb.transcanada.com/,ANR PIPELINE COMPANY,48,ANR PIPELINE COMPANY,WITHIN 40 FEET,2,22100,15916067,23041,417403,8319,203,2,2012/01/20 00:00:00+00,0,0
-83.50917879,39.6266920420001,1170,1170,GCOMP820,WASHINGTON,708 PARROT ROAD NORTHWEST,WASHINGTON,OH,43160,NOT AVAILABLE,NATURAL GAS COMPRESSOR STATION,IN SERVICE,FAYETTE,39047,USA,39.626692042,-83.50917879,486210,PIPELINE TRANSPORTATION OF NATURAL GAS,"FERC FORM 2, IMAGERY",2015/09/22 00:00:00+00,IMAGERY/OTHER,2016/03/14 00:00:00+00,http://escript.dom.com/,"DOMINION TRANSMISSION, INC.",22,"DOMINION TRANSMISSION, INC.",WITHIN 40 FEET,3,17100,15698496,6,277720,5,79,0,2015/01/01 00:00:00+00,0,0
-89.070392887,33.1347837110001,1171,1171,GCOMP821,LOUISVILLE,709 METTS STREET,LOUISVILLE,MS,39339,9747,NATURAL GAS COMPRESSOR STATION,IN SERVICE,WINSTON,28159,USA,33.134783711,-89.070392887,486210,PIPELINE TRANSPORTATION OF NATURAL GAS,"EPA ENVIROFACTS, FERC FORM 2, CORPORATE WEBSITE",2015/09/10 00:00:00+00,IMAGERY/OTHER,2016/03/14 00:00:00+00,http://ixsnp.sonetpremier.com/,"SOUTHERN NATURAL GAS COMPANY, L.L.C.",7,"SOUTHERN NATURAL GAS COMPANY, L.L.C.",WITHIN 40 FEET,16,16900,12416863,720013,1273002,248376,25151,2,2012/09/05 00:00:00+00,0,0
-87.414637,37.417831,1172,1172,GCOMP822,HANSON FIELD,7095 BRAUN ROAD,HANSON,KY,42413,NOT AVAILABLE,NATURAL GAS COMPRESSOR STATION,IN SERVICE,HOPKINS,21107,USA,37.417831,-87.414637,486210,PIPELINE TRANSPORTATION OF NATURAL GAS,"EPA ENVIROFACTS, FERC FORM 2, CORPORATE WEBSITE",2015/08/27 00:00:00+00,IMAGERY/OTHER,2016/03/14 00:00:00+00,http://infopost.bwpmlp.com/,"TEXAS GAS TRANSMISSION, LLC",18,"TEXAS GAS TRANSMISSION, LLC",WITHIN 40 FEET,2,3550,21495512,98921,592230,37131,1951,1,2012/09/15 00:00:00+00,0,0
-81.5879861889999,28.2828706670001,1173,1173,GCOMP823,STATION 31,710 S OLD LAKE WILSON RD,KISSIMMEE,FL,34741,NOT AVAILABLE,NATURAL GAS COMPRESSOR STATION,IN SERVICE,OSCEOLA,12097,USA,28.282870667,-81.587986189,486210,PIPELINE TRANSPORTATION OF NATURAL GAS,"EPA ENVIROFACTS, FERC FORM 2, CORPORATE WEBSITE",2015/09/18 00:00:00+00,IMAGERY/OTHER,2016/03/14 00:00:00+00,http://fgttransfer.energytransfer.com/,"FLORIDA GAS TRANSMISSION COMPANY, LLC",34,"FLORIDA GAS TRANSMISSION COMPANY, LLC",WITHIN 40 FEET,1,2500,8803031,287,526307,110,8,0,2012/01/03 00:00:00+00,0,0
-91.853938,32.9601950000001,1174,1174,GCOMP824,BASTROP,7152 PUMPING STATION RD,BASTROP,LA,71220,NOT AVAILABLE,NATURAL GAS COMPRESSOR STATION,IN SERVICE,MOREHOUSE,22067,USA,32.960195,-91.853938,486210,PIPELINE TRANSPORTATION OF NATURAL GAS,"EPA ENVIROFACTS, FERC FORM 2, CORPORATE WEBSITE",2015/08/28 00:00:00+00,IMAGERY/OTHER,2016/03/14 00:00:00+00,http://infopost.bwpmlp.com/,"TEXAS GAS TRANSMISSION, LLC",18,"TEXAS GAS TRANSMISSION, LLC",WITHIN 40 FEET,11,32028,34158045,854600,2029030,325350,20103,3,2012/07/24 00:00:00+00,0,0
-91.489020459,32.4147434430001,1175,1175,GCOMP825,DELHI,7179 STATE HWY 17,DELHI,LA,71232,NOT AVAILABLE,NATURAL GAS COMPRESSOR STATION,IN SERVICE,RICHLAND,22083,USA,32.414743443,-91.489020459,486210,PIPELINE TRANSPORTATION OF NATURAL GAS,"FERC FORM 2, CORPORATE WEBSITE",2015/09/25 00:00:00+00,IMAGERY/OTHER,2016/03/14 00:00:00+00,http://www.columbiapipeinfo.com/,COLUMBIA GULF TRANSMISSION COMPANY,70,COLUMBIA GULF TRANSMISSION COMPANY,WITHIN 40 FEET,9,49450,23569114,1179795,1478103,428007,25505,4,2012/11/17 00:00:00+00,0,0
-74.0623879999999,40.808564,1176,1176,GCOMP826,OTHER: NO. 240 HACKENSACK MEADOWS,718 PATTERSON PLANK RD.,CARLSTADT,NJ,07072,NOT AVAILABLE,NATURAL GAS COMPRESSOR STATION,IN SERVICE,BERGEN,34003,USA,40.808564,-74.062388,486210,PIPELINE TRANSPORTATION OF NATURAL GAS,"EPA ENVIROFACTS, FERC FORM 2, CORPORATE WEBSITE",2015/08/27 00:00:00+00,IMAGERY/OTHER,2016/03/14 00:00:00+00,http://www.1line.williams.com/,"TRANSCONTINENTAL GAS PIPE LINE COMPANY, LLC",29,"TRANSCONTINENTAL GAS PIPE LINE COMPANY, LLC",WITHIN 40 FEET,5,4320,63943522,329939,4433584,116777,11508,0,1970/01/01 00:00:00+00,0,0
-97.5311796,34.464649653,1177,1177,GCOMP827,STATION 801 - RATLIFF CITY,7212 CARGO ROAD,RATLIFF CITY,OK,73481,NOT AVAILABLE,NATURAL GAS COMPRESSOR STATION,IN SERVICE,CARTER,40019,USA,34.464649653,-97.5311796,486210,PIPELINE TRANSPORTATION OF NATURAL GAS,"EPA ENVIROFACTS, FERC FORM 2, CORPORATE WEBSITE",2015/09/15 00:00:00+00,IMAGERY/OTHER,2016/03/14 00:00:00+00,http://www.kindermorgan.com/,NATURAL GAS PIPELINE COMPANY OF AMERICA LLC,26,NATURAL GAS PIPELINE COMPANY OF AMERICA LLC,WITHIN 40 FEET,4,15120,26103722,0,0,489430,18981,4,2012/06/06 00:00:00+00,0,0
-75.3581799999999,43.935209,1178,1178,GCOMP828,CROGHAN,7267 OLD STATE RD,CROGHAN,NY,13327,NOT AVAILABLE,NATURAL GAS COMPRESSOR STATION,IN SERVICE,LEWIS,36049,USA,43.935209,-75.35818,486210,PIPELINE TRANSPORTATION OF NATURAL GAS,"EPA ENVIROFACTS, FERC FORM 2, CORPORATE WEBSITE",2015/09/17 00:00:00+00,IMAGERY/OTHER,2016/03/14 00:00:00+00,http://www.iroquois.com/,IPOC AS AGENT/IROQUOIS GAS TRANS. SYS. L.P.,110,IPOC AS AGENT/IROQUOIS GAS TRANS. SYS. L.P.,WITHIN 40 FEET,2,17180,30296267,0,333585,219686,2897,2,2012/01/05 00:00:00+00,-999,788360
-91.49202766,32.4147034980001,1179,1179,GCOMP829,DELHI,7281 HWY 17,DELHI,LA,71232,NOT AVAILABLE,NATURAL GAS COMPRESSOR STATION,IN SERVICE,RICHLAND,22083,USA,32.414703498,-91.49202766,486210,PIPELINE TRANSPORTATION OF NATURAL GAS,"EPA ENVIROFACTS, FERC FORM 2",2015/11/05 00:00:00+00,IMAGERY/OTHER,2016/03/14 00:00:00+00,http://pipelines.centerpointenergy.com/,"CENTERPOINT ENERGY GAS TRANSMISSION COMPANY, LLC",31,"CENTERPOINT ENERGY GAS TRANSMISSION COMPANY, LLC",WITHIN 40 FEET,2,5500,-999,0,0,0,0,0,1970/01/01 00:00:00+00,0,0
-123.394631244,43.310500248,1180,1180,GCOMP83,WINCHESTER,1137 BROZIO ROAD,WINCHESTER,OR,97495,NOT AVAILABLE,NATURAL GAS COMPRESSOR STATION,IN SERVICE,DOUGLAS,41019,USA,43.310500248,-123.394631244,486210,PIPELINE TRANSPORTATION OF NATURAL GAS,"EPA ENVIROFACTS, FERC FORM 2, CORPORATE WEBSITE",2015/09/14 00:00:00+00,IMAGERY/OTHER,2016/03/14 00:00:00+00,http://www.northwest.williams.com/,NORTHWEST PIPELINE GP,37,NORTHWEST PIPELINE GP,WITHIN 40 FEET,1,1343,7659742,15319,58168,5796,380,1,2012/12/19 00:00:00+00,0,0
-71.3574649999999,42.7840220000001,1181,1181,GCOMP830,#270 - CONCORD,73 INDUSTRIAL PARK DR,PELHAM,NH,03076,NOT AVAILABLE,NATURAL GAS COMPRESSOR STATION,IN SERVICE,HILLSBOROUGH,33011,USA,42.784022,-71.357465,486210,PIPELINE TRANSPORTATION OF NATURAL GAS,"FERC FORM 2, NEW HAMPSHIRE SITE EVALUATION COMMITTEE, IMAGERY",2015/08/18 00:00:00+00,IMAGERY/OTHER,2016/03/14 00:00:00+00,http://pipeline2.kindermorgan.com/,"TENNESSEE GAS PIPELINE COMPANY, L.L.C.",9,"TENNESSEE GAS PIPELINE COMPANY, L.L.C.",WITHIN 40 FEET,1,6053,22234254,12883,174588,5452,148,1,2012/02/03 00:00:00+00,0,0
-80.140888,39.1877410000001,1182,1182,GCOMP831,PEPPER,734 COUNTY ROUTE 7,PHILIPPI,WV,26416,NOT AVAILABLE,NATURAL GAS COMPRESSOR STATION,IN SERVICE,BARBOUR,54001,USA,39.187741,-80.140888,486210,PIPELINE TRANSPORTATION OF NATURAL GAS,"FERC FORM 2, WEST VIRIGINIA DEPARTMENT OF ENVIRONMENTAL PROTECTION",2015/08/21 00:00:00+00,IMAGERY/OTHER,2016/03/14 00:00:00+00,http://escript.dom.com/,"DOMINION TRANSMISSION, INC.",22,"DOMINION TRANSMISSION, INC.",WITHIN 40 FEET,2,1200,2782178,182024,86973,65902,16224,3,2012/09/05 00:00:00+00,0,0
-93.397097677,43.826266,1183,1183,GCOMP832,ALBERT LEA,73650 325TH ST,HARTLAND,MN,56042,NOT AVAILABLE,NATURAL GAS COMPRESSOR STATION,IN SERVICE,FREEBORN,27047,USA,43.826266,-93.397097677,486210,PIPELINE TRANSPORTATION OF NATURAL GAS,"EPA ENVIROFACTS, FERC FORM 2, CORPORATE WEBSITE",2015/09/15 00:00:00+00,IMAGERY/OTHER,2016/03/14 00:00:00+00,http://www.northernnaturalgas.com/,NORTHERN NATURAL GAS COMPANY,59,NORTHERN NATURAL GAS COMPANY,WITHIN 40 FEET,1,15000,21079646,578708,125076,216847,1974,1,2012/01/19 00:00:00+00,21900,194320
-93.767949,35.235173,1184,1184,GCOMP833,DUNN,7386 N AR 109 HWY,MAGAZINE,AR,72943,NOT AVAILABLE,NATURAL GAS COMPRESSOR STATION,IN SERVICE,LOGAN,05083,USA,35.235173,-93.767949,486210,PIPELINE TRANSPORTATION OF NATURAL GAS,"FERC FORM 2, IMAGERY",2015/10/20 00:00:00+00,IMAGERY/OTHER,2016/03/14 00:00:00+00,http://pipelines.centerpointenergy.com/,"CENTERPOINT ENERGY GAS TRANSMISSION COMPANY, LLC",31,"CENTERPOINT ENERGY GAS TRANSMISSION COMPANY, LLC",WITHIN 40 FEET,4,13500,14701046,1357818,550706,522006,18904,3,1970/01/01 00:00:00+00,0,0
-116.690739042,43.8122315100001,1185,1185,GCOMP834,CALDWELL,7405 EL PASO ROAD,CALDWELL,ID,83607,NOT AVAILABLE,NATURAL GAS COMPRESSOR STATION,IN SERVICE,CANYON,16045,USA,43.81223151,-116.690739042,486210,PIPELINE TRANSPORTATION OF NATURAL GAS,"EPA ENVIROFACTS, FERC FORM 2, CORPORATE WEBSITE",2015/09/15 00:00:00+00,IMAGERY/OTHER,2016/03/14 00:00:00+00,http://www.northwest.williams.com/,NORTHWEST PIPELINE GP,37,NORTHWEST PIPELINE GP,WITHIN 40 FEET,4,6300,9478514,72268,386579,24638,1640,4,2012/07/10 00:00:00+00,0,0
-77.9644297519999,38.3015329260001,1186,1186,GCOMP835,NO. 180 ORANGE,7444 EVERONIA RD,UNIONVILLE,VA,22567,NOT AVAILABLE,NATURAL GAS COMPRESSOR STATION,IN SERVICE,ORANGE,51137,USA,38.301532926,-77.964429752,486210,PIPELINE TRANSPORTATION OF NATURAL GAS,"EPA ENVIROFACTS, FERC FORM 2, CORPORATE WEBSITE",2015/08/25 00:00:00+00,IMAGERY/OTHER,2016/03/14 00:00:00+00,http://www.1line.williams.com/,"TRANSCONTINENTAL GAS PIPE LINE COMPANY, LLC",29,"TRANSCONTINENTAL GAS PIPE LINE COMPANY, LLC",WITHIN 40 FEET,14,34020,42934437,2343293,2874136,868427,45790,13,2012/05/10 00:00:00+00,0,0
-75.686322,40.0970060000001,1187,1187,GCOMP836,PHOENIXVILLE,745 POTTSTOWN PIKE,CHESTER SPRINGS,PA,19425,3621,NATURAL GAS COMPRESSOR STATION,IN SERVICE,CHESTER,42029,USA,40.097006,-75.686322,486210,PIPELINE TRANSPORTATION OF NATURAL GAS,"FERC FORM 2, IMAGERY",2015/08/31 00:00:00+00,IMAGERY/OTHER,2016/03/14 00:00:00+00,http://www.spectraenergy.com/,"TEXAS EASTERN TRANSMISSION, LP",17,"TEXAS EASTERN TRANSMISSION, LP",WITHIN 40 FEET,1,4000,16662768,0,0,0,1054,0,1970/01/01 00:00:00+00,273221,1343946
-83.5624999999999,43.1519000000001,1188,1188,GCOMP837,OTISVILLE,7500 EAST DODGE ROAD,MOUNT MORRIS,MI,48458,NOT AVAILABLE,NATURAL GAS COMPRESSOR STATION,IN SERVICE,GENESEE,26049,USA,43.1519,-83.5625,486210,PIPELINE TRANSPORTATION OF NATURAL GAS,"EPA ENVIROFACTS, FERC FORM 2, CORPORATE WEBSITE",2015/09/18 00:00:00+00,IMAGERY/OTHER,2016/03/14 00:00:00+00,http://www.glgt.com/,GREAT LAKES GAS TRANSMISSION LIMITED PTRSHP,51,GREAT LAKES GAS TRANSMISSION LIMITED PTRSHP,WITHIN 40 FEET,3,40700,46305642,1096212,568440,417466,3071,2,2012/05/19 00:00:00+00,0,0
-87.6177,37.3823,1189,1189,GCOMP838,MADISONVILLE,7500 NEBO ROAD,MADISONVILLE,KY,42431,NOT AVAILABLE,NATURAL GAS COMPRESSOR STATION,IN SERVICE,HOPKINS,21107,USA,37.3823,-87.6177,486210,PIPELINE TRANSPORTATION OF NATURAL GAS,"EPA ENVIROFACTS, FERC FORM 2, CORPORATE WEBSITE",2015/10/21 00:00:00+00,IMAGERY/OTHER,2016/03/14 00:00:00+00,http://anrebb.transcanada.com/,ANR PIPELINE COMPANY,48,ANR PIPELINE COMPANY,WITHIN 40 FEET,8,36333,25627525,1896493,1233864,703268,29416,7,2012/02/24 00:00:00+00,0,0
-82.088385,40.62483,1190,1190,GCOMP839,MILEY,7531 ST RT 514,BIG PRAIRIE,OH,44611,NOT AVAILABLE,NATURAL GAS COMPRESSOR STATION,IN SERVICE,HOLMES,39075,USA,40.62483,-82.088385,486210,PIPELINE TRANSPORTATION OF NATURAL GAS,"EPA ENVIROFACTS, FERC FORM 2, CORPORATE WEBSITE",2015/09/28 00:00:00+00,IMAGERY/OTHER,2016/03/14 00:00:00+00,http://www.columbiapipeinfo.com/,"COLUMBIA GAS TRANSMISSION,LLC",21,"COLUMBIA GAS TRANSMISSION,LLC",WITHIN 40 FEET,3,3250,3715572,184160,167425,65873,10763,2,2012/07/12 00:00:00+00,10625,-999
-93.229171,30.596727,1191,1191,GCOMP84,LOUISIANA - LONGVILLE - BEAUREGARD PARISH,11383 HIGHWAY 171,LONGVILLE,LA,70652,NOT AVAILABLE,NATURAL GAS COMPRESSOR STATION,IN SERVICE,BEAUREGARD,22011,USA,30.596727,-93.229171,486210,PIPELINE TRANSPORTATION OF NATURAL GAS,"EPA ENVIROFACTS, FERC FORM 2, CORPORATE WEBSITE",2015/08/20 00:00:00+00,IMAGERY/OTHER,2016/03/14 00:00:00+00,http://feptransfer.energytransfer.com/,"TRUNKLINE GAS COMPANY, LLC",30,"TRUNKLINE GAS COMPANY, LLC",WITHIN 40 FEET,11,36750,33124933,376507,1040170,138439,12497,2,2012/03/29 00:00:00+00,1651554,32232024
-86.40691507,36.137089449,1192,1192,GCOMP840,GLADEVILLE,7555 FRANKLIN ROAD,GLADEVILLE,TN,37071,NOT AVAILABLE,NATURAL GAS COMPRESSOR STATION,IN SERVICE,WILSON,47189,USA,36.137089449,-86.40691507,486210,PIPELINE TRANSPORTATION OF NATURAL GAS,"EPA ENVIROFACTS, FERC FORM 2, CORPORATE WEBSITE",2015/09/01 00:00:00+00,IMAGERY/OTHER,2016/03/14 00:00:00+00,http://www.spectraenergy.com/,"TEXAS EASTERN TRANSMISSION, LP",17,"TEXAS EASTERN TRANSMISSION, LP",WITHIN 40 FEET,8,48500,16761270,29768,0,11362,2122,7,2012/01/24 00:00:00+00,5331203,27236569
-92.7670009999999,32.7658640000001,1193,1193,GCOMP841,SHARON,757 SHARON ROAD,DUBACH,LA,71235,NOT AVAILABLE,NATURAL GAS COMPRESSOR STATION,IN SERVICE,LINCOLN,22027,USA,32.765864,-92.767001,486210,PIPELINE TRANSPORTATION OF NATURAL GAS,"EPA ENVIROFACTS, FERC FORM 2, CORPORATE WEBSITE",2015/08/27 00:00:00+00,IMAGERY/OTHER,2016/03/14 00:00:00+00,http://infopost.bwpmlp.com/,"TEXAS GAS TRANSMISSION, LLC",18,"TEXAS GAS TRANSMISSION, LLC",WITHIN 40 FEET,4,10240,37869602,1054299,2076425,392120,5917,2,2012/05/17 00:00:00+00,0,0
-99.708947635,40.8131072050001,1194,1194,GCOMP842,LEXINGTON,75780 ROAD 435,LEXINGTON,NE,68850,NOT AVAILABLE,NATURAL GAS COMPRESSOR STATION,IN SERVICE,DAWSON,31047,USA,40.813107205,-99.708947635,486210,PIPELINE TRANSPORTATION OF NATURAL GAS,"EPA ENVIROFACTS, FERC FORM 2, CORPORATE WEBSITE",2015/09/09 00:00:00+00,IMAGERY/OTHER,2016/03/14 00:00:00+00,http://pipeline.tallgrassenergylp.com/,TALLGRASS INTERSTATE GAS TRANSMISSION LLC,53,TALLGRASS INTERSTATE GAS TRANSMISSION LLC,WITHIN 40 FEET,4,4410,4368376,0,0,45641,4205,3,2012/01/12 00:00:00+00,0,0
-78.829967,42.67747,1195,1195,GCOMP843,#229 - HAMBURG,7586 E EDEN RD.,EDEN,NY,14057,NOT AVAILABLE,NATURAL GAS COMPRESSOR STATION,IN SERVICE,ERIE,36029,USA,42.67747,-78.829967,486210,PIPELINE TRANSPORTATION OF NATURAL GAS,"EPA ENVIROFACTS, FERC FORM 2, CORPORATE WEBSITE",2015/09/03 00:00:00+00,IMAGERY/OTHER,2016/03/14 00:00:00+00,http://pipeline2.kindermorgan.com/,"TENNESSEE GAS PIPELINE COMPANY, L.L.C.",9,"TENNESSEE GAS PIPELINE COMPANY, L.L.C.",WITHIN 40 FEET,6,8400,20663684,0,1052546,0,39480,5,2012/08/12 00:00:00+00,0,0
-83.401169,38.2858790000001,1196,1196,GCOMP844,#110 - MOREHEAD,7600 CRANSTON RD.,MOREHEAD,KY,40351,NOT AVAILABLE,NATURAL GAS COMPRESSOR STATION,IN SERVICE,ROWAN,21205,USA,38.285879,-83.401169,486210,PIPELINE TRANSPORTATION OF NATURAL GAS,"EPA ENVIROFACTS, FERC FORM 2, CORPORATE WEBSITE",2015/09/03 00:00:00+00,IMAGERY/OTHER,2016/03/14 00:00:00+00,http://pipeline2.kindermorgan.com/,"TENNESSEE GAS PIPELINE COMPANY, L.L.C.",9,"TENNESSEE GAS PIPELINE COMPANY, L.L.C.",WITHIN 40 FEET,4,37100,43590155,47446,426056,15365,34,1,2012/01/01 00:00:00+00,1186673,808696
-89.266106765,38.531317475,1197,1197,GCOMP845,STATION 310 - CENTRALIA,7609 HUEY RD,CENTRALIA,IL,62801,NOT AVAILABLE,NATURAL GAS COMPRESSOR STATION,IN SERVICE,MARION,17027,USA,38.531317475,-89.266106765,486210,PIPELINE TRANSPORTATION OF NATURAL GAS,"FERC FORM 2, IMAGERY",2015/09/16 00:00:00+00,IMAGERY/OTHER,2016/03/14 00:00:00+00,http://www.kindermorgan.com/,NATURAL GAS PIPELINE COMPANY OF AMERICA LLC,26,NATURAL GAS PIPELINE COMPANY OF AMERICA LLC,WITHIN 40 FEET,9,30600,15002966,0,0,1110964,41655,8,2012/12/25 00:00:00+00,0,0
-97.453462502,38.147133932,1198,1198,GCOMP846,536 HESSTON,7616 WEST DUTCH AVENUE,HESSTON,KS,67062,9234,NATURAL GAS COMPRESSOR STATION,IN SERVICE,HARVEY,20079,USA,38.147133932,-97.453462502,486210,PIPELINE TRANSPORTATION OF NATURAL GAS,"EPA ENVIROFACTS, FERC FORM 2, CORPORATE WEBSITE",2015/09/10 00:00:00+00,IMAGERY/OTHER,2016/03/14 00:00:00+00,https://csi.sscgp.com/,"SOUTHERN STAR CENTRAL GAS PIPELINE, INC.",43,"SOUTHERN STAR CENTRAL GAS PIPELINE, INC.",WITHIN 40 FEET,8,11100,9829341,324871,454364,124090,9688,5,2012/01/05 00:00:00+00,0,0
-93.6654609999999,45.737532,1199,1199,GCOMP847,STATION 2217 MILACA,7640 133RD ST,MILACA,MN,56353,NOT AVAILABLE,NATURAL GAS COMPRESSOR STATION,IN SERVICE,MILLE LACS,27095,USA,45.737532,-93.665461,486210,PIPELINE TRANSPORTATION OF NATURAL GAS,"EPA ENVIROFACTS, FERC FORM 2, CORPORATE WEBSITE",2015/08/19 00:00:00+00,IMAGERY/OTHER,2016/03/14 00:00:00+00,http://www.vgt.nborder.com/,VIKING GAS TRANSMISSION COMPANY,82,VIKING GAS TRANSMISSION COMPANY,WITHIN 40 FEET,4,9500,8099998,0,0,13411,939,2,2012/02/28 00:00:00+00,0,0
-92.230379,31.4363710000001,1200,1200,GCOMP848,ALEXANDRIA,7666 HICKORY GROVE LOOP,DEVILLE,LA,71328,NOT AVAILABLE,NATURAL GAS COMPRESSOR STATION,IN SERVICE,RAPIDES,22079,USA,31.436371,-92.230379,486210,PIPELINE TRANSPORTATION OF NATURAL GAS,"FERC FORM 2, IMAGERY",2015/09/25 00:00:00+00,IMAGERY/OTHER,2016/03/14 00:00:00+00,http://www.columbiapipeinfo.com/,COLUMBIA GULF TRANSMISSION COMPANY,70,COLUMBIA GULF TRANSMISSION COMPANY,WITHIN 40 FEET,4,44750,12830950,246183,582805,104380,3372,4,2012/06/05 00:00:00+00,0,0
-85.5445644119999,43.925683587,1201,1201,GCOMP849,LOREED (REED CITY),7677 230TH AVE,REED CITY,MI,49677,NOT AVAILABLE,NATURAL GAS COMPRESSOR STATION,IN SERVICE,OSCEOLA,26133,USA,43.925683587,-85.544564412,486210,PIPELINE TRANSPORTATION OF NATURAL GAS,"EPA ENVIROFACTS, FERC FORM 2, CORPORATE WEBSITE",2015/10/21 00:00:00+00,IMAGERY/OTHER,2016/03/14 00:00:00+00,http://anrebb.transcanada.com/,ANR PIPELINE COMPANY,48,ANR PIPELINE COMPANY,WITHIN 40 FEET,9,17920,7698173,287738,973469,110005,8270,3,2012/09/23 00:00:00+00,0,0
-86.6696469999999,38.5210490000001,1202,1202,GCOMP85,FRENCH LICK,11409 W SR 56,FRENCH LICK,IN,47432,9753,NATURAL GAS COMPRESSOR STATION,IN SERVICE,ORANGE,18117,USA,38.521049,-86.669647,486210,PIPELINE TRANSPORTATION OF NATURAL GAS,"EPA ENVIROFACTS, FERC FORM 2, CORPORATE WEBSITE",2015/09/01 00:00:00+00,IMAGERY/OTHER,2016/03/14 00:00:00+00,http://www.spectraenergy.com/,"TEXAS EASTERN TRANSMISSION, LP",17,"TEXAS EASTERN TRANSMISSION, LP",WITHIN 40 FEET,7,7000,6125694,323501,0,110229,12104,5,2012/12/07 00:00:00+00,82002,713777
-89.6390052689999,37.07031979,1203,1203,GCOMP850,ORAN,7717 SOUTH HIGHWAY 77,ORAN,MO,63771,NOT AVAILABLE,NATURAL GAS COMPRESSOR STATION,IN SERVICE,SCOTT,29201,USA,37.07031979,-89.639005269,486210,PIPELINE TRANSPORTATION OF NATURAL GAS,"EPA ENVIROFACTS, FERC FORM 2, CORPORATE WEBSITE",2015/08/31 00:00:00+00,IMAGERY/OTHER,2016/03/14 00:00:00+00,http://www.spectraenergy.com/,"TEXAS EASTERN TRANSMISSION, LP",17,"TEXAS EASTERN TRANSMISSION, LP",WITHIN 40 FEET,10,10000,7812069,116367,0,42767,6230,7,2012/12/15 00:00:00+00,37450,347252
-105.393253476,42.652792671,1204,1204,GCOMP851,LABONTE,773 WY-94,DOUGLAS,WY,82633,NOT AVAILABLE,NATURAL GAS COMPRESSOR STATION,IN SERVICE,CONVERSE,56009,USA,42.652792671,-105.393253476,486210,PIPELINE TRANSPORTATION OF NATURAL GAS,"EPA ENVIROFACTS, FERC FORM 2, CORPORATE WEBSITE",2015/09/09 00:00:00+00,IMAGERY/OTHER,2016/03/14 00:00:00+00,http://pipeline.tallgrassenergylp.com/,TALLGRASS INTERSTATE GAS TRANSMISSION LLC,53,TALLGRASS INTERSTATE GAS TRANSMISSION LLC,WITHIN 40 FEET,2,11000,15878377,0,0,0,7811,1,2012/10/18 00:00:00+00,-999,87939
-93.145097,30.1242060000001,1205,1205,GCOMP852,HOLMWOOD,7745 HWY 397,LAKE CHARLES,LA,70607,NOT AVAILABLE,NATURAL GAS COMPRESSOR STATION,IN SERVICE,CALCASIEU,22019,USA,30.124206,-93.145097,486210,PIPELINE TRANSPORTATION OF NATURAL GAS,"EPA ENVIROFACTS, FERC FORM 2, CORPORATE WEBSITE",2015/08/18 00:00:00+00,IMAGERY/OTHER,2016/03/14 00:00:00+00,http://www.sabinepipeline.com/,SABINE PIPE LINE LLC,79,SABINE PIPE LINE LLC,WITHIN 40 FEET,2,3550,7561478,0,200601,15,16,1,2012/05/04 00:00:00+00,10634,70896
-85.0009848779999,32.2101749660001,1206,1206,GCOMP853,HOLY TRINITY,78 HOLY TRINITY RD,HOLY TRINITY,AL,36859,NOT AVAILABLE,NATURAL GAS COMPRESSOR STATION,IN SERVICE,RUSSELL,01113,USA,32.210174966,-85.000984878,486210,PIPELINE TRANSPORTATION OF NATURAL GAS,"FERC FORM 2, IMAGERY",2015/09/10 00:00:00+00,IMAGERY/OTHER,2016/03/14 00:00:00+00,http://ixsnp.sonetpremier.com/,"SOUTHERN NATURAL GAS COMPANY, L.L.C.",7,"SOUTHERN NATURAL GAS COMPANY, L.L.C.",WITHIN 40 FEET,2,2400,3510761,330692,327065,119427,15620,2,2012/11/08 00:00:00+00,0,0
-88.482295,36.3889140000001,1207,1207,GCOMP854,COTTAGE GROVE,7845 HWY 140 NORTH,COTTAGE GROVE,TN,38224,2117,NATURAL GAS COMPRESSOR STATION,IN SERVICE,HENRY,47079,USA,36.388914,-88.482295,486210,PIPELINE TRANSPORTATION OF NATURAL GAS,"EPA ENVIROFACTS, FERC FORM 2, CORPORATE WEBSITE",2015/10/28 00:00:00+00,IMAGERY/OTHER,2016/03/14 00:00:00+00,http://anrebb.transcanada.com/,ANR PIPELINE COMPANY,48,ANR PIPELINE COMPANY,WITHIN 40 FEET,8,30830,19234986,1566981,1440676,574879,21685,5,2012/11/10 00:00:00+00,0,0
-94.703197,31.2435760000001,1208,1208,GCOMP855,STATION 303 - LUFKIN,7866 FM-58,LUFKIN,TX,75901,NOT AVAILABLE,NATURAL GAS COMPRESSOR STATION,IN SERVICE,ANGELINA,48005,USA,31.243576,-94.703197,486210,PIPELINE TRANSPORTATION OF NATURAL GAS,"EPA ENVIROFACTS, FERC FORM 2, CORPORATE WEBSITE",2015/09/16 00:00:00+00,IMAGERY/OTHER,2016/03/14 00:00:00+00,http://www.kindermorgan.com/,NATURAL GAS PIPELINE COMPANY OF AMERICA LLC,26,NATURAL GAS PIPELINE COMPANY OF AMERICA LLC,WITHIN 40 FEET,9,30600,16663782,0,0,61705,1552,2,2012/03/23 00:00:00+00,0,0
-98.354771,38.5232050000001,1209,1209,GCOMP856,BUSHTON,790 AVENUE Y,BUSHTON,KS,67427,NOT AVAILABLE,NATURAL GAS COMPRESSOR STATION,IN SERVICE,RICE,20053,USA,38.523205,-98.354771,486210,PIPELINE TRANSPORTATION OF NATURAL GAS,"EPA ENVIROFACTS, FERC FORM 2, CORPORATE WEBSITE",2015/09/15 00:00:00+00,IMAGERY/OTHER,2016/03/14 00:00:00+00,http://www.northernnaturalgas.com/,NORTHERN NATURAL GAS COMPANY,59,NORTHERN NATURAL GAS COMPANY,WITHIN 40 FEET,10,39500,61152523,1153298,3065953,407176,18255,5,2012/01/19 00:00:00+00,190419,2734880
-87.425528,38.484813,1210,1210,GCOMP857,PETERSBURG,7935 WEST STATE ROAD 56,PETERSBURG,IN,47640,NOT AVAILABLE,NATURAL GAS COMPRESSOR STATION,IN SERVICE,GIBSON,18125,USA,38.484813,-87.425528,486210,PIPELINE TRANSPORTATION OF NATURAL GAS,"EPA ENVIROFACTS, FERC FORM 2, CORPORATE WEBSITE",2015/08/27 00:00:00+00,IMAGERY/OTHER,2016/03/14 00:00:00+00,http://infopost.bwpmlp.com/,"TEXAS GAS TRANSMISSION, LLC",18,"TEXAS GAS TRANSMISSION, LLC",WITHIN 40 FEET,6,3760,8712437,115860,477133,41446,3664,6,2012/01/20 00:00:00+00,0,0
-81.489792,28.520974,1211,1211,GCOMP858,STATION 18,7990 STEER LAKE RD.,ORLANDO,FL,32835,NOT AVAILABLE,NATURAL GAS COMPRESSOR STATION,IN SERVICE,ORANGE,12095,USA,28.520974,-81.489792,486210,PIPELINE TRANSPORTATION OF NATURAL GAS,"EPA ENVIROFACTS, FERC FORM 2, CORPORATE WEBSITE",2015/09/18 00:00:00+00,IMAGERY/OTHER,2016/03/14 00:00:00+00,http://fgttransfer.energytransfer.com/,"FLORIDA GAS TRANSMISSION COMPANY, LLC",34,"FLORIDA GAS TRANSMISSION COMPANY, LLC",WITHIN 40 FEET,6,17900,31558356,855970,1513757,298676,16174,5,2012/01/03 00:00:00+00,0,0
-93.198407,33.9058420000001,1212,1212,GCOMP859,BEIRNE,7994 US 67 HWY S,GURDON,AR,71743,NOT AVAILABLE,NATURAL GAS COMPRESSOR STATION,IN SERVICE,CLARK,05019,USA,33.905842,-93.198407,486210,PIPELINE TRANSPORTATION OF NATURAL GAS,"EPA ENVIROFACTS, FERC FORM 2, CORPORATE WEBSITE",2015/10/20 00:00:00+00,IMAGERY/OTHER,2016/03/14 00:00:00+00,http://pipelines.centerpointenergy.com/,"CENTERPOINT ENERGY GAS TRANSMISSION COMPANY, LLC",31,"CENTERPOINT ENERGY GAS TRANSMISSION COMPANY, LLC",WITHIN 40 FEET,1,6280,18112202,1011,119600,411,8,0,1970/01/01 00:00:00+00,0,0
-79.091019027,42.4969516790001,1213,1213,GCOMP86,NASHVILLE,11413 ALLEGANY RD,FORESTVILLE,NY,14062,NOT AVAILABLE,NATURAL GAS COMPRESSOR STATION,IN SERVICE,CHAUTAUQUA,36013,USA,42.496951679,-79.091019027,486210,PIPELINE TRANSPORTATION OF NATURAL GAS,"FERC FORM 2, CORPORATE WEBSITE",2015/08/25 00:00:00+00,IMAGERY/OTHER,2016/03/14 00:00:00+00,http://www.natfuel.com/,NATIONAL FUEL GAS SUPPLY CORPORATION,16,NATIONAL FUEL GAS SUPPLY CORPORATION,WITHIN 40 FEET,1,225,-999,0,12052,0,8289,1,2012/11/18 00:00:00+00,0,0
-80.2027639999999,39.5775340000001,1214,1214,GCOMP860,UNDERWOOD,8 TOOTH HOLLOW RD/NORTH OF FAIRVIEW RD (HWY 17),GRANT TOWN,WV,26574,NOT AVAILABLE,NATURAL GAS COMPRESSOR STATION,IN SERVICE,MARION,54049,USA,39.577534,-80.202764,486210,PIPELINE TRANSPORTATION OF NATURAL GAS,"FERC FORM 2, FERC DOCKET CP04-76-000, IMAGERY",2015/10/16 00:00:00+00,IMAGERY/OTHER,2016/03/14 00:00:00+00,http://equitrans.eqtmidstreampartners.com/,"EQUITRANS, L.P.",24,"EQUITRANS, L.P.",WITHIN 40 FEET,2,925,1025342,32373,20273,10676,446,1,2012/10/02 00:00:00+00,165096,1424522
-118.913983,46.5030610000001,1215,1215,GCOMP861,MESA,8019 OVERTURF RD,PASCO,WA,99301,NOT AVAILABLE,NATURAL GAS COMPRESSOR STATION,IN SERVICE,FRANKLIN,53021,USA,46.503061,-118.913983,486210,PIPELINE TRANSPORTATION OF NATURAL GAS,"EPA ENVIROFACTS, FERC FORM 2, CORPORATE WEBSITE",2015/09/14 00:00:00+00,IMAGERY/OTHER,2016/03/14 00:00:00+00,http://www.northwest.williams.com/,NORTHWEST PIPELINE GP,37,NORTHWEST PIPELINE GP,WITHIN 40 FEET,1,1343,6394862,7673,75078,2456,97,1,2012/11/30 00:00:00+00,0,0
-91.061809065,29.9058222890001,1216,1216,GCOMP862,NAPOLEONVILLE,808 HIGHWAY 401,NAPOLEONVILLE,LA,70390,NOT AVAILABLE,NATURAL GAS COMPRESSOR STATION,IN SERVICE,ASSUMPTION,22007,USA,29.905822289,-91.061809065,486210,PIPELINE TRANSPORTATION OF NATURAL GAS,"EPA ENVIROFACTS, FERC FORM 2, CORPORATE WEBSITE",2015/09/17 00:00:00+00,IMAGERY/OTHER,2016/03/14 00:00:00+00,http://infopost.bwpmlp.com/,"GULF SOUTH PIPELINE COMPANY, LP",11,"GULF SOUTH PIPELINE COMPANY, LP",WITHIN 40 FEET,3,7200,6029138,540,158415,265,0,0,1970/01/01 00:00:00+00,0,0
-107.961756,36.7323440000001,1217,1217,GCOMP863,BLANCO PLANT,81 COUNTY ROAD 4900,BLOOMFIELD,NM,87413,NOT AVAILABLE,NATURAL GAS COMPRESSOR STATION,IN SERVICE,SAN JUAN,35045,USA,36.732344,-107.961756,486210,PIPELINE TRANSPORTATION OF NATURAL GAS,"EPA ENVIROFACTS, FERC FORM 2, CORPORATE WEBSITE",2015/09/21 00:00:00+00,IMAGERY/OTHER,2016/03/14 00:00:00+00,https://pipeportal.kindermorgan.com/,"EL PASO NATURAL GAS COMPANY, L.L.C.",33,"EL PASO NATURAL GAS COMPANY, L.L.C.",WITHIN 40 FEET,14,15400,53628973,877015,780361,333467,40570,6,2012/04/21 00:00:00+00,0,0
-93.024780595,30.273533005,1218,1218,GCOMP864,IOWA GAS PLANT,8101 HWY 3059,IOWA,LA,70647,NOT AVAILABLE,NATURAL GAS COMPRESSOR STATION,IN SERVICE,JEFFERSON DAVIS,22019,USA,30.273533005,-93.024780595,486210,PIPELINE TRANSPORTATION OF NATURAL GAS,"EPA ENVIROFACTS, FERC FORM 2, CORPORATE WEBSITE",2015/09/01 00:00:00+00,IMAGERY/OTHER,2016/03/14 00:00:00+00,http://www.spectraenergy.com/,"TEXAS EASTERN TRANSMISSION, LP",17,"TEXAS EASTERN TRANSMISSION, LP",WITHIN 40 FEET,1,27550,548274,382920,0,146578,0,0,1970/01/01 00:00:00+00,3462,-999
-80.932697,40.5338790000001,1219,1219,GCOMP865,CARROLL,8152 BAY ROAD SOUTHEAST,CARROLLTON,OH,44615,NOT AVAILABLE,NATURAL GAS COMPRESSOR STATION,IN SERVICE,CARROLL,39019,USA,40.533879,-80.932697,486210,PIPELINE TRANSPORTATION OF NATURAL GAS,"EPA ENVIROFACTS, FERC FORM 2, CORPORATE WEBSITE",2015/09/25 00:00:00+00,IMAGERY/OTHER,2016/03/14 00:00:00+00,http://escript.dom.com/,"DOMINION TRANSMISSION, INC.",22,"DOMINION TRANSMISSION, INC.",WITHIN 40 FEET,2,9400,11205989,1026,203880,403,23,2,2012/02/05 00:00:00+00,0,0
-78.58699,39.92947,1220,1220,GCOMP866,BEDFORD,8177 US ROUTE 220S,BEDFORD,PA,15522,6270,NATURAL GAS COMPRESSOR STATION,IN SERVICE,BEDFORD,42009,USA,39.92947,-78.58699,486210,PIPELINE TRANSPORTATION OF NATURAL GAS,"EPA ENVIROFACTS, FERC FORM 2, CORPORATE WEBSITE",2015/09/01 00:00:00+00,IMAGERY/OTHER,2016/03/14 00:00:00+00,http://www.spectraenergy.com/,"TEXAS EASTERN TRANSMISSION, LP",17,"TEXAS EASTERN TRANSMISSION, LP",WITHIN 40 FEET,12,66480,92165368,115547,0,42157,6368,11,2012/02/12 00:00:00+00,3156611,14502289
-90.669343,29.2357450000001,1221,1221,GCOMP867,#523 - COCODRIE,8181 REDFISH ST.,COCODRIE,LA,70344,NOT AVAILABLE,NATURAL GAS COMPRESSOR STATION,IN SERVICE,TERREBONNE,22109,USA,29.235745,-90.669343,486210,PIPELINE TRANSPORTATION OF NATURAL GAS,"EPA ENVIROFACTS, FERC FORM 2, CORPORATE WEBSITE",2015/09/02 00:00:00+00,IMAGERY/OTHER,2016/03/14 00:00:00+00,http://pipeline2.kindermorgan.com/,"TENNESSEE GAS PIPELINE COMPANY, L.L.C.",9,"TENNESSEE GAS PIPELINE COMPANY, L.L.C.",WITHIN 40 FEET,2,12050,39932409,518040,2835240,177185,4914,1,2012/11/15 00:00:00+00,0,0
-97.146438989,29.0118879070001,1222,1222,GCOMP868,THOMASTON,819 ZENGERLE RD,CUERO,TX,77954,NOT AVAILABLE,NATURAL GAS COMPRESSOR STATION,IN SERVICE,DE WITT,48123,USA,29.011887907,-97.146438989,486210,PIPELINE TRANSPORTATION OF NATURAL GAS,"EPA ENVIROFACTS, FERC FORM 2, CORPORATE WEBSITE",2015/08/31 00:00:00+00,IMAGERY/OTHER,2016/03/14 00:00:00+00,http://www.spectraenergy.com/,"TEXAS EASTERN TRANSMISSION, LP",17,"TEXAS EASTERN TRANSMISSION, LP",WITHIN 40 FEET,7,4200,11571969,831489,0,303459,45595,7,2012/01/21 00:00:00+00,54768,193440
-89.444583724,34.0873079940001,1223,1223,GCOMP869,BANNER,82 COUNTY ROAD 233,BANNER,MS,38913,NOT AVAILABLE,NATURAL GAS COMPRESSOR STATION,IN SERVICE,CALHOUN,28013,USA,34.087307994,-89.444583724,486210,PIPELINE TRANSPORTATION OF NATURAL GAS,"EPA ENVIROFACTS, FERC FORM 2, CORPORATE WEBSITE",2015/09/25 00:00:00+00,IMAGERY/OTHER,2016/03/14 00:00:00+00,http://www.columbiapipeinfo.com/,COLUMBIA GULF TRANSMISSION COMPANY,70,COLUMBIA GULF TRANSMISSION COMPANY,WITHIN 40 FEET,9,47000,17773383,3272778,1221965,1191395,36788,7,2012/11/22 00:00:00+00,0,0
-96.6333168149999,29.158710743,1224,1224,GCOMP87,TEXAS - EDNA - JACKSON COUNTY,11417 HIGHWAY 530,EDNA,TX,77957,NOT AVAILABLE,NATURAL GAS COMPRESSOR STATION,IN SERVICE,JACKSON,48239,USA,29.158710743,-96.633316815,486210,PIPELINE TRANSPORTATION OF NATURAL GAS,"EPA ENVIROFACTS, FERC FORM 2, CORPORATE WEBSITE",2015/08/19 00:00:00+00,IMAGERY/OTHER,2016/03/14 00:00:00+00,http://feptransfer.energytransfer.com/,"TRUNKLINE GAS COMPANY, LLC",30,"TRUNKLINE GAS COMPANY, LLC",WITHIN 40 FEET,1,1675,1863596,0,243674,0,0,0,1970/01/01 00:00:00+00,0,0
-91.605049498,35.1999826300001,1225,1225,GCOMP870,WEST POINT,823 AR-36,SEARCY,AR,72143,NOT AVAILABLE,NATURAL GAS COMPRESSOR STATION,IN SERVICE,WHITE,05145,USA,35.19998263,-91.605049498,486210,PIPELINE TRANSPORTATION OF NATURAL GAS,"EPA ENVIROFACTS, FERC FORM 2, CORPORATE WEBSITE",2015/10/20 00:00:00+00,IMAGERY/OTHER,2016/03/14 00:00:00+00,http://pipelines.centerpointenergy.com/,"CENTERPOINT ENERGY - MISSISSIPPI RIVER TRANSMISSION, LLC",25,"CENTERPOINT ENERGY - MISSISSIPPI RIVER TRANSMISSION, LLC",WITHIN 40 FEET,6,6000,11069415,198897,411392,65050,6593,5,1970/01/01 00:00:00+00,0,0
-95.542408,32.6822990000001,1226,1226,GCOMP871,MINEOLA,824 COUNTY ROAD 2231,MINEOLA,TX,75773,NOT AVAILABLE,NATURAL GAS COMPRESSOR STATION,IN SERVICE,WOOD,48499,USA,32.682299,-95.542408,486210,PIPELINE TRANSPORTATION OF NATURAL GAS,"FERC FORM 2, CORPORATE WEBSITE",2015/10/07 00:00:00+00,IMAGERY/OTHER,2016/03/14 00:00:00+00,http://infopost.bwpmlp.com/,"GULF SOUTH PIPELINE COMPANY, LP",11,"GULF SOUTH PIPELINE COMPANY, LP",WITHIN 40 FEET,2,660,548395,0,0,0,0,0,1970/01/01 00:00:00+00,0,0
-104.147895876,32.262975032,1227,1227,GCOMP872,CRAWFORD,"825 BOUNDS RD; 3 MI SW OF LOVING",LOVING,NM,88256,NOT AVAILABLE,NATURAL GAS COMPRESSOR STATION,IN SERVICE,EDDY,35015,USA,32.262975032,-104.147895876,486210,PIPELINE TRANSPORTATION OF NATURAL GAS,"EPA ENVIROFACTS, FERC FORM 2, CORPORATE WEBSITE",2015/08/24 00:00:00+00,IMAGERY/OTHER,2016/03/14 00:00:00+00,http://twtransfer.energytransfer.com/,"TRANSWESTERN PIPELINE COMPANY, LLC",42,"TRANSWESTERN PIPELINE COMPANY, LLC",WITHIN 40 FEET,2,2200,3699569,207710,160912,85786,8227,1,2012/09/26 00:00:00+00,0,0
-88.962487,31.8292290000001,1228,1228,GCOMP873,#538 - HEIDELBERG,83 COUNTY ROAD 37,HEIDELBERG,MS,39439,NOT AVAILABLE,NATURAL GAS COMPRESSOR STATION,IN SERVICE,JASPER,28061,USA,31.829229,-88.962487,486210,PIPELINE TRANSPORTATION OF NATURAL GAS,"FERC FORM 2, IMAGERY",2015/09/02 00:00:00+00,IMAGERY/OTHER,2016/03/14 00:00:00+00,http://pipeline2.kindermorgan.com/,"TENNESSEE GAS PIPELINE COMPANY, L.L.C.",9,"TENNESSEE GAS PIPELINE COMPANY, L.L.C.",WITHIN 40 FEET,9,24000,16032552,663438,1070937,253753,12250,4,2012/02/15 00:00:00+00,0,0
-97.518504,28.3734470000001,1229,1229,GCOMP874,TEXAS - BEEVILLE - BEE COUNTY,8300 HIGHWAY 202,BEEVILLE,TX,78102,NOT AVAILABLE,NATURAL GAS COMPRESSOR STATION,IN SERVICE,BEE,48025,USA,28.373447,-97.518504,486210,PIPELINE TRANSPORTATION OF NATURAL GAS,"EPA ENVIROFACTS, FERC FORM 2, CORPORATE WEBSITE",2015/08/20 00:00:00+00,IMAGERY/OTHER,2016/03/14 00:00:00+00,http://feptransfer.energytransfer.com/,"TRUNKLINE GAS COMPANY, LLC",30,"TRUNKLINE GAS COMPANY, LLC",WITHIN 40 FEET,3,6000,8154932,3342,0,1175,100,2,2012/03/23 00:00:00+00,0,0
-94.4491419999999,34.430939,1230,1230,GCOMP875,COVE,834 POLK 20 W (2.3 MILES WEST OF COVE),COVE,AR,71937,NOT AVAILABLE,NATURAL GAS COMPRESSOR STATION,IN SERVICE,POLK,05113,USA,34.430939,-94.449142,486210,PIPELINE TRANSPORTATION OF NATURAL GAS,"FERC FORM 2, ARKANSAS DEPARTMENT OF ENVIRONMENTAL QUALITY",2015/08/19 00:00:00+00,IMAGERY/OTHER,2016/03/14 00:00:00+00,http://pipelines.centerpointenergy.com/,"CENTERPOINT ENERGY GAS TRANSMISSION COMPANY, LLC",31,"CENTERPOINT ENERGY GAS TRANSMISSION COMPANY, LLC",WITHIN 40 FEET,1,14801,25588787,44409,139456,32380,291,1,1970/01/01 00:00:00+00,0,0
-89.809182,34.741656,1231,1231,GCOMP876,MISSISSIPPI - INDEPENDENCE - TATE COUNTY,8354 HIGHWAY 305,COLDWATER,MS,38618,NOT AVAILABLE,NATURAL GAS COMPRESSOR STATION,IN SERVICE,TATE,28137,USA,34.741656,-89.809182,486210,PIPELINE TRANSPORTATION OF NATURAL GAS,"EPA ENVIROFACTS, FERC FORM 2, CORPORATE WEBSITE",2015/08/20 00:00:00+00,IMAGERY/OTHER,2016/03/14 00:00:00+00,http://feptransfer.energytransfer.com/,"TRUNKLINE GAS COMPANY, LLC",30,"TRUNKLINE GAS COMPANY, LLC",WITHIN 40 FEET,13,32250,19604514,2633368,1469808,969319,31180,7,2012/01/14 00:00:00+00,0,0
-112.09067,40.512187,1232,1232,GCOMP877,SALT LAKE CITY,"8394 W 13055; SOUTH WEST OF SALT LAKE INTERNATIONAL AIRPORT SECTION1,",SALT LAKE CITY,UT,84116,NOT AVAILABLE,NATURAL GAS COMPRESSOR STATION,IN SERVICE,SALT LAKE,49035,USA,40.512187,-112.09067,486210,PIPELINE TRANSPORTATION OF NATURAL GAS,"FERC FORM 2, EPA ENVIROFACTS, IMAGERY",2015/10/27 00:00:00+00,IMAGERY/OTHER,2016/03/14 00:00:00+00,http://services.kernrivergas.com/,KERN RIVER GAS TRANSMISSION COMPANY,99,KERN RIVER GAS TRANSMISSION COMPANY,WITHIN 40 FEET,2,30000,37882397,4070089,278864,1555538,15748,2,2012/04/25 00:00:00+00,-999,554080
-91.11729,30.6327890000001,1233,1233,GCOMP878,STATION 8,8406 LOWER ZACHARY RD.,ZACHARY,LA,70791,NOT AVAILABLE,NATURAL GAS COMPRESSOR STATION,IN SERVICE,EAST BATON ROUGE,22033,USA,30.632789,-91.11729,486210,PIPELINE TRANSPORTATION OF NATURAL GAS,"EPA ENVIROFACTS, FERC FORM 2, CORPORATE WEBSITE",2015/09/18 00:00:00+00,IMAGERY/OTHER,2016/03/14 00:00:00+00,http://fgttransfer.energytransfer.com/,"FLORIDA GAS TRANSMISSION COMPANY, LLC",34,"FLORIDA GAS TRANSMISSION COMPANY, LLC",WITHIN 40 FEET,6,17865,35247516,2172170,2768337,750566,30609,4,2012/01/03 00:00:00+00,0,0
-103.418322666,40.463370162,1234,1234,GCOMP879,574 MERINO,8426 COUNTY ROAD 6,MERINO,CO,80741,NOT AVAILABLE,NATURAL GAS COMPRESSOR STATION,IN SERVICE,LOGAN,08075,USA,40.463370162,-103.418322666,486210,PIPELINE TRANSPORTATION OF NATURAL GAS,"EPA ENVIROFACTS, FERC FORM 2, CORPORATE WEBSITE",2015/09/09 00:00:00+00,IMAGERY/OTHER,2016/03/14 00:00:00+00,https://csi.sscgp.com/,"SOUTHERN STAR CENTRAL GAS PIPELINE, INC.",43,"SOUTHERN STAR CENTRAL GAS PIPELINE, INC.",WITHIN 40 FEET,1,3950,4774012,15995,70302,7778,215,1,2012/06/03 00:00:00+00,0,0
-84.820444908,32.6131270590001,1235,1235,GCOMP88,ELLERSLIE,11480 WARM SPRINGS ROAD,ELLERSLIE,GA,31807,5119,NATURAL GAS COMPRESSOR STATION,IN SERVICE,HARRIS,13145,USA,32.613127059,-84.820444908,486210,PIPELINE TRANSPORTATION OF NATURAL GAS,"EPA ENVIROFACTS, FERC FORM 2, CORPORATE WEBSITE",2015/09/10 00:00:00+00,IMAGERY/OTHER,2016/03/14 00:00:00+00,http://ixsnp.sonetpremier.com/,"SOUTHERN NATURAL GAS COMPANY, L.L.C.",7,"SOUTHERN NATURAL GAS COMPANY, L.L.C.",WITHIN 40 FEET,8,25100,40379633,958470,2296747,337809,32799,6,2012/11/25 00:00:00+00,1477992,37671511
-102.745361,37.7507680000001,1236,1236,GCOMP880,SPRINGFIELD,8438 COUNTY ROAD 1,LAMAR,CO,81052,NOT AVAILABLE,NATURAL GAS COMPRESSOR STATION,IN SERVICE,PROWERS,08011,USA,37.750768,-102.745361,486210,PIPELINE TRANSPORTATION OF NATURAL GAS,"EPA ENVIROFACTS, FERC FORM 2, CORPORATE WEBSITE",2015/09/29 00:00:00+00,IMAGERY/OTHER,2016/03/14 00:00:00+00,http://ebb.cigco.com/,"COLORADO INTERSTATE GAS COMPANY, L.L.C.",32,"COLORADO INTERSTATE GAS COMPANY, L.L.C.",WITHIN 40 FEET,4,5400,7758867,15922,314296,6305,757,2,2012/04/01 00:00:00+00,0,0
-90.073909,34.2947380000001,1237,1237,GCOMP881,#63 - BATESVILLE,8450 HWY 6 W,BATESVILLE,MS,38606,NOT AVAILABLE,NATURAL GAS COMPRESSOR STATION,IN SERVICE,PANOLA,28107,USA,34.294738,-90.073909,486210,PIPELINE TRANSPORTATION OF NATURAL GAS,"EPA ENVIROFACTS, FERC FORM 2, CORPORATE WEBSITE",2015/09/02 00:00:00+00,IMAGERY/OTHER,2016/03/14 00:00:00+00,http://pipeline2.kindermorgan.com/,"TENNESSEE GAS PIPELINE COMPANY, L.L.C.",9,"TENNESSEE GAS PIPELINE COMPANY, L.L.C.",WITHIN 40 FEET,23,38150,53797791,2991435,3431488,1057524,64635,15,2012/10/02 00:00:00+00,0,0
-91.451847583,43.813708868,1238,1238,GCOMP882,LACRESCENT,8481 COUNTY ROAD 25,HOUSTON,MN,55943,NOT AVAILABLE,NATURAL GAS COMPRESSOR STATION,IN SERVICE,HOUSTON,27055,USA,43.813708868,-91.451847583,486210,PIPELINE TRANSPORTATION OF NATURAL GAS,"EPA ENVIROFACTS, FERC FORM 2, CORPORATE WEBSITE",2015/09/15 00:00:00+00,IMAGERY/OTHER,2016/03/14 00:00:00+00,http://www.northernnaturalgas.com/,NORTHERN NATURAL GAS COMPANY,59,NORTHERN NATURAL GAS COMPANY,WITHIN 40 FEET,1,1250,2604500,0,52227,0,0,0,1970/01/01 00:00:00+00,14731,20934
-100.805075881,46.867573269,1239,1239,GCOMP883,BISMARCK,850 57TH AVE NW,BISMARCK,ND,58503,NOT AVAILABLE,NATURAL GAS COMPRESSOR STATION,IN SERVICE,BURLEIGH,38015,USA,46.867573269,-100.805075881,486210,PIPELINE TRANSPORTATION OF NATURAL GAS,"EPA ENVIROFACTS, FERC FORM 2, CORPORATE WEBSITE",2015/08/17 00:00:00+00,IMAGERY/OTHER,2016/03/14 00:00:00+00,http://transmission.wbienergy.com/,WILLISTON BASIN INTERSTATE PIPELINE COMPANY,49,WILLISTON BASIN INTERSTATE PIPELINE COMPANY,WITHIN 40 FEET,4,4991,6199435,833168,373494,317355,25615,3,2012/07/10 00:00:00+00,0,0
-98.930328807,38.4213514580001,1240,1240,GCOMP884,STATION 104 - GREAT BEND,850 NW 40TH RD,GREAT BEND,KS,67530,NOT AVAILABLE,NATURAL GAS COMPRESSOR STATION,IN SERVICE,BARTON,20009,USA,38.421351458,-98.930328807,486210,PIPELINE TRANSPORTATION OF NATURAL GAS,"EPA ENVIROFACTS, FERC FORM 2, CORPORATE WEBSITE",2015/09/16 00:00:00+00,IMAGERY/OTHER,2016/03/14 00:00:00+00,http://www.kindermorgan.com/,NATURAL GAS PIPELINE COMPANY OF AMERICA LLC,26,NATURAL GAS PIPELINE COMPANY OF AMERICA LLC,WITHIN 40 FEET,3,20500,35278976,0,0,99592,9503,3,2012/02/09 00:00:00+00,-999,62416800
-93.16075,43.6414300000001,1241,1241,GCOMP885,ALBERT LEA,850TH AVE & 200TH ST,HAYWARD,MN,56043,NOT AVAILABLE,NATURAL GAS COMPRESSOR STATION,IN SERVICE,FREEBORN,27047,USA,43.64143,-93.16075,486210,PIPELINE TRANSPORTATION OF NATURAL GAS,"EPA ENVIROFACTS, FERC FORM 2, CORPORATE WEBSITE",2015/10/28 00:00:00+00,IMAGERY/OTHER,2016/03/14 00:00:00+00,http://tariff.alliance-pipeline.com/,ALLIANCE PIPELINE,63,ALLIANCE PIPELINE,WITHIN 40 FEET,1,31206,34856345,0,2288925,1556473,8460,0,2012/12/11 00:00:00+00,0,0
-84.978457378,44.8433306640001,1242,1242,GCOMP886,ANR STORAGE - COLD SPRINGS,8514 ANR STORAGE DR,MANCELONA,MI,49659,NOT AVAILABLE,NATURAL GAS COMPRESSOR STATION,IN SERVICE,KALKASKA,26079,USA,44.843330664,-84.978457378,486210,PIPELINE TRANSPORTATION OF NATURAL GAS,"EPA ENVIROFACTS, FERC FORM 2, CORPORATE WEBSITE",2015/10/21 00:00:00+00,IMAGERY/OTHER,2016/03/14 00:00:00+00,http://www.gasnom.com/,ANR STORAGE COMPANY,91,ANR STORAGE COMPANY,WITHIN 40 FEET,3,11250,29133719,160197,541891,56913,2112,3,2012/09/15 00:00:00+00,0,0
-123.048917038,43.9760749760001,1243,1243,GCOMP887,EUGENE,85166 HIDEWAY HILLS ROAD NORTH,EUGENE,OR,97405,NOT AVAILABLE,NATURAL GAS COMPRESSOR STATION,IN SERVICE,LANE,41039,USA,43.976074976,-123.048917038,486210,PIPELINE TRANSPORTATION OF NATURAL GAS,"EPA ENVIROFACTS, FERC FORM 2, CORPORATE WEBSITE",2015/09/15 00:00:00+00,IMAGERY/OTHER,2016/03/14 00:00:00+00,http://www.northwest.williams.com/,NORTHWEST PIPELINE GP,37,NORTHWEST PIPELINE GP,WITHIN 40 FEET,1,1339,7496365,21230,50293,7332,407,1,2012/01/17 00:00:00+00,0,0
-80.543977288,34.2384156190001,1244,1244,GCOMP888,CAMDEN - CAMDEN,852 BISHOPVILLE HWY,CAMDEN,SC,29020,NOT AVAILABLE,NATURAL GAS COMPRESSOR STATION,IN SERVICE,KERSHAW,45055,USA,34.238415619,-80.543977288,486210,PIPELINE TRANSPORTATION OF NATURAL GAS,"EPA ENVIROFACTS, FERC FORM 2, CORPORATE WEBSITE",2015/09/25 00:00:00+00,IMAGERY/OTHER,2016/03/14 00:00:00+00,http://www.discovery.williamsenergy.com/,"DOMINION CAROLINA GAS TRANSMISSION, LLC",63,DISCOVERY GAS TRANSMISSION LLC,WITHIN 40 FEET,-999,-999,-999,263,0,121,0,3,2012/04/23 00:00:00+00,0,0
-86.397881,38.884775,1245,1245,GCOMP889,LEESVILLE,857 ERIE CHURCH ROAD,BEDFORD,IN,47421,NOT AVAILABLE,NATURAL GAS COMPRESSOR STATION,IN SERVICE,LAWRENCE,18093,USA,38.884775,-86.397881,486210,PIPELINE TRANSPORTATION OF NATURAL GAS,"EPA ENVIROFACTS, FERC FORM 2, CORPORATE WEBSITE",2015/08/28 00:00:00+00,IMAGERY/OTHER,2016/03/14 00:00:00+00,http://infopost.bwpmlp.com/,"TEXAS GAS TRANSMISSION, LLC",18,"TEXAS GAS TRANSMISSION, LLC",WITHIN 40 FEET,4,6400,10916866,74341,602502,28382,2222,4,2012/02/11 00:00:00+00,0,0
-106.731402,44.1241150000001,1246,1246,GCOMP89,BILLY CREEK,115 BILLY CREEK RD,BUFFALO,WY,82834,NOT AVAILABLE,NATURAL GAS COMPRESSOR STATION,IN SERVICE,JOHNSON,56019,USA,44.124115,-106.731402,486210,PIPELINE TRANSPORTATION OF NATURAL GAS,"EPA ENVIROFACTS, FERC FORM 2, CORPORATE WEBSITE",2015/08/17 00:00:00+00,IMAGERY/OTHER,2016/03/14 00:00:00+00,http://transmission.wbienergy.com/,WILLISTON BASIN INTERSTATE PIPELINE COMPANY,49,WILLISTON BASIN INTERSTATE PIPELINE COMPANY,WITHIN 40 FEET,1,421,2313997,20050,130380,7808,4051,1,2012/05/14 00:00:00+00,0,0
-100.664151371,35.546724215,1247,1247,GCOMP890,STATION 154 - PAMPA,8578 COUNTY ROAD 24,PAMPA,TX,79065,NOT AVAILABLE,NATURAL GAS COMPRESSOR STATION,IN SERVICE,GRAY,48179,USA,35.546724215,-100.664151371,486210,PIPELINE TRANSPORTATION OF NATURAL GAS,"EPA ENVIROFACTS, FERC FORM 2, CORPORATE WEBSITE",2015/09/16 00:00:00+00,IMAGERY/OTHER,2016/03/14 00:00:00+00,http://www.kindermorgan.com/,NATURAL GAS PIPELINE COMPANY OF AMERICA LLC,26,NATURAL GAS PIPELINE COMPANY OF AMERICA LLC,WITHIN 40 FEET,5,9120,6156860,0,0,132165,5329,4,2012/02/09 00:00:00+00,0,0
-93.5315297659999,32.5171089940001,1248,1248,GCOMP891,SLIGO - 20%,860 UNION TEXAS RD,HAUGHTON,LA,71037,NOT AVAILABLE,NATURAL GAS COMPRESSOR STATION,IN SERVICE,BOSSIER,22015,USA,32.517108994,-93.531529766,486210,PIPELINE TRANSPORTATION OF NATURAL GAS,"EPA ENVIROFACTS, FERC FORM 2, CORPORATE WEBSITE",2015/09/17 00:00:00+00,IMAGERY/OTHER,2016/03/14 00:00:00+00,http://infopost.bwpmlp.com/,"GULF SOUTH PIPELINE COMPANY, LP",11,"GULF SOUTH PIPELINE COMPANY, LP",WITHIN 40 FEET,4,2640,262311,0,0,0,0,0,1970/01/01 00:00:00+00,0,0
-79.0844749999999,40.4309040000001,1249,1249,GCOMP892,ARMAGH,862 HORSE THIEF ROAD,NEW FLORENCE,PA,15944,8127,NATURAL GAS COMPRESSOR STATION,IN SERVICE,WESTMORELAND,42063,USA,40.430904,-79.084475,486210,PIPELINE TRANSPORTATION OF NATURAL GAS,"EPA ENVIROFACTS, FERC FORM 2, CORPORATE WEBSITE",2015/09/01 00:00:00+00,IMAGERY/OTHER,2016/03/14 00:00:00+00,http://www.spectraenergy.com/,"TEXAS EASTERN TRANSMISSION, LP",17,"TEXAS EASTERN TRANSMISSION, LP",WITHIN 40 FEET,1,22000,20182372,128289,0,48026,187,1,2012/01/15 00:00:00+00,29836,257250
-80.415021,27.445631,1250,1250,GCOMP893,STATION 20,8701 ORANGE AVE.,FORT PIERCE,FL,34945,NOT AVAILABLE,NATURAL GAS COMPRESSOR STATION,IN SERVICE,SAINT LUCIE,12111,USA,27.445631,-80.415021,486210,PIPELINE TRANSPORTATION OF NATURAL GAS,"EPA ENVIROFACTS, FERC FORM 2, CORPORATE WEBSITE",2015/09/18 00:00:00+00,IMAGERY/OTHER,2016/03/14 00:00:00+00,http://fgttransfer.energytransfer.com/,"FLORIDA GAS TRANSMISSION COMPANY, LLC",34,"FLORIDA GAS TRANSMISSION COMPANY, LLC",WITHIN 40 FEET,5,11400,33848802,618608,1149465,220384,15028,2,2012/01/03 00:00:00+00,0,0
-93.378585024,43.9614553710001,1251,1251,GCOMP894,OWATONNA,8763 CR-7,ELLENDALE,MN,56026,NOT AVAILABLE,NATURAL GAS COMPRESSOR STATION,IN SERVICE,STEELE,27147,USA,43.961455371,-93.378585024,486210,PIPELINE TRANSPORTATION OF NATURAL GAS,"EPA ENVIROFACTS, FERC FORM 2, CORPORATE WEBSITE",2015/09/15 00:00:00+00,IMAGERY/OTHER,2016/03/14 00:00:00+00,http://www.northernnaturalgas.com/,NORTHERN NATURAL GAS COMPANY,59,NORTHERN NATURAL GAS COMPANY,WITHIN 40 FEET,1,13037,12902159,238691,106720,81924,1133,1,2012/01/19 00:00:00+00,20727,147000
-90.867359,30.087817,1252,1252,GCOMP895,NO. 63 CONVENT,8797 HELVETIA ST.,CONVENT,LA,70723,NOT AVAILABLE,NATURAL GAS COMPRESSOR STATION,IN SERVICE,SAINT JAMES,22093,USA,30.087817,-90.867359,486210,PIPELINE TRANSPORTATION OF NATURAL GAS,"EPA ENVIROFACTS, FERC FORM 2, CORPORATE WEBSITE",2015/08/24 00:00:00+00,IMAGERY/OTHER,2016/03/14 00:00:00+00,http://www.1line.williams.com/,"TRANSCONTINENTAL GAS PIPE LINE COMPANY, LLC",29,"TRANSCONTINENTAL GAS PIPE LINE COMPANY, LLC",WITHIN 40 FEET,8,17960,12128429,39845,861497,13191,778,5,2013/02/09 00:00:00+00,0,0
-79.018363,40.909749,1253,1253,GCOMP896,PUNXSUTAWNEY,88 LASKA ROAD,PUNXSUTAWNEY,PA,15767,NOT AVAILABLE,NATURAL GAS COMPRESSOR STATION,IN SERVICE,JEFFERSON,42063,USA,40.909749,-79.018363,486210,PIPELINE TRANSPORTATION OF NATURAL GAS,"EPA ENVIROFACTS, FERC FORM 2, CORPORATE WEBSITE",2015/09/24 00:00:00+00,IMAGERY/OTHER,2016/03/14 00:00:00+00,http://escript.dom.com/,"DOMINION TRANSMISSION, INC.",22,"DOMINION TRANSMISSION, INC.",WITHIN 40 FEET,4,19262,47715978,410619,624490,133406,4043,4,2012/12/13 00:00:00+00,0,0
-79.0087026269999,41.129110547,1254,1254,GCOMP897,IOWA,893 IOWA RD,BROOKVILLE,PA,15825,NOT AVAILABLE,NATURAL GAS COMPRESSOR STATION,IN SERVICE,JEFFERSON,42065,USA,41.129110547,-79.008702627,486210,PIPELINE TRANSPORTATION OF NATURAL GAS,"EPA ENVIROFACTS, FERC FORM 2, CORPORATE WEBSITE",2015/09/28 00:00:00+00,IMAGERY/OTHER,2016/03/14 00:00:00+00,http://www.columbiapipeinfo.com/,"COLUMBIA GAS TRANSMISSION,LLC",21,"COLUMBIA GAS TRANSMISSION,LLC",WITHIN 40 FEET,2,2235,650189,0,0,0,5011,1,2012/07/21 00:00:00+00,0,0
-104.485011422,32.082340275,1255,1255,GCOMP898,WASHINGTON & TEXAS - STORAGE,9 MI SW OF WHITE CITY,WHITE CITY,NM,88268,NOT AVAILABLE,NATURAL GAS COMPRESSOR STATION,IN SERVICE,EDDY,35015,USA,32.082340275,-104.485011422,486210,PIPELINE TRANSPORTATION OF NATURAL GAS,"EPA ENVIROFACTS, FERC FORM 2, CORPORATE WEBSITE",2015/09/21 00:00:00+00,IMAGERY/OTHER,2016/03/14 00:00:00+00,https://pipeportal.kindermorgan.com/,"EL PASO NATURAL GAS COMPANY, L.L.C.",33,"EL PASO NATURAL GAS COMPANY, L.L.C.",WITHIN 40 FEET,2,9000,27963265,753736,1238640,286426,9022,2,2012/12/03 00:00:00+00,0,0
-108.738085,41.689396,1256,1256,GCOMP899,POINT OF ROCKS (GREEN RIVER BASIN),9 MILE RD [HWY 15]/NORTH OF I-80,POINT OF ROCKS,WY,82942,NOT AVAILABLE,NATURAL GAS COMPRESSOR STATION,IN SERVICE,SWEETWATER,56037,USA,41.689396,-108.738085,486210,PIPELINE TRANSPORTATION OF NATURAL GAS,"EPA ENVIROFACTS, FERC FORM 2, CORPORATE WEBSITE",2015/10/01 00:00:00+00,IMAGERY/OTHER,2016/03/14 00:00:00+00,http://www.questarpipeline.com/,QUESTAR OVERTHRUST PIPELINE COMPANY,78,QUESTAR OVERTHRUST PIPELINE COMPANY,WITHIN 40 FEET,1,16000,22934734,160202,61647,69626,924,1,2012/07/02 00:00:00+00,0,0
-80.0346259999999,38.828964,1257,1257,GCOMP9,CORONADO #14,0.2 MILES NORTH ON MABIE ROAD,CASSITY,WV,26278,NOT AVAILABLE,NATURAL GAS COMPRESSOR STATION,IN SERVICE,RANDOLPH,54083,USA,38.828964,-80.034626,486210,PIPELINE TRANSPORTATION OF NATURAL GAS,"EPA ENVIROFACTS, FERC FORM 2, CORPORATE WEBSITE",2015/09/25 00:00:00+00,IMAGERY/OTHER,2016/03/14 00:00:00+00,http://escript.dom.com/,"DOMINION TRANSMISSION, INC.",22,"DOMINION TRANSMISSION, INC.",WITHIN 40 FEET,2,2605,3788864,380006,575247,136050,16597,1,2012/12/21 00:00:00+00,0,0
-92.276422612,32.319655142,1258,1258,GCOMP90,VIXEN,115 LUCAS WYATT RD,WEST MONROE,LA,71292,NOT AVAILABLE,NATURAL GAS COMPRESSOR STATION,IN SERVICE,OUACHITA,22073,USA,32.319655142,-92.276422612,486210,PIPELINE TRANSPORTATION OF NATURAL GAS,"FERC FORM 2, IMAGERY",2015/09/17 00:00:00+00,IMAGERY/OTHER,2016/03/14 00:00:00+00,http://infopost.bwpmlp.com/,"GULF SOUTH PIPELINE COMPANY, LP",11,"GULF SOUTH PIPELINE COMPANY, LP",WITHIN 40 FEET,2,30000,49547822,4817541,4748871,1724555,16244,2,2012/12/01 00:00:00+00,0,0
-104.226977614,32.781361981,1259,1259,GCOMP900,ATOKA 1,9.8 MILES NEE OF ATOKA,ATOKA,NM,88210,NOT AVAILABLE,NATURAL GAS COMPRESSOR STATION,IN SERVICE,EDDY,35015,USA,32.781361981,-104.226977614,486210,PIPELINE TRANSPORTATION OF NATURAL GAS,"FERC FORM 2, CORPORATE WEBSITE, IMAGERY",2015/09/30 00:00:00+00,IMAGERY/OTHER,2016/03/14 00:00:00+00,http://twtransfer.energytransfer.com/,"TRANSWESTERN PIPELINE COMPANY, LLC",42,"TRANSWESTERN PIPELINE COMPANY, LLC",WITHIN 40 FEET,5,2320,5812762,228,144764,51,204,1,2015/01/22 00:00:00+00,0,0
-98.579023,37.8668950000001,1260,1260,GCOMP901,557 STAFFORD,902 SOUTHEAST 60TH STREET,STAFFORD,KS,67578,NOT AVAILABLE,NATURAL GAS COMPRESSOR STATION,IN SERVICE,STAFFORD,20185,USA,37.866895,-98.579023,486210,PIPELINE TRANSPORTATION OF NATURAL GAS,"FERC FORM 2, IMAGERY",2015/09/10 00:00:00+00,IMAGERY/OTHER,2016/03/14 00:00:00+00,https://csi.sscgp.com/,"SOUTHERN STAR CENTRAL GAS PIPELINE, INC.",43,"SOUTHERN STAR CENTRAL GAS PIPELINE, INC.",WITHIN 40 FEET,3,6000,3379524,13057,201584,4810,8,1,2012/01/09 00:00:00+00,0,0
-80.407946,39.3025850000001,1261,1261,GCOMP902,MORRISON,907 GREGORY RUN,CLARKSBURG,WV,26301,NOT AVAILABLE,NATURAL GAS COMPRESSOR STATION,IN SERVICE,HARRISON,54033,USA,39.302585,-80.407946,486210,PIPELINE TRANSPORTATION OF NATURAL GAS,"EPA ENVIROFACTS, FERC FORM 2, CORPORATE WEBSITE",2015/09/24 00:00:00+00,IMAGERY/OTHER,2016/03/14 00:00:00+00,http://escript.dom.com/,"DOMINION TRANSMISSION, INC.",22,"DOMINION TRANSMISSION, INC.",WITHIN 40 FEET,1,1775,21092455,769,165541,283,43,0,1970/01/01 00:00:00+00,0,0
-73.847206195,42.2809093990001,1262,1262,GCOMP903,ATHENS,915 SCHOHARIE TURNPIKE CR 28,ATHENS,NY,12015,NOT AVAILABLE,NATURAL GAS COMPRESSOR STATION,IN SERVICE,GREENE,36039,USA,42.280909399,-73.847206195,486210,PIPELINE TRANSPORTATION OF NATURAL GAS,"FERC FORM 2, IMAGERY",2015/09/17 00:00:00+00,IMAGERY/OTHER,2016/03/14 00:00:00+00,http://www.iroquois.com/,IPOC AS AGENT/IROQUOIS GAS TRANS. SYS. L.P.,110,IPOC AS AGENT/IROQUOIS GAS TRANS. SYS. L.P.,WITHIN 40 FEET,1,10028,25499510,0,162797,138896,1692,1,2012/02/13 00:00:00+00,-999,364680
-94.1402701329999,30.983161239,1263,1263,GCOMP904,#32 - JASPER,9217 STATE HIGHWAY 63 W,JASPER,TX,75951,NOT AVAILABLE,NATURAL GAS COMPRESSOR STATION,IN SERVICE,JASPER,48241,USA,30.983161239,-94.140270133,486210,PIPELINE TRANSPORTATION OF NATURAL GAS,"EPA ENVIROFACTS, FERC FORM 2, CORPORATE WEBSITE",2015/09/03 00:00:00+00,IMAGERY/OTHER,2016/03/14 00:00:00+00,http://pipeline2.kindermorgan.com/,"TENNESSEE GAS PIPELINE COMPANY, L.L.C.",9,"TENNESSEE GAS PIPELINE COMPANY, L.L.C.",WITHIN 40 FEET,20,26750,41025802,11755,1411818,4138,266,3,2012/07/18 00:00:00+00,0,0
-85.6669447899999,35.204700486,1264,1264,GCOMP905,TRACY CITY,9220 US-41,JASPER,TN,37374,NOT AVAILABLE,NATURAL GAS COMPRESSOR STATION,IN SERVICE,MARION,47115,USA,35.204700486,-85.66694479,486210,PIPELINE TRANSPORTATION OF NATURAL GAS,"EPA ENVIROFACTS, FERC FORM 2, CORPORATE WEBSITE",2015/09/22 00:00:00+00,IMAGERY/OTHER,2016/03/14 00:00:00+00,http://www.spectraenergy.com/,"EAST TENNESSEE NATURAL GAS, LLC",2,"EAST TENNESSEE NATURAL GAS, LLC",WITHIN 40 FEET,1,6270,12445886,626786,0,232554,5190,0,2012/01/13 00:00:00+00,0,0
-74.5317239999999,41.343557,1265,1265,GCOMP906,MINISINK,924 NY-284,WESTTOWN,NY,10998,NOT AVAILABLE,NATURAL GAS COMPRESSOR STATION,IN SERVICE,ORANGE,36071,USA,41.343557,-74.531724,486210,PIPELINE TRANSPORTATION OF NATURAL GAS,"EPA ENVIROFACTS, FERC FORM 2, CORPORATE WEBSITE, IMAGERY",2015/10/15 00:00:00+00,IMAGERY/OTHER,2016/03/14 00:00:00+00,http://www.columbiapipeinfo.com/,"COLUMBIA GAS TRANSMISSION,LLC",21,"COLUMBIA GAS TRANSMISSION,LLC",WITHIN 40 FEET,2,12260,-999,0,0,0,0,0,1970/01/01 00:00:00+00,0,0
-88.324234,39.7900970000001,1266,1266,GCOMP907,ILLINOIS - TUSCOLA - DOUGLAS COUNTY,927 N COUNTY ROAD 800 E,TUSCOLA,IL,61953,NOT AVAILABLE,NATURAL GAS COMPRESSOR STATION,IN SERVICE,DOUGLAS,17041,USA,39.790097,-88.324234,486210,PIPELINE TRANSPORTATION OF NATURAL GAS,"EPA ENVIROFACTS, FERC FORM 2, CORPORATE WEBSITE",2015/08/20 00:00:00+00,IMAGERY/OTHER,2016/03/14 00:00:00+00,http://feptransfer.energytransfer.com/,"TRUNKLINE GAS COMPANY, LLC",30,"TRUNKLINE GAS COMPANY, LLC",WITHIN 40 FEET,5,10700,8534962,1399154,745473,522952,30430,5,2012/04/06 00:00:00+00,0,0
-88.3834179999999,36.963063,1267,1267,GCOMP908,CALVERT CITY,93 TEXAS GAS LANE,CALVERT CITY,KY,42025,NOT AVAILABLE,NATURAL GAS COMPRESSOR STATION,IN SERVICE,MARSHALL,21157,USA,36.963063,-88.383418,486210,PIPELINE TRANSPORTATION OF NATURAL GAS,"EPA ENVIROFACTS, FERC FORM 2, CORPORATE WEBSITE",2015/08/28 00:00:00+00,IMAGERY/OTHER,2016/03/14 00:00:00+00,http://infopost.bwpmlp.com/,"TEXAS GAS TRANSMISSION, LLC",18,"TEXAS GAS TRANSMISSION, LLC",WITHIN 40 FEET,8,29440,25562972,920077,1520272,347528,8849,4,2012/04/15 00:00:00+00,0,0
-99.7964939999999,46.0667970000001,1268,1268,GCOMP909,#8 - MCINTOSH COUNTY,9305 28TH AVENUE SOUTHEAST,ZEELAND,ND,58581,NOT AVAILABLE,NATURAL GAS COMPRESSOR STATION,IN SERVICE,MCINTOSH,38051,USA,46.066797,-99.796494,486210,PIPELINE TRANSPORTATION OF NATURAL GAS,"EPA ENVIROFACTS, FERC FORM 2, CORPORATE WEBSITE",2015/09/15 00:00:00+00,IMAGERY/OTHER,2016/03/14 00:00:00+00,http://www.northernborder.com/,NORTHERN BORDER PIPELINE COMPANY,89,NORTHERN BORDER PIPELINE COMPANY,WITHIN 40 FEET,1,38000,43134735,6306326,212232,2171733,8569,1,2012/01/12 00:00:00+00,0,0
-88.319371,31.0840240000001,1269,1269,GCOMP91,NO. 83 CITRONELLE,11500 BEVERLY JEFFRIES HWY,CITRONELLE,AL,36522,NOT AVAILABLE,NATURAL GAS COMPRESSOR STATION,IN SERVICE,MOBILE,01097,USA,31.084024,-88.319371,486210,PIPELINE TRANSPORTATION OF NATURAL GAS,"EPA ENVIROFACTS, FERC FORM 2, CORPORATE WEBSITE",2015/08/24 00:00:00+00,IMAGERY/OTHER,2016/03/14 00:00:00+00,http://www.1line.williams.com/,"TRANSCONTINENTAL GAS PIPE LINE COMPANY, LLC",29,"TRANSCONTINENTAL GAS PIPE LINE COMPANY, LLC",WITHIN 40 FEET,1,15000,25130623,1239859,206295,533083,5756,1,2012/07/14 00:00:00+00,0,0
-101.048997,38.002398,1270,1270,GCOMP910,HOLCOMB,"9366 US-400; S4-T24S-R34W",HOLCOMB,KS,67851,NOT AVAILABLE,NATURAL GAS COMPRESSOR STATION,IN SERVICE,FINNEY,20055,USA,38.002398,-101.048997,486210,PIPELINE TRANSPORTATION OF NATURAL GAS,"FERC FORM 2, CORPORATE WEBSITE, IMAGERY",2015/09/09 00:00:00+00,IMAGERY/OTHER,2016/03/14 00:00:00+00,http://pipeline.tallgrassenergylp.com/,TALLGRASS INTERSTATE GAS TRANSMISSION LLC,53,TALLGRASS INTERSTATE GAS TRANSMISSION LLC,WITHIN 40 FEET,9,12010,8553099,0,0,218375,17744,3,2012/03/08 00:00:00+00,0,0
-86.259022268,39.9206680390001,1271,1271,GCOMP911,INDIANA-ZIONSVILLE-MARION COUNTY,9371 ZIONSVILLE RD,INDIANAPOLIS,IN,46268,NOT AVAILABLE,NATURAL GAS COMPRESSOR STATION,IN SERVICE,MARION,18097,USA,39.920668039,-86.259022268,486210,PIPELINE TRANSPORTATION OF NATURAL GAS,"EPA ENVIROFACTS, FERC FORM 2, CORPORATE WEBSITE",2015/09/14 00:00:00+00,IMAGERY/OTHER,2016/03/14 00:00:00+00,http://peplmessenger.energytransfer.com/,"PANHANDLE EASTERN PIPE LINE COMPANY, LP",28,"PANHANDLE EASTERN PIPE LINE COMPANY, LP",WITHIN 40 FEET,8,26950,34310061,2548553,2003573,971720,36745,7,2012/12/19 00:00:00+00,0,0
-82.124199,39.2400020000001,1272,1272,GCOMP912,ATHENS,9375 HARNER ROAD,ATHENS,OH,45701,8970,NATURAL GAS COMPRESSOR STATION,IN SERVICE,ATHENS,39009,USA,39.240002,-82.124199,486210,PIPELINE TRANSPORTATION OF NATURAL GAS,"EPA ENVIROFACTS, FERC FORM 2, CORPORATE WEBSITE",2015/09/01 00:00:00+00,IMAGERY/OTHER,2016/03/14 00:00:00+00,http://www.spectraenergy.com/,"TEXAS EASTERN TRANSMISSION, LP",17,"TEXAS EASTERN TRANSMISSION, LP",WITHIN 40 FEET,4,32000,21951810,477372,0,188557,2940,4,2012/01/23 00:00:00+00,62938,549000
-79.337094,36.832032,1273,1273,GCOMP913,NO. 165 CHATHAM,945 TRANSCO ROAD,CHATHAM,VA,24531,NOT AVAILABLE,NATURAL GAS COMPRESSOR STATION,IN SERVICE,PITTSYLVANIA,51143,USA,36.832032,-79.337094,486210,PIPELINE TRANSPORTATION OF NATURAL GAS,"EPA ENVIROFACTS, FERC FORM 2, CORPORATE WEBSITE",2015/08/25 00:00:00+00,IMAGERY/OTHER,2016/03/14 00:00:00+00,http://www.1line.williams.com/,"TRANSCONTINENTAL GAS PIPE LINE COMPANY, LLC",29,"TRANSCONTINENTAL GAS PIPE LINE COMPANY, LLC",WITHIN 40 FEET,11,23400,25712771,966434,2078920,333496,19717,11,2012/05/10 00:00:00+00,0,0
-101.03346,38.0026300000001,1274,1274,GCOMP914,HOLCOMB,9480 W HWY 50,HOLCOMB,KS,67851,NOT AVAILABLE,NATURAL GAS COMPRESSOR STATION,IN SERVICE,FINNEY,20055,USA,38.00263,-101.03346,486210,PIPELINE TRANSPORTATION OF NATURAL GAS,"FERC FORM 2, IMAGERY",2015/10/01 00:00:00+00,IMAGERY/OTHER,2016/03/14 00:00:00+00,http://www.northernnaturalgas.com/,NORTHERN NATURAL GAS COMPANY,63,NORTHERN NATURAL GAS COMPANY,WITHIN 40 FEET,1,556,247432,0,6776,84140,2145,1,2012/04/03 00:00:00+00,1803,4640
-106.298393652,34.3409150640001,1275,1275,GCOMP915,STATION 7,950 CASTER RANCH ROAD,MOUNTAINAIR,NM,87036,NOT AVAILABLE,NATURAL GAS COMPRESSOR STATION,IN SERVICE,TORRANCE,35057,USA,34.340915064,-106.298393652,486210,PIPELINE TRANSPORTATION OF NATURAL GAS,"EPA ENVIROFACTS, FERC FORM 2, CORPORATE WEBSITE",2015/08/21 00:00:00+00,IMAGERY/OTHER,2016/03/14 00:00:00+00,http://twtransfer.energytransfer.com/,"TRANSWESTERN PIPELINE COMPANY, LLC",42,"TRANSWESTERN PIPELINE COMPANY, LLC",WITHIN 40 FEET,3,13500,14198475,71927,1068559,42861,1920,1,2012/07/19 00:00:00+00,0,0
-96.761567,28.6449850000001,1276,1276,GCOMP916,STATION 3,9546 US HIGHWAY 87,PORT LAVACA,TX,77979,NOT AVAILABLE,NATURAL GAS COMPRESSOR STATION,IN SERVICE,CALHOUN,48057,USA,28.644985,-96.761567,486210,PIPELINE TRANSPORTATION OF NATURAL GAS,"EPA ENVIROFACTS, FERC FORM 2, CORPORATE WEBSITE",2015/09/18 00:00:00+00,IMAGERY/OTHER,2016/03/14 00:00:00+00,http://fgttransfer.energytransfer.com/,"FLORIDA GAS TRANSMISSION COMPANY, LLC",34,"FLORIDA GAS TRANSMISSION COMPANY, LLC",WITHIN 40 FEET,2,3000,5667007,61,600877,21,1,0,2012/01/03 00:00:00+00,0,0
-101.367103,34.9861270000001,1277,1277,GCOMP917,CLAUDE,9568 FM-1258,CLAUDE,TX,79019,NOT AVAILABLE,NATURAL GAS COMPRESSOR STATION,IN SERVICE,ARMSTRONG,48011,USA,34.986127,-101.367103,486210,PIPELINE TRANSPORTATION OF NATURAL GAS,"EPA ENVIROFACTS, FERC FORM 2, CORPORATE WEBSITE",2015/09/15 00:00:00+00,IMAGERY/OTHER,2016/03/14 00:00:00+00,http://www.northernnaturalgas.com/,NORTHERN NATURAL GAS COMPANY,59,NORTHERN NATURAL GAS COMPANY,WITHIN 40 FEET,1,9300,3780911,14687,191565,4243,111,1,2012/10/31 00:00:00+00,11277,83360
-90.1991879999999,31.2469310000001,1278,1278,GCOMP918,NO. 70 TYLERTOWN,967 HIGHWAY 583 N,TYLERTOWN,MS,39667,NOT AVAILABLE,NATURAL GAS COMPRESSOR STATION,IN SERVICE,WALTHALL,28147,USA,31.246931,-90.199188,486210,PIPELINE TRANSPORTATION OF NATURAL GAS,"EPA ENVIROFACTS, FERC FORM 2, CORPORATE WEBSITE",2015/08/24 00:00:00+00,IMAGERY/OTHER,2016/03/14 00:00:00+00,http://www.1line.williams.com/,"TRANSCONTINENTAL GAS PIPE LINE COMPANY, LLC",29,"TRANSCONTINENTAL GAS PIPE LINE COMPANY, LLC",WITHIN 40 FEET,6,47390,43672825,2026844,1896081,918142,8203,3,2012/11/15 00:00:00+00,0,0
-73.098153442,41.236511697,1279,1279,GCOMP919,MILFORD,969 ORONOQUE RD,MILFORD,CT,06460,NOT AVAILABLE,NATURAL GAS COMPRESSOR STATION,IN SERVICE,NEW HAVEN,09009,USA,41.236511697,-73.098153442,486210,PIPELINE TRANSPORTATION OF NATURAL GAS,"FERC FORM 2, CORPORATE WEBSITE",2015/10/06 00:00:00+00,IMAGERY/OTHER,2016/03/14 00:00:00+00,http://www.iroquois.com/,IPOC AS AGENT/IROQUOIS GAS TRANS. SYS. L.P.,110,IPOC AS AGENT/IROQUOIS GAS TRANS. SYS. L.P.,WITHIN 40 FEET,2,20620,41679568,0,159702,83703,1028,2,2012/01/04 00:00:00+00,-999,376920
-91.918471708,41.365552005,1280,1280,GCOMP92,STATION 205 - KEOTA,1155 200TH ST,KEOTA,IA,52248,NOT AVAILABLE,NATURAL GAS COMPRESSOR STATION,IN SERVICE,KEOKUK,19183,USA,41.365552005,-91.918471708,486210,PIPELINE TRANSPORTATION OF NATURAL GAS,"EPA ENVIROFACTS, FERC FORM 2, CORPORATE WEBSITE",2015/09/16 00:00:00+00,IMAGERY/OTHER,2016/03/14 00:00:00+00,http://www.kindermorgan.com/,NATURAL GAS PIPELINE COMPANY OF AMERICA LLC,26,NATURAL GAS PIPELINE COMPANY OF AMERICA LLC,WITHIN 40 FEET,4,3120,6107850,0,0,56998,9890,4,2012/11/13 00:00:00+00,0,0
-120.613935794,45.128360716,1281,1281,GCOMP920,#10- KENT,97135 WILCOX LN,KENT,OR,97033,NOT AVAILABLE,NATURAL GAS COMPRESSOR STATION,IN SERVICE,SHERMAN,41055,USA,45.128360716,-120.613935794,486210,PIPELINE TRANSPORTATION OF NATURAL GAS,"EPA ENVIROFACTS, FERC FORM 2, CORPORATE WEBSITE",2015/09/18 00:00:00+00,IMAGERY/OTHER,2016/03/14 00:00:00+00,http://www.gastransmissionnw.com/,GAS TRANSMISSION NORTHWEST LLC,86,GAS TRANSMISSION NORTHWEST LLC,WITHIN 40 FEET,3,47900,52843755,2977693,218555,1090730,9062,2,2012/06/22 00:00:00+00,0,0
-77.414395,42.049701,1282,1282,GCOMP921,WOODHULL,974 COUNTY ROUTE 99,WOODHULL,NY,14898,NOT AVAILABLE,NATURAL GAS COMPRESSOR STATION,IN SERVICE,STEUBEN,36101,USA,42.049701,-77.414395,486210,PIPELINE TRANSPORTATION OF NATURAL GAS,"EPA ENVIROFACTS, FERC FORM 2, CORPORATE WEBSITE",2015/09/22 00:00:00+00,IMAGERY/OTHER,2016/03/14 00:00:00+00,http://escript.dom.com/,"DOMINION TRANSMISSION, INC.",22,"DOMINION TRANSMISSION, INC.",WITHIN 40 FEET,8,14700,38521860,425933,1546440,163575,8509,5,2012/03/19 00:00:00+00,0,0
-79.69657,42.055664,1283,1283,GCOMP922,#224 - CLYMER,9766 RAVLIN HILL RD.,CLYMER,NY,14724,NOT AVAILABLE,NATURAL GAS COMPRESSOR STATION,IN SERVICE,CHAUTAUQUA,36013,USA,42.055664,-79.69657,486210,PIPELINE TRANSPORTATION OF NATURAL GAS,"EPA ENVIROFACTS, FERC FORM 2, CORPORATE WEBSITE",2015/09/03 00:00:00+00,IMAGERY/OTHER,2016/03/14 00:00:00+00,http://pipeline2.kindermorgan.com/,"TENNESSEE GAS PIPELINE COMPANY, L.L.C.",9,"TENNESSEE GAS PIPELINE COMPANY, L.L.C.",WITHIN 40 FEET,4,8000,16423540,966966,692967,350276,18165,4,2012/01/10 00:00:00+00,0,0
-96.9227458029999,28.685907258,1284,1284,GCOMP923,STATION 300 - VICTORIA,9819 TX-185,VICTORIA,TX,77905,1700,NATURAL GAS COMPRESSOR STATION,IN SERVICE,VICTORIA,48469,USA,28.685907258,-96.922745803,486210,PIPELINE TRANSPORTATION OF NATURAL GAS,"EPA ENVIROFACTS, FERC FORM 2, CORPORATE WEBSITE",2015/09/16 00:00:00+00,IMAGERY/OTHER,2016/03/14 00:00:00+00,http://www.kindermorgan.com/,NATURAL GAS PIPELINE COMPANY OF AMERICA LLC,26,NATURAL GAS PIPELINE COMPANY OF AMERICA LLC,WITHIN 40 FEET,3,12000,15682150,0,0,47,1291,1,2012/05/07 00:00:00+00,-999,2667502
-96.192556193,38.289820193,1285,1285,GCOMP924,KANSAS-OLPE-LYON COUNTY,985 ROAD 90,OLPE,KS,66865,NOT AVAILABLE,NATURAL GAS COMPRESSOR STATION,IN SERVICE,LYON,20111,USA,38.289820193,-96.192556193,486210,PIPELINE TRANSPORTATION OF NATURAL GAS,"EPA ENVIROFACTS, FERC FORM 2, CORPORATE WEBSITE",2015/09/11 00:00:00+00,IMAGERY/OTHER,2016/03/14 00:00:00+00,http://peplmessenger.energytransfer.com/,"PANHANDLE EASTERN PIPE LINE COMPANY, LP",28,"PANHANDLE EASTERN PIPE LINE COMPANY, LP",WITHIN 40 FEET,6,39810,57596173,3745107,1242347,1405263,24686,5,2012/12/31 00:00:00+00,0,0
-99.946701,37.058791,1286,1286,GCOMP925,CLARK COUNTY 1,989 ANGLE RD,ASHLAND,KS,67831,NOT AVAILABLE,NATURAL GAS COMPRESSOR STATION,IN SERVICE,CLARK,20025,USA,37.058791,-99.946701,486210,PIPELINE TRANSPORTATION OF NATURAL GAS,"EPA ENVIROFACTS, FERC FORM 2, CORPORATE WEBSITE",2015/10/20 00:00:00+00,IMAGERY/OTHER,2016/03/14 00:00:00+00,http://www.dcpmidstream.com/,"CIMARRON RIVER PIPELINE, LLC",575,"CIMARRON RIVER PIPELINE, LLC",WITHIN 40 FEET,3,1840,1100708,0,80297,107215,25898,3,2012/01/07 00:00:00+00,-999,81137
-68.713973,44.8030400000001,1287,1287,GCOMP926,BREWER,99 LAMBERT RD,BREWER,ME,04401,NOT AVAILABLE,NATURAL GAS COMPRESSOR STATION,IN SERVICE,PENOBSCOT,23019,USA,44.80304,-68.713973,486210,PIPELINE TRANSPORTATION OF NATURAL GAS,"FERC FORM 2, CORPORATE WEBSITE",2015/10/06 00:00:00+00,IMAGERY/OTHER,2016/03/14 00:00:00+00,http://www.spectraenergy.com/,"MARITIMES & NORTHEAST PIPELINE, L.L.C.",63,"MARITIMES & NORTHEAST PIPELINE, L.L.C.",WITHIN 40 FEET,1,18085,52900434,179412,0,36887,269,1,2012/01/21 00:00:00+00,0,0
-91.491998,32.4094470000001,1288,1288,GCOMP927,DELHI,"ACROSS FROM 7296 HWY 17,",DELHI,LA,71232,NOT AVAILABLE,NATURAL GAS COMPRESSOR STATION,IN SERVICE,RICHLAND,22041,USA,32.409447,-91.491998,486210,PIPELINE TRANSPORTATION OF NATURAL GAS,"EPA ENVIROFACTS, FERC FORM 2, CORPORATE WEBSITE",2015/09/17 00:00:00+00,IMAGERY/OTHER,2016/03/14 00:00:00+00,http://infopost.bwpmlp.com/,"GULF SOUTH PIPELINE COMPANY, LP",11,"GULF SOUTH PIPELINE COMPANY, LP",WITHIN 1 MILE,2,4740,30513511,326292,302386,116062,8891,2,2012/10/15 00:00:00+00,0,0
-79.563927505,40.386095332,1289,1289,GCOMP928,OAKFORD,ADA LN/BEAVER RUN RD,GREENSBURG,PA,15601,NOT AVAILABLE,NATURAL GAS COMPRESSOR STATION,IN SERVICE,WESTMORELAND,42129,USA,40.386095332,-79.563927505,486210,PIPELINE TRANSPORTATION OF NATURAL GAS,"FERC FORM 2, IMAGERY",2015/08/31 00:00:00+00,IMAGERY/OTHER,2016/03/14 00:00:00+00,http://www.spectraenergy.com/,"TEXAS EASTERN TRANSMISSION, LP",17,"TEXAS EASTERN TRANSMISSION, LP",WITHIN 40 FEET,4,24200,23819582,0,0,0,19955,4,2012/11/29 00:00:00+00,0,0
-111.028303,41.063518,1290,1290,GCOMP929,ANSCHUTZ,"ANSCHUTZ PLANT RD/WEST OF CO RD 153; S34 T13N R121W",EVANSTON,WY,82930,NOT AVAILABLE,NATURAL GAS COMPRESSOR STATION,IN SERVICE,UINTA,56041,USA,41.063518,-111.028303,486210,PIPELINE TRANSPORTATION OF NATURAL GAS,"FERC FORM 2, CORPORATE WEBSITE",2015/10/06 00:00:00+00,IMAGERY/OTHER,2016/03/14 00:00:00+00,http://services.kernrivergas.com/,KERN RIVER GAS TRANSMISSION COMPANY,99,KERN RIVER GAS TRANSMISSION COMPANY,WITHIN 40 FEET,2,720,4883095,211,56315,71,0,0,1970/01/01 00:00:00+00,-999,99200
-84.22281,39.4862360000001,1291,1291,GCOMP93,LEBANON,1157 ST RD 122 W,LEBANON,OH,45036,NOT AVAILABLE,NATURAL GAS COMPRESSOR STATION,IN SERVICE,WARREN,39165,USA,39.486236,-84.22281,486210,PIPELINE TRANSPORTATION OF NATURAL GAS,"EPA ENVIROFACTS, FERC FORM 2, CORPORATE WEBSITE, IMAGERY",2015/10/15 00:00:00+00,IMAGERY/OTHER,2016/03/14 00:00:00+00,http://www.columbiapipeinfo.com/,"COLUMBIA GAS TRANSMISSION,LLC",21,"COLUMBIA GAS TRANSMISSION,LLC",WITHIN 40 FEET,3,610,807433,0,0,0,0,0,1970/01/01 00:00:00+00,285,-999
-91.79947542,35.9898430710001,1292,1292,GCOMP930,STANDING ROCK,AR-69/SOUTH OF W STELLA RD,MT PLEASANT,AR,72561,NOT AVAILABLE,NATURAL GAS COMPRESSOR STATION,IN SERVICE,IZARD,05065,USA,35.989843071,-91.79947542,486210,PIPELINE TRANSPORTATION OF NATURAL GAS,"FERC FORM 2, CORPORATE WEBSITE",2015/11/03 00:00:00+00,IMAGERY/OTHER,2016/03/14 00:00:00+00,http://www.spectraenergy.com/,OZARK GAS TRANSMISSION (SPECTRA ENERGY) DISCOVERY GAS TRANSMISSION LLC,63,OZARK GAS TRANSMISSION (SPECTRA ENERGY) DISCOVERY GAS TRANSMISSION LLC,WITHIN 40 FEET,2,6500,19694425,0,0,0,0,0,1970/01/01 00:00:00+00,1389843,504000
-91.7778499999999,39.227267,1293,1293,GCOMP931,R28314010 AT MEXICO,AUDRAIN RD CR-441/STATE HWY KK,MEXICO,MO,65265,NOT AVAILABLE,NATURAL GAS COMPRESSOR STATION,IN SERVICE,AUDRAIN,29007,USA,39.227267,-91.77785,486210,PIPELINE TRANSPORTATION OF NATURAL GAS,"FERC FORM 2, CORPORATE WEBSITE",2015/09/10 00:00:00+00,IMAGERY/OTHER,2016/03/14 00:00:00+00,http://www.tallgrassenergylp.com/,ROCKIES EXPRESS PIPELINE LLC,575,ROCKIES EXPRESS PIPELINE LLC,WITHIN 40 FEET,2,31856,40906520,0,0,1443691,10947,2,2012/04/07 00:00:00+00,0,0
-79.546187,39.421208,1294,1294,GCOMP932,TERRA ALTA,AURORA PIKE & BUCKLICK,TERRA ALTA,WV,26764,NOT AVAILABLE,NATURAL GAS COMPRESSOR STATION,IN SERVICE,PRESTON,54077,USA,39.421208,-79.546187,486210,PIPELINE TRANSPORTATION OF NATURAL GAS,"EPA ENVIROFACTS, FERC FORM 2, CORPORATE WEBSITE",2015/09/28 00:00:00+00,IMAGERY/OTHER,2016/03/14 00:00:00+00,http://www.columbiapipeinfo.com/,"COLUMBIA GAS TRANSMISSION,LLC",21,"COLUMBIA GAS TRANSMISSION,LLC",WITHIN 40 FEET,5,5500,10162849,816471,559785,246403,16778,5,2012/09/17 00:00:00+00,0,0
-81.277207473,38.494371813,1295,1295,GCOMP933,BOGAL #6,BARREN CREEK ROAD/SOUTH EAST OF CONLEY RD,BARREN CREEK,WV,25045,NOT AVAILABLE,NATURAL GAS COMPRESSOR STATION,IN SERVICE,KANAWHA,54039,USA,38.494371813,-81.277207473,486210,PIPELINE TRANSPORTATION OF NATURAL GAS,"FERC FORM 2, IMAGERY",2015/10/15 00:00:00+00,IMAGERY/OTHER,2016/03/14 00:00:00+00,http://escript.dom.com/,"DOMINION TRANSMISSION, INC.",22,"DOMINION TRANSMISSION, INC.",WITHIN 40 FEET,1,145,590502,15665,12646,5012,0,0,1970/01/01 00:00:00+00,0,0
-90.617345791,33.255510133,1296,1296,GCOMP934,ISOLA,BEASLEY BAYOU RD,ISOLA,MS,38754,NOT AVAILABLE,NATURAL GAS COMPRESSOR STATION,IN SERVICE,HUMPHREYS,28053,USA,33.255510133,-90.617345791,486210,PIPELINE TRANSPORTATION OF NATURAL GAS,"EPA ENVIROFACTS, FERC FORM 2, CORPORATE WEBSITE",2015/08/28 00:00:00+00,IMAGERY/OTHER,2016/03/14 00:00:00+00,http://infopost.bwpmlp.com/,"TEXAS GAS TRANSMISSION, LLC",18,"TEXAS GAS TRANSMISSION, LLC",WITHIN 40 FEET,1,13330,30480546,2556474,2919287,944206,8682,1,2012/11/07 00:00:00+00,0,0
-118.416369,45.4903810000001,1297,1297,GCOMP935,MEACHAM,"BEAVER CREEK RD; OFF OF I-84 E",PENDLETON,OR,97801,NOT AVAILABLE,NATURAL GAS COMPRESSOR STATION,IN SERVICE,UMATILLA,41059,USA,45.490381,-118.416369,486210,PIPELINE TRANSPORTATION OF NATURAL GAS,"EPA ENVIROFACTS, FERC FORM 2, CORPORATE WEBSITE",2015/09/14 00:00:00+00,IMAGERY/OTHER,2016/03/14 00:00:00+00,http://www.northwest.williams.com/,NORTHWEST PIPELINE GP,37,NORTHWEST PIPELINE GP,WITHIN 40 FEET,2,8780,13426219,263507,79753,94566,2743,2,2012/08/05 00:00:00+00,0,0
-100.605511925,36.8618255000001,1298,1298,GCOMP936,STATION 67 - BEAVER,BEAVER RD/HOLLOW N1340,FORGAN,OK,73931,NOT AVAILABLE,NATURAL GAS COMPRESSOR STATION,IN SERVICE,BEAVER,40007,USA,36.8618255,-100.605511925,486210,PIPELINE TRANSPORTATION OF NATURAL GAS,"EPA ENVIROFACTS, FERC FORM 2, CORPORATE WEBSITE",2015/10/01 00:00:00+00,IMAGERY/OTHER,2016/03/14 00:00:00+00,http://www.kindermorgan.com/,NATURAL GAS PIPELINE COMPANY OF AMERICA LLC,26,NATURAL GAS PIPELINE COMPANY OF AMERICA LLC,WITHIN 40 FEET,1,300,236219,0,0,13026,12,1,2012/10/14 00:00:00+00,0,0
-113.762917119,37.347130889,1299,1299,GCOMP937,VEYO,"BENCH ROAD/NE OF TOBIN WASH RD; SECTION 33 & 4 T39 & 40 S R17W",WEST OF VEYO,UT,84782,NOT AVAILABLE,NATURAL GAS COMPRESSOR STATION,IN SERVICE,WASHINGTON,49053,USA,37.347130889,-113.762917119,486210,PIPELINE TRANSPORTATION OF NATURAL GAS,"FERC FORM 2, IMAGERY",2015/10/06 00:00:00+00,IMAGERY/OTHER,2016/03/14 00:00:00+00,http://services.kernrivergas.com/,KERN RIVER GAS TRANSMISSION COMPANY,99,KERN RIVER GAS TRANSMISSION COMPANY,WITHIN 40 FEET,3,45000,59694912,6586275,541006,2453987,25650,3,2012/01/22 00:00:00+00,-999,1420960
-81.864787,38.1640840000001,1300,1300,GCOMP938,HORSE CREEK,BIG HORSE CREEK COMPRESSOR STREET & STATE ROUTE 3,JULIAN,WV,25529,NOT AVAILABLE,NATURAL GAS COMPRESSOR STATION,IN SERVICE,BOONE,54005,USA,38.164084,-81.864787,486210,PIPELINE TRANSPORTATION OF NATURAL GAS,"EPA ENVIROFACTS, FERC FORM 2, CORPORATE WEBSITE",2015/09/28 00:00:00+00,IMAGERY/OTHER,2016/03/14 00:00:00+00,http://www.columbiapipeinfo.com/,"COLUMBIA GAS TRANSMISSION,LLC",21,"COLUMBIA GAS TRANSMISSION,LLC",WITHIN 40 FEET,1,1006,447350,149531,288809,53715,6424,1,2012/10/31 00:00:00+00,4625,-999
-82.954653,38.563991,1301,1301,GCOMP939,#200 - GREENUP,"BIG WHITE OAK CREEK RD. & RT. 7; (7 STUART LN)",GREENUP,KY,41144,NOT AVAILABLE,NATURAL GAS COMPRESSOR STATION,IN SERVICE,GREENUP,21089,USA,38.563991,-82.954653,486210,PIPELINE TRANSPORTATION OF NATURAL GAS,"EPA ENVIROFACTS, FERC FORM 2, CORPORATE WEBSITE",2015/09/03 00:00:00+00,IMAGERY/OTHER,2016/03/14 00:00:00+00,http://pipeline2.kindermorgan.com/,"TENNESSEE GAS PIPELINE COMPANY, L.L.C.",9,"TENNESSEE GAS PIPELINE COMPANY, L.L.C.",WITHIN 40 FEET,13,24200,24957120,467073,928937,140831,12584,8,2012/12/06 00:00:00+00,0,0
-84.2230499999999,39.48695,1302,1302,GCOMP94,LEBANON,1157 ST RD 122 W,LEBANON,OH,45036,NOT AVAILABLE,NATURAL GAS COMPRESSOR STATION,IN SERVICE,WARREN,39165,USA,39.48695,-84.22305,486210,PIPELINE TRANSPORTATION OF NATURAL GAS,"EPA ENVIROFACTS, FERC FORM 2, CORPORATE WEBSITE",2015/09/01 00:00:00+00,IMAGERY/OTHER,2016/03/14 00:00:00+00,http://www.spectraenergy.com/,"TEXAS EASTERN TRANSMISSION, LP",17,"TEXAS EASTERN TRANSMISSION, LP",WITHIN 40 FEET,11,19650,27826860,289437,0,111819,10740,6,2012/03/13 00:00:00+00,298677,1028010
-93.602365,30.283533,1303,1303,GCOMP940,#820 - STARKS,BIG WOODS VINTON RD. & OLD NO. 7 RD.,VINTON,LA,70668,NOT AVAILABLE,NATURAL GAS COMPRESSOR STATION,IN SERVICE,CALCASIEU,22019,USA,30.283533,-93.602365,486210,PIPELINE TRANSPORTATION OF NATURAL GAS,"EPA ENVIROFACTS, FERC FORM 2, CORPORATE WEBSITE",2015/09/02 00:00:00+00,IMAGERY/OTHER,2016/03/14 00:00:00+00,http://pipeline2.kindermorgan.com/,"TENNESSEE GAS PIPELINE COMPANY, L.L.C.",9,"TENNESSEE GAS PIPELINE COMPANY, L.L.C.",WITHIN 40 FEET,2,9150,11426442,810085,301956,313998,12032,1,2012/01/27 00:00:00+00,0,0
-88.5531124839999,38.4880096470001,1304,1304,GCOMP941,ILLINOIS - JOHNSONVILLE - WAYNE COUNTY,BLACK TOP ROAD,JOHNSONVILLE,IL,62850,NOT AVAILABLE,NATURAL GAS COMPRESSOR STATION,IN SERVICE,WAYNE,17191,USA,38.488009647,-88.553112484,486210,PIPELINE TRANSPORTATION OF NATURAL GAS,"EPA ENVIROFACTS, FERC FORM 2, CORPORATE WEBSITE",2015/08/20 00:00:00+00,IMAGERY/OTHER,2016/03/14 00:00:00+00,http://feptransfer.energytransfer.com/,"TRUNKLINE GAS COMPANY, LLC",30,"TRUNKLINE GAS COMPANY, LLC",WITHIN 40 FEET,8,30001,17912445,2404219,1051856,888977,27271,5,2012/01/14 00:00:00+00,0,0
-115.95981228,42.7729274970001,1305,1305,GCOMP942,LITTLE VALLEY,BOB TINDALE RD,GRAND VIEW,ID,83624,NOT AVAILABLE,NATURAL GAS COMPRESSOR STATION,IN SERVICE,OWYHEE,16073,USA,42.772927497,-115.95981228,486210,PIPELINE TRANSPORTATION OF NATURAL GAS,"EPA ENVIROFACTS, FERC FORM 2, CORPORATE WEBSITE",2015/09/14 00:00:00+00,IMAGERY/OTHER,2016/03/14 00:00:00+00,http://www.northwest.williams.com/,NORTHWEST PIPELINE GP,37,NORTHWEST PIPELINE GP,WITHIN 40 FEET,2,2483,6318169,31392,39828,10622,774,2,2012/01/01 00:00:00+00,0,0
-77.1516569999999,41.9550400000001,1306,1306,GCOMP943,BOOM,BOOM STATION RD,LAWRENCEVILLE,PA,16929,NOT AVAILABLE,NATURAL GAS COMPRESSOR STATION,IN SERVICE,TIOGA,42117,USA,41.95504,-77.151657,486210,PIPELINE TRANSPORTATION OF NATURAL GAS,"EPA ENVIROFACTS, FERC FORM 2, CORPORATE WEBSITE",2015/09/25 00:00:00+00,IMAGERY/OTHER,2016/03/14 00:00:00+00,http://escript.dom.com/,"DOMINION TRANSMISSION, INC.",22,"DOMINION TRANSMISSION, INC.",WITHIN 40 FEET,2,5200,10873938,10549,200483,3729,14,2,2012/04/05 00:00:00+00,0,0
-93.3593769999999,32.378072,1307,1307,GCOMP944,BISTINEAU,BP-439 (UNITED GAS RD)/5.8 MILES NW OF RINGGOLD,RINGGOLD,LA,71068,NOT AVAILABLE,NATURAL GAS COMPRESSOR STATION,IN SERVICE,BIENVILLE,22013,USA,32.378072,-93.359377,486210,PIPELINE TRANSPORTATION OF NATURAL GAS,"FERC FORM 2, IMAGERY",2015/10/06 00:00:00+00,IMAGERY/OTHER,2016/03/14 00:00:00+00,http://infopost.bwpmlp.com/,"GULF SOUTH PIPELINE COMPANY, LP",11,"GULF SOUTH PIPELINE COMPANY, LP",WITHIN 40 FEET,5,34000,28511787,778590,1446494,294629,7788,5,2012/03/18 00:00:00+00,0,0
-107.733703,43.406396,1308,1308,GCOMP945,BRIDGER CREEK,BRIDGER CREEK ROAD,BRIDGER CREEK,WY,82649,NOT AVAILABLE,NATURAL GAS COMPRESSOR STATION,IN SERVICE,FREMONT,56013,USA,43.406396,-107.733703,486210,PIPELINE TRANSPORTATION OF NATURAL GAS,"EPA ENVIROFACTS, FERC FORM 2, CORPORATE WEBSITE",2015/10/19 00:00:00+00,IMAGERY/OTHER,2016/03/14 00:00:00+00,http://ebb.cigco.com/,"COLORADO INTERSTATE GAS COMPANY, L.L.C.",32,"COLORADO INTERSTATE GAS COMPANY, L.L.C.",WITHIN 40 FEET,2,1155,2151071,28,82085,10,5,2,2012/07/16 00:00:00+00,0,0
-91.2328074919999,32.6680789600001,1309,1309,GCOMP946,#838 - LAKE PROVIDENCE,BULL RUN RD/ SOUTH OF HWY 881,LAKE PROVIDENCE,LA,71254,NOT AVAILABLE,NATURAL GAS COMPRESSOR STATION,IN SERVICE,EAST CARROLL,22035,USA,32.66807896,-91.232807492,486210,PIPELINE TRANSPORTATION OF NATURAL GAS,"FERC FORM 2, IMAGERY",2015/09/02 00:00:00+00,IMAGERY/OTHER,2016/03/14 00:00:00+00,http://pipeline2.kindermorgan.com/,"TENNESSEE GAS PIPELINE COMPANY, L.L.C.",9,"TENNESSEE GAS PIPELINE COMPANY, L.L.C.",WITHIN 40 FEET,8,16350,12147632,387705,750103,143252,7270,2,2012/05/11 00:00:00+00,0,0
-106.398162668,31.9699388510001,1310,1310,GCOMP947,EL PASO,"CALIFORNIA PIPELINE RD & RANCH ROAD 2637; (12 MILES NORTHEAST OF EL PASO, 1 MILE NORTH OF US HWY 454)",EL PASO,TX,79978,NOT AVAILABLE,NATURAL GAS COMPRESSOR STATION,IN SERVICE,EL PASO,48141,USA,31.969938851,-106.398162668,486210,PIPELINE TRANSPORTATION OF NATURAL GAS,"EPA ENVIROFACTS, FERC FORM 2, CORPORATE WEBSITE",2015/09/21 00:00:00+00,IMAGERY/OTHER,2016/03/14 00:00:00+00,https://pipeportal.kindermorgan.com/,"EL PASO NATURAL GAS COMPANY, L.L.C.",33,"EL PASO NATURAL GAS COMPANY, L.L.C.",WITHIN 40 FEET,5,58880,45920524,3084678,468676,1144925,8186,1,2012/10/31 00:00:00+00,0,0
-110.900879448,41.5681766880001,1311,1311,GCOMP948,CARTER CREEK,CARTER CREEK RD (14.42 MILES NE OF BEAR RIVER),BEAR RIVER,WY,82930,NOT AVAILABLE,NATURAL GAS COMPRESSOR STATION,IN SERVICE,UINTA,56041,USA,41.568176688,-110.900879448,486210,PIPELINE TRANSPORTATION OF NATURAL GAS,"FERC FORM 2, CORPORATE WEBSITE",2015/11/04 00:00:00+00,IMAGERY/OTHER,2016/03/14 00:00:00+00,http://www.columbiapipeinfo.com/,COLUMBIA GULF TRANSMISSION COMPANY,70,COLUMBIA GULF TRANSMISSION COMPANY,WITHIN 40 FEET,2,-999,811945,0,0,0,0,0,1970/01/01 00:00:00+00,0,0
-97.7443688499999,35.7893284830001,1312,1312,GCOMP949,OKLAHOMA-CASHION-KINGFISHER COUNTY,"CASHION STATION; 4 MILE WEST 1/2 MILE SOUTH OF CASHION",CASHION,OK,73016,NOT AVAILABLE,NATURAL GAS COMPRESSOR STATION,IN SERVICE,KINGFISHER,40073,USA,35.789328483,-97.74436885,486210,PIPELINE TRANSPORTATION OF NATURAL GAS,"EPA ENVIROFACTS, FERC FORM 2, CORPORATE WEBSITE",2015/09/11 00:00:00+00,IMAGERY/OTHER,2016/03/14 00:00:00+00,http://peplmessenger.energytransfer.com/,"PANHANDLE EASTERN PIPE LINE COMPANY, LP",28,"PANHANDLE EASTERN PIPE LINE COMPANY, LP",WITHIN 40 FEET,4,11222,12634056,1058020,0,402410,18998,3,2012/08/20 00:00:00+00,0,0
-101.815601316,35.9627398710001,1313,1313,GCOMP95,SUNRAY,11571 TEXAS BEEF RD,SUNRAY,TX,79086,NOT AVAILABLE,NATURAL GAS COMPRESSOR STATION,IN SERVICE,MOORE,48341,USA,35.9627398710001,-101.815601316,486210,PIPELINE TRANSPORTATION OF NATURAL GAS,"EPA ENVIROFACTS, FERC FORM 2, CORPORATE WEBSITE",2015/09/15 00:00:00+00,IMAGERY/OTHER,2016/03/14 00:00:00+00,http://www.northernnaturalgas.com/,NORTHERN NATURAL GAS COMPANY,59,NORTHERN NATURAL GAS COMPANY,WITHIN 40 FEET,7,14000,21262052,944871,1337266,336371,24742,6,2012/10/31 00:00:00+00,96000,1714800
-108.236746,35.4250500000001,1314,1314,GCOMP950,STATION 5,"CASTLE ROCK RD; 2 MILES N OF THOREAU",GALLUP,NM,87301,NOT AVAILABLE,NATURAL GAS COMPRESSOR STATION,IN SERVICE,MCKINLEY,35031,USA,35.42505,-108.236746,486210,PIPELINE TRANSPORTATION OF NATURAL GAS,"EPA ENVIROFACTS, FERC FORM 2, CORPORATE WEBSITE",2015/08/21 00:00:00+00,IMAGERY/OTHER,2016/03/14 00:00:00+00,http://twtransfer.energytransfer.com/,"TRANSWESTERN PIPELINE COMPANY, LLC",42,"TRANSWESTERN PIPELINE COMPANY, LLC",WITHIN 40 FEET,3,13500,13692890,28,530510,3493,177,1,2012/10/04 00:00:00+00,0,0
-77.2788659999999,41.8137860000001,1315,1315,GCOMP951,#315 - WELLSBORO,CATLIN HOLLOW ROAD,WELLSBORO,PA,16901,NOT AVAILABLE,NATURAL GAS COMPRESSOR STATION,IN SERVICE,TIOGA,42117,USA,41.813786,-77.278866,486210,PIPELINE TRANSPORTATION OF NATURAL GAS,"EPA ENVIROFACTS, FERC FORM 2, CORPORATE WEBSITE",2015/09/03 00:00:00+00,IMAGERY/OTHER,2016/03/14 00:00:00+00,http://pipeline2.kindermorgan.com/,"TENNESSEE GAS PIPELINE COMPANY, L.L.C.",9,"TENNESSEE GAS PIPELINE COMPANY, L.L.C.",WITHIN 40 FEET,1,16000,33716241,2155392,124528,775323,7371,1,2012/11/17 00:00:00+00,0,0
-67.4530159999999,45.204892,1316,1316,GCOMP952,BAILEYVILLE,CCC RD/TRACK RD,BAILEYVILLE,ME,04694,NOT AVAILABLE,NATURAL GAS COMPRESSOR STATION,IN SERVICE,WASHINGTON,23029,USA,45.204892,-67.453016,486210,PIPELINE TRANSPORTATION OF NATURAL GAS,"FERC FORM 2, CORPORATE WEBSITE",2015/10/06 00:00:00+00,IMAGERY/OTHER,2016/03/14 00:00:00+00,http://www.spectraenergy.com/,"MARITIMES & NORTHEAST PIPELINE, L.L.C.",63,"MARITIMES & NORTHEAST PIPELINE, L.L.C.",WITHIN 40 FEET,2,16622,39966451,232282,0,32522,767,1,2012/01/03 00:00:00+00,0,0
-78.4607359999999,38.2759080000001,1317,1317,GCOMP953,BICKERS,CELT RD. & PEA RIDGE RD.,STANARDSVILLE,VA,22973,NOT AVAILABLE,NATURAL GAS COMPRESSOR STATION,IN SERVICE,GREENE,51079,USA,38.275908,-78.460736,486210,PIPELINE TRANSPORTATION OF NATURAL GAS,"EPA ENVIROFACTS, FERC FORM 2, CORPORATE WEBSITE",2015/09/29 00:00:00+00,IMAGERY/OTHER,2016/03/14 00:00:00+00,http://www.columbiapipeinfo.com/,"COLUMBIA GAS TRANSMISSION,LLC",21,"COLUMBIA GAS TRANSMISSION,LLC",WITHIN 40 FEET,4,12800,27811181,1329458,405617,202256,10354,4,2012/02/21 00:00:00+00,38907,-999
-107.094184428,41.775153559,1318,1318,GCOMP954,HAROLD BURROW,CIG PLANT RD,RAWLINS,WY,82301,NOT AVAILABLE,NATURAL GAS COMPRESSOR STATION,IN SERVICE,CARBON,56007,USA,41.775153559,-107.094184428,486210,PIPELINE TRANSPORTATION OF NATURAL GAS,"EPA ENVIROFACTS, FERC FORM 2, CORPORATE WEBSITE",2015/08/14 00:00:00+00,IMAGERY/OTHER,2016/03/14 00:00:00+00,http://ebb.cigco.com/,"WYOMING INTERSTATE COMPANY, L.L.C.",76,"WYOMING INTERSTATE COMPANY, L.L.C.",WITHIN 40 FEET,2,10556,12670245,125634,139709,44301,859,2,2012/08/06 00:00:00+00,0,0
-107.057336112,41.7567039350001,1319,1319,GCOMP955,RAWLINS JUMPER,CIG PLANT RD,RAWLINS,WY,82301,NOT AVAILABLE,NATURAL GAS COMPRESSOR STATION,IN SERVICE,CARBON,56007,USA,41.756703935,-107.057336112,486210,PIPELINE TRANSPORTATION OF NATURAL GAS,"EPA ENVIROFACTS, FERC FORM 2, CORPORATE WEBSITE",2015/08/14 00:00:00+00,IMAGERY/OTHER,2016/03/14 00:00:00+00,http://ebb.cigco.com/,"WYOMING INTERSTATE COMPANY, L.L.C.",76,"WYOMING INTERSTATE COMPANY, L.L.C.",WITHIN 40 FEET,2,2400,5293726,311,245926,96,18,1,2012/10/24 00:00:00+00,0,0
-107.982516845,41.6800896930001,1320,1320,GCOMP956,R30014100 AT ECHO SPRINGS,CIG RD,WAMSUTTER,WY,82336,NOT AVAILABLE,NATURAL GAS COMPRESSOR STATION,IN SERVICE,SWEETWATER,56037,USA,41.680089693,-107.982516845,486210,PIPELINE TRANSPORTATION OF NATURAL GAS,"EPA ENVIROFACTS, FERC FORM 2, CORPORATE WEBSITE",2015/09/10 00:00:00+00,IMAGERY/OTHER,2016/03/14 00:00:00+00,http://www.tallgrassenergylp.com/,ROCKIES EXPRESS PIPELINE LLC,575,ROCKIES EXPRESS PIPELINE LLC,WITHIN 40 FEET,2,5718,26715909,0,0,295632,17050,2,2012/11/21 00:00:00+00,0,0
-107.983292925,41.6800816040001,1321,1321,GCOMP957,WAMSUTTER,"CIG RD & KELLY RD; OFF OF I-80 W",WAMSUTTER,WY,82336,NOT AVAILABLE,NATURAL GAS COMPRESSOR STATION,IN SERVICE,SWEETWATER,56037,USA,41.680081604,-107.983292925,486210,PIPELINE TRANSPORTATION OF NATURAL GAS,"FERC FORM 2, IMAGERY",2015/09/29 00:00:00+00,IMAGERY/OTHER,2016/03/14 00:00:00+00,http://ebb.cigco.com/,"COLORADO INTERSTATE GAS COMPANY, L.L.C.",32,"COLORADO INTERSTATE GAS COMPANY, L.L.C.",WITHIN 40 FEET,4,15320,13131810,444117,335444,168978,6070,1,2012/01/02 00:00:00+00,0,0
-107.982941644,41.680089407,1322,1322,GCOMP958,WAMSUTTER,CIG RD/KELLY RD,WAMSUTTER,WY,82336,NOT AVAILABLE,NATURAL GAS COMPRESSOR STATION,IN SERVICE,SWEETWATER,56037,USA,41.680089407,-107.982941644,486210,PIPELINE TRANSPORTATION OF NATURAL GAS,"EPA ENVIROFACTS, FERC FORM 2, CORPORATE WEBSITE",2015/08/14 00:00:00+00,IMAGERY/OTHER,2016/03/14 00:00:00+00,http://ebb.cigco.com/,"WYOMING INTERSTATE COMPANY, L.L.C.",76,"WYOMING INTERSTATE COMPANY, L.L.C.",WITHIN 40 FEET,2,18926,32493159,1063928,296290,414869,8289,1,2012/11/11 00:00:00+00,0,0
-109.212842,40.9915060000001,1323,1323,GCOMP959,UTAH - KASTLER,CLAY BASIN ROAD/WELL ROAD 4300915627,DUTCH JOHN,UT,84023,NOT AVAILABLE,NATURAL GAS COMPRESSOR STATION,IN SERVICE,DAGGETT,49009,USA,40.991506,-109.212842,486210,PIPELINE TRANSPORTATION OF NATURAL GAS,"FERC FORM 2, CORPORATE WEBSITE, IMAGERY",2015/08/18 00:00:00+00,IMAGERY/OTHER,2016/03/14 00:00:00+00,http://www.questarpipeline.com/,QUESTAR PIPELINE COMPANY,55,QUESTAR PIPELINE COMPANY,WITHIN 40 FEET,8,32500,64130747,3269972,1898941,1275785,18730,0,2012/11/27 00:00:00+00,0,0
-101.815612793,35.9620971680001,1324,1324,GCOMP96,TEXAS-SUNRAY-MOORE COUNTY,11571 TEXAS BEEF RD,SUNRAY,TX,79086,NOT AVAILABLE,NATURAL GAS COMPRESSOR STATION,IN SERVICE,MOORE,48341,USA,35.9620971680001,-101.815612793,486210,PIPELINE TRANSPORTATION OF NATURAL GAS,"EPA ENVIROFACTS, FERC FORM 2, CORPORATE WEBSITE",2015/09/11 00:00:00+00,IMAGERY/OTHER,2016/03/14 00:00:00+00,http://peplmessenger.energytransfer.com/,"PANHANDLE EASTERN PIPE LINE COMPANY, LP",28,"PANHANDLE EASTERN PIPE LINE COMPANY, LP",WITHIN 40 FEET,9,9900,4157957,511036,0,197484,22253,4,2012/02/01 00:00:00+00,0,0
-78.498839,41.701156,1325,1325,GCOMP960,#310 - SMETHPORT,CLERMONT RD (HWY 146)/NW OF RED MILL RD (8 MILES SSW OF SMETHPORT),SMETHPORT,PA,16749,NOT AVAILABLE,NATURAL GAS COMPRESSOR STATION,IN SERVICE,MCKEAN,42083,USA,41.701156,-78.498839,486210,PIPELINE TRANSPORTATION OF NATURAL GAS,"FERC FORM 2, IMAGERY",2015/08/20 00:00:00+00,IMAGERY/OTHER,2016/03/14 00:00:00+00,http://pipeline2.kindermorgan.com/,"TENNESSEE GAS PIPELINE COMPANY, L.L.C.",9,"TENNESSEE GAS PIPELINE COMPANY, L.L.C.",WITHIN 40 FEET,1,16000,30441382,3065,55057,1066,10,1,2012/08/30 00:00:00+00,0,0
-80.781029,39.310464,1326,1326,GCOMP961,WEST UNION,CNG RD/WV-18,WEST UNION,WV,26456,NOT AVAILABLE,NATURAL GAS COMPRESSOR STATION,IN SERVICE,DODDRIDGE,54017,USA,39.310464,-80.781029,486210,PIPELINE TRANSPORTATION OF NATURAL GAS,"FERC FORM 2, IMAGERY",2015/09/18 00:00:00+00,IMAGERY/OTHER,2016/03/14 00:00:00+00,http://equitrans.eqtmidstreampartners.com/,"EQUITRANS, L.P.",24,"EQUITRANS, L.P.",WITHIN 40 FEET,1,1080,3554674,153821,129954,54907,23936,1,2012/10/01 00:00:00+00,0,0
-97.6747369999999,28.7116300000001,1327,1327,GCOMP962,CHARCO,CNTY RD 2442/WEST OF MAIL RD,GOLIAD,TX,77963,NOT AVAILABLE,NATURAL GAS COMPRESSOR STATION,IN SERVICE,GOLIAD,48175,USA,28.71163,-97.674737,486210,PIPELINE TRANSPORTATION OF NATURAL GAS,"EPA ENVIROFACTS, FERC FORM 2, CORPORATE WEBSITE",2015/09/01 00:00:00+00,IMAGERY/OTHER,2016/03/14 00:00:00+00,http://www.spectraenergy.com/,"TEXAS EASTERN TRANSMISSION, LP",17,"TEXAS EASTERN TRANSMISSION, LP",WITHIN 40 FEET,2,2000,7265229,236527,0,86809,8666,2,2012/10/01 00:00:00+00,39796,181600
-101.733063,38.553303,1328,1328,GCOMP963,NORTH TRIBUNE C2,CO HWY 17 & NORTH OF CO HWY L (19),TRIBUNE,KS,67879,NOT AVAILABLE,NATURAL GAS COMPRESSOR STATION,IN SERVICE,GREELEY,20071,USA,38.553303,-101.733063,486210,PIPELINE TRANSPORTATION OF NATURAL GAS,"KANSAS DEPARTMENT OF HEALTH AND ENVIRONMENT, FERC FORM 2, CORPORATE WEBSITE",2015/08/25 00:00:00+00,IMAGERY/OTHER,2016/03/14 00:00:00+00,http://kensas.kdhe.state.ks.us/,DISCOVERY GAS TRANSMISSION LLC,63,DISCOVERY GAS TRANSMISSION LLC,WITHIN 40 FEET,1,1050,690000,0,0,0,0,0,1970/01/01 00:00:00+00,0,0
-81.786802,37.5508070000001,1329,1329,GCOMP964,HUFF CREEK,CO HWY 8 (LITTLE HUFF CREEK RD),HANOVER,WV,24839,NOT AVAILABLE,NATURAL GAS COMPRESSOR STATION,IN SERVICE,WYOMING,54109,USA,37.550807,-81.786802,486210,PIPELINE TRANSPORTATION OF NATURAL GAS,"EPA ENVIROFACTS, FERC FORM 2, CORPORATE WEBSITE",2015/09/28 00:00:00+00,IMAGERY/OTHER,2016/03/14 00:00:00+00,http://www.columbiapipeinfo.com/,"COLUMBIA GAS TRANSMISSION,LLC",21,"COLUMBIA GAS TRANSMISSION,LLC",WITHIN 40 FEET,1,220,95035,0,1000,0,0,0,1970/01/01 00:00:00+00,111,-999
-108.415848608,41.609285147,1330,1330,GCOMP965,TABLE ROCK,CO RD 4-65 & TABLE ROCK GAS PLANT RD,TABLE ROCK,WY,82901,NOT AVAILABLE,NATURAL GAS COMPRESSOR STATION,IN SERVICE,SWEETWATER,56037,USA,41.609285147,-108.415848608,486210,PIPELINE TRANSPORTATION OF NATURAL GAS,"FERC FORM 2, IMAGERY",2015/09/29 00:00:00+00,IMAGERY/OTHER,2016/03/14 00:00:00+00,http://ebb.cigco.com/,"COLORADO INTERSTATE GAS COMPANY, L.L.C.",32,"COLORADO INTERSTATE GAS COMPANY, L.L.C.",WITHIN 40 FEET,2,1200,1068127,109952,454401,42260,4182,1,2012/06/20 00:00:00+00,0,0
-77.3086049999999,42.0705060000001,1331,1331,GCOMP966,TUSCARORA,CO RD 100 (WILLIAMS RD/BORDEN PULTENEY HILL RD),ADDISON,NY,14801,NOT AVAILABLE,NATURAL GAS COMPRESSOR STATION,IN SERVICE,STEUBEN,36101,USA,42.070506,-77.308605,486210,PIPELINE TRANSPORTATION OF NATURAL GAS,"FERC FORM 2, CORPORATE WEBSITE",2015/08/25 00:00:00+00,IMAGERY/OTHER,2016/03/14 00:00:00+00,http://www.natfuel.com/,NATIONAL FUEL GAS SUPPLY CORPORATION,16,NATIONAL FUEL GAS SUPPLY CORPORATION,WITHIN 40 FEET,2,1440,3709491,93391,141465,35604,4622,2,2012/11/13 00:00:00+00,8475,91020
-89.78497405,33.9075342260001,1332,1332,GCOMP967,#847 - COFFEEVILLE,CO RD 156/NORTH OF CO RD 72,COFFEEVILLE,MS,38922,NOT AVAILABLE,NATURAL GAS COMPRESSOR STATION,IN SERVICE,YALOBUSHA,28161,USA,33.907534226,-89.78497405,486210,PIPELINE TRANSPORTATION OF NATURAL GAS,"FERC FORM 2, IMAGERY",2015/09/02 00:00:00+00,IMAGERY/OTHER,2016/03/14 00:00:00+00,http://pipeline2.kindermorgan.com/,"TENNESSEE GAS PIPELINE COMPANY, L.L.C.",9,"TENNESSEE GAS PIPELINE COMPANY, L.L.C.",WITHIN 40 FEET,2,13400,21603274,0,150189,0,3272,2,2012/02/13 00:00:00+00,1793686,14550111
-95.648576,33.518938,1333,1333,GCOMP968,PARIS,CO RD 24200/EAST OF CO RD 24220,PARIS,TX,75460,NOT AVAILABLE,NATURAL GAS COMPRESSOR STATION,IN SERVICE,LAMAR,48277,USA,33.518938,-95.648576,486210,PIPELINE TRANSPORTATION OF NATURAL GAS,"FERC FORM 2, FERC DOCKET CP07-398-002",2015/10/07 00:00:00+00,IMAGERY/OTHER,2016/03/14 00:00:00+00,http://infopost.bwpmlp.com/,GULF CROSSING PIPELINE COMPANY LLC,575,GULF CROSSING PIPELINE COMPANY LLC,WITHIN 40 FEET,4,29452,79886051,4148894,721272,1484615,27732,4,2012/12/16 00:00:00+00,0,0
-80.922422,38.7157980000001,1334,1334,GCOMP969,ROSEDALE,CO RTE 9/SOUTH OF 2 MILE FOX RD,ROSEDALE,WV,26636,NOT AVAILABLE,NATURAL GAS COMPRESSOR STATION,IN SERVICE,BRAXTON,54007,USA,38.715798,-80.922422,486210,PIPELINE TRANSPORTATION OF NATURAL GAS,"EPA ENVIROFACTS, FERC FORM 2, CORPORATE WEBSITE",2015/10/08 00:00:00+00,IMAGERY/OTHER,2016/03/14 00:00:00+00,http://equitrans.eqtmidstreampartners.com/,"EQUITRANS, L.P.",24,"EQUITRANS, L.P.",WITHIN 40 FEET,2,310,376115,26246,10807,9390,8757,1,2012/07/16 00:00:00+00,4696,-999
-89.6308999999999,39.6328500000001,1335,1335,GCOMP97,ILLINOIS-GLENARM-SANGAMON COUNTY,11615 OLD ROUTE 66,GLENARM,IL,62536,NOT AVAILABLE,NATURAL GAS COMPRESSOR STATION,IN SERVICE,SANGAMON,17167,USA,39.63285,-89.6309,486210,PIPELINE TRANSPORTATION OF NATURAL GAS,"EPA ENVIROFACTS, FERC FORM 2, CORPORATE WEBSITE",2015/09/14 00:00:00+00,IMAGERY/OTHER,2016/03/14 00:00:00+00,http://peplmessenger.energytransfer.com/,"PANHANDLE EASTERN PIPE LINE COMPANY, LP",28,"PANHANDLE EASTERN PIPE LINE COMPANY, LP",WITHIN 40 FEET,7,23500,36614551,2308462,2043951,878092,35818,6,2012/11/03 00:00:00+00,0,0
-80.5557029999999,39.246652,1336,1336,GCOMP970,BIG ISAAC,COBURN FORK ROAD & COUNTY HIGHWAY 50/6,SALEM,WV,26426,NOT AVAILABLE,NATURAL GAS COMPRESSOR STATION,IN SERVICE,HARRISON,54033,USA,39.246652,-80.555703,486210,PIPELINE TRANSPORTATION OF NATURAL GAS,"EPA ENVIROFACTS, FERC FORM 2, CORPORATE WEBSITE",2015/09/25 00:00:00+00,IMAGERY/OTHER,2016/03/14 00:00:00+00,http://escript.dom.com/,"DOMINION TRANSMISSION, INC.",22,"DOMINION TRANSMISSION, INC.",WITHIN 40 FEET,1,360,2232247,56382,145549,20118,8784,1,2012/08/10 00:00:00+00,0,0
-76.9807959999999,42.1898830000001,1337,1337,GCOMP971,TRANSMISSION - CORNING MILLENNIUM,COLLEGE AVE/W RD-CRANER RD,CORNING,NY,14830,NOT AVAILABLE,NATURAL GAS COMPRESSOR STATION,IN SERVICE,STEUBEN,36101,USA,42.189883,-76.980796,486210,PIPELINE TRANSPORTATION OF NATURAL GAS,"FERC FORM 2, CORPORATE WEBSITE, IMAGERY",2015/10/05 00:00:00+00,IMAGERY/OTHER,2016/03/14 00:00:00+00,http://www.millenniumpipeline.com/,"MILLENNIUM PIPELINE COMPANY, LLC",575,"MILLENNIUM PIPELINE COMPANY, LLC",WITHIN 40 FEET,1,15000,37314782,5071,0,2276,26,1,2012/03/14 00:00:00+00,0,0
-103.934504,45.3580380000001,1338,1338,GCOMP972,WEST SHORT PINE HILLS,COLLINS RD/EAST OF S CRAMP CROOK RD,BUFFALO,SD,57720,NOT AVAILABLE,NATURAL GAS COMPRESSOR STATION,IN SERVICE,HARDING,46063,USA,45.358038,-103.934504,486210,PIPELINE TRANSPORTATION OF NATURAL GAS,"EPA ENVIROFACTS, FERC FORM 2, CORPORATE WEBSITE",2015/08/14 00:00:00+00,IMAGERY/OTHER,2016/03/14 00:00:00+00,http://transmission.wbienergy.com/,WILLISTON BASIN INTERSTATE PIPELINE COMPANY,49,WILLISTON BASIN INTERSTATE PIPELINE COMPANY,WITHIN 40 FEET,1,360,591110,84944,52541,31278,8682,1,2012/01/06 00:00:00+00,0,0
-113.610968696,34.0681346390001,1339,1339,GCOMP973,ALAMO LAKE,COLORADO RIVER RD (17.3 MILES NORTH OF WENDEN) NEAR ALAMO LAKE,WENDEN,AZ,85357,NOT AVAILABLE,NATURAL GAS COMPRESSOR STATION,IN SERVICE,LA PAZ,04012,USA,34.068134639,-113.610968696,486210,PIPELINE TRANSPORTATION OF NATURAL GAS,"EPA ENVIROFACTS, FERC FORM 2, IMAGERY",2015/10/09 00:00:00+00,IMAGERY/OTHER,2016/03/14 00:00:00+00,https://pipeportal.kindermorgan.com/,"EL PASO NATURAL GAS COMPANY, L.L.C.",33,"EL PASO NATURAL GAS COMPANY, L.L.C.",WITHIN 40 FEET,2,20500,29618693,1509547,200674,596026,8271,1,2012/04/13 00:00:00+00,0,0
-79.007855,39.7232890000001,1340,1340,GCOMP974,SALISBURY,COLUMBIA DR. &GAS CO. RD.,MEYERSDALE,PA,15558,NOT AVAILABLE,NATURAL GAS COMPRESSOR STATION,IN SERVICE,SOMERSET,42111,USA,39.723289,-79.007855,486210,PIPELINE TRANSPORTATION OF NATURAL GAS,"EPA ENVIROFACTS, FERC FORM 2, CORPORATE WEBSITE",2015/09/28 00:00:00+00,IMAGERY/OTHER,2016/03/14 00:00:00+00,http://www.columbiapipeinfo.com/,"COLUMBIA GAS TRANSMISSION,LLC",21,"COLUMBIA GAS TRANSMISSION,LLC",WITHIN 40 FEET,5,5480,3151840,980539,202816,340733,23758,5,2012/04/16 00:00:00+00,6112,-999
-80.862251094,38.6612226560001,1341,1341,GCOMP975,FRAMETOWN,COLUMBIA GAS DR & COUNTY HWY 9/12,FRAMETOWN,WV,26623,NOT AVAILABLE,NATURAL GAS COMPRESSOR STATION,IN SERVICE,BRAXTON,54007,USA,38.661222656,-80.862251094,486210,PIPELINE TRANSPORTATION OF NATURAL GAS,"FERC FORM 2, IMAGERY",2015/09/29 00:00:00+00,IMAGERY/OTHER,2016/03/14 00:00:00+00,http://www.columbiapipeinfo.com/,"COLUMBIA GAS TRANSMISSION,LLC",21,"COLUMBIA GAS TRANSMISSION,LLC",WITHIN 40 FEET,3,18665,11362013,50941,451269,17942,2911,3,2012/02/13 00:00:00+00,33081,-999
-80.4619269999999,40.1116480000001,1342,1342,GCOMP976,DONEGAL,COMPRESSOR STATION RD. & GAS RD.,WEST ALEXANDER,PA,15376,NOT AVAILABLE,NATURAL GAS COMPRESSOR STATION,IN SERVICE,WASHINGTON,42125,USA,40.111648,-80.461927,486210,PIPELINE TRANSPORTATION OF NATURAL GAS,"EPA ENVIROFACTS, FERC FORM 2, CORPORATE WEBSITE",2015/09/29 00:00:00+00,IMAGERY/OTHER,2016/03/14 00:00:00+00,http://www.columbiapipeinfo.com/,"COLUMBIA GAS TRANSMISSION,LLC",21,"COLUMBIA GAS TRANSMISSION,LLC",WITHIN 40 FEET,2,2000,5729288,155528,483211,55468,6358,1,2012/03/05 00:00:00+00,0,0
-108.248148754,39.473910077,1343,1343,GCOMP977,CONN CREEK,CONN CREEK RD,DE BEQUE,CO,81630,NOT AVAILABLE,NATURAL GAS COMPRESSOR STATION,IN SERVICE,GARFIELD,08045,USA,39.473910077,-108.248148754,486210,PIPELINE TRANSPORTATION OF NATURAL GAS,"EPA ENVIROFACTS, FERC FORM 2, CORPORATE WEBSITE",2015/09/01 00:00:00+00,IMAGERY/OTHER,2016/03/14 00:00:00+00,http://pipeline2.kindermorgan.com/,TRANSCOLORADO GAS TRANSMISSION COMPANY LLC,63,TRANSCOLORADO GAS TRANSMISSION COMPANY LLC,WITHIN 40 FEET,2,5900,28595478,0,0,48363,1100,2,2012/07/17 00:00:00+00,0,0
-103.771933236,32.8138179420001,1344,1344,GCOMP978,MALJAMAR,"CONOCO RD; 4.5 MI SE OF MALJAMAR",MALJAMAR,NM,88264,NOT AVAILABLE,NATURAL GAS COMPRESSOR STATION,IN SERVICE,LEA,35025,USA,32.813817942,-103.771933236,486210,PIPELINE TRANSPORTATION OF NATURAL GAS,"EPA ENVIROFACTS, FERC FORM 2, CORPORATE WEBSITE",2015/08/24 00:00:00+00,IMAGERY/OTHER,2016/03/14 00:00:00+00,http://twtransfer.energytransfer.com/,"TRANSWESTERN PIPELINE COMPANY, LLC",42,"TRANSWESTERN PIPELINE COMPANY, LLC",WITHIN 40 FEET,2,1960,4834301,173394,361877,65518,8481,1,2012/12/20 00:00:00+00,0,0
-110.979640684,39.653286763,1345,1345,GCOMP979,UTAH - MAIN LINE 104 (LOCATED AT OAK SPRING) 2&3,"CONSUMERS RD; 6.5 MILES WEST OF SPRING GLEN",HELPER,UT,84526,NOT AVAILABLE,NATURAL GAS COMPRESSOR STATION,IN SERVICE,CARBON,49007,USA,39.653286763,-110.979640684,486210,PIPELINE TRANSPORTATION OF NATURAL GAS,"FERC FORM 2, CORPORATE WEBSITE",2015/08/18 00:00:00+00,IMAGERY/OTHER,2016/03/14 00:00:00+00,http://www.questarpipeline.com/,QUESTAR PIPELINE COMPANY,55,QUESTAR PIPELINE COMPANY,WITHIN 40 FEET,2,15600,13850940,2251371,373771,867864,16910,2,2012/01/17 00:00:00+00,0,0
-90.5798609999999,33.233616,1346,1346,GCOMP98,#843 - ISOLA,1165 TENNESSEE GAS RD.,ISOLA,MS,38754,NOT AVAILABLE,NATURAL GAS COMPRESSOR STATION,IN SERVICE,HUMPHREYS COUNTY,28053,USA,33.233616,-90.579861,486210,PIPELINE TRANSPORTATION OF NATURAL GAS,"EPA ENVIROFACTS, FERC FORM 2, CORPORATE WEBSITE",2015/09/02 00:00:00+00,IMAGERY/OTHER,2016/03/14 00:00:00+00,http://pipeline2.kindermorgan.com/,"TENNESSEE GAS PIPELINE COMPANY, L.L.C.",9,"TENNESSEE GAS PIPELINE COMPANY, L.L.C.",WITHIN 40 FEET,9,14350,10964122,904728,960658,328519,21835,9,2012/01/20 00:00:00+00,0,0
-110.9801,39.6533000000001,1347,1347,GCOMP980,UTAH - OAK SPRING 1,"CONSUMERS RD; 6.5 MILES WEST OF SPRING GLEN",HELPER,UT,84526,NOT AVAILABLE,NATURAL GAS COMPRESSOR STATION,IN SERVICE,CARBON,49007,USA,39.6533,-110.9801,486210,PIPELINE TRANSPORTATION OF NATURAL GAS,"EPA ENVIROFACTS, FERC FORM 2, CORPORATE WEBSITE",2015/09/11 00:00:00+00,IMAGERY/OTHER,2016/03/14 00:00:00+00,http://www.questarpipeline.com/,QUESTAR PIPELINE COMPANY,55,QUESTAR PIPELINE COMPANY,WITHIN 40 FEET,1,5939,18971450,961461,139592,371623,8690,1,2012/12/20 00:00:00+00,0,0
-99.413976,37.5871970000001,1348,1348,GCOMP981,MULLINVILLE,"CORNER OF 17TH AVE AND US-400; S20-T28S-R19W",GREENSBURG,KS,67054,NOT AVAILABLE,NATURAL GAS COMPRESSOR STATION,IN SERVICE,KIOWA,20097,USA,37.587197,-99.413976,486210,PIPELINE TRANSPORTATION OF NATURAL GAS,"EPA ENVIROFACTS, FERC FORM 2, CORPORATE WEBSITE",2015/09/15 00:00:00+00,IMAGERY/OTHER,2016/03/14 00:00:00+00,http://www.northernnaturalgas.com/,NORTHERN NATURAL GAS COMPANY,59,NORTHERN NATURAL GAS COMPANY,WITHIN 40 FEET,7,25900,39032171,1572795,1427010,539527,26903,5,2012/10/31 00:00:00+00,6910,255905
-101.43358,36.8736900000001,1349,1349,GCOMP982,OKLAHOMA-MOUSER-TEXAS COUNTY,"CORNER OF MILE 33 AND E0090 RD; 12 MI W OF HOOKER",HOOKER,OK,73945,NOT AVAILABLE,NATURAL GAS COMPRESSOR STATION,IN SERVICE,TEXAS,40139,USA,36.87369,-101.43358,486210,PIPELINE TRANSPORTATION OF NATURAL GAS,"EPA ENVIROFACTS, FERC FORM 2, CORPORATE WEBSITE",2015/09/11 00:00:00+00,IMAGERY/OTHER,2016/03/14 00:00:00+00,http://peplmessenger.energytransfer.com/,"PANHANDLE EASTERN PIPE LINE COMPANY, LP",28,"PANHANDLE EASTERN PIPE LINE COMPANY, LP",WITHIN 40 FEET,7,4594,3489110,194480,0,74120,17359,2,2012/12/25 00:00:00+00,0,0
-109.351931513,38.9333505550001,1350,1350,GCOMP983,CISCO,"CORNER OF OLD CISCO HWY AND UT-128; SE QTR S 24, T21S, R23E",THOMPSON,UT,84540,NOT AVAILABLE,NATURAL GAS COMPRESSOR STATION,IN SERVICE,GRAND,49019,USA,38.933350555,-109.351931513,486210,PIPELINE TRANSPORTATION OF NATURAL GAS,"FERC FORM 2, IMAGERY",2015/09/15 00:00:00+00,IMAGERY/OTHER,2016/03/14 00:00:00+00,http://www.northwest.williams.com/,NORTHWEST PIPELINE GP,37,NORTHWEST PIPELINE GP,WITHIN 40 FEET,2,11000,10390720,193204,241890,73476,1897,2,2012/08/03 00:00:00+00,0,0
-99.012724819,36.145452176,1351,1351,GCOMP984,OKLAHOMA-SEILING-DEWEY COUNTY,"CORNER OF US-60 AND N2240 RD; 6 MI W ON HWY 60",SEILING,OK,73663,NOT AVAILABLE,NATURAL GAS COMPRESSOR STATION,IN SERVICE,DEWEY,40043,USA,36.145452176,-99.012724819,486210,PIPELINE TRANSPORTATION OF NATURAL GAS,"EPA ENVIROFACTS, FERC FORM 2, CORPORATE WEBSITE",2015/09/11 00:00:00+00,IMAGERY/OTHER,2016/03/14 00:00:00+00,http://peplmessenger.energytransfer.com/,"PANHANDLE EASTERN PIPE LINE COMPANY, LP",28,"PANHANDLE EASTERN PIPE LINE COMPANY, LP",WITHIN 40 FEET,1,10860,5873159,0,0,0,978,1,2012/11/08 00:00:00+00,0,0
-102.073626,35.1346090000001,1352,1352,GCOMP985,AMARILLO,"COTTON PAVEMENT ROAD; (4 MILES SOUTH OF BUSHLAND, TX AND 1 MILE WEST ON FARMERS AVE)",BUSHLAND,TX,79012,NOT AVAILABLE,NATURAL GAS COMPRESSOR STATION,IN SERVICE,RANDALL,48381,USA,35.134609,-102.073626,486210,PIPELINE TRANSPORTATION OF NATURAL GAS,"EPA ENVIROFACTS, FERC FORM 2, CORPORATE WEBSITE",2015/09/22 00:00:00+00,IMAGERY/OTHER,2016/03/14 00:00:00+00,https://pipeportal.kindermorgan.com/,"EL PASO NATURAL GAS COMPANY, L.L.C.",33,"EL PASO NATURAL GAS COMPANY, L.L.C.",WITHIN 40 FEET,2,5400,4706416,2396,161189,796,37,1,2012/10/12 00:00:00+00,0,0
-105.948871,31.6837340000001,1353,1353,GCOMP986,HUECO,"COUNTRY ROAD; (25 MILES EAST OF EL PASO 13 MILES SOUTH HWY 62)",EL PASO,TX,79978,NOT AVAILABLE,NATURAL GAS COMPRESSOR STATION,IN SERVICE,HUDSPETH,48229,USA,31.683734,-105.948871,486210,PIPELINE TRANSPORTATION OF NATURAL GAS,"FERC FORM 2, IMAGERY",2015/09/21 00:00:00+00,IMAGERY/OTHER,2016/03/14 00:00:00+00,https://pipeportal.kindermorgan.com/,"EL PASO NATURAL GAS COMPANY, L.L.C.",33,"EL PASO NATURAL GAS COMPANY, L.L.C.",WITHIN 40 FEET,3,21450,12384246,2788620,455195,1050152,16737,3,2012/12/19 00:00:00+00,0,0
-105.667532378,34.1164282180001,1354,1354,GCOMP987,LINCOLN,"COUNTRY ROAD A035 & ELDA RD; (11 MI S OF CORONA)",CORONA,NM,88318,NOT AVAILABLE,NATURAL GAS COMPRESSOR STATION,IN SERVICE,LINCOLN,35027,USA,34.116428218,-105.667532378,486210,PIPELINE TRANSPORTATION OF NATURAL GAS,"EPA ENVIROFACTS, FERC FORM 2, CORPORATE WEBSITE",2015/09/21 00:00:00+00,IMAGERY/OTHER,2016/03/14 00:00:00+00,https://pipeportal.kindermorgan.com/,"EL PASO NATURAL GAS COMPANY, L.L.C.",33,"EL PASO NATURAL GAS COMPANY, L.L.C.",WITHIN 40 FEET,1,10680,14882303,71125,108779,25512,316,1,2012/09/06 00:00:00+00,0,0
-107.997199531,32.256878763,1355,1355,GCOMP988,DEMING,"COUNTRY ROAD D006; (13 MI W DEMING, 1 MI N OF I-10)",DEMING,NM,88030,NOT AVAILABLE,NATURAL GAS COMPRESSOR STATION,IN SERVICE,LUNA,35029,USA,32.256878763,-107.997199531,486210,PIPELINE TRANSPORTATION OF NATURAL GAS,"EPA ENVIROFACTS, FERC FORM 2, CORPORATE WEBSITE",2015/09/21 00:00:00+00,IMAGERY/OTHER,2016/03/14 00:00:00+00,https://pipeportal.kindermorgan.com/,"EL PASO NATURAL GAS COMPANY, L.L.C.",33,"EL PASO NATURAL GAS COMPANY, L.L.C.",WITHIN 40 FEET,10,23100,-999,0,102053,0,0,0,1970/01/01 00:00:00+00,0,0
-81.083021,38.7482860000001,1356,1356,GCOMP989,ORMA,COUNTY HWY 11 & LEFT HAND ROAD,ORMA,WV,25268,NOT AVAILABLE,NATURAL GAS COMPRESSOR STATION,IN SERVICE,CALHOUN,54013,USA,38.748286,-81.083021,486210,PIPELINE TRANSPORTATION OF NATURAL GAS,"EPA ENVIROFACTS, FERC FORM 2, CORPORATE WEBSITE",2015/09/24 00:00:00+00,IMAGERY/OTHER,2016/03/14 00:00:00+00,http://escript.dom.com/,"DOMINION TRANSMISSION, INC.",22,"DOMINION TRANSMISSION, INC.",WITHIN 40 FEET,2,1320,2728384,157434,182855,56672,10727,2,2012/08/10 00:00:00+00,0,0
-95.9501,37.3202220000001,1357,1357,GCOMP99,416 ELK CITY,1166 HWY 160,ELK CITY,KS,67344,NOT AVAILABLE,NATURAL GAS COMPRESSOR STATION,IN SERVICE,MONTGOMERY,20125,USA,37.320222,-95.9501,486210,PIPELINE TRANSPORTATION OF NATURAL GAS,"FERC FORM 2, IMAGERY",2015/09/09 00:00:00+00,IMAGERY/OTHER,2016/03/14 00:00:00+00,https://csi.sscgp.com/,"SOUTHERN STAR CENTRAL GAS PIPELINE, INC.",43,"SOUTHERN STAR CENTRAL GAS PIPELINE, INC.",NOTIONAL,1,6283,21773502,8604,72540,3302,12,1,2012/03/07 00:00:00+00,0,0
-88.860062,39.1022130000001,1358,1358,GCOMP990,STATION 206 - ST ELMO,COUNTY RD 2100 E/CO RD 2500 N,WRIGHTS CORNER,IL,62414,NOT AVAILABLE,NATURAL GAS COMPRESSOR STATION,IN SERVICE,FAYETTE,17051,USA,39.102213,-88.860062,486210,PIPELINE TRANSPORTATION OF NATURAL GAS,"FERC FORM 2, IMAGERY",2015/09/16 00:00:00+00,IMAGERY/OTHER,2016/03/14 00:00:00+00,http://www.kindermorgan.com/,NATURAL GAS PIPELINE COMPANY OF AMERICA LLC,26,NATURAL GAS PIPELINE COMPANY OF AMERICA LLC,WITHIN 40 FEET,5,8400,22941644,0,0,235201,9736,5,2012/10/24 00:00:00+00,0,0
-108.193801,39.896604,1359,1359,GCOMP991,GREASEWOOD,COUNTY RD 3A/ HWY 76,GREASEWOOD,CO,86505,NOT AVAILABLE,NATURAL GAS COMPRESSOR STATION,IN SERVICE,RIO BLANCO,08103,USA,39.896604,-108.193801,486210,PIPELINE TRANSPORTATION OF NATURAL GAS,"FERC FORM 2, CORPORATE WEBSITE, IMAGERY",2015/08/17 00:00:00+00,IMAGERY/OTHER,2016/03/14 00:00:00+00,http://pipeline2.kindermorgan.com/,TRANSCOLORADO GAS TRANSMISSION COMPANY LLC,63,TRANSCOLORADO GAS TRANSMISSION COMPANY LLC,WITHIN 40 FEET,2,1920,11512764,0,0,237,25,1,2012/10/24 00:00:00+00,0,0
-80.908282,39.27709,1360,1360,GCOMP992,TOLL GATE,COUNTY RD 50/30 (SUNNYSIDE RD)/EAST OF SUGAR RUN,TOLL GATE,WV,26415,NOT AVAILABLE,NATURAL GAS COMPRESSOR STATION,IN SERVICE,DODDRIDGE,54017,USA,39.27709,-80.908282,486210,PIPELINE TRANSPORTATION OF NATURAL GAS,"FERC FORM 2, IMAGERY",2015/10/08 00:00:00+00,IMAGERY/OTHER,2016/03/14 00:00:00+00,http://equitrans.eqtmidstreampartners.com/,"EQUITRANS, L.P.",24,"EQUITRANS, L.P.",WITHIN 40 FEET,1,300,889654,52204,24498,18713,8618,1,2012/10/11 00:00:00+00,7448,-999
-97.922163698,35.1587014720001,1361,1361,GCOMP993,AMBER JUNCTION,"COUNTY ROAD - E1280; 3 MI W OF AMBER",POCASSET,OK,73079,NOT AVAILABLE,NATURAL GAS COMPRESSOR STATION,IN SERVICE,GRADY,40051,USA,35.158701472,-97.922163698,486210,PIPELINE TRANSPORTATION OF NATURAL GAS,"EPA ENVIROFACTS, FERC FORM 2, CORPORATE WEBSITE",2015/10/20 00:00:00+00,IMAGERY/OTHER,2016/03/14 00:00:00+00,http://pipelines.centerpointenergy.com/,"CENTERPOINT ENERGY GAS TRANSMISSION COMPANY, LLC",31,"CENTERPOINT ENERGY GAS TRANSMISSION COMPANY, LLC",WITHIN 40 FEET,4,12985,16653557,620956,816718,249362,11531,1,1970/01/01 00:00:00+00,0,0
-91.955691771,33.962840955,1362,1362,GCOMP994,GLENDALE,COUNTY ROAD 17/HWY 54,STAR CITY,AR,71667,NOT AVAILABLE,NATURAL GAS COMPRESSOR STATION,IN SERVICE,LINCOLN,05079,USA,33.962840955,-91.955691771,486210,PIPELINE TRANSPORTATION OF NATURAL GAS,"EPA ENVIROFACTS, FERC FORM 2, CORPORATE WEBSITE",2015/10/20 00:00:00+00,IMAGERY/OTHER,2016/03/14 00:00:00+00,http://pipelines.centerpointenergy.com/,"CENTERPOINT ENERGY - MISSISSIPPI RIVER TRANSMISSION, LLC",25,"CENTERPOINT ENERGY - MISSISSIPPI RIVER TRANSMISSION, LLC",WITHIN 40 FEET,6,6600,9907470,10803,378083,4390,212,0,1970/01/01 00:00:00+00,0,0
-108.073787564,40.9911707250001,1363,1363,GCOMP995,COLORADO - STATE LINE,"COUNTY ROAD 21N; SEC 21 T12N R95W",MAYBELL,CO,81640,NOT AVAILABLE,NATURAL GAS COMPRESSOR STATION,IN SERVICE,MOFFAT,08081,USA,40.991170725,-108.073787564,486210,PIPELINE TRANSPORTATION OF NATURAL GAS,"EPA ENVIROFACTS, FERC FORM 2, CORPORATE WEBSITE",2015/09/11 00:00:00+00,IMAGERY/OTHER,2016/03/14 00:00:00+00,http://www.questarpipeline.com/,QUESTAR PIPELINE COMPANY,55,QUESTAR PIPELINE COMPANY,WITHIN 40 FEET,1,1085,1073119,686986,65438,263671,20,0,1970/01/01 00:00:00+00,0,0
-88.793387062,31.912659778,1364,1364,GCOMP996,DESTIN,COUNTY ROAD 250/CO RD 270,SHUBUTA,MS,39360,NOT AVAILABLE,NATURAL GAS COMPRESSOR STATION,IN SERVICE,CLARKE,28023,USA,31.912659778,-88.793387062,486210,PIPELINE TRANSPORTATION OF NATURAL GAS,"FERC FORM 2, IMAGERY",2015/09/17 00:00:00+00,IMAGERY/OTHER,2016/03/14 00:00:00+00,http://infopost.bwpmlp.com/,"GULF SOUTH PIPELINE COMPANY, LP",11,"GULF SOUTH PIPELINE COMPANY, LP",WITHIN 40 FEET,1,3550,23103880,10831,152187,4229,189,1,2012/04/01 00:00:00+00,0,0
-102.668852,32.579057,1365,1365,GCOMP997,SEMINOLE,COUNTY ROAD 305,SEMINOLE,TX,79360,NOT AVAILABLE,NATURAL GAS COMPRESSOR STATION,IN SERVICE,GAINES,48165,USA,32.579057,-102.668852,486210,PIPELINE TRANSPORTATION OF NATURAL GAS,"EPA ENVIROFACTS, FERC FORM 2, CORPORATE WEBSITE",2015/09/15 00:00:00+00,IMAGERY/OTHER,2016/03/14 00:00:00+00,http://www.northernnaturalgas.com/,NORTHERN NATURAL GAS COMPANY,59,NORTHERN NATURAL GAS COMPANY,WITHIN 40 FEET,1,9300,4296352,842286,73235,317626,4148,1,2012/03/19 00:00:00+00,36684,557600
-108.204013857,37.34835465,1366,1366,GCOMP998,MANCOS,"COUNTY ROAD 316 (4.8 MILES EAST OF MANCOS); SW1/4 SEC29 T36N R12W",MANCOS,CO,81328,NOT AVAILABLE,NATURAL GAS COMPRESSOR STATION,IN SERVICE,MONTEZUMA,08083,USA,37.34835465,-108.204013857,486210,PIPELINE TRANSPORTATION OF NATURAL GAS,"FERC FROM 2, U.S. FEDERAL REGISTER. IMAGERY",2015/08/17 00:00:00+00,IMAGERY/OTHER,2016/03/14 00:00:00+00,http://pipeline2.kindermorgan.com/,TRANSCOLORADO GAS TRANSMISSION COMPANY LLC,63,TRANSCOLORADO GAS TRANSMISSION COMPANY LLC,WITHIN 40 FEET,2,5786,11840082,0,0,17830,450,2,2012/10/24 00:00:00+00,0,0
-88.965459,31.855868,1367,1367,GCOMP999,HEIDELBERG #105,COUNTY ROAD 3711,HEIDELBERG,MS,39439,NOT AVAILABLE,NATURAL GAS COMPRESSOR STATION,IN SERVICE,JASPER,28061,USA,31.855868,-88.965459,486210,PIPELINE TRANSPORTATION OF NATURAL GAS,"FERC FORM 2, CORPORATE WEBSITE",2015/11/03 00:00:00+00,IMAGERY/OTHER,2016/03/14 00:00:00+00,https://www.epa.gov/Enviro,DISCOVERY GAS TRANSMISSION LLC/PETAL GAS STORAGE LLC,63,DISCOVERY GAS TRANSMISSION LLC/PETAL GAS STORAGE LLC,WITHIN 40 FEET,2,9000,12979177,109361,125314,41144,1933,2,2012/04/11 00:00:00+00,0,0
-121.3179,41.6489800000001,1368,1368,GCOMP1368,TIONESTA,3.5 MILES EAST OF HIGHWAY 139,TULELAKE,CA,96134,NOT AVAILABLE,NATURAL GAS COMPRESSOR STATION,IN SERVICE,MODOC,06049,USA,41.64898,-121.3179,486210,PIPELINE TRANSPORTATION OF NATURAL GAS,"CORPORATE WEBSITE, IMAGERY",2020/04/15 00:00:00+00,IMAGERY/OTHER,2020/04/21 00:00:00+00,https://www.pge.com/,PACIFIC GAS AND ELECTRIC,15007,PACIFIC GAS AND ELECTRIC,WITHIN 40 FEET,-999,-999,-999,-999,-999,-999,-999,-999,1970/01/01 00:00:00+00,-999,-999
-121.6353,40.89723,1369,1369,GCOMP1369,BURNEY,BURNEY COMPRESSOR ROAD & HWY 299,BURNEY,CA,96013,NOT AVAILABLE,NATURAL GAS COMPRESSOR STATION,IN SERVICE,SHASTA,06089,USA,40.89723,-121.6353,486210,PIPELINE TRANSPORTATION OF NATURAL GAS,"CORPORATE WEBSITE, IMAGERY",2020/04/15 00:00:00+00,IMAGERY/OTHER,2020/04/21 00:00:00+00,https://www.pge.com/,PACIFIC GAS AND ELECTRIC,15007,PACIFIC GAS AND ELECTRIC,WITHIN 40 FEET,-999,-999,-999,-999,-999,-999,-999,-999,1970/01/01 00:00:00+00,-999,-999
-122.2143,40.0630800000001,1370,1370,GCOMP1370,GERBER,.05 EAST OF INTERSTATE 5 NEAR GERBER,GERBER,CA,96035,NOT AVAILABLE,NATURAL GAS COMPRESSOR STATION,IN SERVICE,TEHMA,06103,USA,40.06308,-122.2143,486210,PIPELINE TRANSPORTATION OF NATURAL GAS,"CORPORATE WEBSITE, IMAGERY",2020/04/15 00:00:00+00,IMAGERY/OTHER,2020/04/21 00:00:00+00,https://www.pge.com/,PACIFIC GAS AND ELECTRIC,15007,PACIFIC GAS AND ELECTRIC,WITHIN 40 FEET,-999,-999,-999,-999,-999,-999,-999,-999,1970/01/01 00:00:00+00,-999,-999
-122.269,39.3680000000001,1371,1371,GCOMP1371,DELEVAN,5001 DELEVAN ROAD,MAXWELL,CA,95955,NOT AVAILABLE,NATURAL GAS COMPRESSOR STATION,IN SERVICE,COLUSA,06011,USA,39.368,-122.269,486210,PIPELINE TRANSPORTATION OF NATURAL GAS,"CORPORATE WEBSITE, IMAGERY",2020/04/15 00:00:00+00,IMAGERY/OTHER,2020/05/14 00:00:00+00,https://www.pge.com/,PACIFIC GAS AND ELECTRIC,15007,PACIFIC GAS AND ELECTRIC,WITHIN 40 FEET,-999,-999,-999,-999,-999,-999,-999,-999,1970/01/01 00:00:00+00,-999,-999
-122.60212,37.79619,1372,1372,GCOMP1372,BETHANY,14750 KELSO ROAD,BYRON,CA,94514,NOT AVAILABLE,NATURAL GAS COMPRESSOR STATION,IN SERVICE,ALAMEDA,06077,USA,37.79619,-122.60212,486210,PIPELINE TRANSPORTATION OF NATURAL GAS,"CORPORATE WEBSITE, IMAGERY",2020/04/15 00:00:00+00,IMAGERY/OTHER,2020/04/21 00:00:00+00,https://www.pge.com/,PACIFIC GAS AND ELECTRIC,15007,PACIFIC GAS AND ELECTRIC,WITHIN 40 FEET,-999,-999,-999,-999,-999,-999,-999,-999,1970/01/01 00:00:00+00,-999,-999
-120.0873,36.0704200000001,1373,1373,GCOMP1373,KETTLEMAN,34453 PLYMOUTH AVENUE,AVENAL,CA,93204,NOT AVAILABLE,NATURAL GAS COMPRESSOR STATION,IN SERVICE,KINGS,06031,USA,36.07042,-120.0873,486210,PIPELINE TRANSPORTATION OF NATURAL GAS,"CORPORATE WEBSITE, IMAGERY",2020/04/15 00:00:00+00,IMAGERY/OTHER,2020/04/21 00:00:00+00,https://www.pge.com/,PACIFIC GAS AND ELECTRIC,15007,PACIFIC GAS AND ELECTRIC,WITHIN 40 FEET,-999,-999,-999,-999,-999,-999,-999,-999,1970/01/01 00:00:00+00,-999,-999
-117.1589,34.9006900000001,1374,1374,GCOMP1374,HINKLEY,35863 FAIRVIEW ROAD,HINKLEY,CA,92347,NOT AVAILABLE,NATURAL GAS COMPRESSOR STATION,IN SERVICE,SAN BERNADINO,06071,USA,34.90069,-117.1589,486210,PIPELINE TRANSPORTATION OF NATURAL GAS,"CORPORATE WEBSITE, IMAGERY",2020/04/15 00:00:00+00,IMAGERY/OTHER,2020/04/21 00:00:00+00,https://www.pge.com/,PACIFIC GAS AND ELECTRIC,15007,PACIFIC GAS AND ELECTRIC,WITHIN 40 FEET,-999,-999,-999,-999,-999,-999,-999,-999,1970/01/01 00:00:00+00,-999,-999
-114.4928,34.71412,1375,1375,GCOMP1375,TOPOCK,12 MILES SW OF NEEDLES,TOPOCK,CA,92363,NOT AVAILABLE,NATURAL GAS COMPRESSOR STATION,IN SERVICE,SAN BERNADINO,06071,USA,34.71412,-114.4928,486210,PIPELINE TRANSPORTATION OF NATURAL GAS,"CORPORATE WEBSITE, IMAGERY",2020/04/15 00:00:00+00,IMAGERY/OTHER,2020/04/21 00:00:00+00,https://www.pge.com/,PACIFIC GAS AND ELECTRIC,15007,PACIFIC GAS AND ELECTRIC,WITHIN 40 FEET,-999,-999,-999,-999,-999,-999,-999,-999,1970/01/01 00:00:00+00,-999,-999
-117.1207,33.9150900000001,1376,1376,GCOMP1376,MORENO,14196 VIRGINA STREET,MORENO VALLEY,CA,92555,NOT AVAILABLE,NATURAL GAS COMPRESSOR STATION,IN SERVICE,RIVERSIDE,06065,USA,33.91509,-117.1207,486210,PIPELINE TRANSPORTATION OF NATURAL GAS,"CORPORATE WEBSITE, IMAGERY",2020/05/07 00:00:00+00,IMAGERY/OTHER,2020/05/07 00:00:00+00,https://www.sdge.com/,SAN DIEGO GAS & ELECTRIC,18112,SEMPRA ENERGY,WITHIN 40 FEET,-999,-999,-999,-999,-999,-999,-999,-999,1970/01/01 00:00:00+00,-999,-999
-117.1405,33.43255,1377,1377,GCOMP1377,RAINBOW,47824 US HIGHWAY 395,RAINBOW,CA,92028,NOT AVAILABLE,NATURAL GAS COMPRESSOR STATION,IN SERVICE,SAN DIEGO,06073,USA,33.43255,-117.1405,486210,PIPELINE TRANSPORTATION OF NATURAL GAS,"CORPORATE WEBSITE, IMAGERY",2020/05/07 00:00:00+00,IMAGERY/OTHER,2020/05/07 00:00:00+00,https://www.sdge.com/,SAN DIEGO GAS & ELECTRIC,18112,SEMPRA ENERGY,WITHIN 40 FEET,-999,-999,-999,-999,-999,-999,-999,-999,1970/01/01 00:00:00+00,-999,-999
-114.6434,34.90831,1378,1378,GCOMP1378,NORTH NEEDLES,4528 NEEDLES HIGHWAY,NEEDLES,CA,92363,NOT AVAILABLE,NATURAL GAS COMPRESSOR STATION,IN SERVICE,SAN BERNADINO,06071,USA,34.90831,-114.6434,486210,PIPELINE TRANSPORTATION OF NATURAL GAS,"EIA, CORPORATE WEBSITE, IMAGERY",2019/10/15 00:00:00+00,IMAGERY/OTHER,2020/05/07 00:00:00+00,www.socalgas.com,SOUTHERN CALIFORNIA GAS COMPANY (SOCALGAS),18484,SOUTHERN CALIFORNIA GAS COMPANY (SOCALGAS),WITHIN 40 FEET,-999,-999,-999,-999,-999,-999,-999,-999,1970/01/01 00:00:00+00,-999,-999
-114.6112,34.69514,1379,1379,GCOMP1379,SOUTH NEEDLES,US HIGHWAY 95,NEEDLES,CA,92363,NOT AVAILABLE,NATURAL GAS COMPRESSOR STATION,IN SERVICE,SAN BERNADINO,06071,USA,34.69514,-114.6112,486210,PIPELINE TRANSPORTATION OF NATURAL GAS,"EIA, CORPORATE WEBSITE, IMAGERY",2019/10/15 00:00:00+00,IMAGERY/OTHER,2020/05/07 00:00:00+00,www.socalgas.com,SOUTHERN CALIFORNIA GAS COMPANY (SOCALGAS),18484,SOUTHERN CALIFORNIA GAS COMPANY (SOCALGAS),WITHIN 40 FEET,-999,-999,-999,-999,-999,-999,-999,-999,1970/01/01 00:00:00+00,-999,-999
-115.6513,34.89734,1380,1380,GCOMP1380,KELSO,NOT AVAILABLE,BAKER,CA,92309,NOT AVAILABLE,NATURAL GAS COMPRESSOR STATION,IN SERVICE,SAN BERNADINO,06071,USA,34.89734,-115.6513,486210,PIPELINE TRANSPORTATION OF NATURAL GAS,"EIA, CORPORATE WEBSITE, IMAGERY",2019/10/15 00:00:00+00,IMAGERY/OTHER,2020/05/07 00:00:00+00,www.socalgas.com,SOUTHERN CALIFORNIA GAS COMPANY (SOCALGAS),18484,SOUTHERN CALIFORNIA GAS COMPANY (SOCALGAS),WITHIN 40 FEET,-999,-999,-999,-999,-999,-999,-999,-999,1970/01/01 00:00:00+00,-999,-999
-116.5951,34.7799900000001,1381,1381,GCOMP1381,NEWBERRY,48400B CENTER ROAD,NEWBERRY SPRINGS,CA,92365,9026,NATURAL GAS COMPRESSOR STATION,IN SERVICE,SAN BERNADINO,06071,USA,34.77999,-116.5951,486210,PIPELINE TRANSPORTATION OF NATURAL GAS,"EIA, CORPORATE WEBSITE, IMAGERY",2019/10/15 00:00:00+00,IMAGERY/OTHER,2020/05/07 00:00:00+00,www.socalgas.com,SOUTHERN CALIFORNIA GAS COMPANY (SOCALGAS),18484,SOUTHERN CALIFORNIA GAS COMPANY (SOCALGAS),WITHIN 40 FEET,-999,-999,-999,-999,-999,-999,-999,-999,1970/01/01 00:00:00+00,-999,-999
-117.4504,34.55717,1382,1382,GCOMP1382,ADELANTO,9880 RANCH ROAD,ADELANTO,CA,92301,2200,NATURAL GAS COMPRESSOR STATION,IN SERVICE,SAN BERNADINO,06071,USA,34.55717,-117.4504,486210,PIPELINE TRANSPORTATION OF NATURAL GAS,"EIA, CORPORATE WEBSITE, IMAGERY",2019/10/15 00:00:00+00,IMAGERY/OTHER,2020/05/07 00:00:00+00,www.socalgas.com,SOUTHERN CALIFORNIA GAS COMPANY (SOCALGAS),18484,SOUTHERN CALIFORNIA GAS COMPANY (SOCALGAS),WITHIN 40 FEET,-999,-999,-999,-999,-999,-999,-999,-999,1970/01/01 00:00:00+00,-999,-999
-118.4383,33.9631600000001,1383,1383,GCOMP1383,PLAYA DEL REY,8141 GULANA AVENUE,PLAYA DEL REY,CA,90293,7930,NATURAL GAS COMPRESSOR STATION,IN SERVICE,LOS ANGELES,06037,USA,33.96316,-118.4383,486210,PIPELINE TRANSPORTATION OF NATURAL GAS,"EIA, CORPORATE WEBSITE, IMAGERY",2019/10/15 00:00:00+00,IMAGERY/OTHER,2020/05/07 00:00:00+00,www.socalgas.com,SOUTHERN CALIFORNIA GAS COMPANY (SOCALGAS),18484,SOUTHERN CALIFORNIA GAS COMPANY (SOCALGAS),WITHIN 40 FEET,-999,-999,-999,-999,-999,-999,-999,-999,1970/01/01 00:00:00+00,-999,-999
-119.3006,34.2986900000001,1384,1384,GCOMP1384,VENTURA,1689 OLIVE STREET,VENTURA,CA,93001,1370,NATURAL GAS COMPRESSOR STATION,IN SERVICE,VENTURA,06111,USA,34.29869,-119.3006,486210,PIPELINE TRANSPORTATION OF NATURAL GAS,"EIA, CORPORATE WEBSITE, IMAGERY",2019/10/15 00:00:00+00,IMAGERY/OTHER,2020/05/07 00:00:00+00,www.socalgas.com,SOUTHERN CALIFORNIA GAS COMPANY (SOCALGAS),18484,SOUTHERN CALIFORNIA GAS COMPANY (SOCALGAS),WITHIN 40 FEET,-999,-999,-999,-999,-999,-999,-999,-999,1970/01/01 00:00:00+00,-999,-999
-119.8183,34.4210200000001,1385,1385,GCOMP1385,LA GOLETA,MORE RANCH ROAD,SANTA BARBARA,CA,93111,2910,NATURAL GAS COMPRESSOR STATION,IN SERVICE,SANTA BARBARA,06083,USA,34.42102,-119.8183,486210,PIPELINE TRANSPORTATION OF NATURAL GAS,"EIA, CORPORATE WEBSITE, IMAGERY",2019/10/15 00:00:00+00,IMAGERY/OTHER,2020/05/07 00:00:00+00,www.socalgas.com,SOUTHERN CALIFORNIA GAS COMPANY (SOCALGAS),18484,SOUTHERN CALIFORNIA GAS COMPANY (SOCALGAS),WITHIN 40 FEET,-999,-999,-999,-999,-999,-999,-999,-999,1970/01/01 00:00:00+00,-999,-999
-118.807,34.80298,1386,1386,GCOMP1386,WHEELER RIDGE,NOT AVAILABLE,LEBEC,CA,93243,NOT AVAILABLE,NATURAL GAS COMPRESSOR STATION,IN SERVICE,LOS ANGELES,06037,USA,34.80298,-118.807,486210,PIPELINE TRANSPORTATION OF NATURAL GAS,"EIA, CORPORATE WEBSITE, IMAGERY",2019/10/15 00:00:00+00,IMAGERY/OTHER,2020/05/07 00:00:00+00,www.socalgas.com,SOUTHERN CALIFORNIA GAS COMPANY (SOCALGAS),18484,SOUTHERN CALIFORNIA GAS COMPANY (SOCALGAS),WITHIN 40 FEET,-999,-999,-999,-999,-999,-999,-999,-999,1970/01/01 00:00:00+00,-999,-999
-114.6409,33.6029800000001,1387,1387,GCOMP1387,BLYTHE,13100 WEST 14TH AVE,BLYTHE,CA,92225,9406,NATURAL GAS COMPRESSOR STATION,IN SERVICE,RIVERSIDE,06065,USA,33.60298,-114.6409,486210,PIPELINE TRANSPORTATION OF NATURAL GAS,"EIA, CORPORATE WEBSITE, IMAGERY",2019/10/15 00:00:00+00,IMAGERY/OTHER,2020/05/07 00:00:00+00,www.socalgas.com,SOUTHERN CALIFORNIA GAS COMPANY (SOCALGAS),18484,SOUTHERN CALIFORNIA GAS COMPANY (SOCALGAS),WITHIN 40 FEET,-999,-999,-999,-999,-999,-999,-999,-999,1970/01/01 00:00:00+00,-999,-999
-118.5905,34.4450800000001,1388,1388,GCOMP1388,HONOR RANCHO,EDISON ROAD/BRADY PARKWAY,CASTAIC JUNCTION,CA,91355,NOT AVAILABLE,NATURAL GAS COMPRESSOR STATION,IN SERVICE,LOS ANGELES,06037,USA,34.44508,-118.5905,486210,PIPELINE TRANSPORTATION OF NATURAL GAS,"EIA, CORPORATE WEBSITE, IMAGERY",2018/12/01 00:00:00+00,IMAGERY/OTHER,2020/05/07 00:00:00+00,www.socalgas.com,SOUTHERN CALIFORNIA GAS COMPANY (SOCALGAS),18484,SOUTHERN CALIFORNIA GAS COMPANY (SOCALGAS),WITHIN 40 FEET,-999,-999,-999,-999,-999,-999,-999,-999,1970/01/01 00:00:00+00,-999,-999
-118.5536,34.3066900000001,1389,1389,GCOMP1389,ALISO CANYON,"LIME KILN CANYON ROAD, NORTH OF PORTER RANCH AND NORTHRIDGE",NORTH RIDGE,CA,91326,NOT AVAILABLE,NATURAL GAS COMPRESSOR STATION,IN SERVICE,LOS ANGELES,06037,USA,34.30669,-118.5536,486210,PIPELINE TRANSPORTATION OF NATURAL GAS,"EIA, CORPORATE WEBSITE, IMAGERY",2018/12/01 00:00:00+00,IMAGERY/OTHER,2020/05/07 00:00:00+00,www.socalgas.com,SOUTHERN CALIFORNIA GAS COMPANY (SOCALGAS),18484,SOUTHERN CALIFORNIA GAS COMPANY,WITHIN 40 FEET,-999,-999,-999,-999,-999,-999,-999,-999,1970/01/01 00:00:00+00,-999,-999
-100.9094,35.8977100000001,1390,1390,GCOMP1390,HORN,EAST OF CHARLIE BROWN RD/OFF TX-M,NOT AVAILABLE,TX,79059,NOT AVAILABLE,NATURAL GAS COMPRESSOR STATION,IN SERVICE,HEMPHILL,48211,USA,35.89771,-100.9094,486210,PIPELINE TRANSPORTATION OF NATURAL GAS,"EIA, EPA ENVIROFACTS",2012/10/01 00:00:00+00,IMAGERY/OTHER,2020/04/14 00:00:00+00,NOT AVAILABLE,"SEMINOLE GAS COMPANY, LLC",766389,"SEMINOLE GAS COMPANY, LLC",WITHIN 40 FEET,-999,-999,-999,-999,-999,-999,-999,-999,1970/01/01 00:00:00+00,-999,-999
-108.491353,49.6120510000001,1391,1391,GCOMP1391,CRESCENT POINT ENERGY CORP. (ARLINGTON),"NEAR 13 HIGHWAY; 01-03-008-19-W3",NOT AVAILABLE,SK,T2P 1G1,NOT APPLICABLE,NATURAL GAS COMPRESSOR STATION,IN SERVICE,ARLINGTON,NOT APPLICABLE,CAN,49.612051,-108.491353,486210,PIPELINE TRANSPORTATION OF NATURAL GAS,GOVERNMENT OF SASKATCHEWAN,2020/05/05 00:00:00+00,IMAGERY/OTHER,2020/05/05 00:00:00+00,https://www.saskatchewan.ca/,CRESCENT POINT ENERGY CORP.,11609,CRESCENT POINT ENERGY CORP.,WITHIN 40 FEET,-999,-999,-999,-999,-999,-999,-999,-999,2017/07/01 00:00:00+00,-999,-999
-109.304745,49.2635770000001,1392,1392,GCOMP1392,CRESCENT POINT ENERGY CORP. (RENO A),01-04-004-25-W3,NOT AVAILABLE,SK,T2P 1G1,NOT APPLICABLE,NATURAL GAS COMPRESSOR STATION,IN SERVICE,RENO,NOT APPLICABLE,CAN,49.263577,-109.304745,486210,PIPELINE TRANSPORTATION OF NATURAL GAS,GOVERNMENT OF SASKATCHEWAN,2020/05/05 00:00:00+00,IMAGERY/OTHER,2020/05/05 00:00:00+00,https://www.saskatchewan.ca/,CRESCENT POINT ENERGY CORP.,11609,CRESCENT POINT ENERGY CORP.,WITHIN 40 FEET,-999,-999,-999,-999,-999,-999,-999,-999,2012/03/01 00:00:00+00,-999,-999
-109.924814,50.3107900000001,1393,1393,GCOMP1393,CANADIAN NATURAL RESOURCES LIMITED (ENTERPRISE),01-04-016-29-W3,NOT AVAILABLE,SK,T2P 4J8,NOT APPLICABLE,NATURAL GAS COMPRESSOR STATION,IN SERVICE,ENTERPRISE,NOT APPLICABLE,CAN,50.31079,-109.924814,486210,PIPELINE TRANSPORTATION OF NATURAL GAS,GOVERNMENT OF SASKATCHEWAN,2020/05/05 00:00:00+00,IMAGERY/OTHER,2020/05/05 00:00:00+00,https://www.saskatchewan.ca/,CANADIAN NATURAL RESOURCES LIMITED,10605,CANADIAN NATURAL RESOURCES LIMITED,WITHIN 40 FEET,-999,-999,-999,-999,-999,-999,-999,-999,2012/03/01 00:00:00+00,-999,-999
-102.321691,49.103571,1394,1394,GCOMP1394,VERMILION ENERGY (SASK) LTD. (ENNISKILLEN A),01-10-002-03-W2,NOT AVAILABLE,SK,T2P 0R3,NOT APPLICABLE,NATURAL GAS COMPRESSOR STATION,IN SERVICE,ENNISKILLEN,NOT APPLICABLE,CAN,49.103571,-102.321691,486210,PIPELINE TRANSPORTATION OF NATURAL GAS,GOVERNMENT OF SASKATCHEWAN,2020/05/05 00:00:00+00,IMAGERY/OTHER,2020/05/05 00:00:00+00,https://www.saskatchewan.ca/,VERMILION ENERGY INC.,34381,VERMILION ENERGY INC.,WITHIN 40 FEET,-999,-999,-999,-999,-999,-999,-999,-999,2018/11/01 00:00:00+00,-999,-999
-108.390797,50.4137640000001,1395,1395,GCOMP1395,HUSKY OIL OPERATIONS LIMITED (RIVERSIDE),01-10-017-18-W3,NOT AVAILABLE,SK,T2P 1G1,NOT APPLICABLE,NATURAL GAS COMPRESSOR STATION,IN SERVICE,RIVERSIDE,NOT APPLICABLE,CAN,50.413764,-108.390797,486210,PIPELINE TRANSPORTATION OF NATURAL GAS,GOVERNMENT OF SASKATCHEWAN,2020/05/05 00:00:00+00,IMAGERY/OTHER,2020/05/05 00:00:00+00,https://www.saskatchewan.ca/,WHITECAP RESOURCES INC.,12746,WHITECAP RESOURCES INC.,WITHIN 40 FEET,-999,-999,-999,-999,-999,-999,-999,-999,2016/07/01 00:00:00+00,-999,-999
-109.898789,50.0789130000001,1396,1396,GCOMP1396,NEXEN INC. (MAPLE CREEK A),01-16-013-29-W3,NOT AVAILABLE,SK,T2R 1J4,NOT APPLICABLE,NATURAL GAS COMPRESSOR STATION,IN SERVICE,MAPLE CREEK,NOT APPLICABLE,CAN,50.0789130000001,-109.898789,486210,PIPELINE TRANSPORTATION OF NATURAL GAS,GOVERNMENT OF SASKATCHEWAN,2020/05/05 00:00:00+00,IMAGERY/OTHER,2020/05/05 00:00:00+00,https://www.saskatchewan.ca/,PINE CLIFF ENERGY LTD.,34617,PINE CLIFF ENERGY LTD.,WITHIN 166 FEET,-999,-999,-999,-999,-999,-999,-999,-999,2014/10/01 00:00:00+00,-999,-999
-109.898219976,50.078899919,1397,1397,GCOMP1397,HATTON COMPRESSOR STATION,01-16-013-29-W3,NOT AVAILABLE,SK,S4P 4K5,NOT APPLICABLE,NATURAL GAS COMPRESSOR STATION,IN SERVICE,MAPLE CREEK,NOT APPLICABLE,CAN,50.078899919,-109.898219976,486210,PIPELINE TRANSPORTATION OF NATURAL GAS,GOVERNMENT OF SASKATCHEWAN,2020/05/05 00:00:00+00,IMAGERY/OTHER,2020/05/05 00:00:00+00,https://www.saskatchewan.ca/,TRANSGAS LIMITED,1302,TRANSGAS LIMITED,WITHIN 166 FEET,-999,-999,-999,-999,-999,-999,-999,-999,2018/02/01 00:00:00+00,-999,-999
-108.161672,50.4286900000001,1398,1398,GCOMP1398,SUCCESS COMPRESSOR STATION (WILLOWDALE),01-17-017-16-W3,NOT AVAILABLE,SK,S4P 4K5,NOT APPLICABLE,NATURAL GAS COMPRESSOR STATION,IN SERVICE,WILLOWDALE,NOT APPLICABLE,CAN,50.42869,-108.161672,486210,PIPELINE TRANSPORTATION OF NATURAL GAS,GOVERNMENT OF SASKATCHEWAN,2020/05/05 00:00:00+00,IMAGERY/OTHER,2020/05/05 00:00:00+00,https://www.saskatchewan.ca/,TRANSGAS LIMITED,1302,TRANSGAS LIMITED,WITHIN 40 FEET,-999,-999,-999,-999,-999,-999,-999,-999,2018/04/01 00:00:00+00,-999,-999
-109.971012,50.340448,1399,1399,GCOMP1399,CANADIAN NATURAL RESOURCES LIMITED (ENTERPRISE A),01-18-016-29-W3,NOT AVAILABLE,SK,T2P 4J8,NOT APPLICABLE,NATURAL GAS COMPRESSOR STATION,IN SERVICE,ENTERPRISE,NOT APPLICABLE,CAN,50.340448,-109.971012,486210,PIPELINE TRANSPORTATION OF NATURAL GAS,GOVERNMENT OF SASKATCHEWAN,2020/05/05 00:00:00+00,IMAGERY/OTHER,2020/05/05 00:00:00+00,https://www.saskatchewan.ca/,CANADIAN NATURAL RESOURCES LIMITED,10605,CANADIAN NATURAL RESOURCES LIMITED,WITHIN 40 FEET,-999,-999,-999,-999,-999,-999,-999,-999,2012/03/01 00:00:00+00,-999,-999
-108.537921,49.8314950000001,1400,1400,GCOMP1400,CRESCENT POINT ENERGY CORP. (CARMICHAEL),01-20-010-19-W3,NOT AVAILABLE,SK,T2P 1G1,NOT APPLICABLE,NATURAL GAS COMPRESSOR STATION,IN SERVICE,CARMICHAEL,NOT APPLICABLE,CAN,49.831495,-108.537921,486210,PIPELINE TRANSPORTATION OF NATURAL GAS,GOVERNMENT OF SASKATCHEWAN,2020/05/05 00:00:00+00,IMAGERY/OTHER,2020/05/05 00:00:00+00,https://www.saskatchewan.ca/,CRESCENT POINT ENERGY CORP.,11609,CRESCENT POINT ENERGY CORP.,WITHIN 40 FEET,-999,-999,-999,-999,-999,-999,-999,-999,2012/03/01 00:00:00+00,-999,-999
-103.812103,49.0449290000001,1401,1401,GCOMP1401,CRESCENT POINT ENERGY CORP. (SOURIS VALLEY A),"35 HIGHWAY; 01-21-001-14-W2",NOT AVAILABLE,SK,T2P 1G1,NOT APPLICABLE,NATURAL GAS COMPRESSOR STATION,IN SERVICE,SOURIS VALLEY,NOT APPLICABLE,CAN,49.044929,-103.812103,486210,PIPELINE TRANSPORTATION OF NATURAL GAS,GOVERNMENT OF SASKATCHEWAN,2020/05/05 00:00:00+00,IMAGERY/OTHER,2020/05/05 00:00:00+00,https://www.saskatchewan.ca/,CRESCENT POINT ENERGY CORP.,11609,CRESCENT POINT ENERGY CORP.,WITHIN 40 FEET,-999,-999,-999,-999,-999,-999,-999,-999,2015/06/01 00:00:00+00,-999,-999
-103.813135,49.1469220000001,1402,1402,GCOMP1402,VERMILION ENERGY INC. (SOURIS VALLEY),"18 HIGHWAY; 01-28-002-14-W2",NOT AVAILABLE,SK,T2P 0R3,NOT APPLICABLE,NATURAL GAS COMPRESSOR STATION,IN SERVICE,SOURIS VALLEY,NOT APPLICABLE,CAN,49.146922,-103.813135,486210,PIPELINE TRANSPORTATION OF NATURAL GAS,GOVERNMENT OF SASKATCHEWAN,2020/05/05 00:00:00+00,IMAGERY/OTHER,2020/05/05 00:00:00+00,https://www.saskatchewan.ca/,VERMILION ENERGY INC.,34381,VERMILION ENERGY INC.,WITHIN 40 FEET,-999,-999,-999,-999,-999,-999,-999,-999,2018/05/01 00:00:00+00,-999,-999
-108.51358,49.757914,1403,1403,GCOMP1403,CRESCENT POINT ENERGY CORP. (ARLINGTON A),01-28-009-19-W3,NOT AVAILABLE,SK,T2P 1G1,NOT APPLICABLE,NATURAL GAS COMPRESSOR STATION,IN SERVICE,ARLINGTON,NOT APPLICABLE,CAN,49.757914,-108.51358,486210,PIPELINE TRANSPORTATION OF NATURAL GAS,GOVERNMENT OF SASKATCHEWAN,2020/05/05 00:00:00+00,IMAGERY/OTHER,2020/05/05 00:00:00+00,https://www.saskatchewan.ca/,CRESCENT POINT ENERGY CORP.,11609,CRESCENT POINT ENERGY CORP.,WITHIN 40 FEET,-999,-999,-999,-999,-999,-999,-999,-999,2014/06/01 00:00:00+00,-999,-999
-109.351993,50.1947730000001,1404,1404,GCOMP1404,CITY OF MEDICINE HAT (BIG STICK),01-28-014-25-W3,NOT AVAILABLE,SK,T2P 4J8,NOT APPLICABLE,NATURAL GAS COMPRESSOR STATION,IN SERVICE,BIG STICK,NOT APPLICABLE,CAN,50.194773,-109.351993,486210,PIPELINE TRANSPORTATION OF NATURAL GAS,GOVERNMENT OF SASKATCHEWAN,2020/05/05 00:00:00+00,IMAGERY/OTHER,2020/05/05 00:00:00+00,https://www.saskatchewan.ca/,CANADIAN NATURAL RESOURCES,50449,CANADIAN NATURAL RESOURCES,WITHIN 40 FEET,-999,-999,-999,-999,-999,-999,-999,-999,2018/04/01 00:00:00+00,-999,-999
-108.811938,49.409234,1405,1405,GCOMP1405,EASTEND ENERGY CORP. (WHITE VALLEY A),01-30-005-21-W3,NOT AVAILABLE,SK,T4A 2G6,NOT APPLICABLE,NATURAL GAS COMPRESSOR STATION,IN SERVICE,WHITE VALLEY,NOT APPLICABLE,CAN,49.409234,-108.811938,486210,PIPELINE TRANSPORTATION OF NATURAL GAS,GOVERNMENT OF SASKATCHEWAN,2020/05/05 00:00:00+00,IMAGERY/OTHER,2020/05/05 00:00:00+00,https://www.saskatchewan.ca/,EASTEND ENERGY CORP.,12205,EASTEND ENERGY CORP.,WITHIN 40 FEET,-999,-999,-999,-999,-999,-999,-999,-999,2012/03/01 00:00:00+00,-999,-999
-109.145982,50.0341230000001,1406,1406,GCOMP1406,PIAPOT COMPRESSOR STATION,01-36-012-24-W3,NOT AVAILABLE,SK,S4P 4K5,NOT APPLICABLE,NATURAL GAS COMPRESSOR STATION,IN SERVICE,PIAPOT,NOT APPLICABLE,CAN,50.034123,-109.145982,486210,PIPELINE TRANSPORTATION OF NATURAL GAS,GOVERNMENT OF SASKATCHEWAN,2020/05/05 00:00:00+00,IMAGERY/OTHER,2020/05/05 00:00:00+00,https://www.saskatchewan.ca/,TRANSGAS LIMITED,1302,TRANSGAS LIMITED,WITHIN 40 FEET,-999,-999,-999,-999,-999,-999,-999,-999,2017/06/01 00:00:00+00,-999,-999
-102.285156,49.1480280000001,1407,1407,GCOMP1407,TORC PINTO 02-25-002-03W2,"NEAR 9 HIGHWAY; 02-25-002-03-W2",NOT AVAILABLE,SK,T2P 1G1,NOT APPLICABLE,NATURAL GAS COMPRESSOR STATION,IN SERVICE,ENNISKILLEN,NOT APPLICABLE,CAN,49.148028,-102.285156,486210,PIPELINE TRANSPORTATION OF NATURAL GAS,GOVERNMENT OF SASKATCHEWAN,2020/05/05 00:00:00+00,IMAGERY/OTHER,2020/05/05 00:00:00+00,https://www.saskatchewan.ca/,TORC OIL & GAS LTD.,13818,TORC OIL & GAS LTD.,WITHIN 40 FEET,-999,-999,-999,-999,-999,-999,-999,-999,2018/06/01 00:00:00+00,-999,-999
-102.626073,49.6692610000001,1408,1408,GCOMP1408,LEGACY OIL + GAS INC. (BROCK),02-28-008-05-W2,NOT AVAILABLE,SK,T2P 1G1,NOT APPLICABLE,NATURAL GAS COMPRESSOR STATION,IN SERVICE,BROCK,NOT APPLICABLE,CAN,49.669261,-102.626073,486210,PIPELINE TRANSPORTATION OF NATURAL GAS,GOVERNMENT OF SASKATCHEWAN,2020/05/05 00:00:00+00,IMAGERY/OTHER,2020/05/05 00:00:00+00,https://www.saskatchewan.ca/,CRESCENT POINT RESOURCES PARTNERSHIP,12828,CRESCENT POINT RESOURCES PARTNERSHIP,WITHIN 40 FEET,-999,-999,-999,-999,-999,-999,-999,-999,2015/07/01 00:00:00+00,-999,-999
-109.427782,49.4378770000001,1409,1409,GCOMP1409,CRESCENT POINT ENERGY CORP. (RENO B),03-03-006-26-W3,NOT AVAILABLE,SK,T2P 1G1,NOT APPLICABLE,NATURAL GAS COMPRESSOR STATION,IN SERVICE,RENO,NOT APPLICABLE,CAN,49.437877,-109.427782,486210,PIPELINE TRANSPORTATION OF NATURAL GAS,GOVERNMENT OF SASKATCHEWAN,2020/05/05 00:00:00+00,IMAGERY/OTHER,2020/05/05 00:00:00+00,https://www.saskatchewan.ca/,CRESCENT POINT ENERGY CORP.,11609,CRESCENT POINT ENERGY CORP.,WITHIN 40 FEET,-999,-999,-999,-999,-999,-999,-999,-999,2012/03/01 00:00:00+00,-999,-999
-103.643267,49.0296460000001,1410,1410,GCOMP1410,CRESCENT POINT ENERGY CORP. (SOURIS VALLEY B),03-14-001-13-W2,NOT AVAILABLE,SK,T2P 1G1,NOT APPLICABLE,NATURAL GAS COMPRESSOR STATION,IN SERVICE,SOURIS VALLEY,NOT APPLICABLE,CAN,49.029646,-103.643267,486210,PIPELINE TRANSPORTATION OF NATURAL GAS,GOVERNMENT OF SASKATCHEWAN,2020/05/05 00:00:00+00,IMAGERY/OTHER,2020/05/05 00:00:00+00,https://www.saskatchewan.ca/,CRESCENT POINT ENERGY CORP.,11609,CRESCENT POINT ENERGY CORP.,WITHIN 40 FEET,-999,-999,-999,-999,-999,-999,-999,-999,2015/06/01 00:00:00+00,-999,-999
-103.059202,49.5671620000001,1411,1411,GCOMP1411,CRESCENT POINT ENERGY CORP. (TECUMSEH A),03-20-007-08-W2,NOT AVAILABLE,SK,T2P 1G1,NOT APPLICABLE,NATURAL GAS COMPRESSOR STATION,IN SERVICE,TECUMSEH,NOT APPLICABLE,CAN,49.567162,-103.059202,486210,PIPELINE TRANSPORTATION OF NATURAL GAS,GOVERNMENT OF SASKATCHEWAN,2020/05/05 00:00:00+00,IMAGERY/OTHER,2020/05/05 00:00:00+00,https://www.saskatchewan.ca/,CRESCENT POINT ENERGY CORP.,11609,CRESCENT POINT ENERGY CORP.,WITHIN 40 FEET,-999,-999,-999,-999,-999,-999,-999,-999,2019/09/01 00:00:00+00,-999,-999
-102.630675,49.669229,1412,1412,GCOMP1412,CRESCENT POINT ENERGY CORP. (BROCK),03-28-008-05-W2,NOT AVAILABLE,SK,T2P 1G1,NOT APPLICABLE,NATURAL GAS COMPRESSOR STATION,IN SERVICE,BROCK,NOT APPLICABLE,CAN,49.669229,-102.630675,486210,PIPELINE TRANSPORTATION OF NATURAL GAS,GOVERNMENT OF SASKATCHEWAN,2020/05/05 00:00:00+00,IMAGERY/OTHER,2020/05/05 00:00:00+00,https://www.saskatchewan.ca/,CRESCENT POINT ENERGY CORP.,11609,CRESCENT POINT ENERGY CORP.,WITHIN 40 FEET,-999,-999,-999,-999,-999,-999,-999,-999,2012/03/01 00:00:00+00,-999,-999
-102.76437,49.6860600000001,1413,1413,GCOMP1413,PETROBAKKEN ENERGY LTD. (BROCK A),03-33-008-06-W2,NOT AVAILABLE,SK,T2P 1G1,NOT APPLICABLE,NATURAL GAS COMPRESSOR STATION,IN SERVICE,BROCK,NOT APPLICABLE,CAN,49.68606,-102.76437,486210,PIPELINE TRANSPORTATION OF NATURAL GAS,GOVERNMENT OF SASKATCHEWAN,2020/05/05 00:00:00+00,IMAGERY/OTHER,2020/05/05 00:00:00+00,https://www.saskatchewan.ca/,RIDGEBACK RESOURCES INC.,35765,RIDGEBACK RESOURCES INC.,WITHIN 40 FEET,-999,-999,-999,-999,-999,-999,-999,-999,2017/01/01 00:00:00+00,-999,-999
-109.669289,50.326532,1414,1414,GCOMP1414,APACHE CANADA LTD. (FOX VALLEY A),04-09-016-27-W3,NOT AVAILABLE,SK,T2P 4J8,NOT APPLICABLE,NATURAL GAS COMPRESSOR STATION,IN SERVICE,FOX VALLEY,NOT APPLICABLE,CAN,50.326532,-109.669289,486210,PIPELINE TRANSPORTATION OF NATURAL GAS,GOVERNMENT OF SASKATCHEWAN,2020/05/05 00:00:00+00,IMAGERY/OTHER,2020/05/05 00:00:00+00,https://www.saskatchewan.ca/,CANADIAN NATURAL RESOURCES,50449,CANADIAN NATURAL RESOURCES,WITHIN 40 FEET,-999,-999,-999,-999,-999,-999,-999,-999,2013/11/01 00:00:00+00,-999,-999
-108.509196,49.7141820000001,1415,1415,GCOMP1415,CRESCENT POINT ENERGY CORP. (ARLINGTON B),04-10-009-19-W3,NOT AVAILABLE,SK,T2P 1G1,NOT APPLICABLE,NATURAL GAS COMPRESSOR STATION,IN SERVICE,ARLINGTON,NOT APPLICABLE,CAN,49.714182,-108.509196,486210,PIPELINE TRANSPORTATION OF NATURAL GAS,GOVERNMENT OF SASKATCHEWAN,2020/05/05 00:00:00+00,IMAGERY/OTHER,2020/05/05 00:00:00+00,https://www.saskatchewan.ca/,CRESCENT POINT ENERGY CORP.,11609,CRESCENT POINT ENERGY CORP.,WITHIN 40 FEET,-999,-999,-999,-999,-999,-999,-999,-999,2019/07/01 00:00:00+00,-999,-999
-102.474533,49.2918900000001,1416,1416,GCOMP1416,LEGACY OIL + GAS INC. (BROWNING),04-15-004-04-W2,NOT AVAILABLE,SK,T2P 1G1,NOT APPLICABLE,NATURAL GAS COMPRESSOR STATION,IN SERVICE,BROWNING,NOT APPLICABLE,CAN,49.29189,-102.474533,486210,PIPELINE TRANSPORTATION OF NATURAL GAS,GOVERNMENT OF SASKATCHEWAN,2020/05/05 00:00:00+00,IMAGERY/OTHER,2020/05/05 00:00:00+00,https://www.saskatchewan.ca/,CRESCENT POINT RESOURCES PARTNERSHIP,12828,CRESCENT POINT RESOURCES PARTNERSHIP,WITHIN 40 FEET,-999,-999,-999,-999,-999,-999,-999,-999,2015/07/01 00:00:00+00,-999,-999
-109.620384,50.1658620000001,1417,1417,GCOMP1417,CANADIAN NATURAL RESOURCES LIMITED (BIG STICK A),04-15-014-27-W3,NOT AVAILABLE,SK,T2P 4J8,NOT APPLICABLE,NATURAL GAS COMPRESSOR STATION,IN SERVICE,BIG STICK,NOT APPLICABLE,CAN,50.165862,-109.620384,486210,PIPELINE TRANSPORTATION OF NATURAL GAS,GOVERNMENT OF SASKATCHEWAN,2020/05/05 00:00:00+00,IMAGERY/OTHER,2020/05/05 00:00:00+00,https://www.saskatchewan.ca/,CANADIAN NATURAL RESOURCES LIMITED,10605,CANADIAN NATURAL RESOURCES LIMITED,WITHIN 40 FEET,-999,-999,-999,-999,-999,-999,-999,-999,2012/03/01 00:00:00+00,-999,-999
-108.531148,49.7292660000001,1418,1418,GCOMP1418,CRESCENT POINT ENERGY CORP. (ARLINGTON C),04-16-009-19-W3,NOT AVAILABLE,SK,T2P 1G1,NOT APPLICABLE,NATURAL GAS COMPRESSOR STATION,IN SERVICE,ARLINGTON,NOT APPLICABLE,CAN,49.729266,-108.531148,486210,PIPELINE TRANSPORTATION OF NATURAL GAS,GOVERNMENT OF SASKATCHEWAN,2020/05/05 00:00:00+00,IMAGERY/OTHER,2020/05/05 00:00:00+00,https://www.saskatchewan.ca/,CRESCENT POINT ENERGY CORP.,11609,CRESCENT POINT ENERGY CORP.,WITHIN 40 FEET,-999,-999,-999,-999,-999,-999,-999,-999,2012/03/01 00:00:00+00,-999,-999
-103.224379,49.5529910000001,1419,1419,GCOMP1419,RIFE RESOURCES LTD.,04-18-007-09-W2,NOT AVAILABLE,SK,T2R 0A8,NOT APPLICABLE,NATURAL GAS COMPRESSOR STATION,IN SERVICE,TECUMSEH,NOT APPLICABLE,CAN,49.552991,-103.224379,486210,PIPELINE TRANSPORTATION OF NATURAL GAS,GOVERNMENT OF SASKATCHEWAN,2020/05/05 00:00:00+00,IMAGERY/OTHER,2020/05/05 00:00:00+00,https://www.saskatchewan.ca/,RIFE RESOURCES LTD.,50192,RIFE RESOURCES LTD.,WITHIN 40 FEET,-999,-999,-999,-999,-999,-999,-999,-999,2012/06/01 00:00:00+00,-999,-999
-108.545193,50.3724790000001,1420,1420,GCOMP1420,HUSKY OIL OPERATIONS LIMITED (PITTVILLE),04-27-016-19-W3,NOT AVAILABLE,SK,T2P 1G1,NOT APPLICABLE,NATURAL GAS COMPRESSOR STATION,IN SERVICE,PITTVILLE,NOT APPLICABLE,CAN,50.372479,-108.545193,486210,PIPELINE TRANSPORTATION OF NATURAL GAS,GOVERNMENT OF SASKATCHEWAN,2020/05/05 00:00:00+00,IMAGERY/OTHER,2020/05/05 00:00:00+00,https://www.saskatchewan.ca/,WHITECAP RESOURCES INC.,12746,WHITECAP RESOURCES INC.,WITHIN 40 FEET,-999,-999,-999,-999,-999,-999,-999,-999,2016/07/01 00:00:00+00,-999,-999
-109.917611,50.1954020000001,1421,1421,GCOMP1421,CANADIAN NATURAL RESOURCES LIMITED (ENTERPRISE B),04-28-014-29-W3,NOT AVAILABLE,SK,T2P 4J8,NOT APPLICABLE,NATURAL GAS COMPRESSOR STATION,IN SERVICE,ENTERPRISE,NOT APPLICABLE,CAN,50.195402,-109.917611,486210,PIPELINE TRANSPORTATION OF NATURAL GAS,GOVERNMENT OF SASKATCHEWAN,2020/05/05 00:00:00+00,IMAGERY/OTHER,2020/05/05 00:00:00+00,https://www.saskatchewan.ca/,CANADIAN NATURAL RESOURCES LIMITED,10605,CANADIAN NATURAL RESOURCES LIMITED,WITHIN 40 FEET,-999,-999,-999,-999,-999,-999,-999,-999,2012/03/01 00:00:00+00,-999,-999
-103.201242,49.6695480000001,1422,1422,GCOMP1422,CRESCENT POINT ENERGY CORP. (TECUMSEH B),"13 HIGHWAY; 04-29-008-09-W2",NOT AVAILABLE,SK,T2P 1G1,NOT APPLICABLE,NATURAL GAS COMPRESSOR STATION,IN SERVICE,TECUMSEH,NOT APPLICABLE,CAN,49.669548,-103.201242,486210,PIPELINE TRANSPORTATION OF NATURAL GAS,GOVERNMENT OF SASKATCHEWAN,2020/05/05 00:00:00+00,IMAGERY/OTHER,2020/05/05 00:00:00+00,https://www.saskatchewan.ca/,CRESCENT POINT ENERGY CORP.,11609,CRESCENT POINT ENERGY CORP.,WITHIN 40 FEET,-999,-999,-999,-999,-999,-999,-999,-999,2012/03/01 00:00:00+00,-999,-999
-109.326396,50.12309,1423,1423,GCOMP1423,CANADIAN NATURAL RESOURCES LIMITED (BIG STICK B),04-35-013-25-W3,NOT AVAILABLE,SK,T2P 4J8,NOT APPLICABLE,NATURAL GAS COMPRESSOR STATION,IN SERVICE,BIG STICK,NOT APPLICABLE,CAN,50.12309,-109.326396,486210,PIPELINE TRANSPORTATION OF NATURAL GAS,GOVERNMENT OF SASKATCHEWAN,2020/05/05 00:00:00+00,IMAGERY/OTHER,2020/05/05 00:00:00+00,https://www.saskatchewan.ca/,CANADIAN NATURAL RESOURCES LIMITED,10605,CANADIAN NATURAL RESOURCES LIMITED,WITHIN 40 FEET,-999,-999,-999,-999,-999,-999,-999,-999,2012/03/01 00:00:00+00,-999,-999
-109.876832,50.383789,1424,1424,GCOMP1424,APACHE CANADA LTD. (ENTERPRISE A),04-36-016-29-W3,NOT AVAILABLE,SK,T2P 4J8,NOT APPLICABLE,NATURAL GAS COMPRESSOR STATION,IN SERVICE,ENTERPRISE,NOT APPLICABLE,CAN,50.383789,-109.876832,486210,PIPELINE TRANSPORTATION OF NATURAL GAS,GOVERNMENT OF SASKATCHEWAN,2020/05/05 00:00:00+00,IMAGERY/OTHER,2020/05/05 00:00:00+00,https://www.saskatchewan.ca/,CANADIAN NATURAL RESOURCES,50449,CANADIAN NATURAL RESOURCES,WITHIN 40 FEET,-999,-999,-999,-999,-999,-999,-999,-999,2013/11/01 00:00:00+00,-999,-999
-103.200867,49.6158530000001,1425,1425,GCOMP1425,CRESCENT POINT ENERGY CORP. (TECUMSEH C),05-05-008-09-W2,NOT AVAILABLE,SK,T2P 1G1,NOT APPLICABLE,NATURAL GAS COMPRESSOR STATION,IN SERVICE,TECUMSEH,NOT APPLICABLE,CAN,49.615853,-103.200867,486210,PIPELINE TRANSPORTATION OF NATURAL GAS,GOVERNMENT OF SASKATCHEWAN,2020/05/05 00:00:00+00,IMAGERY/OTHER,2020/05/05 00:00:00+00,https://www.saskatchewan.ca/,CRESCENT POINT ENERGY CORP.,11609,CRESCENT POINT ENERGY CORP.,WITHIN 40 FEET,-999,-999,-999,-999,-999,-999,-999,-999,2012/03/01 00:00:00+00,-999,-999
-109.461124,50.1554140000001,1426,1426,GCOMP1426,APACHE CANADA LTD. (BIG STICK A),"21 HIGHWAY; 05-11-014-26-W3",NOT AVAILABLE,SK,T2P 4J8,NOT APPLICABLE,NATURAL GAS COMPRESSOR STATION,IN SERVICE,BIG STICK,NOT APPLICABLE,CAN,50.155414,-109.461124,486210,PIPELINE TRANSPORTATION OF NATURAL GAS,GOVERNMENT OF SASKATCHEWAN,2020/05/05 00:00:00+00,IMAGERY/OTHER,2020/05/05 00:00:00+00,https://www.saskatchewan.ca/,CANADIAN NATURAL RESOURCES,50449,CANADIAN NATURAL RESOURCES,WITHIN 40 FEET,-999,-999,-999,-999,-999,-999,-999,-999,2013/11/01 00:00:00+00,-999,-999
-103.707509,49.4700480000001,1427,1427,GCOMP1427,CENOVUS ENERGY INC. (LOMOND),05-16-006-13-W2,NOT AVAILABLE,SK,T2P 1G1,NOT APPLICABLE,NATURAL GAS COMPRESSOR STATION,IN SERVICE,LOMOND,NOT APPLICABLE,CAN,49.470048,-103.707509,486210,PIPELINE TRANSPORTATION OF NATURAL GAS,GOVERNMENT OF SASKATCHEWAN,2020/05/05 00:00:00+00,IMAGERY/OTHER,2020/05/05 00:00:00+00,https://www.saskatchewan.ca/,WHITECAP RESOURCES INC.,12746,WHITECAP RESOURCES INC.,WITHIN 40 FEET,-999,-999,-999,-999,-999,-999,-999,-999,2019/07/01 00:00:00+00,-999,-999
-102.280488,50.2554160000001,1428,1428,GCOMP1428,WHITEWOOD COMPRESSOR STATION,"NEAR 9 HIGHWAY; 05-18-015-02-W2",NOT AVAILABLE,SK,S4P 4K5,NOT APPLICABLE,NATURAL GAS COMPRESSOR STATION,IN SERVICE,SILVERWOOD,NOT APPLICABLE,CAN,50.255416,-102.280488,486210,PIPELINE TRANSPORTATION OF NATURAL GAS,GOVERNMENT OF SASKATCHEWAN,2020/05/05 00:00:00+00,IMAGERY/OTHER,2020/05/05 00:00:00+00,https://www.saskatchewan.ca/,TRANSGAS LIMITED,1302,TRANSGAS LIMITED,WITHIN 40 FEET,-999,-999,-999,-999,-999,-999,-999,-999,2016/03/01 00:00:00+00,-999,-999
-102.24996,49.048503,1429,1429,GCOMP1429,VERMILION ENERGY (SASK) LTD. (ENNISKILLEN B),05-20-001-02-W2,NOT AVAILABLE,SK,T2P 0R3,NOT APPLICABLE,NATURAL GAS COMPRESSOR STATION,IN SERVICE,ENNISKILLEN,NOT APPLICABLE,CAN,49.048503,-102.24996,486210,PIPELINE TRANSPORTATION OF NATURAL GAS,GOVERNMENT OF SASKATCHEWAN,2020/05/05 00:00:00+00,IMAGERY/OTHER,2020/05/05 00:00:00+00,https://www.saskatchewan.ca/,VERMILION ENERGY INC.,34381,VERMILION ENERGY INC.,WITHIN 40 FEET,-999,-999,-999,-999,-999,-999,-999,-999,2018/11/01 00:00:00+00,-999,-999
-103.134241,49.6601900000001,1430,1430,GCOMP1430,CRESCENT POINT ENERGY CORP. (TECUMSEH D),"NEAR 13 HIGHWAY; 05-23-008-09-W2",NOT AVAILABLE,SK,T2P 1G1,NOT APPLICABLE,NATURAL GAS COMPRESSOR STATION,IN SERVICE,TECUMSEH,NOT APPLICABLE,CAN,49.66019,-103.134241,486210,PIPELINE TRANSPORTATION OF NATURAL GAS,GOVERNMENT OF SASKATCHEWAN,2020/05/05 00:00:00+00,IMAGERY/OTHER,2020/05/05 00:00:00+00,https://www.saskatchewan.ca/,CRESCENT POINT ENERGY CORP.,11609,CRESCENT POINT ENERGY CORP.,WITHIN 40 FEET,-999,-999,-999,-999,-999,-999,-999,-999,2012/03/01 00:00:00+00,-999,-999
-107.401178,50.448181,1431,1431,GCOMP1431,RUSH LAKE COMPRESSOR STATION,05-24-017-11-W3,NOT AVAILABLE,SK,S4P 4K5,NOT APPLICABLE,NATURAL GAS COMPRESSOR STATION,IN SERVICE,EXCELSIOR,NOT APPLICABLE,CAN,50.448181,-107.401178,486210,PIPELINE TRANSPORTATION OF NATURAL GAS,GOVERNMENT OF SASKATCHEWAN,2020/05/05 00:00:00+00,IMAGERY/OTHER,2020/05/05 00:00:00+00,https://www.saskatchewan.ca/,TRANSGAS LIMITED,1302,TRANSGAS LIMITED,WITHIN 40 FEET,-999,-999,-999,-999,-999,-999,-999,-999,2018/01/01 00:00:00+00,-999,-999
-102.878533,49.065593,1432,1432,GCOMP1432,CENOVUS ENERGY INC. (ESTEVAN),05-27-001-07-W2,NOT AVAILABLE,SK,T2P 0M5,NOT APPLICABLE,NATURAL GAS COMPRESSOR STATION,IN SERVICE,ESTEVAN,NOT APPLICABLE,CAN,49.065593,-102.878533,486210,PIPELINE TRANSPORTATION OF NATURAL GAS,GOVERNMENT OF SASKATCHEWAN,2020/05/05 00:00:00+00,IMAGERY/OTHER,2020/05/05 00:00:00+00,https://www.saskatchewan.ca/,CENOVUS ENERGY INC.,12948,CENOVUS ENERGY INC.,WITHIN 40 FEET,-999,-999,-999,-999,-999,-999,-999,-999,2012/03/01 00:00:00+00,-999,-999
-103.606553,49.165243,1433,1433,GCOMP1433,CRESCENT POINT ENERGY CORP. (CAMBRIA A),05-31-002-12-W2,NOT AVAILABLE,SK,T2P 1G1,NOT APPLICABLE,NATURAL GAS COMPRESSOR STATION,IN SERVICE,CAMBRIA,NOT APPLICABLE,CAN,49.165243,-103.606553,486210,PIPELINE TRANSPORTATION OF NATURAL GAS,GOVERNMENT OF SASKATCHEWAN,2020/05/05 00:00:00+00,IMAGERY/OTHER,2020/05/05 00:00:00+00,https://www.saskatchewan.ca/,CRESCENT POINT ENERGY CORP.,11609,CRESCENT POINT ENERGY CORP.,WITHIN 40 FEET,-999,-999,-999,-999,-999,-999,-999,-999,2017/02/01 00:00:00+00,-999,-999
-103.855291,49.689831,1434,1434,GCOMP1434,WEYBURN COMPRESSOR STATION,"35 HIGHWAY; 05-33-008-14-W2",NOT AVAILABLE,SK,S4P 4K5,NOT APPLICABLE,NATURAL GAS COMPRESSOR STATION,IN SERVICE,WEYBURN,NOT APPLICABLE,CAN,49.689831,-103.855291,486210,PIPELINE TRANSPORTATION OF NATURAL GAS,GOVERNMENT OF SASKATCHEWAN,2020/05/05 00:00:00+00,IMAGERY/OTHER,2020/05/05 00:00:00+00,https://www.saskatchewan.ca/,TRANSGAS LIMITED,1302,TRANSGAS LIMITED,WITHIN 40 FEET,-999,-999,-999,-999,-999,-999,-999,-999,2015/04/01 00:00:00+00,-999,-999
-102.744276,49.426497,1435,1435,GCOMP1435,CRESCENT POINT ENERGY CORP. (BROWNING),"605 HIGHWAY; 05-34-005-06-W2",NOT AVAILABLE,SK,T2P 1G1,NOT APPLICABLE,NATURAL GAS COMPRESSOR STATION,IN SERVICE,BROWNING,NOT APPLICABLE,CAN,49.426497,-102.744276,486210,PIPELINE TRANSPORTATION OF NATURAL GAS,GOVERNMENT OF SASKATCHEWAN,2020/05/05 00:00:00+00,IMAGERY/OTHER,2020/05/05 00:00:00+00,https://www.saskatchewan.ca/,CRESCENT POINT ENERGY CORP.,11609,CRESCENT POINT ENERGY CORP.,WITHIN 40 FEET,-999,-999,-999,-999,-999,-999,-999,-999,2015/01/01 00:00:00+00,-999,-999
-109.618803,50.127983,1436,1436,GCOMP1436,CANADIAN NATURAL RESOURCES LIMITED (BIG STICK C),05-34-013-27-W3,NOT AVAILABLE,SK,T2P 4J8,NOT APPLICABLE,NATURAL GAS COMPRESSOR STATION,IN SERVICE,BIG STICK,NOT APPLICABLE,CAN,50.127983,-109.618803,486210,PIPELINE TRANSPORTATION OF NATURAL GAS,GOVERNMENT OF SASKATCHEWAN,2020/05/05 00:00:00+00,IMAGERY/OTHER,2020/05/05 00:00:00+00,https://www.saskatchewan.ca/,CANADIAN NATURAL RESOURCES LIMITED,10605,CANADIAN NATURAL RESOURCES LIMITED,WITHIN 40 FEET,-999,-999,-999,-999,-999,-999,-999,-999,2012/03/01 00:00:00+00,-999,-999
-108.643048,49.2817230000001,1437,1437,GCOMP1437,CRESCENT POINT ENERGY CORP. (WHITE VALLEY A),06-09-004-20-W3,NOT AVAILABLE,SK,T2P 1G1,NOT APPLICABLE,NATURAL GAS COMPRESSOR STATION,IN SERVICE,WHITE VALLEY,NOT APPLICABLE,CAN,49.281723,-108.643048,486210,PIPELINE TRANSPORTATION OF NATURAL GAS,GOVERNMENT OF SASKATCHEWAN,2020/05/05 00:00:00+00,IMAGERY/OTHER,2020/05/05 00:00:00+00,https://www.saskatchewan.ca/,CRESCENT POINT ENERGY CORP.,11609,CRESCENT POINT ENERGY CORP.,WITHIN 40 FEET,-999,-999,-999,-999,-999,-999,-999,-999,2019/11/01 00:00:00+00,-999,-999
-109.706676,50.4451460000001,1438,1438,GCOMP1438,APACHE CANADA LTD. (FOX VALLEY B),"NEAR 371 HIGHWAY (1.0 KM N); 06-19-017-27-W3",NOT AVAILABLE,SK,T2P 4J8,NOT APPLICABLE,NATURAL GAS COMPRESSOR STATION,IN SERVICE,FOX VALLEY,NOT APPLICABLE,CAN,50.445146,-109.706676,486210,PIPELINE TRANSPORTATION OF NATURAL GAS,GOVERNMENT OF SASKATCHEWAN,2020/05/05 00:00:00+00,IMAGERY/OTHER,2020/05/05 00:00:00+00,https://www.saskatchewan.ca/,CANADIAN NATURAL RESOURCES,50449,CANADIAN NATURAL RESOURCES,WITHIN 40 FEET,-999,-999,-999,-999,-999,-999,-999,-999,2013/11/01 00:00:00+00,-999,-999
-107.654478,50.124983,1439,1439,GCOMP1439,HUSKY OIL OPERATIONS LIMITED (SWIFT CURRENT A),06-36-013-13-W3,NOT AVAILABLE,SK,T2P 3G7,NOT APPLICABLE,NATURAL GAS COMPRESSOR STATION,IN SERVICE,SWIFT CURRENT,NOT APPLICABLE,CAN,50.124983,-107.654478,486210,PIPELINE TRANSPORTATION OF NATURAL GAS,GOVERNMENT OF SASKATCHEWAN,2020/05/05 00:00:00+00,IMAGERY/OTHER,2020/05/05 00:00:00+00,https://www.saskatchewan.ca/,HUSKY OIL OPERATIONS LIMITED,86,HUSKY OIL OPERATIONS LIMITED,WITHIN 40 FEET,-999,-999,-999,-999,-999,-999,-999,-999,2012/03/01 00:00:00+00,-999,-999
-107.719405,50.0817290000001,1440,1440,GCOMP1440,HUSKY OIL OPERATIONS LIMITED (SWIFT CURRENT B),07-16-013-13-W3,NOT AVAILABLE,SK,T2P 3G7,NOT APPLICABLE,NATURAL GAS COMPRESSOR STATION,IN SERVICE,SWIFT CURRENT,NOT APPLICABLE,CAN,50.081729,-107.719405,486210,PIPELINE TRANSPORTATION OF NATURAL GAS,GOVERNMENT OF SASKATCHEWAN,2020/05/05 00:00:00+00,IMAGERY/OTHER,2020/05/05 00:00:00+00,https://www.saskatchewan.ca/,HUSKY OIL OPERATIONS LIMITED,86,HUSKY OIL OPERATIONS LIMITED,WITHIN 40 FEET,-999,-999,-999,-999,-999,-999,-999,-999,2012/03/01 00:00:00+00,-999,-999
-109.824879,49.4858760000001,1441,1441,GCOMP1441,BELLATRIX EXPLORATION LTD.,07-22-006-29-W3,NOT AVAILABLE,SK,T2P 3T6,NOT APPLICABLE,NATURAL GAS COMPRESSOR STATION,IN SERVICE,RENO,NOT APPLICABLE,CAN,49.485876,-109.824879,486210,PIPELINE TRANSPORTATION OF NATURAL GAS,GOVERNMENT OF SASKATCHEWAN,2020/05/05 00:00:00+00,IMAGERY/OTHER,2020/05/05 00:00:00+00,https://www.saskatchewan.ca/,BELLATRIX EXPLORATION LTD.,8850,BELLATRIX EXPLORATION LTD.,WITHIN 40 FEET,-999,-999,-999,-999,-999,-999,-999,-999,2012/03/01 00:00:00+00,-999,-999
-107.712529,49.9944400000001,1442,1442,GCOMP1442,SPUR RESOURCES LTD. (LAC PELLETIER),08-16-012-13-W3,NOT AVAILABLE,SK,T2R 1J4,NOT APPLICABLE,NATURAL GAS COMPRESSOR STATION,IN SERVICE,LAC PELLETIER,NOT APPLICABLE,CAN,49.99444,-107.712529,486210,PIPELINE TRANSPORTATION OF NATURAL GAS,GOVERNMENT OF SASKATCHEWAN,2020/05/05 00:00:00+00,IMAGERY/OTHER,2020/05/05 00:00:00+00,https://www.saskatchewan.ca/,PINE CLIFF ENERGY LTD.,34617,PINE CLIFF ENERGY LTD.,WITHIN 40 FEET,-999,-999,-999,-999,-999,-999,-999,-999,2014/08/01 00:00:00+00,-999,-999
-108.160036,50.4310180000001,1443,1443,GCOMP1443,SUCCESS COMPRESSOR STATION (RIVERSIDE),08-17-017-16-W3,NOT AVAILABLE,SK,S4P 4K5,NOT APPLICABLE,NATURAL GAS COMPRESSOR STATION,IN SERVICE,RIVERSIDE,NOT APPLICABLE,CAN,50.431018,-108.160036,486210,PIPELINE TRANSPORTATION OF NATURAL GAS,GOVERNMENT OF SASKATCHEWAN,2020/05/05 00:00:00+00,IMAGERY/OTHER,2020/05/05 00:00:00+00,https://www.saskatchewan.ca/,TRANSGAS LIMITED,1302,TRANSGAS LIMITED,WITHIN 40 FEET,-999,-999,-999,-999,-999,-999,-999,-999,2017/06/01 00:00:00+00,-999,-999
-105.214872,50.445096,1444,1444,GCOMP1444,BELLE PLAINE COMPRESSOR STATION,08-22-017-24-W2,NOT AVAILABLE,SK,S4P 4K5,NOT APPLICABLE,NATURAL GAS COMPRESSOR STATION,IN SERVICE,PENSE,NOT APPLICABLE,CAN,50.445096,-105.214872,486210,PIPELINE TRANSPORTATION OF NATURAL GAS,GOVERNMENT OF SASKATCHEWAN,2020/05/05 00:00:00+00,IMAGERY/OTHER,2020/05/05 00:00:00+00,https://www.saskatchewan.ca/,TRANSGAS LIMITED,1302,TRANSGAS LIMITED,WITHIN 40 FEET,-999,-999,-999,-999,-999,-999,-999,-999,2014/09/01 00:00:00+00,-999,-999
-102.981594,49.657005,1445,1445,GCOMP1445,CRESCENT POINT ENERGY CORP. (TECUMSEH E),"NEAR 13 HIGHWAY (1.0 KM N); 08-23-008-08-W2",NOT AVAILABLE,SK,T2P 1G1,NOT APPLICABLE,NATURAL GAS COMPRESSOR STATION,IN SERVICE,TECUMSEH,NOT APPLICABLE,CAN,49.657005,-102.981594,486210,PIPELINE TRANSPORTATION OF NATURAL GAS,GOVERNMENT OF SASKATCHEWAN,2020/05/05 00:00:00+00,IMAGERY/OTHER,2020/05/05 00:00:00+00,https://www.saskatchewan.ca/,CRESCENT POINT ENERGY CORP.,11609,CRESCENT POINT ENERGY CORP.,WITHIN 40 FEET,-999,-999,-999,-999,-999,-999,-999,-999,2014/07/01 00:00:00+00,-999,-999
-103.364288,49.586325,1446,1446,GCOMP1446,CRESCENT POINT ENERGY CORP. (GRIFFIN),08-25-007-11-W2,NOT AVAILABLE,SK,T2P 1G1,NOT APPLICABLE,NATURAL GAS COMPRESSOR STATION,IN SERVICE,GRIFFIN,NOT APPLICABLE,CAN,49.586325,-103.364288,486210,PIPELINE TRANSPORTATION OF NATURAL GAS,GOVERNMENT OF SASKATCHEWAN,2020/05/05 00:00:00+00,IMAGERY/OTHER,2020/05/05 00:00:00+00,https://www.saskatchewan.ca/,CRESCENT POINT ENERGY CORP.,11609,CRESCENT POINT ENERGY CORP.,WITHIN 40 FEET,-999,-999,-999,-999,-999,-999,-999,-999,2012/03/01 00:00:00+00,-999,-999
-103.114695,49.590135,1447,1447,GCOMP1447,PETROBAKKEN ENERGY LTD. (TECUMSEH A),08-26-007-09-W2,NOT AVAILABLE,SK,T2P 1G1,NOT APPLICABLE,NATURAL GAS COMPRESSOR STATION,IN SERVICE,TECUMSEH,NOT APPLICABLE,CAN,49.590135,-103.114695,486210,PIPELINE TRANSPORTATION OF NATURAL GAS,GOVERNMENT OF SASKATCHEWAN,2020/05/05 00:00:00+00,IMAGERY/OTHER,2020/05/05 00:00:00+00,https://www.saskatchewan.ca/,RIDGEBACK RESOURCES INC.,35765,RIDGEBACK RESOURCES INC.,WITHIN 40 FEET,-999,-999,-999,-999,-999,-999,-999,-999,2017/01/01 00:00:00+00,-999,-999
-109.46409,50.1100920000001,1448,1448,GCOMP1448,CANADIAN NATURAL RESOURCES LIMITED (BIG STICK D),"21 HIGHWAY; 08-27-013-26-W3",NOT AVAILABLE,SK,T2P 4J8,NOT APPLICABLE,NATURAL GAS COMPRESSOR STATION,IN SERVICE,BIG STICK,NOT APPLICABLE,CAN,50.110092,-109.46409,486210,PIPELINE TRANSPORTATION OF NATURAL GAS,GOVERNMENT OF SASKATCHEWAN,2020/05/05 00:00:00+00,IMAGERY/OTHER,2020/05/05 00:00:00+00,https://www.saskatchewan.ca/,CANADIAN NATURAL RESOURCES LIMITED,10605,CANADIAN NATURAL RESOURCES LIMITED,WITHIN 40 FEET,-999,-999,-999,-999,-999,-999,-999,-999,2012/03/01 00:00:00+00,-999,-999
-109.466309,50.0387260000001,1449,1449,GCOMP1449,CANADIAN NATURAL RESOURCES LIMITED (MAPLE CREEK),"21 HIGHWAY; 08-34-012-26-W3",NOT AVAILABLE,SK,T2P 4J8,NOT APPLICABLE,NATURAL GAS COMPRESSOR STATION,IN SERVICE,MAPLE CREEK,NOT APPLICABLE,CAN,50.038726,-109.466309,486210,PIPELINE TRANSPORTATION OF NATURAL GAS,GOVERNMENT OF SASKATCHEWAN,2020/05/05 00:00:00+00,IMAGERY/OTHER,2020/05/05 00:00:00+00,https://www.saskatchewan.ca/,CANADIAN NATURAL RESOURCES LIMITED,10605,CANADIAN NATURAL RESOURCES LIMITED,WITHIN 40 FEET,-999,-999,-999,-999,-999,-999,-999,-999,2012/03/01 00:00:00+00,-999,-999
-101.95908,49.2563960000001,1450,1450,GCOMP1450,PETROBAKKEN ENERGY LTD. (RECIPROCITY),08-35-003-34-W1,NOT AVAILABLE,SK,T2P 1G1,NOT APPLICABLE,NATURAL GAS COMPRESSOR STATION,IN SERVICE,RECIPROCITY,NOT APPLICABLE,CAN,49.256396,-101.95908,486210,PIPELINE TRANSPORTATION OF NATURAL GAS,GOVERNMENT OF SASKATCHEWAN,2020/05/05 00:00:00+00,IMAGERY/OTHER,2020/05/05 00:00:00+00,https://www.saskatchewan.ca/,CRESCENT POINT RESOURCES PARTNERSHIP,12828,CRESCENT POINT RESOURCES PARTNERSHIP,WITHIN 40 FEET,-999,-999,-999,-999,-999,-999,-999,-999,2014/10/01 00:00:00+00,-999,-999
-103.501075,49.022249,1451,1451,GCOMP1451,CRESCENT POINT ENERGY CORP. (CAMBRIA B),"350 HIGHWAY; 09-11-001-12-W2",NOT AVAILABLE,SK,T2P 1G1,NOT APPLICABLE,NATURAL GAS COMPRESSOR STATION,IN SERVICE,CAMBRIA,NOT APPLICABLE,CAN,49.022249,-103.501075,486210,PIPELINE TRANSPORTATION OF NATURAL GAS,GOVERNMENT OF SASKATCHEWAN,2020/05/05 00:00:00+00,IMAGERY/OTHER,2020/05/05 00:00:00+00,https://www.saskatchewan.ca/,CRESCENT POINT ENERGY CORP.,11609,CRESCENT POINT ENERGY CORP.,WITHIN 40 FEET,-999,-999,-999,-999,-999,-999,-999,-999,2018/07/01 00:00:00+00,-999,-999
-102.983407,49.7351360000001,1452,1452,GCOMP1452,CRESCENT POINT ENERGY CORP. (TECUMSEH F),09-14-009-08-W2,NOT AVAILABLE,SK,T2P 1G1,NOT APPLICABLE,NATURAL GAS COMPRESSOR STATION,IN SERVICE,TECUMSEH,NOT APPLICABLE,CAN,49.735136,-102.983407,486210,PIPELINE TRANSPORTATION OF NATURAL GAS,GOVERNMENT OF SASKATCHEWAN,2020/05/05 00:00:00+00,IMAGERY/OTHER,2020/05/05 00:00:00+00,https://www.saskatchewan.ca/,CRESCENT POINT ENERGY CORP.,11609,CRESCENT POINT ENERGY CORP.,WITHIN 40 FEET,-999,-999,-999,-999,-999,-999,-999,-999,2012/03/01 00:00:00+00,-999,-999
-108.609647,49.4740860000001,1453,1453,GCOMP1453,CRESCENT POINT ENERGY CORP. (WHITE VALLEY B),09-15-006-20-W3,NOT AVAILABLE,SK,T2P 1G1,NOT APPLICABLE,NATURAL GAS COMPRESSOR STATION,IN SERVICE,WHITE VALLEY,NOT APPLICABLE,CAN,49.474086,-108.609647,486210,PIPELINE TRANSPORTATION OF NATURAL GAS,GOVERNMENT OF SASKATCHEWAN,2020/05/05 00:00:00+00,IMAGERY/OTHER,2020/05/05 00:00:00+00,https://www.saskatchewan.ca/,CRESCENT POINT ENERGY CORP.,11609,CRESCENT POINT ENERGY CORP.,WITHIN 40 FEET,-999,-999,-999,-999,-999,-999,-999,-999,2018/07/01 00:00:00+00,-999,-999
-102.912409,49.6045930000001,1454,1454,GCOMP1454,CRESCENT POINT ENERGY CORP. (TECUMSEH G),09-32-007-07-W2,NOT AVAILABLE,SK,T2P 1G1,NOT APPLICABLE,NATURAL GAS COMPRESSOR STATION,IN SERVICE,TECUMSEH,NOT APPLICABLE,CAN,49.604593,-102.912409,486210,PIPELINE TRANSPORTATION OF NATURAL GAS,GOVERNMENT OF SASKATCHEWAN,2020/05/05 00:00:00+00,IMAGERY/OTHER,2020/05/05 00:00:00+00,https://www.saskatchewan.ca/,CRESCENT POINT ENERGY CORP.,11609,CRESCENT POINT ENERGY CORP.,WITHIN 40 FEET,-999,-999,-999,-999,-999,-999,-999,-999,2012/03/01 00:00:00+00,-999,-999
-102.277839,49.3423990000001,1455,1455,GCOMP1455,ALAMEDA COMPRESSOR STATION,"9 HIGHWAY; 09-36-004-03-W2",NOT AVAILABLE,SK,S4P 4K5,NOT APPLICABLE,NATURAL GAS COMPRESSOR STATION,IN SERVICE,MOOSE CREEK,NOT APPLICABLE,CAN,49.342399,-102.277839,486210,PIPELINE TRANSPORTATION OF NATURAL GAS,GOVERNMENT OF SASKATCHEWAN,2020/05/05 00:00:00+00,IMAGERY/OTHER,2020/05/05 00:00:00+00,https://www.saskatchewan.ca/,TRANSGAS LIMITED,1302,TRANSGAS LIMITED,WITHIN 40 FEET,-999,-999,-999,-999,-999,-999,-999,-999,2015/09/01 00:00:00+00,-999,-999
-102.309877,49.851079,1456,1456,GCOMP1456,BP CANADA ENERGY RESOURCES COMPANY (MOOSE MOUNTAIN PROVINCIAL PARK),10-26-010-03-W2,NOT AVAILABLE,SK,T2P 0A7,NOT APPLICABLE,NATURAL GAS COMPRESSOR STATION,IN SERVICE,MOOSE MOUNTAIN,NOT APPLICABLE,CAN,49.851079,-102.309877,486210,PIPELINE TRANSPORTATION OF NATURAL GAS,GOVERNMENT OF SASKATCHEWAN,2020/05/05 00:00:00+00,IMAGERY/OTHER,2020/05/05 00:00:00+00,https://www.saskatchewan.ca/,PLAINS MIDSTREAM CANADA ULC,12826,PLAINS MIDSTREAM CANADA ULC,WITHIN 40 FEET,-999,-999,-999,-999,-999,-999,-999,-999,2012/10/01 00:00:00+00,-999,-999
-108.540045,50.1163450000001,1457,1457,GCOMP1457,HUSKY OIL OPERATIONS LIMITED (GULL LAKE),10-28-013-19-W3,NOT AVAILABLE,SK,T2P 1G1,NOT APPLICABLE,NATURAL GAS COMPRESSOR STATION,IN SERVICE,GULL LAKE,NOT APPLICABLE,CAN,50.116345,-108.540045,486210,PIPELINE TRANSPORTATION OF NATURAL GAS,GOVERNMENT OF SASKATCHEWAN,2020/05/05 00:00:00+00,IMAGERY/OTHER,2020/05/05 00:00:00+00,https://www.saskatchewan.ca/,WHITECAP RESOURCES INC.,12746,WHITECAP RESOURCES INC.,WITHIN 40 FEET,-999,-999,-999,-999,-999,-999,-999,-999,2016/07/01 00:00:00+00,-999,-999
-102.531401,49.3463550000001,1458,1458,GCOMP1458,BP CANADA ENERGY RESOURCES COMPANY (BROWNING),10-31-004-04-W2,NOT AVAILABLE,SK,T2P 0A7,NOT APPLICABLE,NATURAL GAS COMPRESSOR STATION,IN SERVICE,BROWNING,NOT APPLICABLE,CAN,49.346355,-102.531401,486210,PIPELINE TRANSPORTATION OF NATURAL GAS,GOVERNMENT OF SASKATCHEWAN,2020/05/05 00:00:00+00,IMAGERY/OTHER,2020/05/05 00:00:00+00,https://www.saskatchewan.ca/,PLAINS MIDSTREAM CANADA ULC,12826,PLAINS MIDSTREAM CANADA ULC,WITHIN 40 FEET,-999,-999,-999,-999,-999,-999,-999,-999,2012/10/01 00:00:00+00,-999,-999
-109.841844,50.2171080000001,1459,1459,GCOMP1459,CANADIAN NATURAL RESOURCES LIMITED (ENTERPRISE C),11-36-014-29-W3,NOT AVAILABLE,SK,T2P 4J8,NOT APPLICABLE,NATURAL GAS COMPRESSOR STATION,IN SERVICE,ENTERPRISE,NOT APPLICABLE,CAN,50.217108,-109.841844,486210,PIPELINE TRANSPORTATION OF NATURAL GAS,GOVERNMENT OF SASKATCHEWAN,2020/05/05 00:00:00+00,IMAGERY/OTHER,2020/05/05 00:00:00+00,https://www.saskatchewan.ca/,CANADIAN NATURAL RESOURCES LIMITED,10605,CANADIAN NATURAL RESOURCES LIMITED,WITHIN 40 FEET,-999,-999,-999,-999,-999,-999,-999,-999,2012/03/01 00:00:00+00,-999,-999
-103.066467,49.6187200000001,1460,1460,GCOMP1460,CRESCENT POINT ENERGY CORP. (TECUMSEH H),12-05-008-08-W2,NOT AVAILABLE,SK,T2P 1G1,NOT APPLICABLE,NATURAL GAS COMPRESSOR STATION,IN SERVICE,TECUMSEH,NOT APPLICABLE,CAN,49.61872,-103.066467,486210,PIPELINE TRANSPORTATION OF NATURAL GAS,GOVERNMENT OF SASKATCHEWAN,2020/05/05 00:00:00+00,IMAGERY/OTHER,2020/05/05 00:00:00+00,https://www.saskatchewan.ca/,CRESCENT POINT ENERGY CORP.,11609,CRESCENT POINT ENERGY CORP.,WITHIN 40 FEET,-999,-999,-999,-999,-999,-999,-999,-999,2014/07/01 00:00:00+00,-999,-999
-109.371172,50.4203910000001,1461,1461,GCOMP1461,CANADIAN NATURAL RESOURCES LIMITED (FOX VALLEY),12-10-017-25-W3,NOT AVAILABLE,SK,T2P 4J8,NOT APPLICABLE,NATURAL GAS COMPRESSOR STATION,IN SERVICE,FOX VALLEY,NOT APPLICABLE,CAN,50.420391,-109.371172,486210,PIPELINE TRANSPORTATION OF NATURAL GAS,GOVERNMENT OF SASKATCHEWAN,2020/05/05 00:00:00+00,IMAGERY/OTHER,2020/05/05 00:00:00+00,https://www.saskatchewan.ca/,CANADIAN NATURAL RESOURCES LIMITED,10605,CANADIAN NATURAL RESOURCES LIMITED,WITHIN 40 FEET,-999,-999,-999,-999,-999,-999,-999,-999,2012/03/01 00:00:00+00,-999,-999
-109.575961,50.1725070000001,1462,1462,GCOMP1462,APACHE CANADA LTD. (BIG STICK B),12-13-014-27-W3,NOT AVAILABLE,SK,T2P 4J8,NOT APPLICABLE,NATURAL GAS COMPRESSOR STATION,IN SERVICE,BIG STICK,NOT APPLICABLE,CAN,50.172507,-109.575961,486210,PIPELINE TRANSPORTATION OF NATURAL GAS,GOVERNMENT OF SASKATCHEWAN,2020/05/05 00:00:00+00,IMAGERY/OTHER,2020/05/05 00:00:00+00,https://www.saskatchewan.ca/,CANADIAN NATURAL RESOURCES,50449,CANADIAN NATURAL RESOURCES,WITHIN 40 FEET,-999,-999,-999,-999,-999,-999,-999,-999,2013/11/01 00:00:00+00,-999,-999
-102.79426,49.6241670000001,1463,1463,GCOMP1463,PETROBAKKEN ENERGY LTD. (BROCK B),13-05-008-06-W2,NOT AVAILABLE,SK,T2P 1G1,NOT APPLICABLE,NATURAL GAS COMPRESSOR STATION,IN SERVICE,BROCK,NOT APPLICABLE,CAN,49.624167,-102.79426,486210,PIPELINE TRANSPORTATION OF NATURAL GAS,GOVERNMENT OF SASKATCHEWAN,2020/05/05 00:00:00+00,IMAGERY/OTHER,2020/05/05 00:00:00+00,https://www.saskatchewan.ca/,RIDGEBACK RESOURCES INC.,35765,RIDGEBACK RESOURCES INC.,WITHIN 40 FEET,-999,-999,-999,-999,-999,-999,-999,-999,2017/01/01 00:00:00+00,-999,-999
-107.602166,49.7992590000001,1464,1464,GCOMP1464,SPUR RESOURCES LTD. (WHISKA CREEK),13-05-010-12-W3,NOT AVAILABLE,SK,T2R 1J4,NOT APPLICABLE,NATURAL GAS COMPRESSOR STATION,IN SERVICE,WHISKA CREEK,NOT APPLICABLE,CAN,49.799259,-107.602166,486210,PIPELINE TRANSPORTATION OF NATURAL GAS,GOVERNMENT OF SASKATCHEWAN,2020/05/05 00:00:00+00,IMAGERY/OTHER,2020/05/05 00:00:00+00,https://www.saskatchewan.ca/,PINE CLIFF ENERGY LTD.,34617,PINE CLIFF ENERGY LTD.,WITHIN 40 FEET,-999,-999,-999,-999,-999,-999,-999,-999,2014/08/01 00:00:00+00,-999,-999
-103.313396,49.7244250000001,1465,1465,GCOMP1465,PETROBAKKEN ENERGY LTD. (GRIFFIN),13-09-009-10-W2,NOT AVAILABLE,SK,T2P 1G1,NOT APPLICABLE,NATURAL GAS COMPRESSOR STATION,IN SERVICE,GRIFFIN,NOT APPLICABLE,CAN,49.724425,-103.313396,486210,PIPELINE TRANSPORTATION OF NATURAL GAS,GOVERNMENT OF SASKATCHEWAN,2020/05/05 00:00:00+00,IMAGERY/OTHER,2020/05/05 00:00:00+00,https://www.saskatchewan.ca/,RIDGEBACK RESOURCES INC.,35765,RIDGEBACK RESOURCES INC.,WITHIN 40 FEET,-999,-999,-999,-999,-999,-999,-999,-999,2017/01/01 00:00:00+00,-999,-999
-109.703583,49.2022420000001,1466,1466,GCOMP1466,SPUR RESOURCES LTD. (RENO),13-10-003-28-W3,NOT AVAILABLE,SK,T2R 1J4,NOT APPLICABLE,NATURAL GAS COMPRESSOR STATION,IN SERVICE,RENO,NOT APPLICABLE,CAN,49.202242,-109.703583,486210,PIPELINE TRANSPORTATION OF NATURAL GAS,GOVERNMENT OF SASKATCHEWAN,2020/05/05 00:00:00+00,IMAGERY/OTHER,2020/05/05 00:00:00+00,https://www.saskatchewan.ca/,PINE CLIFF ENERGY LTD.,34617,PINE CLIFF ENERGY LTD.,WITHIN 40 FEET,-999,-999,-999,-999,-999,-999,-999,-999,2014/08/01 00:00:00+00,-999,-999
-109.760383,50.2501590000001,1467,1467,GCOMP1467,CANADIAN NATURAL RESOURCES LIMITED (ENTERPRISE D),"635 HIGHWAY; 13-11-015-28-W3",NOT AVAILABLE,SK,T2P 4J8,NOT APPLICABLE,NATURAL GAS COMPRESSOR STATION,IN SERVICE,ENTERPRISE,NOT APPLICABLE,CAN,50.250159,-109.760383,486210,PIPELINE TRANSPORTATION OF NATURAL GAS,GOVERNMENT OF SASKATCHEWAN,2020/05/05 00:00:00+00,IMAGERY/OTHER,2020/05/05 00:00:00+00,https://www.saskatchewan.ca/,CANADIAN NATURAL RESOURCES LIMITED,10605,CANADIAN NATURAL RESOURCES LIMITED,WITHIN 40 FEET,-999,-999,-999,-999,-999,-999,-999,-999,2012/03/01 00:00:00+00,-999,-999
-102.744112,49.042092,1468,1468,GCOMP1468,LEGACY OIL + GAS INC. (COALFIELDS),"NEAR 39 HIGHWAY (0.8 KM NNE); 13-15-001-06-W2",NOT AVAILABLE,SK,T2P 1G1,NOT APPLICABLE,NATURAL GAS COMPRESSOR STATION,IN SERVICE,COALFIELDS,NOT APPLICABLE,CAN,49.042092,-102.744112,486210,PIPELINE TRANSPORTATION OF NATURAL GAS,GOVERNMENT OF SASKATCHEWAN,2020/05/05 00:00:00+00,IMAGERY/OTHER,2020/05/05 00:00:00+00,https://www.saskatchewan.ca/,CRESCENT POINT RESOURCES PARTNERSHIP,12828,CRESCENT POINT RESOURCES PARTNERSHIP,WITHIN 40 FEET,-999,-999,-999,-999,-999,-999,-999,-999,2015/07/01 00:00:00+00,-999,-999
-102.816635,49.8269560000001,1469,1469,GCOMP1469,CRESCENT POINT ENERGY CORP. (HAZELWOOD),13-18-010-06-W2,NOT AVAILABLE,SK,T2P 1G1,NOT APPLICABLE,NATURAL GAS COMPRESSOR STATION,IN SERVICE,HAZELWOOD,NOT APPLICABLE,CAN,49.826956,-102.816635,486210,PIPELINE TRANSPORTATION OF NATURAL GAS,GOVERNMENT OF SASKATCHEWAN,2020/05/05 00:00:00+00,IMAGERY/OTHER,2020/05/05 00:00:00+00,https://www.saskatchewan.ca/,CRESCENT POINT ENERGY CORP.,11609,CRESCENT POINT ENERGY CORP.,WITHIN 40 FEET,-999,-999,-999,-999,-999,-999,-999,-999,2012/03/01 00:00:00+00,-999,-999
-102.404351,49.056499,1470,1470,GCOMP1470,VERMILION ENERGY (SASK) LTD. (COALFIELDS),13-19-001-03-W2,NOT AVAILABLE,SK,T2P 0R3,NOT APPLICABLE,NATURAL GAS COMPRESSOR STATION,IN SERVICE,COALFIELDS,NOT APPLICABLE,CAN,49.056499,-102.404351,486210,PIPELINE TRANSPORTATION OF NATURAL GAS,GOVERNMENT OF SASKATCHEWAN,2020/05/05 00:00:00+00,IMAGERY/OTHER,2020/05/05 00:00:00+00,https://www.saskatchewan.ca/,VERMILION ENERGY INC.,34381,VERMILION ENERGY INC.,WITHIN 40 FEET,-999,-999,-999,-999,-999,-999,-999,-999,2018/11/01 00:00:00+00,-999,-999
-102.81755,49.6667110000001,1471,1471,GCOMP1471,LIGHTSTREAM RESOURCES LTD.,"13 HIGHWAY; 13-19-008-06-W2",NOT AVAILABLE,SK,T2P 1G1,NOT APPLICABLE,NATURAL GAS COMPRESSOR STATION,IN SERVICE,BROCK,NOT APPLICABLE,CAN,49.666711,-102.81755,486210,PIPELINE TRANSPORTATION OF NATURAL GAS,GOVERNMENT OF SASKATCHEWAN,2020/05/05 00:00:00+00,IMAGERY/OTHER,2020/05/05 00:00:00+00,https://www.saskatchewan.ca/,RIDGEBACK RESOURCES INC.,35765,RIDGEBACK RESOURCES INC.,WITHIN 40 FEET,-999,-999,-999,-999,-999,-999,-999,-999,2017/01/01 00:00:00+00,-999,-999
-102.929396,49.680505,1472,1472,GCOMP1472,CRESCENT POINT ENERGY CORP. (TECUMSEH I),"NEAR 13 HIGHWAY; 13-29-008-07-W2",NOT AVAILABLE,SK,T2P 1G1,NOT APPLICABLE,NATURAL GAS COMPRESSOR STATION,IN SERVICE,TECUMSEH,NOT APPLICABLE,CAN,49.680505,-102.929396,486210,PIPELINE TRANSPORTATION OF NATURAL GAS,GOVERNMENT OF SASKATCHEWAN,2020/05/05 00:00:00+00,IMAGERY/OTHER,2020/05/05 00:00:00+00,https://www.saskatchewan.ca/,CRESCENT POINT ENERGY CORP.,11609,CRESCENT POINT ENERGY CORP.,WITHIN 40 FEET,-999,-999,-999,-999,-999,-999,-999,-999,2012/03/01 00:00:00+00,-999,-999
-109.831021,50.484043,1473,1473,GCOMP1473,APACHE CANADA LTD. (ENTERPRISE B),13-32-017-28-W3,NOT AVAILABLE,SK,T2P 4J8,NOT APPLICABLE,NATURAL GAS COMPRESSOR STATION,IN SERVICE,ENTERPRISE,NOT APPLICABLE,CAN,50.484043,-109.831021,486210,PIPELINE TRANSPORTATION OF NATURAL GAS,GOVERNMENT OF SASKATCHEWAN,2020/05/05 00:00:00+00,IMAGERY/OTHER,2020/05/05 00:00:00+00,https://www.saskatchewan.ca/,CANADIAN NATURAL RESOURCES,50449,CANADIAN NATURAL RESOURCES,WITHIN 40 FEET,-999,-999,-999,-999,-999,-999,-999,-999,2013/11/01 00:00:00+00,-999,-999
-109.75852,49.1001400000001,1474,1474,GCOMP1474,CANADIAN NATURAL RESOURCES LIMITED (RENO),14-01-002-29-W3,NOT AVAILABLE,SK,T2P 4J8,NOT APPLICABLE,NATURAL GAS COMPRESSOR STATION,IN SERVICE,RENO,NOT APPLICABLE,CAN,49.10014,-109.75852,486210,PIPELINE TRANSPORTATION OF NATURAL GAS,GOVERNMENT OF SASKATCHEWAN,2020/05/05 00:00:00+00,IMAGERY/OTHER,2020/05/05 00:00:00+00,https://www.saskatchewan.ca/,CANADIAN NATURAL RESOURCES LIMITED,10605,CANADIAN NATURAL RESOURCES LIMITED,WITHIN 40 FEET,-999,-999,-999,-999,-999,-999,-999,-999,2012/03/01 00:00:00+00,-999,-999
-109.728943,50.06197,1475,1475,GCOMP1475,NEXEN INC. (MAPLE CREEK B),14-02-013-28-W3,NOT AVAILABLE,SK,T2R 1J4,NOT APPLICABLE,NATURAL GAS COMPRESSOR STATION,IN SERVICE,MAPLE CREEK,NOT APPLICABLE,CAN,50.06197,-109.728943,486210,PIPELINE TRANSPORTATION OF NATURAL GAS,GOVERNMENT OF SASKATCHEWAN,2020/05/05 00:00:00+00,IMAGERY/OTHER,2020/05/05 00:00:00+00,https://www.saskatchewan.ca/,PINE CLIFF ENERGY LTD.,34617,PINE CLIFF ENERGY LTD.,WITHIN 40 FEET,-999,-999,-999,-999,-999,-999,-999,-999,2014/10/01 00:00:00+00,-999,-999
-107.566652,49.8872920000001,1476,1476,GCOMP1476,HUSKY OIL OPERATIONS LIMITED,14-03-011-12-W3,NOT AVAILABLE,SK,T2P 3G7,NOT APPLICABLE,NATURAL GAS COMPRESSOR STATION,IN SERVICE,WHISKA CREEK,NOT APPLICABLE,CAN,49.887292,-107.566652,486210,PIPELINE TRANSPORTATION OF NATURAL GAS,GOVERNMENT OF SASKATCHEWAN,2020/05/05 00:00:00+00,IMAGERY/OTHER,2020/05/05 00:00:00+00,https://www.saskatchewan.ca/,HUSKY OIL OPERATIONS LIMITED,86,HUSKY OIL OPERATIONS LIMITED,WITHIN 40 FEET,-999,-999,-999,-999,-999,-999,-999,-999,2012/03/01 00:00:00+00,-999,-999
-102.154667,49.129821,1477,1477,GCOMP1477,TORC PINTO 14-13-002-02W2,14-13-002-02-W2,NOT AVAILABLE,SK,T2P 1G1,NOT APPLICABLE,NATURAL GAS COMPRESSOR STATION,IN SERVICE,ENNISKILLEN,NOT APPLICABLE,CAN,49.129821,-102.154667,486210,PIPELINE TRANSPORTATION OF NATURAL GAS,GOVERNMENT OF SASKATCHEWAN,2020/05/05 00:00:00+00,IMAGERY/OTHER,2020/05/05 00:00:00+00,https://www.saskatchewan.ca/,TORC OIL & GAS LTD.,13818,TORC OIL & GAS LTD.,WITHIN 40 FEET,-999,-999,-999,-999,-999,-999,-999,-999,2018/09/01 00:00:00+00,-999,-999
-101.903746,49.412225,1478,1478,GCOMP1478,BP CANADA ENERGY RESOURCES COMPANY (RECIPROCITY),"NEAR 361 HIGHWAY; 14-20-005-33-W1",NOT AVAILABLE,SK,T2P 0A7,NOT APPLICABLE,NATURAL GAS COMPRESSOR STATION,IN SERVICE,RECIPROCITY,NOT APPLICABLE,CAN,49.412225,-101.903746,486210,PIPELINE TRANSPORTATION OF NATURAL GAS,GOVERNMENT OF SASKATCHEWAN,2020/05/05 00:00:00+00,IMAGERY/OTHER,2020/05/05 00:00:00+00,https://www.saskatchewan.ca/,PLAINS MIDSTREAM CANADA ULC,12826,PLAINS MIDSTREAM CANADA ULC,WITHIN 40 FEET,-999,-999,-999,-999,-999,-999,-999,-999,2012/10/01 00:00:00+00,-999,-999
-103.668853,49.0713030000001,1479,1479,GCOMP1479,CRESCENT POINT ENERGY CORP. (SOURIS VALLEY C),14-27-001-13-W2,NOT AVAILABLE,SK,T2P 1G1,NOT APPLICABLE,NATURAL GAS COMPRESSOR STATION,IN SERVICE,SOURIS VALLEY,NOT APPLICABLE,CAN,49.071303,-103.668853,486210,PIPELINE TRANSPORTATION OF NATURAL GAS,GOVERNMENT OF SASKATCHEWAN,2020/05/05 00:00:00+00,IMAGERY/OTHER,2020/05/05 00:00:00+00,https://www.saskatchewan.ca/,CRESCENT POINT ENERGY CORP.,11609,CRESCENT POINT ENERGY CORP.,WITHIN 40 FEET,-999,-999,-999,-999,-999,-999,-999,-999,2019/09/01 00:00:00+00,-999,-999
-103.59551,49.08504,1480,1480,GCOMP1480,CRESCENT POINT ENERGY CORP. (CAMBRIA C),15-31-001-12-W2,NOT AVAILABLE,SK,T2P 1G1,NOT APPLICABLE,NATURAL GAS COMPRESSOR STATION,IN SERVICE,CAMBRIA,NOT APPLICABLE,CAN,49.08504,-103.59551,486210,PIPELINE TRANSPORTATION OF NATURAL GAS,GOVERNMENT OF SASKATCHEWAN,2020/05/05 00:00:00+00,IMAGERY/OTHER,2020/05/05 00:00:00+00,https://www.saskatchewan.ca/,CRESCENT POINT ENERGY CORP.,11609,CRESCENT POINT ENERGY CORP.,WITHIN 40 FEET,-999,-999,-999,-999,-999,-999,-999,-999,2017/06/01 00:00:00+00,-999,-999
-107.721836,50.046635,1481,1481,GCOMP1481,HUSKY OIL OPERATIONS LIMITED (SWIFT CURRENT C),15-33-012-13-W3,NOT AVAILABLE,SK,T2P 3G7,NOT APPLICABLE,NATURAL GAS COMPRESSOR STATION,IN SERVICE,SWIFT CURRENT,NOT APPLICABLE,CAN,50.046635,-107.721836,486210,PIPELINE TRANSPORTATION OF NATURAL GAS,GOVERNMENT OF SASKATCHEWAN,2020/05/05 00:00:00+00,IMAGERY/OTHER,2020/05/05 00:00:00+00,https://www.saskatchewan.ca/,HUSKY OIL OPERATIONS LIMITED,86,HUSKY OIL OPERATIONS LIMITED,WITHIN 40 FEET,-999,-999,-999,-999,-999,-999,-999,-999,2012/03/01 00:00:00+00,-999,-999
-108.580925,49.3851900000001,1482,1482,GCOMP1482,CRESCENT POINT ENERGY CORP. (WHITE VALLEY C),16-02-005-20-W3,NOT AVAILABLE,SK,T2P 1G1,NOT APPLICABLE,NATURAL GAS COMPRESSOR STATION,IN SERVICE,WHITE VALLEY,NOT APPLICABLE,CAN,49.38519,-108.580925,486210,PIPELINE TRANSPORTATION OF NATURAL GAS,GOVERNMENT OF SASKATCHEWAN,2020/05/05 00:00:00+00,IMAGERY/OTHER,2020/05/05 00:00:00+00,https://www.saskatchewan.ca/,CRESCENT POINT ENERGY CORP.,11609,CRESCENT POINT ENERGY CORP.,WITHIN 40 FEET,-999,-999,-999,-999,-999,-999,-999,-999,2019/12/01 00:00:00+00,-999,-999
-102.324959,49.0121990000001,1483,1483,GCOMP1483,VERMILION ENERGY (SASK) LTD. (ENNISKILLEN C),16-03-001-03-W2,NOT AVAILABLE,SK,T2P 0R3,NOT APPLICABLE,NATURAL GAS COMPRESSOR STATION,IN SERVICE,ENNISKILLEN,NOT APPLICABLE,CAN,49.012199,-102.324959,486210,PIPELINE TRANSPORTATION OF NATURAL GAS,GOVERNMENT OF SASKATCHEWAN,2020/05/05 00:00:00+00,IMAGERY/OTHER,2020/05/05 00:00:00+00,https://www.saskatchewan.ca/,VERMILION ENERGY INC.,34381,VERMILION ENERGY INC.,WITHIN 40 FEET,-999,-999,-999,-999,-999,-999,-999,-999,2018/11/01 00:00:00+00,-999,-999
-102.91242,49.550323,1484,1484,GCOMP1484,PETROBAKKEN ENERGY LTD. (TECUMSEH B),16-08-007-07-W2,NOT AVAILABLE,SK,T2P 1G1,NOT APPLICABLE,NATURAL GAS COMPRESSOR STATION,IN SERVICE,TECUMSEH,NOT APPLICABLE,CAN,49.550323,-102.91242,486210,PIPELINE TRANSPORTATION OF NATURAL GAS,GOVERNMENT OF SASKATCHEWAN,2020/05/05 00:00:00+00,IMAGERY/OTHER,2020/05/05 00:00:00+00,https://www.saskatchewan.ca/,RIDGEBACK RESOURCES INC.,35765,RIDGEBACK RESOURCES INC.,WITHIN 40 FEET,-999,-999,-999,-999,-999,-999,-999,-999,2017/01/01 00:00:00+00,-999,-999
-107.676475,49.814332,1485,1485,GCOMP1485,CRESCENT POINT ENERGY CORP. (LAC PELLETIER),16-10-010-13-W3,NOT AVAILABLE,SK,T2P 1G1,NOT APPLICABLE,NATURAL GAS COMPRESSOR STATION,IN SERVICE,LAC PELLETIER,NOT APPLICABLE,CAN,49.814332,-107.676475,486210,PIPELINE TRANSPORTATION OF NATURAL GAS,GOVERNMENT OF SASKATCHEWAN,2020/05/05 00:00:00+00,IMAGERY/OTHER,2020/05/05 00:00:00+00,https://www.saskatchewan.ca/,CRESCENT POINT ENERGY CORP.,11609,CRESCENT POINT ENERGY CORP.,WITHIN 40 FEET,-999,-999,-999,-999,-999,-999,-999,-999,2012/03/01 00:00:00+00,-999,-999
-109.76466,50.353232,1486,1486,GCOMP1486,APACHE CANADA LTD. (ENTERPRISE C),"635 HIGHWAY; 16-15-016-28-W3",NOT AVAILABLE,SK,T2P 4J8,NOT APPLICABLE,NATURAL GAS COMPRESSOR STATION,IN SERVICE,ENTERPRISE,NOT APPLICABLE,CAN,50.353232,-109.76466,486210,PIPELINE TRANSPORTATION OF NATURAL GAS,GOVERNMENT OF SASKATCHEWAN,2020/05/05 00:00:00+00,IMAGERY/OTHER,2020/05/05 00:00:00+00,https://www.saskatchewan.ca/,CANADIAN NATURAL RESOURCES,50449,CANADIAN NATURAL RESOURCES,WITHIN 40 FEET,-999,-999,-999,-999,-999,-999,-999,-999,2013/11/01 00:00:00+00,-999,-999
-108.537076,49.653357,1487,1487,GCOMP1487,CRESCENT POINT ENERGY CORP. (ARLINGTON D),16-17-008-19-W3,NOT AVAILABLE,SK,T2P 1G1,NOT APPLICABLE,NATURAL GAS COMPRESSOR STATION,IN SERVICE,ARLINGTON,NOT APPLICABLE,CAN,49.653357,-108.537076,486210,PIPELINE TRANSPORTATION OF NATURAL GAS,GOVERNMENT OF SASKATCHEWAN,2020/05/05 00:00:00+00,IMAGERY/OTHER,2020/05/05 00:00:00+00,https://www.saskatchewan.ca/,CRESCENT POINT ENERGY CORP.,11609,CRESCENT POINT ENERGY CORP.,WITHIN 40 FEET,-999,-999,-999,-999,-999,-999,-999,-999,2012/10/01 00:00:00+00,-999,-999
-108.653717,49.318861,1488,1488,GCOMP1488,EASTEND ENERGY CORP. (WHITE VALLEY B),16-20-004-20-W3,NOT AVAILABLE,SK,T4A 2G6,NOT APPLICABLE,NATURAL GAS COMPRESSOR STATION,IN SERVICE,WHITE VALLEY,NOT APPLICABLE,CAN,49.318861,-108.653717,486210,PIPELINE TRANSPORTATION OF NATURAL GAS,GOVERNMENT OF SASKATCHEWAN,2020/05/05 00:00:00+00,IMAGERY/OTHER,2020/05/05 00:00:00+00,https://www.saskatchewan.ca/,EASTEND ENERGY CORP.,12205,EASTEND ENERGY CORP.,WITHIN 40 FEET,-999,-999,-999,-999,-999,-999,-999,-999,2012/03/01 00:00:00+00,-999,-999
-109.581205,50.278871,1489,1489,GCOMP1489,APACHE CANADA LTD. (BIG STICK C),16-24-015-27-W3,NOT AVAILABLE,SK,T2P 4J8,NOT APPLICABLE,NATURAL GAS COMPRESSOR STATION,IN SERVICE,BIG STICK,NOT APPLICABLE,CAN,50.278871,-109.581205,486210,PIPELINE TRANSPORTATION OF NATURAL GAS,GOVERNMENT OF SASKATCHEWAN,2020/05/05 00:00:00+00,IMAGERY/OTHER,2020/05/05 00:00:00+00,https://www.saskatchewan.ca/,CANADIAN NATURAL RESOURCES,50449,CANADIAN NATURAL RESOURCES,WITHIN 40 FEET,-999,-999,-999,-999,-999,-999,-999,-999,2013/11/01 00:00:00+00,-999,-999
-102.859815,49.0699440000001,1490,1490,GCOMP1490,LEGACY OIL + GAS INC. (ESTEVAN),16-27-001-07-W2,NOT AVAILABLE,SK,T2P 1G1,NOT APPLICABLE,NATURAL GAS COMPRESSOR STATION,IN SERVICE,ESTEVAN,NOT APPLICABLE,CAN,49.069944,-102.859815,486210,PIPELINE TRANSPORTATION OF NATURAL GAS,GOVERNMENT OF SASKATCHEWAN,2020/05/05 00:00:00+00,IMAGERY/OTHER,2020/05/05 00:00:00+00,https://www.saskatchewan.ca/,CRESCENT POINT RESOURCES PARTNERSHIP,12828,CRESCENT POINT RESOURCES PARTNERSHIP,WITHIN 40 FEET,-999,-999,-999,-999,-999,-999,-999,-999,2015/07/01 00:00:00+00,-999,-999
-108.493779,49.5954360000001,1491,1491,GCOMP1491,CRESCENT POINT ENERGY CORP. (ARLINGTON E),16-27-007-19-W3,NOT AVAILABLE,SK,T2P 1G1,NOT APPLICABLE,NATURAL GAS COMPRESSOR STATION,IN SERVICE,ARLINGTON,NOT APPLICABLE,CAN,49.595436,-108.493779,486210,PIPELINE TRANSPORTATION OF NATURAL GAS,GOVERNMENT OF SASKATCHEWAN,2020/05/05 00:00:00+00,IMAGERY/OTHER,2020/05/05 00:00:00+00,https://www.saskatchewan.ca/,CRESCENT POINT ENERGY CORP.,11609,CRESCENT POINT ENERGY CORP.,WITHIN 40 FEET,-999,-999,-999,-999,-999,-999,-999,-999,2012/03/01 00:00:00+00,-999,-999
-109.559759,50.3955570000001,1492,1492,GCOMP1492,CITY OF MEDICINE HAT (FOX VALLEY),16-31-016-26-W3,NOT AVAILABLE,SK,T1A 1Y4,NOT APPLICABLE,NATURAL GAS COMPRESSOR STATION,IN SERVICE,FOX VALLEY,NOT APPLICABLE,CAN,50.395557,-109.559759,486210,PIPELINE TRANSPORTATION OF NATURAL GAS,GOVERNMENT OF SASKATCHEWAN,2020/05/05 00:00:00+00,IMAGERY/OTHER,2020/05/05 00:00:00+00,https://www.saskatchewan.ca/,CITY OF MEDICINE HAT,2706,CITY OF MEDICINE HAT,WITHIN 40 FEET,-999,-999,-999,-999,-999,-999,-999,-999,2012/03/01 00:00:00+00,-999,-999
-108.537457,49.696513,1493,1493,GCOMP1493,CRESCENT POINT ENERGY CORP. (ARLINGTON F),16-32-008-19-W3,NOT AVAILABLE,SK,T2P 1G1,NOT APPLICABLE,NATURAL GAS COMPRESSOR STATION,IN SERVICE,ARLINGTON,NOT APPLICABLE,CAN,49.696513,-108.537457,486210,PIPELINE TRANSPORTATION OF NATURAL GAS,GOVERNMENT OF SASKATCHEWAN,2020/05/05 00:00:00+00,IMAGERY/OTHER,2020/05/05 00:00:00+00,https://www.saskatchewan.ca/,CRESCENT POINT ENERGY CORP.,11609,CRESCENT POINT ENERGY CORP.,WITHIN 40 FEET,-999,-999,-999,-999,-999,-999,-999,-999,2019/01/01 00:00:00+00,-999,-999
-101.542109,50.238657,1494,1494,GCOMP1494,MOOSOMIN STORAGE CAVERNS,"NEAR 600 HIGHWAY (1.6 KM ENE); 16-32-014-30-W1",NOT AVAILABLE,SK,S4P 4K5,NOT APPLICABLE,NATURAL GAS COMPRESSOR STATION,IN SERVICE,MOOSOMIN,NOT APPLICABLE,CAN,50.238657,-101.542109,486210,PIPELINE TRANSPORTATION OF NATURAL GAS,GOVERNMENT OF SASKATCHEWAN,2020/05/05 00:00:00+00,IMAGERY/OTHER,2020/05/05 00:00:00+00,https://www.saskatchewan.ca/,TRANSGAS LIMITED,1302,TRANSGAS LIMITED,WITHIN 40 FEET,-999,-999,-999,-999,-999,-999,-999,-999,2012/03/01 00:00:00+00,-999,-999
-106.78674,50.482826,1495,1495,GCOMP1495,CHAPLIN COMPRESSOR STATION,"NEAR 1 + 19 HWY (0.6 KM S); 16-32-017-06-W3",NOT AVAILABLE,SK,S4P 4K5,NOT APPLICABLE,NATURAL GAS COMPRESSOR STATION,IN SERVICE,CHAPLIN,NOT APPLICABLE,CAN,50.482826,-106.78674,486210,PIPELINE TRANSPORTATION OF NATURAL GAS,GOVERNMENT OF SASKATCHEWAN,2020/05/05 00:00:00+00,IMAGERY/OTHER,2020/05/05 00:00:00+00,https://www.saskatchewan.ca/,TRANSGAS LIMITED,1302,TRANSGAS LIMITED,WITHIN 40 FEET,-999,-999,-999,-999,-999,-999,-999,-999,2018/01/01 00:00:00+00,-999,-999
-102.867386,49.782792,1496,1496,GCOMP1496,PETROBAKKEN ENERGY LTD. (GOLDEN WEST),16-34-009-07-W2,NOT AVAILABLE,SK,T2P 1G1,NOT APPLICABLE,NATURAL GAS COMPRESSOR STATION,IN SERVICE,GOLDEN WEST,NOT APPLICABLE,CAN,49.782792,-102.867386,486210,PIPELINE TRANSPORTATION OF NATURAL GAS,GOVERNMENT OF SASKATCHEWAN,2020/05/05 00:00:00+00,IMAGERY/OTHER,2020/05/05 00:00:00+00,https://www.saskatchewan.ca/,RIDGEBACK RESOURCES INC.,35765,RIDGEBACK RESOURCES INC.,WITHIN 40 FEET,-999,-999,-999,-999,-999,-999,-999,-999,2017/01/01 00:00:00+00,-999,-999
-122.524682,49.087405,1497,1497,GCOMP1497,FORTIS LANGLEY C-002-H/092-G-01 001,25255 48 AVENUE,LANGLEY,BC,NOT AVAILABLE,NOT APPLICABLE,NATURAL GAS COMPRESSOR STATION,IN SERVICE,NOT APPLICABLE,NOT APPLICABLE,CAN,49.087405,-122.524682,486210,PIPELINE TRANSPORTATION OF NATURAL GAS,BRITISH COLUMBIA OIL AND GAS COMMISSION (BCOGC),2020/05/05 00:00:00+00,IMAGERY/OTHER,2020/05/05 00:00:00+00,https://www.bcogc.ca/,FORTIS BC ENERGY INC.,NOT AVAILABLE,FORTIS BC ENERGY INC.,WITHIN 40 FEET,-999,-999,-999,-999,-999,-999,-999,-999,1970/01/01 00:00:00+00,-999,-999
-122.810323,49.315078,1498,1498,GCOMP1498,FORTIS COQUITLAM V1 C-075-C/092-G-07 001,2645 EAGLE MOUNTAIN DRIVE,COQUITLAM,BC,NOT AVAILABLE,NOT APPLICABLE,NATURAL GAS COMPRESSOR STATION,IN SERVICE,NOT APPLICABLE,NOT APPLICABLE,CAN,49.315078,-122.810323,486210,PIPELINE TRANSPORTATION OF NATURAL GAS,BRITISH COLUMBIA OIL AND GAS COMMISSION (BCOGC),2020/05/05 00:00:00+00,IMAGERY/OTHER,2020/05/05 00:00:00+00,https://www.bcogc.ca/,FORTIS BC ENERGY INC.,NOT AVAILABLE,FORTIS BC ENERGY INC.,WITHIN 40 FEET,-999,-999,-999,-999,-999,-999,-999,-999,1970/01/01 00:00:00+00,-999,-999
-124.633049,49.7976650000001,1499,1499,GCOMP1499,FORTIS TEXADA C-051-B/092-F-15 001,CLAM BAY ROAD,BLUBBER BAY,BC,NOT AVAILABLE,NOT APPLICABLE,NATURAL GAS COMPRESSOR STATION,IN SERVICE,NOT APPLICABLE,NOT APPLICABLE,CAN,49.797665,-124.633049,486210,PIPELINE TRANSPORTATION OF NATURAL GAS,BRITISH COLUMBIA OIL AND GAS COMMISSION (BCOGC),2020/05/05 00:00:00+00,IMAGERY/OTHER,2020/05/05 00:00:00+00,https://www.bcogc.ca/,FORTIS BC ENERGY INC.,NOT AVAILABLE,FORTIS BC ENERGY INC.,WITHIN 40 FEET,-999,-999,-999,-999,-999,-999,-999,-999,1970/01/01 00:00:00+00,-999,-999
-120.142929,49.375997,1500,1500,GCOMP1500,FORTIS HEDLEY A-052-G/092-H-08 001,CROWSNEST 3 HIGHWAY,HEDLEY,BC,NOT AVAILABLE,NOT APPLICABLE,NATURAL GAS COMPRESSOR STATION,IN SERVICE,NOT APPLICABLE,NOT APPLICABLE,CAN,49.375997,-120.142929,486210,PIPELINE TRANSPORTATION OF NATURAL GAS,BRITISH COLUMBIA OIL AND GAS COMMISSION (BCOGC),2020/05/05 00:00:00+00,IMAGERY/OTHER,2020/05/05 00:00:00+00,https://www.bcogc.ca/,FORTIS BC ENERGY INC.,NOT AVAILABLE,FORTIS BC ENERGY INC.,WITHIN 40 FEET,-999,-999,-999,-999,-999,-999,-999,-999,1970/01/01 00:00:00+00,-999,-999
-119.28813,50.3869480000001,1501,1501,GCOMP1501,FORTIS ARMSTRONG B-063-F/082-L-06 001,NEAR EVANS ROAD (0.5 KM N),SPALLUMCHEEN,BC,NOT AVAILABLE,NOT APPLICABLE,NATURAL GAS COMPRESSOR STATION,IN SERVICE,NOT APPLICABLE,NOT APPLICABLE,CAN,50.386948,-119.28813,486210,PIPELINE TRANSPORTATION OF NATURAL GAS,BRITISH COLUMBIA OIL AND GAS COMMISSION (BCOGC),2020/05/05 00:00:00+00,IMAGERY/OTHER,2020/05/05 00:00:00+00,https://www.bcogc.ca/,FORTIS BC ENERGY INC.,NOT AVAILABLE,FORTIS BC ENERGY INC.,WITHIN 40 FEET,-999,-999,-999,-999,-999,-999,-999,-999,1970/01/01 00:00:00+00,-999,-999
-123.501046,49.512729,1502,1502,GCOMP1502,FORTIS PORT MELLON C-020-D/092-G-11 001,NORTH DAKOTA FOREST SERVICE ROAD,PORT MELLON,BC,NOT AVAILABLE,NOT APPLICABLE,NATURAL GAS COMPRESSOR STATION,IN SERVICE,NOT APPLICABLE,NOT APPLICABLE,CAN,49.512729,-123.501046,486210,PIPELINE TRANSPORTATION OF NATURAL GAS,BRITISH COLUMBIA OIL AND GAS COMMISSION (BCOGC),2020/05/05 00:00:00+00,IMAGERY/OTHER,2020/05/05 00:00:00+00,https://www.bcogc.ca/,FORTIS BC ENERGY INC.,NOT AVAILABLE,FORTIS BC ENERGY INC.,WITHIN 40 FEET,-999,-999,-999,-999,-999,-999,-999,-999,1970/01/01 00:00:00+00,-999,-999
-110.444031,50.175734,1503,1503,GCOMP1503,ADVANTAGE OIL & GAS LTD,15-14-014-04-W4,NOT AVAILABLE,AB,NOT AVAILABLE,NOT APPLICABLE,NATURAL GAS COMPRESSOR STATION,IN SERVICE,NOT AVAILABLE,NOT APPLICABLE,CAN,50.175734,-110.444031,486210,PIPELINE TRANSPORTATION OF NATURAL GAS,ALBERTA ENERGY REGULATOR,2020/05/05 00:00:00+00,IMAGERY/OTHER,2020/05/05 00:00:00+00,https://www.aer.ca/,QUESTARFIRE ENERGY CORP.,A5TC,QUESTARFIRE ENERGY CORP.,WITHIN 40 FEET,-999,-999,-999,-999,-999,-999,-999,-999,1970/01/01 00:00:00+00,-999,-999
-110.480502,50.195565,1504,1504,GCOMP1504,ADVANTAGE OIL & GAS LTD (CYPRESS A),"RANGE ROAD 43; 04-27-014-04-W4",NOT AVAILABLE,AB,NOT AVAILABLE,NOT APPLICABLE,NATURAL GAS COMPRESSOR STATION,IN SERVICE,CYPRESS,NOT APPLICABLE,CAN,50.195565,-110.480502,486210,PIPELINE TRANSPORTATION OF NATURAL GAS,ALBERTA ENERGY REGULATOR,2020/05/05 00:00:00+00,IMAGERY/OTHER,2020/05/05 00:00:00+00,https://www.aer.ca/,QUESTARFIRE ENERGY CORP.,A5TC,QUESTARFIRE ENERGY CORP.,WITHIN 40 FEET,-999,-999,-999,-999,-999,-999,-999,-999,1970/01/01 00:00:00+00,-999,-999
-110.507368,50.1843710000001,1505,1505,GCOMP1505,ADVANTAGE OIL & GAS LTD (CYPRESS B),"NEAR TOWNSHIP ROAD 144 (1.0 KM NNE); 08-20-014-04-W4",NOT AVAILABLE,AB,NOT AVAILABLE,NOT APPLICABLE,NATURAL GAS COMPRESSOR STATION,IN SERVICE,CYPRESS,NOT APPLICABLE,CAN,50.184371,-110.507368,486210,PIPELINE TRANSPORTATION OF NATURAL GAS,ALBERTA ENERGY REGULATOR,2020/05/05 00:00:00+00,IMAGERY/OTHER,2020/05/05 00:00:00+00,https://www.aer.ca/,QUESTARFIRE ENERGY CORP.,A5TC,QUESTARFIRE ENERGY CORP.,WITHIN 40 FEET,-999,-999,-999,-999,-999,-999,-999,-999,1970/01/01 00:00:00+00,-999,-999
-110.481619,50.186543,1506,1506,GCOMP1506,ADVANTAGE OIL & GAS LTD (CYPRESS C),"RANGE ROAD 43; 12-22-014-04-W4",NOT AVAILABLE,AB,NOT AVAILABLE,NOT APPLICABLE,NATURAL GAS COMPRESSOR STATION,IN SERVICE,CYPRESS,NOT APPLICABLE,CAN,50.186543,-110.481619,486210,PIPELINE TRANSPORTATION OF NATURAL GAS,ALBERTA ENERGY REGULATOR,2020/05/05 00:00:00+00,IMAGERY/OTHER,2020/05/05 00:00:00+00,https://www.aer.ca/,QUESTARFIRE ENERGY CORP.,A5TC,QUESTARFIRE ENERGY CORP.,WITHIN 40 FEET,-999,-999,-999,-999,-999,-999,-999,-999,1970/01/01 00:00:00+00,-999,-999
-110.478943,50.204955,1507,1507,GCOMP1507,ADVANTAGE OIL & GAS LTD (CYPRESS D),"RANGE ROAD 43; 13-27-014-04-W4",NOT AVAILABLE,AB,NOT AVAILABLE,NOT APPLICABLE,NATURAL GAS COMPRESSOR STATION,IN SERVICE,CYPRESS,NOT APPLICABLE,CAN,50.204955,-110.478943,486210,PIPELINE TRANSPORTATION OF NATURAL GAS,ALBERTA ENERGY REGULATOR,2020/05/05 00:00:00+00,IMAGERY/OTHER,2020/05/05 00:00:00+00,https://www.aer.ca/,QUESTARFIRE ENERGY CORP.,A5TC,QUESTARFIRE ENERGY CORP.,WITHIN 40 FEET,-999,-999,-999,-999,-999,-999,-999,-999,1970/01/01 00:00:00+00,-999,-999
-111.72873,50.466753,1508,1508,GCOMP1508,ADVANTAGE & OIL GAS LTD. (NEWELL NO. 4),"RANGE ROAD 133; 16-28-017-13-W4",NOT AVAILABLE,AB,NOT AVAILABLE,NOT APPLICABLE,NATURAL GAS COMPRESSOR STATION,IN SERVICE,NEWELL NO. 4,NOT APPLICABLE,CAN,50.466753,-111.72873,486210,PIPELINE TRANSPORTATION OF NATURAL GAS,ALBERTA ENERGY REGULATOR,2020/05/05 00:00:00+00,IMAGERY/OTHER,2020/05/05 00:00:00+00,https://www.aer.ca/,CARDINAL ENERGY LTD.,A6A7,CARDINAL ENERGY LTD.,WITHIN 40 FEET,-999,-999,-999,-999,-999,-999,-999,-999,1970/01/01 00:00:00+00,-999,-999
-113.5551,50.150541,1509,1509,GCOMP1509,ALTAGAS ENERGY PROCESSORS INC,"RANGE ROAD 270; 01-12-014-27-W4",NOT AVAILABLE,AB,NOT AVAILABLE,NOT APPLICABLE,NATURAL GAS COMPRESSOR STATION,IN SERVICE,WILLOW CREEK NO. 26,NOT APPLICABLE,CAN,50.150541,-113.5551,486210,PIPELINE TRANSPORTATION OF NATURAL GAS,ALBERTA ENERGY REGULATOR,2020/05/05 00:00:00+00,IMAGERY/OTHER,2020/05/05 00:00:00+00,https://www.aer.ca/,CAMPUS ENERGY PARTNERS OPERATION,A81C,CAMPUS ENERGY PARTNERS OPERATION,WITHIN 40 FEET,-999,-999,-999,-999,-999,-999,-999,-999,1970/01/01 00:00:00+00,-999,-999
-113.51224,50.232444,1510,1510,GCOMP1510,ALTAGAS SERVICES INC,09-04-015-26-W4,NOT AVAILABLE,AB,NOT AVAILABLE,NOT APPLICABLE,NATURAL GAS COMPRESSOR STATION,IN SERVICE,WILLOW CREEK NO. 26,NOT APPLICABLE,CAN,50.232444,-113.51224,486210,PIPELINE TRANSPORTATION OF NATURAL GAS,ALBERTA ENERGY REGULATOR,2020/05/05 00:00:00+00,IMAGERY/OTHER,2020/05/05 00:00:00+00,https://www.aer.ca/,CAMPUS ENERGY PARTNERS OPERATION,A81C,CAMPUS ENERGY PARTNERS OPERATION,WITHIN 40 FEET,-999,-999,-999,-999,-999,-999,-999,-999,1970/01/01 00:00:00+00,-999,-999
-113.814231,49.3133530000001,1511,1511,GCOMP1511,ALTAGAS UTILITIES INC,"4311 RANGE ROAD 292; 09-22-004-29-W4",NOT AVAILABLE,AB,NOT AVAILABLE,NOT APPLICABLE,NATURAL GAS COMPRESSOR STATION,IN SERVICE,PINCHER CREEK NO. 9,NOT APPLICABLE,CAN,49.313353,-113.814231,486210,PIPELINE TRANSPORTATION OF NATURAL GAS,ALBERTA ENERGY REGULATOR,2020/05/05 00:00:00+00,IMAGERY/OTHER,2020/05/05 00:00:00+00,https://www.aer.ca/,ALTAGAS UTILITIES INC.,0190,ALTAGAS UTILITIES INC.,WITHIN 40 FEET,-999,-999,-999,-999,-999,-999,-999,-999,1970/01/01 00:00:00+00,-999,-999
-111.886904,50.175392,1512,1512,GCOMP1512,ANADARKO CANADA CORPORATION (TABER A),"RANGE ROAD 145; 13-17-014-14-W4",NOT AVAILABLE,AB,NOT AVAILABLE,NOT APPLICABLE,NATURAL GAS COMPRESSOR STATION,IN SERVICE,TABER,NOT APPLICABLE,CAN,50.175392,-111.886904,486210,PIPELINE TRANSPORTATION OF NATURAL GAS,ALBERTA ENERGY REGULATOR,2020/05/05 00:00:00+00,IMAGERY/OTHER,2020/05/05 00:00:00+00,https://www.aer.ca/,CANADIAN NATURAL RESOURCES LIMITED,0HE9,CANADIAN NATURAL RESOURCES LIMITED,WITHIN 40 FEET,-999,-999,-999,-999,-999,-999,-999,-999,1970/01/01 00:00:00+00,-999,-999
-111.805806,50.0155810000001,1513,1513,GCOMP1513,ANADARKO CANADA CORPORATION (TABER B),"RANGE ROAD 141; 16-23-012-14-W4",NOT AVAILABLE,AB,NOT AVAILABLE,NOT APPLICABLE,NATURAL GAS COMPRESSOR STATION,IN SERVICE,TABER,NOT APPLICABLE,CAN,50.015581,-111.805806,486210,PIPELINE TRANSPORTATION OF NATURAL GAS,ALBERTA ENERGY REGULATOR,2020/05/05 00:00:00+00,IMAGERY/OTHER,2020/05/05 00:00:00+00,https://www.aer.ca/,CANADIAN NATURAL RESOURCES LIMITED,0HE9,CANADIAN NATURAL RESOURCES LIMITED,WITHIN 40 FEET,-999,-999,-999,-999,-999,-999,-999,-999,1970/01/01 00:00:00+00,-999,-999
-112.275604,50.4732430000001,1514,1514,GCOMP1514,ATLAS ENERGY LTD (NEWELL NO. 4),"NEAR RANGE ROAD 174 (1.4 KM W); 01-33-017-17-W4",NOT AVAILABLE,AB,NOT AVAILABLE,NOT APPLICABLE,NATURAL GAS COMPRESSOR STATION,IN SERVICE,NEWELL NO. 4,NOT APPLICABLE,CAN,50.473243,-112.275604,486210,PIPELINE TRANSPORTATION OF NATURAL GAS,ALBERTA ENERGY REGULATOR,2020/05/05 00:00:00+00,IMAGERY/OTHER,2020/05/05 00:00:00+00,https://www.aer.ca/,IPC CANADA LTD.,A868,IPC CANADA LTD.,WITHIN 40 FEET,-999,-999,-999,-999,-999,-999,-999,-999,1970/01/01 00:00:00+00,-999,-999
-112.459989,50.1569870000001,1515,1515,GCOMP1515,ATLAS ENERGY LTD (TABER),"RANGE ROAD 190; 05-07-014-18-W4",NOT AVAILABLE,AB,NOT AVAILABLE,NOT APPLICABLE,NATURAL GAS COMPRESSOR STATION,IN SERVICE,TABER,NOT APPLICABLE,CAN,50.156987,-112.459989,486210,PIPELINE TRANSPORTATION OF NATURAL GAS,ALBERTA ENERGY REGULATOR,2020/05/05 00:00:00+00,IMAGERY/OTHER,2020/05/05 00:00:00+00,https://www.aer.ca/,HOUSTON OIL & GAS LTD.,A74H,HOUSTON OIL & GAS LTD.,WITHIN 40 FEET,-999,-999,-999,-999,-999,-999,-999,-999,1970/01/01 00:00:00+00,-999,-999
-112.36557,50.3547750000001,1516,1516,GCOMP1516,ATLAS ENERGY LTD (VULCAN A),"RANGE ROAD 181; 01-23-016-18-W4",NOT AVAILABLE,AB,NOT AVAILABLE,NOT APPLICABLE,NATURAL GAS COMPRESSOR STATION,IN SERVICE,VULCAN,NOT APPLICABLE,CAN,50.354775,-112.36557,486210,PIPELINE TRANSPORTATION OF NATURAL GAS,ALBERTA ENERGY REGULATOR,2020/05/05 00:00:00+00,IMAGERY/OTHER,2020/05/05 00:00:00+00,https://www.aer.ca/,ZARGON OIL & GAS LTD.,0MP9,ZARGON OIL & GAS LTD.,WITHIN 40 FEET,-999,-999,-999,-999,-999,-999,-999,-999,1970/01/01 00:00:00+00,-999,-999
-112.843772,50.398583,1517,1517,GCOMP1517,ATLAS ENERGY LTD (VULCAN B),"213082 TOWNSHIP ROAD 170; 04-04-017-21-W4",NOT AVAILABLE,AB,NOT AVAILABLE,NOT APPLICABLE,NATURAL GAS COMPRESSOR STATION,IN SERVICE,VULCAN,NOT APPLICABLE,CAN,50.398583,-112.843772,486210,PIPELINE TRANSPORTATION OF NATURAL GAS,ALBERTA ENERGY REGULATOR,2020/05/05 00:00:00+00,IMAGERY/OTHER,2020/05/05 00:00:00+00,https://www.aer.ca/,IPC CANADA LTD.,A868,IPC CANADA LTD.,WITHIN 40 FEET,-999,-999,-999,-999,-999,-999,-999,-999,1970/01/01 00:00:00+00,-999,-999
-112.916245,50.4050310000001,1518,1518,GCOMP1518,ATLAS ENERGY LTD (VULCAN C),"170044 RANGE ROAD 221; 08-02-017-22-W4",NOT AVAILABLE,AB,NOT AVAILABLE,NOT APPLICABLE,NATURAL GAS COMPRESSOR STATION,IN SERVICE,VULCAN,NOT APPLICABLE,CAN,50.405031,-112.916245,486210,PIPELINE TRANSPORTATION OF NATURAL GAS,ALBERTA ENERGY REGULATOR,2020/05/05 00:00:00+00,IMAGERY/OTHER,2020/05/05 00:00:00+00,https://www.aer.ca/,IPC CANADA LTD.,A868,IPC CANADA LTD.,WITHIN 40 FEET,-999,-999,-999,-999,-999,-999,-999,-999,1970/01/01 00:00:00+00,-999,-999
-112.690418,50.4016800000001,1519,1519,GCOMP1519,ATLAS ENERGY LTD (VULCAN D),"NEAR TOWNSHIP ROAD 170 (0.6 KM S); 08-04-017-20-W4",NOT AVAILABLE,AB,NOT AVAILABLE,NOT APPLICABLE,NATURAL GAS COMPRESSOR STATION,IN SERVICE,VULCAN,NOT APPLICABLE,CAN,50.40168,-112.690418,486210,PIPELINE TRANSPORTATION OF NATURAL GAS,ALBERTA ENERGY REGULATOR,2020/05/05 00:00:00+00,IMAGERY/OTHER,2020/05/05 00:00:00+00,https://www.aer.ca/,IPC CANADA LTD.,A868,IPC CANADA LTD.,WITHIN 40 FEET,-999,-999,-999,-999,-999,-999,-999,-999,1970/01/01 00:00:00+00,-999,-999
-112.737498,50.3654960000001,1520,1520,GCOMP1520,ATLAS ENERGY LTD (VULCAN E),"NEAR RANGE ROAD 205 (0.6 KM E); 15-19-016-20-W4",NOT AVAILABLE,AB,NOT AVAILABLE,NOT APPLICABLE,NATURAL GAS COMPRESSOR STATION,IN SERVICE,VULCAN,NOT APPLICABLE,CAN,50.365496,-112.737498,486210,PIPELINE TRANSPORTATION OF NATURAL GAS,ALBERTA ENERGY REGULATOR,2020/05/05 00:00:00+00,IMAGERY/OTHER,2020/05/05 00:00:00+00,https://www.aer.ca/,IPC CANADA LTD.,A868,IPC CANADA LTD.,WITHIN 40 FEET,-999,-999,-999,-999,-999,-999,-999,-999,1970/01/01 00:00:00+00,-999,-999
-112.823322,50.41112,1521,1521,GCOMP1521,ATLAS ENERGY LTD (VULCAN F),"TOWNSHIP ROAD 171; 16-04-017-21-W4",NOT AVAILABLE,AB,NOT AVAILABLE,NOT APPLICABLE,NATURAL GAS COMPRESSOR STATION,IN SERVICE,VULCAN,NOT APPLICABLE,CAN,50.41112,-112.823322,486210,PIPELINE TRANSPORTATION OF NATURAL GAS,ALBERTA ENERGY REGULATOR,2020/05/05 00:00:00+00,IMAGERY/OTHER,2020/05/05 00:00:00+00,https://www.aer.ca/,IPC CANADA LTD.,A868,IPC CANADA LTD.,WITHIN 40 FEET,-999,-999,-999,-999,-999,-999,-999,-999,1970/01/01 00:00:00+00,-999,-999
-112.936323,49.690954,1522,1522,GCOMP1522,BONAVISTA OIL & GAS LTD (LETHBRIDGE),"85039 RANGE ROAD 224; 05-33-008-22-W4",NOT AVAILABLE,AB,NOT AVAILABLE,NOT APPLICABLE,NATURAL GAS COMPRESSOR STATION,IN SERVICE,LETHBRIDGE,NOT APPLICABLE,CAN,49.690954,-112.936323,486210,PIPELINE TRANSPORTATION OF NATURAL GAS,ALBERTA ENERGY REGULATOR,2020/05/05 00:00:00+00,IMAGERY/OTHER,2020/05/05 00:00:00+00,https://www.aer.ca/,TAMARACK ACQUISITION CORP.,A5TT,TAMARACK ACQUISITION CORP.,WITHIN 40 FEET,-999,-999,-999,-999,-999,-999,-999,-999,1970/01/01 00:00:00+00,-999,-999
-112.91367,49.5750830000001,1523,1523,GCOMP1523,BONAVISTA OIL & GAS LTD (BLOOD),12-22-007-22-W4,NOT AVAILABLE,AB,NOT AVAILABLE,NOT APPLICABLE,NATURAL GAS COMPRESSOR STATION,IN SERVICE,BLOOD,NOT APPLICABLE,CAN,49.575083,-112.91367,486210,PIPELINE TRANSPORTATION OF NATURAL GAS,ALBERTA ENERGY REGULATOR,2020/05/05 00:00:00+00,IMAGERY/OTHER,2020/05/05 00:00:00+00,https://www.aer.ca/,TAMARACK ACQUISITION CORP.,A5TT,TAMARACK ACQUISITION CORP.,WITHIN 40 FEET,-999,-999,-999,-999,-999,-999,-999,-999,1970/01/01 00:00:00+00,-999,-999
-112.923844,49.496994,1524,1524,GCOMP1524,BONAVISTA PETROLEUM LTD (CARDSTON A),"RANGE ROAD 224; 01-29-006-22-W4",NOT AVAILABLE,AB,NOT AVAILABLE,NOT APPLICABLE,NATURAL GAS COMPRESSOR STATION,IN SERVICE,CARDSTON,NOT APPLICABLE,CAN,49.496994,-112.923844,486210,PIPELINE TRANSPORTATION OF NATURAL GAS,ALBERTA ENERGY REGULATOR,2020/05/05 00:00:00+00,IMAGERY/OTHER,2020/05/05 00:00:00+00,https://www.aer.ca/,TAMARACK ACQUISITION CORP.,A5TT,TAMARACK ACQUISITION CORP.,WITHIN 40 FEET,-999,-999,-999,-999,-999,-999,-999,-999,1970/01/01 00:00:00+00,-999,-999
-112.877932,49.5141140000001,1525,1525,GCOMP1525,BONAVISTA PETROLEUM LTD (CARDSTON B),"65024 RANGE ROAD 222; 08-34-006-22-W4",NOT AVAILABLE,AB,NOT AVAILABLE,NOT APPLICABLE,NATURAL GAS COMPRESSOR STATION,IN SERVICE,CARDSTON,NOT APPLICABLE,CAN,49.514114,-112.877932,486210,PIPELINE TRANSPORTATION OF NATURAL GAS,ALBERTA ENERGY REGULATOR,2020/05/05 00:00:00+00,IMAGERY/OTHER,2020/05/05 00:00:00+00,https://www.aer.ca/,TAMARACK ACQUISITION CORP.,A5TT,TAMARACK ACQUISITION CORP.,WITHIN 40 FEET,-999,-999,-999,-999,-999,-999,-999,-999,1970/01/01 00:00:00+00,-999,-999
-112.867413,49.5994040000001,1526,1526,GCOMP1526,BONAVISTA PETROLEUM LTD (LETHBRIDGE A),"RANGE ROAD 221; 04-36-007-22-W4",NOT AVAILABLE,AB,NOT AVAILABLE,NOT APPLICABLE,NATURAL GAS COMPRESSOR STATION,IN SERVICE,LETHBRIDGE,NOT APPLICABLE,CAN,49.599404,-112.867413,486210,PIPELINE TRANSPORTATION OF NATURAL GAS,ALBERTA ENERGY REGULATOR,2020/05/05 00:00:00+00,IMAGERY/OTHER,2020/05/05 00:00:00+00,https://www.aer.ca/,TAMARACK ACQUISITION CORP.,A5TT,TAMARACK ACQUISITION CORP.,WITHIN 40 FEET,-999,-999,-999,-999,-999,-999,-999,-999,1970/01/01 00:00:00+00,-999,-999
-112.867899,49.5997590000001,1527,1527,GCOMP1527,BONAVISTA PETROLEUM LTD (LETHBRIDGE B),"RANGE ROAD 221; 04-36-007-22-W4",NOT AVAILABLE,AB,NOT AVAILABLE,NOT APPLICABLE,NATURAL GAS COMPRESSOR STATION,IN SERVICE,LETHBRIDGE,NOT APPLICABLE,CAN,49.599759,-112.867899,486210,PIPELINE TRANSPORTATION OF NATURAL GAS,ALBERTA ENERGY REGULATOR,2020/05/05 00:00:00+00,IMAGERY/OTHER,2020/05/05 00:00:00+00,https://www.aer.ca/,TAMARACK ACQUISITION CORP.,A5TT,TAMARACK ACQUISITION CORP.,WITHIN 40 FEET,-999,-999,-999,-999,-999,-999,-999,-999,1970/01/01 00:00:00+00,-999,-999
-112.874528,49.617803,1528,1528,GCOMP1528,BONAVISTA PETROLEUM LTD (LETHBRIDGE C),"NEAR TOWNSHIP ROAD 80 (0.6 KM S); 08-02-008-22-W4",NOT AVAILABLE,AB,NOT AVAILABLE,NOT APPLICABLE,NATURAL GAS COMPRESSOR STATION,IN SERVICE,LETHBRIDGE,NOT APPLICABLE,CAN,49.617803,-112.874528,486210,PIPELINE TRANSPORTATION OF NATURAL GAS,ALBERTA ENERGY REGULATOR,2020/05/05 00:00:00+00,IMAGERY/OTHER,2020/05/05 00:00:00+00,https://www.aer.ca/,TAMARACK ACQUISITION CORP.,A5TT,TAMARACK ACQUISITION CORP.,WITHIN 40 FEET,-999,-999,-999,-999,-999,-999,-999,-999,1970/01/01 00:00:00+00,-999,-999
-112.908766,49.6306480000001,1529,1529,GCOMP1529,BONAVISTA PETROLEUM LTD (LETHBRIDGE D),06-10-008-22-W4,NOT AVAILABLE,AB,NOT AVAILABLE,NOT APPLICABLE,NATURAL GAS COMPRESSOR STATION,IN SERVICE,LETHBRIDGE,NOT APPLICABLE,CAN,49.630648,-112.908766,486210,PIPELINE TRANSPORTATION OF NATURAL GAS,ALBERTA ENERGY REGULATOR,2020/05/05 00:00:00+00,IMAGERY/OTHER,2020/05/05 00:00:00+00,https://www.aer.ca/,TAMARACK ACQUISITION CORP.,A5TT,TAMARACK ACQUISITION CORP.,WITHIN 40 FEET,-999,-999,-999,-999,-999,-999,-999,-999,1970/01/01 00:00:00+00,-999,-999
-113.925654,50.397902,1530,1530,GCOMP1530,"BORDER MIDSTREAM SERVICES, LTD","722 AVENUE EAST; 02-04-017-29-W4",NOT AVAILABLE,AB,NOT AVAILABLE,NOT APPLICABLE,NATURAL GAS COMPRESSOR STATION,IN SERVICE,FOOTHILLS NO. 31,NOT APPLICABLE,CAN,50.397902,-113.925654,486210,PIPELINE TRANSPORTATION OF NATURAL GAS,ALBERTA ENERGY REGULATOR,2020/05/05 00:00:00+00,IMAGERY/OTHER,2020/05/05 00:00:00+00,https://www.aer.ca/,"BORDER MIDSTREAM SERVICES, LTD.",0A3G,"BORDER MIDSTREAM SERVICES, LTD.",WITHIN 40 FEET,-999,-999,-999,-999,-999,-999,-999,-999,1970/01/01 00:00:00+00,-999,-999
-111.471622,49.9016130000001,1531,1531,GCOMP1531,BRIGUS RESOURCES LTD,"114043 TOWNSHIP ROAD 112A; 14-08-011-11-W4",NOT AVAILABLE,AB,NOT AVAILABLE,NOT APPLICABLE,NATURAL GAS COMPRESSOR STATION,IN SERVICE,FORTY MILE NO. 8,NOT APPLICABLE,CAN,49.901613,-111.471622,486210,PIPELINE TRANSPORTATION OF NATURAL GAS,ALBERTA ENERGY REGULATOR,2020/05/05 00:00:00+00,IMAGERY/OTHER,2020/05/05 00:00:00+00,https://www.aer.ca/,WEST LAKE ENERGY CORP.,A7H7,WEST LAKE ENERGY CORP.,WITHIN 40 FEET,-999,-999,-999,-999,-999,-999,-999,-999,1970/01/01 00:00:00+00,-999,-999
-112.389201,49.412447,1532,1532,GCOMP1532,BURLINGTON RESOURCES CANADA (HUNTER) (WARNER NO. 5),"NEAR RANGE ROAD 184 (0.6 KME); 07-29-005-18-W4",NOT AVAILABLE,AB,NOT AVAILABLE,NOT APPLICABLE,NATURAL GAS COMPRESSOR STATION,IN SERVICE,WARNER NO. 5,NOT APPLICABLE,CAN,49.412447,-112.389201,486210,PIPELINE TRANSPORTATION OF NATURAL GAS,ALBERTA ENERGY REGULATOR,2020/05/05 00:00:00+00,IMAGERY/OTHER,2020/05/05 00:00:00+00,https://www.aer.ca/,ALPHABOW ENERGY LTD.,A7H2,ALPHABOW ENERGY LTD.,WITHIN 40 FEET,-999,-999,-999,-999,-999,-999,-999,-999,1970/01/01 00:00:00+00,-999,-999
-113.624339,50.0283620000001,1533,1533,GCOMP1533,BURLINGTON RESOURCES CANADA (HUNTER) (WILLOW CREEK NO. 26 A),"NEAR RANGE ROAD 274 (1.0 KM W); 10-28-012-27-W4",NOT AVAILABLE,AB,NOT AVAILABLE,NOT APPLICABLE,NATURAL GAS COMPRESSOR STATION,IN SERVICE,WILLOW CREEK NO. 26,NOT APPLICABLE,CAN,50.028362,-113.624339,486210,PIPELINE TRANSPORTATION OF NATURAL GAS,ALBERTA ENERGY REGULATOR,2020/05/05 00:00:00+00,IMAGERY/OTHER,2020/05/05 00:00:00+00,https://www.aer.ca/,CANADIAN NATURAL RESOURCES LIMITED,0HE9,CANADIAN NATURAL RESOURCES LIMITED,WITHIN 40 FEET,-999,-999,-999,-999,-999,-999,-999,-999,1970/01/01 00:00:00+00,-999,-999
-113.41034,49.92576,1534,1534,GCOMP1534,BURLINGTON RESOURCES CANADA (HUNTER) (WILLOW CREEK NO. 26 B),12-19-011-25-W4,NOT AVAILABLE,AB,NOT AVAILABLE,NOT APPLICABLE,NATURAL GAS COMPRESSOR STATION,IN SERVICE,WILLOW CREEK NO. 26,NOT APPLICABLE,CAN,49.92576,-113.41034,486210,PIPELINE TRANSPORTATION OF NATURAL GAS,ALBERTA ENERGY REGULATOR,2020/05/05 00:00:00+00,IMAGERY/OTHER,2020/05/05 00:00:00+00,https://www.aer.ca/,CANADIAN NATURAL RESOURCES LIMITED,0HE9,CANADIAN NATURAL RESOURCES LIMITED,WITHIN 40 FEET,-999,-999,-999,-999,-999,-999,-999,-999,1970/01/01 00:00:00+00,-999,-999
-113.950343,50.4233310000001,1535,1535,GCOMP1535,CANADIAN 88 ENERGY CORP,15-08-017-29-W4,NOT AVAILABLE,AB,NOT AVAILABLE,NOT APPLICABLE,NATURAL GAS COMPRESSOR STATION,IN SERVICE,FOOTHILLS NO. 31,NOT APPLICABLE,CAN,50.423331,-113.950343,486210,PIPELINE TRANSPORTATION OF NATURAL GAS,ALBERTA ENERGY REGULATOR,2020/05/05 00:00:00+00,IMAGERY/OTHER,2020/05/05 00:00:00+00,https://www.aer.ca/,CONA RESOURCES LTD.,A5K1,CONA RESOURCES LTD.,WITHIN 40 FEET,-999,-999,-999,-999,-999,-999,-999,-999,1970/01/01 00:00:00+00,-999,-999
-112.466737,49.6151750000001,1536,1536,GCOMP1536,CANADIAN HUNTER EXPLORATION LTD (LETHBRIDGE A),"80224 RANGE ROAD 191; 08-02-008-19-W4",NOT AVAILABLE,AB,NOT AVAILABLE,NOT APPLICABLE,NATURAL GAS COMPRESSOR STATION,IN SERVICE,LETHBRIDGE,NOT APPLICABLE,CAN,49.615175,-112.466737,486210,PIPELINE TRANSPORTATION OF NATURAL GAS,ALBERTA ENERGY REGULATOR,2020/05/05 00:00:00+00,IMAGERY/OTHER,2020/05/05 00:00:00+00,https://www.aer.ca/,ALPHABOW ENERGY LTD.,A7H2,ALPHABOW ENERGY LTD.,WITHIN 40 FEET,-999,-999,-999,-999,-999,-999,-999,-999,1970/01/01 00:00:00+00,-999,-999
-112.554018,49.793414,1537,1537,GCOMP1537,CANADIAN HUNTER EXPLORATION LTD (LETHBRIDGE B),"101015 RANGE ROAD 195; 12-05-010-19-W4",NOT AVAILABLE,AB,NOT AVAILABLE,NOT APPLICABLE,NATURAL GAS COMPRESSOR STATION,IN SERVICE,LETHBRIDGE,NOT APPLICABLE,CAN,49.793414,-112.554018,486210,PIPELINE TRANSPORTATION OF NATURAL GAS,ALBERTA ENERGY REGULATOR,2020/05/05 00:00:00+00,IMAGERY/OTHER,2020/05/05 00:00:00+00,https://www.aer.ca/,ALPHABOW ENERGY LTD.,A7H2,ALPHABOW ENERGY LTD.,WITHIN 40 FEET,-999,-999,-999,-999,-999,-999,-999,-999,1970/01/01 00:00:00+00,-999,-999
-112.735635,49.5813170000001,1538,1538,GCOMP1538,CANADIAN HUNTER EXPLORATION LTD (LETHBRIDGE C),"73086 RANGE ROAD 221; 16-23-007-21-W4",NOT AVAILABLE,AB,NOT AVAILABLE,NOT APPLICABLE,NATURAL GAS COMPRESSOR STATION,IN SERVICE,LETHBRIDGE,NOT APPLICABLE,CAN,49.581317,-112.735635,486210,PIPELINE TRANSPORTATION OF NATURAL GAS,ALBERTA ENERGY REGULATOR,2020/05/05 00:00:00+00,IMAGERY/OTHER,2020/05/05 00:00:00+00,https://www.aer.ca/,ALPHABOW ENERGY LTD.,A7H2,ALPHABOW ENERGY LTD.,WITHIN 40 FEET,-999,-999,-999,-999,-999,-999,-999,-999,1970/01/01 00:00:00+00,-999,-999
-112.458335,49.517794,1539,1539,GCOMP1539,CANADIAN HUNTER EXPLORATION LTD (WARNER NO. 5),"NEAR 61 HIGHWAY (0.6 KM N); 10-35-006-19-W4",NOT AVAILABLE,AB,NOT AVAILABLE,NOT APPLICABLE,NATURAL GAS COMPRESSOR STATION,IN SERVICE,WARNER NO. 5,NOT APPLICABLE,CAN,49.517794,-112.458335,486210,PIPELINE TRANSPORTATION OF NATURAL GAS,ALBERTA ENERGY REGULATOR,2020/05/05 00:00:00+00,IMAGERY/OTHER,2020/05/05 00:00:00+00,https://www.aer.ca/,ALPHABOW ENERGY LTD.,A7H2,ALPHABOW ENERGY LTD.,WITHIN 40 FEET,-999,-999,-999,-999,-999,-999,-999,-999,1970/01/01 00:00:00+00,-999,-999
-113.563227,50.3175600000001,1540,1540,GCOMP1540,CANADIAN HUNTER EXPLORATION LTD (WILLOW CREEK NO. 26 A),10-06-016-26-W4,NOT AVAILABLE,AB,NOT AVAILABLE,NOT APPLICABLE,NATURAL GAS COMPRESSOR STATION,IN SERVICE,WILLOW CREEK NO. 26,NOT APPLICABLE,CAN,50.31756,-113.563227,486210,PIPELINE TRANSPORTATION OF NATURAL GAS,ALBERTA ENERGY REGULATOR,2020/05/05 00:00:00+00,IMAGERY/OTHER,2020/05/05 00:00:00+00,https://www.aer.ca/,CENOVUS ENERGY INC.,12948,CENOVUS ENERGY INC.,WITHIN 40 FEET,-999,-999,-999,-999,-999,-999,-999,-999,1970/01/01 00:00:00+00,-999,-999
-113.544974,49.958108,1541,1541,GCOMP1541,CANADIAN HUNTER EXPLORATION LTD (WILLOW CREEK NO. 26 B),"2 HIGHWAY; 13-31-011-26-W4",NOT AVAILABLE,AB,NOT AVAILABLE,NOT APPLICABLE,NATURAL GAS COMPRESSOR STATION,IN SERVICE,WILLOW CREEK NO. 26,NOT APPLICABLE,CAN,49.958108,-113.544974,486210,PIPELINE TRANSPORTATION OF NATURAL GAS,ALBERTA ENERGY REGULATOR,2020/05/05 00:00:00+00,IMAGERY/OTHER,2020/05/05 00:00:00+00,https://www.aer.ca/,CANADIAN NATURAL RESOURCES LIMITED,0HE9,CANADIAN NATURAL RESOURCES LIMITED,WITHIN 40 FEET,-999,-999,-999,-999,-999,-999,-999,-999,1970/01/01 00:00:00+00,-999,-999
-113.566933,50.2634630000001,1542,1542,GCOMP1542,CANADIAN HUNTER EXPLORATION LTD (WILLOW CREEK NO. 26 C),14-18-015-26-W4,NOT AVAILABLE,AB,NOT AVAILABLE,NOT APPLICABLE,NATURAL GAS COMPRESSOR STATION,IN SERVICE,WILLOW CREEK NO. 26,NOT APPLICABLE,CAN,50.263463,-113.566933,486210,PIPELINE TRANSPORTATION OF NATURAL GAS,ALBERTA ENERGY REGULATOR,2020/05/05 00:00:00+00,IMAGERY/OTHER,2020/05/05 00:00:00+00,https://www.aer.ca/,CENOVUS ENERGY INC.,12948,CENOVUS ENERGY INC.,WITHIN 40 FEET,-999,-999,-999,-999,-999,-999,-999,-999,1970/01/01 00:00:00+00,-999,-999
-113.509329,50.2197160000001,1543,1543,GCOMP1543,CANADIAN HUNTER EXPLORATION LTD (WILLOW CREEK NO. 26 D),16-32-014-26-W4,NOT AVAILABLE,AB,NOT AVAILABLE,NOT APPLICABLE,NATURAL GAS COMPRESSOR STATION,IN SERVICE,WILLOW CREEK NO. 26,NOT APPLICABLE,CAN,50.219716,-113.509329,486210,PIPELINE TRANSPORTATION OF NATURAL GAS,ALBERTA ENERGY REGULATOR,2020/05/05 00:00:00+00,IMAGERY/OTHER,2020/05/05 00:00:00+00,https://www.aer.ca/,CENOVUS ENERGY INC.,12948,CENOVUS ENERGY INC.,WITHIN 40 FEET,-999,-999,-999,-999,-999,-999,-999,-999,1970/01/01 00:00:00+00,-999,-999
-111.307883,50.1019910000001,1544,1544,GCOMP1544,CANADIAN NATURAL RESOURCES LIMITED (CYPRESS A),"NEAR 524 HIGHWAY (0.6 KM N); 10-21-013-10-W4",NOT AVAILABLE,AB,NOT AVAILABLE,NOT APPLICABLE,NATURAL GAS COMPRESSOR STATION,IN SERVICE,CYPRESS,NOT APPLICABLE,CAN,50.101991,-111.307883,486210,PIPELINE TRANSPORTATION OF NATURAL GAS,ALBERTA ENERGY REGULATOR,2020/05/05 00:00:00+00,IMAGERY/OTHER,2020/05/05 00:00:00+00,https://www.aer.ca/,CANADIAN NATURAL RESOURCES LIMITED,0HE9,CANADIAN NATURAL RESOURCES LIMITED,WITHIN 40 FEET,-999,-999,-999,-999,-999,-999,-999,-999,1970/01/01 00:00:00+00,-999,-999
-111.30234,50.19212,1545,1545,GCOMP1545,CANADIAN NATURAL RESOURCES LIMITED (CYPRESS B),"TOWNSHIP ROAD 144; 16-21-014-10-W4",NOT AVAILABLE,AB,NOT AVAILABLE,NOT APPLICABLE,NATURAL GAS COMPRESSOR STATION,IN SERVICE,CYPRESS,NOT APPLICABLE,CAN,50.19212,-111.30234,486210,PIPELINE TRANSPORTATION OF NATURAL GAS,ALBERTA ENERGY REGULATOR,2020/05/05 00:00:00+00,IMAGERY/OTHER,2020/05/05 00:00:00+00,https://www.aer.ca/,CANADIAN NATURAL RESOURCES LIMITED,0HE9,CANADIAN NATURAL RESOURCES LIMITED,WITHIN 40 FEET,-999,-999,-999,-999,-999,-999,-999,-999,1970/01/01 00:00:00+00,-999,-999
-111.218388,49.4850680000001,1546,1546,GCOMP1546,CANADIAN NATURAL RESOURCES LIMITED (FORTY MILE NO. 8),"RANGE ROAD 100; 08-24-006-10-W4",NOT AVAILABLE,AB,NOT AVAILABLE,NOT APPLICABLE,NATURAL GAS COMPRESSOR STATION,IN SERVICE,FORTY MILE NO. 8,NOT APPLICABLE,CAN,49.485068,-111.218388,486210,PIPELINE TRANSPORTATION OF NATURAL GAS,ALBERTA ENERGY REGULATOR,2020/05/05 00:00:00+00,IMAGERY/OTHER,2020/05/05 00:00:00+00,https://www.aer.ca/,CANADIAN NATURAL RESOURCES LIMITED,0HE9,CANADIAN NATURAL RESOURCES LIMITED,WITHIN 40 FEET,-999,-999,-999,-999,-999,-999,-999,-999,1970/01/01 00:00:00+00,-999,-999
-111.469824,50.3157190000001,1547,1547,GCOMP1547,CANADIAN NATURAL RESOURCES LIMITED (NEWELL NO. 4 A),"RANGE ROAD 114; 05-04-016-11-W4",NOT AVAILABLE,AB,NOT AVAILABLE,NOT APPLICABLE,NATURAL GAS COMPRESSOR STATION,IN SERVICE,NEWELL NO. 4,NOT APPLICABLE,CAN,50.315719,-111.469824,486210,PIPELINE TRANSPORTATION OF NATURAL GAS,ALBERTA ENERGY REGULATOR,2020/05/05 00:00:00+00,IMAGERY/OTHER,2020/05/05 00:00:00+00,https://www.aer.ca/,CANADIAN NATURAL RESOURCES LIMITED,0HE9,CANADIAN NATURAL RESOURCES LIMITED,WITHIN 40 FEET,-999,-999,-999,-999,-999,-999,-999,-999,1970/01/01 00:00:00+00,-999,-999
-111.437954,50.2020360000001,1548,1548,GCOMP1548,CANADIAN NATURAL RESOURCES LIMITED (NEWELL NO. 4 B),"RANGE ROAD 113; 09-28-014-11-W4",NOT AVAILABLE,AB,NOT AVAILABLE,NOT APPLICABLE,NATURAL GAS COMPRESSOR STATION,IN SERVICE,NEWELL NO. 4,NOT APPLICABLE,CAN,50.202036,-111.437954,486210,PIPELINE TRANSPORTATION OF NATURAL GAS,ALBERTA ENERGY REGULATOR,2020/05/05 00:00:00+00,IMAGERY/OTHER,2020/05/05 00:00:00+00,https://www.aer.ca/,CANADIAN NATURAL RESOURCES LIMITED,0HE9,CANADIAN NATURAL RESOURCES LIMITED,WITHIN 40 FEET,-999,-999,-999,-999,-999,-999,-999,-999,1970/01/01 00:00:00+00,-999,-999
-112.100668,50.305375,1549,1549,GCOMP1549,CANADIAN NATURAL RESOURCES LIMITED (NEWELL NO. 4 C),"NEAR RANGE ROAD 161 (0.6 KM E); 11-08-002-11-W4",NOT AVAILABLE,AB,NOT AVAILABLE,NOT APPLICABLE,NATURAL GAS COMPRESSOR STATION,IN SERVICE,NEWELL NO. 4,NOT APPLICABLE,CAN,50.305375,-112.100668,486210,PIPELINE TRANSPORTATION OF NATURAL GAS,ALBERTA ENERGY REGULATOR,2020/05/05 00:00:00+00,IMAGERY/OTHER,2020/05/05 00:00:00+00,https://www.aer.ca/,CANADIAN NATURAL RESOURCES LIMITED,0HE9,CANADIAN NATURAL RESOURCES LIMITED,WITHIN 40 FEET,-999,-999,-999,-999,-999,-999,-999,-999,1970/01/01 00:00:00+00,-999,-999
-111.700926,50.3936770000001,1550,1550,GCOMP1550,CANADIAN NATURAL RESOURCES LIMITED (NEWELL NO. 4 D),"132079 535 HIGHWAY; 16-34-016-13-W4",NOT AVAILABLE,AB,NOT AVAILABLE,NOT APPLICABLE,NATURAL GAS COMPRESSOR STATION,IN SERVICE,NEWELL NO. 4,NOT APPLICABLE,CAN,50.393677,-111.700926,486210,PIPELINE TRANSPORTATION OF NATURAL GAS,ALBERTA ENERGY REGULATOR,2020/05/05 00:00:00+00,IMAGERY/OTHER,2020/05/05 00:00:00+00,https://www.aer.ca/,CANADIAN NATURAL RESOURCES LIMITED,0HE9,CANADIAN NATURAL RESOURCES LIMITED,WITHIN 40 FEET,-999,-999,-999,-999,-999,-999,-999,-999,1970/01/01 00:00:00+00,-999,-999
-112.058642,50.0577890000001,1551,1551,GCOMP1551,CANADIAN NATURAL RESOURCES LIMITED (TABER A),10-01-013-16-W4,NOT AVAILABLE,AB,NOT AVAILABLE,NOT APPLICABLE,NATURAL GAS COMPRESSOR STATION,IN SERVICE,TABER,NOT APPLICABLE,CAN,50.057789,-112.058642,486210,PIPELINE TRANSPORTATION OF NATURAL GAS,ALBERTA ENERGY REGULATOR,2020/05/05 00:00:00+00,IMAGERY/OTHER,2020/05/05 00:00:00+00,https://www.aer.ca/,CANADIAN NATURAL RESOURCES LIMITED,0HE9,CANADIAN NATURAL RESOURCES LIMITED,WITHIN 40 FEET,-999,-999,-999,-999,-999,-999,-999,-999,1970/01/01 00:00:00+00,-999,-999
-112.086585,50.1862980000001,1552,1552,GCOMP1552,CANADIAN NATURAL RESOURCES LIMITED (TABER B),11-23-014-16-W4,NOT AVAILABLE,AB,NOT AVAILABLE,NOT APPLICABLE,NATURAL GAS COMPRESSOR STATION,IN SERVICE,TABER,NOT APPLICABLE,CAN,50.186298,-112.086585,486210,PIPELINE TRANSPORTATION OF NATURAL GAS,ALBERTA ENERGY REGULATOR,2020/05/05 00:00:00+00,IMAGERY/OTHER,2020/05/05 00:00:00+00,https://www.aer.ca/,CANADIAN NATURAL RESOURCES LIMITED,0HE9,CANADIAN NATURAL RESOURCES LIMITED,WITHIN 40 FEET,-999,-999,-999,-999,-999,-999,-999,-999,1970/01/01 00:00:00+00,-999,-999
-113.042827,50.351641,1553,1553,GCOMP1553,CANADIAN NATURAL RESOURCES LIMITED (VULCAN A),"NEAR RANGE ROAD 231 (0.6 KM W); 14-13-016-23-W4",NOT AVAILABLE,AB,NOT AVAILABLE,NOT APPLICABLE,NATURAL GAS COMPRESSOR STATION,IN SERVICE,VULCAN,NOT APPLICABLE,CAN,50.351641,-113.042827,486210,PIPELINE TRANSPORTATION OF NATURAL GAS,ALBERTA ENERGY REGULATOR,2020/05/05 00:00:00+00,IMAGERY/OTHER,2020/05/05 00:00:00+00,https://www.aer.ca/,CANADIAN NATURAL RESOURCES LIMITED,0HE9,CANADIAN NATURAL RESOURCES LIMITED,WITHIN 40 FEET,-999,-999,-999,-999,-999,-999,-999,-999,1970/01/01 00:00:00+00,-999,-999
-113.01063,50.365416,1554,1554,GCOMP1554,CANADIAN NATURAL RESOURCES LIMITED (VULCAN B),"RANGE ROAD 225; 16-19-016-22-W4",NOT AVAILABLE,AB,NOT AVAILABLE,NOT APPLICABLE,NATURAL GAS COMPRESSOR STATION,IN SERVICE,VULCAN,NOT APPLICABLE,CAN,50.365416,-113.01063,486210,PIPELINE TRANSPORTATION OF NATURAL GAS,ALBERTA ENERGY REGULATOR,2020/05/05 00:00:00+00,IMAGERY/OTHER,2020/05/05 00:00:00+00,https://www.aer.ca/,CANADIAN NATURAL RESOURCES LIMITED,0HE9,CANADIAN NATURAL RESOURCES LIMITED,WITHIN 40 FEET,-999,-999,-999,-999,-999,-999,-999,-999,1970/01/01 00:00:00+00,-999,-999
-111.529866,49.1450610000001,1555,1555,GCOMP1555,CANADIAN NATURAL RESOURCES LIMITED (WARNER NO. 5 A),"NEAR TOWNSHIP ROAD 24 (0.6 KM ESE); 02-27-002-12-W4",NOT AVAILABLE,AB,NOT AVAILABLE,NOT APPLICABLE,NATURAL GAS COMPRESSOR STATION,IN SERVICE,WARNER NO. 5,NOT APPLICABLE,CAN,49.145061,-111.529866,486210,PIPELINE TRANSPORTATION OF NATURAL GAS,ALBERTA ENERGY REGULATOR,2020/05/05 00:00:00+00,IMAGERY/OTHER,2020/05/05 00:00:00+00,https://www.aer.ca/,CANADIAN NATURAL RESOURCES LIMITED,0HE9,CANADIAN NATURAL RESOURCES LIMITED,WITHIN 40 FEET,-999,-999,-999,-999,-999,-999,-999,-999,1970/01/01 00:00:00+00,-999,-999
-111.470534,49.14313,1556,1556,GCOMP1556,CANADIAN NATURAL RESOURCES LIMITED (WARNER NO. 5 B),"TOWNSHIP ROAD 24; 13-19-002-11-W4",NOT AVAILABLE,AB,NOT AVAILABLE,NOT APPLICABLE,NATURAL GAS COMPRESSOR STATION,IN SERVICE,WARNER NO. 5,NOT APPLICABLE,CAN,49.14313,-111.470534,486210,PIPELINE TRANSPORTATION OF NATURAL GAS,ALBERTA ENERGY REGULATOR,2020/05/05 00:00:00+00,IMAGERY/OTHER,2020/05/05 00:00:00+00,https://www.aer.ca/,CANADIAN NATURAL RESOURCES LIMITED,0HE9,CANADIAN NATURAL RESOURCES LIMITED,WITHIN 40 FEET,-999,-999,-999,-999,-999,-999,-999,-999,1970/01/01 00:00:00+00,-999,-999
-113.588348,50.0962210000001,1557,1557,GCOMP1557,CANADIAN NATURAL RESOURCES LIMITED (WILLOW CREEK NO. 26 A),"NEAR RANGE ROAD 272 (0.6 KMW); 06-23-013-27-W4",NOT AVAILABLE,AB,NOT AVAILABLE,NOT APPLICABLE,NATURAL GAS COMPRESSOR STATION,IN SERVICE,WILLOW CREEK NO. 26,NOT APPLICABLE,CAN,50.096221,-113.588348,486210,PIPELINE TRANSPORTATION OF NATURAL GAS,ALBERTA ENERGY REGULATOR,2020/05/05 00:00:00+00,IMAGERY/OTHER,2020/05/05 00:00:00+00,https://www.aer.ca/,CANADIAN NATURAL RESOURCES LIMITED,0HE9,CANADIAN NATURAL RESOURCES LIMITED,WITHIN 40 FEET,-999,-999,-999,-999,-999,-999,-999,-999,1970/01/01 00:00:00+00,-999,-999
-113.649618,50.0955960000001,1558,1558,GCOMP1558,CANADIAN NATURAL RESOURCES LIMITED (WILLOW CREEK NO. 26 B),07-20-013-27-W4,NOT AVAILABLE,AB,NOT AVAILABLE,NOT APPLICABLE,NATURAL GAS COMPRESSOR STATION,IN SERVICE,WILLOW CREEK NO. 26,NOT APPLICABLE,CAN,50.095596,-113.649618,486210,PIPELINE TRANSPORTATION OF NATURAL GAS,ALBERTA ENERGY REGULATOR,2020/05/05 00:00:00+00,IMAGERY/OTHER,2020/05/05 00:00:00+00,https://www.aer.ca/,CANADIAN NATURAL RESOURCES LIMITED,0HE9,CANADIAN NATURAL RESOURCES LIMITED,WITHIN 40 FEET,-999,-999,-999,-999,-999,-999,-999,-999,1970/01/01 00:00:00+00,-999,-999
-111.409058,49.1293030000001,1559,1559,GCOMP1559,CANADIAN NATURAL RESOURCES LIMITED (STATION A),05-22-002-11-W4,NOT AVAILABLE,AB,NOT AVAILABLE,NOT APPLICABLE,NATURAL GAS COMPRESSOR STATION,IN SERVICE,NOT AVAILABLE,NOT APPLICABLE,CAN,49.129303,-111.409058,486210,PIPELINE TRANSPORTATION OF NATURAL GAS,ALBERTA ENERGY REGULATOR,2020/05/05 00:00:00+00,IMAGERY/OTHER,2020/05/05 00:00:00+00,https://www.aer.ca/,CANADIAN NATURAL RESOURCES LIMITED,0HE9,CANADIAN NATURAL RESOURCES LIMITED,WITHIN 40 FEET,-999,-999,-999,-999,-999,-999,-999,-999,1970/01/01 00:00:00+00,-999,-999
-112.754889,49.299069,1560,1560,GCOMP1560,CANADIAN NATURAL RESOURCES LIMITED (STATION B),11-19-014-16-W4,NOT AVAILABLE,AB,NOT AVAILABLE,NOT APPLICABLE,NATURAL GAS COMPRESSOR STATION,IN SERVICE,NOT AVAILABLE,NOT APPLICABLE,CAN,49.299069,-112.754889,486210,PIPELINE TRANSPORTATION OF NATURAL GAS,ALBERTA ENERGY REGULATOR,2020/05/05 00:00:00+00,IMAGERY/OTHER,2020/05/05 00:00:00+00,https://www.aer.ca/,CANADIAN NATURAL RESOURCES LIMITED,0HE9,CANADIAN NATURAL RESOURCES LIMITED,WITHIN 40 FEET,-999,-999,-999,-999,-999,-999,-999,-999,1970/01/01 00:00:00+00,-999,-999
-113.788766,49.248428,1561,1561,GCOMP1561,CHOICE RESOURCES CORP (PINCHER CREEK NO. 9 A),04-36-003-29-W4,NOT AVAILABLE,AB,NOT AVAILABLE,NOT APPLICABLE,NATURAL GAS COMPRESSOR STATION,IN SERVICE,PINCHER CREEK NO. 9,NOT APPLICABLE,CAN,49.248428,-113.788766,486210,PIPELINE TRANSPORTATION OF NATURAL GAS,ALBERTA ENERGY REGULATOR,2020/05/05 00:00:00+00,IMAGERY/OTHER,2020/05/05 00:00:00+00,https://www.aer.ca/,WEST LAKE ENERGY CORP.,A7H7,WEST LAKE ENERGY CORP.,WITHIN 40 FEET,-999,-999,-999,-999,-999,-999,-999,-999,1970/01/01 00:00:00+00,-999,-999
-113.761004,49.221824,1562,1562,GCOMP1562,CHOICE RESOURCES CORP (PINCHER CREEK NO. 9 B),06-19-003-28-W4,NOT AVAILABLE,AB,NOT AVAILABLE,NOT APPLICABLE,NATURAL GAS COMPRESSOR STATION,IN SERVICE,PINCHER CREEK NO. 9,NOT APPLICABLE,CAN,49.221824,-113.761004,486210,PIPELINE TRANSPORTATION OF NATURAL GAS,ALBERTA ENERGY REGULATOR,2020/05/05 00:00:00+00,IMAGERY/OTHER,2020/05/05 00:00:00+00,https://www.aer.ca/,WEST LAKE ENERGY CORP.,A7H7,WEST LAKE ENERGY CORP.,WITHIN 40 FEET,-999,-999,-999,-999,-999,-999,-999,-999,1970/01/01 00:00:00+00,-999,-999
-111.744359,49.8452060000001,1563,1563,GCOMP1563,CHURCHILL ENERGY INC.,"104040 RANGE ROAD 135; 04-29-010-13-W4",NOT AVAILABLE,AB,NOT AVAILABLE,NOT APPLICABLE,NATURAL GAS COMPRESSOR STATION,IN SERVICE,TABER,NOT APPLICABLE,CAN,49.845206,-111.744359,486210,PIPELINE TRANSPORTATION OF NATURAL GAS,ALBERTA ENERGY REGULATOR,2020/05/05 00:00:00+00,IMAGERY/OTHER,2020/05/05 00:00:00+00,https://www.aer.ca/,ZARGON OIL & GAS LTD.,0MP9,ZARGON OIL & GAS LTD.,WITHIN 40 FEET,-999,-999,-999,-999,-999,-999,-999,-999,1970/01/01 00:00:00+00,-999,-999
-110.163274,49.9869810000001,1564,1564,GCOMP1564,CIGAR OIL & GAS LTD (CYPRESS A),"RANGE ROAD 21; 01-23-012-02-W4",NOT AVAILABLE,AB,NOT AVAILABLE,NOT APPLICABLE,NATURAL GAS COMPRESSOR STATION,IN SERVICE,CYPRESS,NOT APPLICABLE,CAN,49.9869810000001,-110.163274,486210,PIPELINE TRANSPORTATION OF NATURAL GAS,ALBERTA ENERGY REGULATOR,2020/05/05 00:00:00+00,IMAGERY/OTHER,2020/05/05 00:00:00+00,https://www.aer.ca/,BELLATRIX EXPLORATION LTD.,8850,BELLATRIX EXPLORATION LTD.,WITHIN 40 FEET,-999,-999,-999,-999,-999,-999,-999,-999,1970/01/01 00:00:00+00,-999,-999
-110.163225153,49.986985071,1565,1565,GCOMP1565,CIGAR OIL & GAS LTD (CYPRESS B),"RANGE ROAD 21; 01-23-012-02-W4",NOT AVAILABLE,AB,NOT AVAILABLE,NOT APPLICABLE,NATURAL GAS COMPRESSOR STATION,IN SERVICE,CYPRESS,NOT APPLICABLE,CAN,49.986985071,-110.163225153,486210,PIPELINE TRANSPORTATION OF NATURAL GAS,ALBERTA ENERGY REGULATOR,2020/05/05 00:00:00+00,IMAGERY/OTHER,2020/05/05 00:00:00+00,https://www.aer.ca/,BELLATRIX EXPLORATION LTD.,8850,BELLATRIX EXPLORATION LTD.,WITHIN 40 FEET,-999,-999,-999,-999,-999,-999,-999,-999,1970/01/01 00:00:00+00,-999,-999
-113.952287,50.4437770000001,1566,1566,GCOMP1566,COMPTON PETROLEUM CORPORATION (FOOTHILLS NO. 31 A),02-20-017-29-W4,NOT AVAILABLE,AB,NOT AVAILABLE,NOT APPLICABLE,NATURAL GAS COMPRESSOR STATION,IN SERVICE,FOOTHILLS NO. 31,NOT APPLICABLE,CAN,50.443777,-113.952287,486210,PIPELINE TRANSPORTATION OF NATURAL GAS,ALBERTA ENERGY REGULATOR,2020/05/05 00:00:00+00,IMAGERY/OTHER,2020/05/05 00:00:00+00,https://www.aer.ca/,LEXIN RESOURCES LTD.,0CW8,LEXIN RESOURCES LTD.,WITHIN 40 FEET,-999,-999,-999,-999,-999,-999,-999,-999,1970/01/01 00:00:00+00,-999,-999
-113.752053,50.415485,1567,1567,GCOMP1567,COMPTON PETROLEUM CORPORATION (FOOTHILLS NO. 31 B),06-11-017-28-W4,NOT AVAILABLE,AB,NOT AVAILABLE,NOT APPLICABLE,NATURAL GAS COMPRESSOR STATION,IN SERVICE,FOOTHILLS NO. 31,NOT APPLICABLE,CAN,50.415485,-113.752053,486210,PIPELINE TRANSPORTATION OF NATURAL GAS,ALBERTA ENERGY REGULATOR,2020/05/05 00:00:00+00,IMAGERY/OTHER,2020/05/05 00:00:00+00,https://www.aer.ca/,LEXIN RESOURCES LTD.,0CW8,LEXIN RESOURCES LTD.,WITHIN 40 FEET,-999,-999,-999,-999,-999,-999,-999,-999,1970/01/01 00:00:00+00,-999,-999
-113.844207,50.390206,1568,1568,GCOMP1568,COMPTON PETROLEUM CORPORATION (WILLOW CREEK NO. 26),"RANGE ROAD 290; 11-31-016-28-W4",NOT AVAILABLE,AB,NOT AVAILABLE,NOT APPLICABLE,NATURAL GAS COMPRESSOR STATION,IN SERVICE,WILLOW CREEK NO. 26,NOT APPLICABLE,CAN,50.390206,-113.844207,486210,PIPELINE TRANSPORTATION OF NATURAL GAS,ALBERTA ENERGY REGULATOR,2020/05/05 00:00:00+00,IMAGERY/OTHER,2020/05/05 00:00:00+00,https://www.aer.ca/,LEXIN RESOURCES LTD.,0CW8,LEXIN RESOURCES LTD.,WITHIN 40 FEET,-999,-999,-999,-999,-999,-999,-999,-999,1970/01/01 00:00:00+00,-999,-999
-112.37992,50.2020640000001,1569,1569,GCOMP1569,CONOCO CANADA RESOURCES LIMITED (TABER),10-27-014-18-W4,NOT AVAILABLE,AB,NOT AVAILABLE,NOT APPLICABLE,NATURAL GAS COMPRESSOR STATION,IN SERVICE,TABER,NOT APPLICABLE,CAN,50.202064,-112.37992,486210,PIPELINE TRANSPORTATION OF NATURAL GAS,ALBERTA ENERGY REGULATOR,2020/05/05 00:00:00+00,IMAGERY/OTHER,2020/05/05 00:00:00+00,https://www.aer.ca/,CENOVUS ENERGY INC.,12948,CENOVUS ENERGY INC.,WITHIN 40 FEET,-999,-999,-999,-999,-999,-999,-999,-999,1970/01/01 00:00:00+00,-999,-999
-112.72825,50.4044220000001,1570,1570,GCOMP1570,CONOCO CANADA RESOURCES LIMITED (VULCAN A),"RANGE ROAD 205; 05-05-017-20-W4",NOT AVAILABLE,AB,NOT AVAILABLE,NOT APPLICABLE,NATURAL GAS COMPRESSOR STATION,IN SERVICE,VULCAN,NOT APPLICABLE,CAN,50.404422,-112.72825,486210,PIPELINE TRANSPORTATION OF NATURAL GAS,ALBERTA ENERGY REGULATOR,2020/05/05 00:00:00+00,IMAGERY/OTHER,2020/05/05 00:00:00+00,https://www.aer.ca/,CENOVUS ENERGY INC.,12948,CENOVUS ENERGY INC.,WITHIN 40 FEET,-999,-999,-999,-999,-999,-999,-999,-999,1970/01/01 00:00:00+00,-999,-999
-112.716945,50.1750650000001,1571,1571,GCOMP1571,CONOCO CANADA RESOURCES LIMITED (VULCAN B),"204877 TOWNSHIP ROAD 42; 09-18-014-20-W4",NOT AVAILABLE,AB,NOT AVAILABLE,NOT APPLICABLE,NATURAL GAS COMPRESSOR STATION,IN SERVICE,VULCAN,NOT APPLICABLE,CAN,50.175065,-112.716945,486210,PIPELINE TRANSPORTATION OF NATURAL GAS,ALBERTA ENERGY REGULATOR,2020/05/05 00:00:00+00,IMAGERY/OTHER,2020/05/05 00:00:00+00,https://www.aer.ca/,CENOVUS ENERGY INC.,12948,CENOVUS ENERGY INC.,WITHIN 40 FEET,-999,-999,-999,-999,-999,-999,-999,-999,1970/01/01 00:00:00+00,-999,-999
-112.925344,50.3625710000001,1572,1572,GCOMP1572,CONOCO CANADA RESOURCES LIMITED (VULCAN C),"NEAR RANGE ROAD 221 (0.6 KM E); 10-23-016-22-W4",NOT AVAILABLE,AB,NOT AVAILABLE,NOT APPLICABLE,NATURAL GAS COMPRESSOR STATION,IN SERVICE,VULCAN,NOT APPLICABLE,CAN,50.362571,-112.925344,486210,PIPELINE TRANSPORTATION OF NATURAL GAS,ALBERTA ENERGY REGULATOR,2020/05/05 00:00:00+00,IMAGERY/OTHER,2020/05/05 00:00:00+00,https://www.aer.ca/,CENOVUS ENERGY INC.,12948,CENOVUS ENERGY INC.,WITHIN 40 FEET,-999,-999,-999,-999,-999,-999,-999,-999,1970/01/01 00:00:00+00,-999,-999
-112.907133,50.349067,1573,1573,GCOMP1573,CONOCO CANADA RESOURCES LIMITED (VULCAN D),"NEAR RANGE ROAD 221 (0.6 KM W); 11-13-016-22-W4",NOT AVAILABLE,AB,NOT AVAILABLE,NOT APPLICABLE,NATURAL GAS COMPRESSOR STATION,IN SERVICE,VULCAN,NOT APPLICABLE,CAN,50.349067,-112.907133,486210,PIPELINE TRANSPORTATION OF NATURAL GAS,ALBERTA ENERGY REGULATOR,2020/05/05 00:00:00+00,IMAGERY/OTHER,2020/05/05 00:00:00+00,https://www.aer.ca/,CENOVUS ENERGY INC.,12948,CENOVUS ENERGY INC.,WITHIN 40 FEET,-999,-999,-999,-999,-999,-999,-999,-999,1970/01/01 00:00:00+00,-999,-999
-112.728219,50.3923390000001,1574,1574,GCOMP1574,CONOCO CANADA RESOURCES LIMITED (VULCAN E),"165036 RANGE ROAD 205; 12-32-016-20-W4",NOT AVAILABLE,AB,NOT AVAILABLE,NOT APPLICABLE,NATURAL GAS COMPRESSOR STATION,IN SERVICE,VULCAN,NOT APPLICABLE,CAN,50.392339,-112.728219,486210,PIPELINE TRANSPORTATION OF NATURAL GAS,ALBERTA ENERGY REGULATOR,2020/05/05 00:00:00+00,IMAGERY/OTHER,2020/05/05 00:00:00+00,https://www.aer.ca/,CENOVUS ENERGY INC.,12948,CENOVUS ENERGY INC.,WITHIN 40 FEET,-999,-999,-999,-999,-999,-999,-999,-999,1970/01/01 00:00:00+00,-999,-999
-111.54103,49.6991170000001,1575,1575,GCOMP1575,CORINTHIAN ENERGY CORP.,"122002 TOWNSHIP ROAD 90; 01-03-009-12-W4",NOT AVAILABLE,AB,NOT AVAILABLE,NOT APPLICABLE,NATURAL GAS COMPRESSOR STATION,IN SERVICE,FORTY MILE NO. 8,NOT APPLICABLE,CAN,49.699117,-111.54103,486210,PIPELINE TRANSPORTATION OF NATURAL GAS,ALBERTA ENERGY REGULATOR,2020/05/05 00:00:00+00,IMAGERY/OTHER,2020/05/05 00:00:00+00,https://www.aer.ca/,SURGE ENERGY INC.,0YK4,SURGE ENERGY INC.,WITHIN 40 FEET,-999,-999,-999,-999,-999,-999,-999,-999,1970/01/01 00:00:00+00,-999,-999
-112.182001,50.1891420000001,1576,1576,GCOMP1576,DEETHREE EXPLORATION LTD. (TABER),11-15-004-21-W4,NOT AVAILABLE,AB,NOT AVAILABLE,NOT APPLICABLE,NATURAL GAS COMPRESSOR STATION,IN SERVICE,TABER,NOT APPLICABLE,CAN,50.189142,-112.182001,486210,PIPELINE TRANSPORTATION OF NATURAL GAS,ALBERTA ENERGY REGULATOR,2020/05/05 00:00:00+00,IMAGERY/OTHER,2020/05/05 00:00:00+00,https://www.aer.ca/,GRANITE OIL CORP.,A2PJ,GRANITE OIL CORP.,WITHIN 40 FEET,-999,-999,-999,-999,-999,-999,-999,-999,1970/01/01 00:00:00+00,-999,-999
-112.178353,49.230465,1577,1577,GCOMP1577,DEETHREE EXPLORATION LTD. (WARNER NO. 5),"17029 TOWNSHIP RANGE ROAD 34; 13-24-003-17-W4",NOT AVAILABLE,AB,NOT AVAILABLE,NOT APPLICABLE,NATURAL GAS COMPRESSOR STATION,IN SERVICE,WARNER NO. 5,NOT APPLICABLE,CAN,49.230465,-112.178353,486210,PIPELINE TRANSPORTATION OF NATURAL GAS,ALBERTA ENERGY REGULATOR,2020/05/05 00:00:00+00,IMAGERY/OTHER,2020/05/05 00:00:00+00,https://www.aer.ca/,GRANITE OIL CORP.,A2PJ,GRANITE OIL CORP.,WITHIN 40 FEET,-999,-999,-999,-999,-999,-999,-999,-999,1970/01/01 00:00:00+00,-999,-999
-110.66637,50.165147,1578,1578,GCOMP1578,DIRECT ENERGY MARKETING LIMITED (CYPRESS A),"NEAR TOWNSHIP ROAD 142A (1.6 KM WNW); 01-18-014-05-W4",NOT AVAILABLE,AB,NOT AVAILABLE,NOT APPLICABLE,NATURAL GAS COMPRESSOR STATION,IN SERVICE,CYPRESS,NOT APPLICABLE,CAN,50.165147,-110.66637,486210,PIPELINE TRANSPORTATION OF NATURAL GAS,ALBERTA ENERGY REGULATOR,2020/05/05 00:00:00+00,IMAGERY/OTHER,2020/05/05 00:00:00+00,https://www.aer.ca/,CANLIN RESOURCES PARTNERSHIP,A68P,CANLIN RESOURCES PARTNERSHIP,WITHIN 40 FEET,-999,-999,-999,-999,-999,-999,-999,-999,1970/01/01 00:00:00+00,-999,-999
-110.73375,50.186183,1579,1579,GCOMP1579,DIRECT ENERGY MARKETING LIMITED (CYPRESS B),"RANGE ROAD 62; 08-22-014-06-W4",NOT AVAILABLE,AB,NOT AVAILABLE,NOT APPLICABLE,NATURAL GAS COMPRESSOR STATION,IN SERVICE,CYPRESS,NOT APPLICABLE,CAN,50.186183,-110.73375,486210,PIPELINE TRANSPORTATION OF NATURAL GAS,ALBERTA ENERGY REGULATOR,2020/05/05 00:00:00+00,IMAGERY/OTHER,2020/05/05 00:00:00+00,https://www.aer.ca/,CANLIN RESOURCES PARTNERSHIP,A68P,CANLIN RESOURCES PARTNERSHIP,WITHIN 40 FEET,-999,-999,-999,-999,-999,-999,-999,-999,1970/01/01 00:00:00+00,-999,-999
-110.704631,50.186493,1580,1580,GCOMP1580,DIRECT ENERGY MARKETING LIMITED (CYPRESS C),"14334 BOX SPRINGS ROAD; 12-24-014-06-W4",NOT AVAILABLE,AB,NOT AVAILABLE,NOT APPLICABLE,NATURAL GAS COMPRESSOR STATION,IN SERVICE,CYPRESS,NOT APPLICABLE,CAN,50.186493,-110.704631,486210,PIPELINE TRANSPORTATION OF NATURAL GAS,ALBERTA ENERGY REGULATOR,2020/05/05 00:00:00+00,IMAGERY/OTHER,2020/05/05 00:00:00+00,https://www.aer.ca/,CANLIN RESOURCES PARTNERSHIP,A68P,CANLIN RESOURCES PARTNERSHIP,WITHIN 40 FEET,-999,-999,-999,-999,-999,-999,-999,-999,1970/01/01 00:00:00+00,-999,-999
-110.66171,50.202479,1581,1581,GCOMP1581,DIRECT ENERGY MARKETING LIMITED (CYPRESS D),"TOWNSHIP ROAD 144; 12-29-014-05-W4",NOT AVAILABLE,AB,NOT AVAILABLE,NOT APPLICABLE,NATURAL GAS COMPRESSOR STATION,IN SERVICE,CYPRESS,NOT APPLICABLE,CAN,50.202479,-110.66171,486210,PIPELINE TRANSPORTATION OF NATURAL GAS,ALBERTA ENERGY REGULATOR,2020/05/05 00:00:00+00,IMAGERY/OTHER,2020/05/05 00:00:00+00,https://www.aer.ca/,CANLIN RESOURCES PARTNERSHIP,A68P,CANLIN RESOURCES PARTNERSHIP,WITHIN 40 FEET,-999,-999,-999,-999,-999,-999,-999,-999,1970/01/01 00:00:00+00,-999,-999
-110.140017,50.337275,1582,1582,GCOMP1582,DIRECT ENERGY MARKETING LIMITED (CYPRESS E),"RANGE ROAD 205; 13-07-016-01-W4",NOT AVAILABLE,AB,NOT AVAILABLE,NOT APPLICABLE,NATURAL GAS COMPRESSOR STATION,IN SERVICE,CYPRESS,NOT APPLICABLE,CAN,50.337275,-110.140017,486210,PIPELINE TRANSPORTATION OF NATURAL GAS,ALBERTA ENERGY REGULATOR,2020/05/05 00:00:00+00,IMAGERY/OTHER,2020/05/05 00:00:00+00,https://www.aer.ca/,CANLIN RESOURCES PARTNERSHIP,A68P,CANLIN RESOURCES PARTNERSHIP,WITHIN 40 FEET,-999,-999,-999,-999,-999,-999,-999,-999,1970/01/01 00:00:00+00,-999,-999
-110.317582,50.1775000000001,1583,1583,GCOMP1583,DIRECT ENERGY MARKETING LIMITED (CYPRESS F),"41 HIGHWAY; 14-14-014-03-W4",NOT AVAILABLE,AB,NOT AVAILABLE,NOT APPLICABLE,NATURAL GAS COMPRESSOR STATION,IN SERVICE,CYPRESS,NOT APPLICABLE,CAN,50.1775,-110.317582,486210,PIPELINE TRANSPORTATION OF NATURAL GAS,ALBERTA ENERGY REGULATOR,2020/05/05 00:00:00+00,IMAGERY/OTHER,2020/05/05 00:00:00+00,https://www.aer.ca/,CANLIN RESOURCES PARTNERSHIP,A68P,CANLIN RESOURCES PARTNERSHIP,WITHIN 40 FEET,-999,-999,-999,-999,-999,-999,-999,-999,1970/01/01 00:00:00+00,-999,-999
-110.265617,50.193137,1584,1584,GCOMP1584,DIRECT ENERGY MARKETING LIMITED (CYPRESS G),"TOWNSHIP ROAD 144; 15-19-014-02-W4",NOT AVAILABLE,AB,NOT AVAILABLE,NOT APPLICABLE,NATURAL GAS COMPRESSOR STATION,IN SERVICE,CYPRESS,NOT APPLICABLE,CAN,50.193137,-110.265617,486210,PIPELINE TRANSPORTATION OF NATURAL GAS,ALBERTA ENERGY REGULATOR,2020/05/05 00:00:00+00,IMAGERY/OTHER,2020/05/05 00:00:00+00,https://www.aer.ca/,CANLIN RESOURCES PARTNERSHIP,A68P,CANLIN RESOURCES PARTNERSHIP,WITHIN 40 FEET,-999,-999,-999,-999,-999,-999,-999,-999,1970/01/01 00:00:00+00,-999,-999
-110.603533,50.254873,1585,1585,GCOMP1585,DIRECT ENERGY MARKETING LIMITED (STATION A),01-15-015-05-W4,NOT AVAILABLE,AB,NOT AVAILABLE,NOT APPLICABLE,NATURAL GAS COMPRESSOR STATION,IN SERVICE,NOT AVAILABLE,NOT APPLICABLE,CAN,50.254873,-110.603533,486210,PIPELINE TRANSPORTATION OF NATURAL GAS,ALBERTA ENERGY REGULATOR,2020/05/05 00:00:00+00,IMAGERY/OTHER,2020/05/05 00:00:00+00,https://www.aer.ca/,CANLIN RESOURCES PARTNERSHIP,A68P,CANLIN RESOURCES PARTNERSHIP,WITHIN 40 FEET,-999,-999,-999,-999,-999,-999,-999,-999,1970/01/01 00:00:00+00,-999,-999
-110.261218,50.1313000000001,1586,1586,GCOMP1586,DIRECT ENERGY MARKETING LIMITED (STATION B),10-31-013-02-W4,NOT AVAILABLE,AB,NOT AVAILABLE,NOT APPLICABLE,NATURAL GAS COMPRESSOR STATION,IN SERVICE,NOT AVAILABLE,NOT APPLICABLE,CAN,50.1313,-110.261218,486210,PIPELINE TRANSPORTATION OF NATURAL GAS,ALBERTA ENERGY REGULATOR,2020/05/05 00:00:00+00,IMAGERY/OTHER,2020/05/05 00:00:00+00,https://www.aer.ca/,CANLIN RESOURCES PARTNERSHIP,A68P,CANLIN RESOURCES PARTNERSHIP,WITHIN 40 FEET,-999,-999,-999,-999,-999,-999,-999,-999,1970/01/01 00:00:00+00,-999,-999
-112.042261,49.8036710000001,1587,1587,GCOMP1587,DRAKE PACIFIC ENTERPRISES LTD,"NEAR RANGE ROAD 161 (0.6 KM W); 06-12-010-16-W4",NOT AVAILABLE,AB,NOT AVAILABLE,NOT APPLICABLE,NATURAL GAS COMPRESSOR STATION,IN SERVICE,TABER,NOT APPLICABLE,CAN,49.803671,-112.042261,486210,PIPELINE TRANSPORTATION OF NATURAL GAS,ALBERTA ENERGY REGULATOR,2020/05/05 00:00:00+00,IMAGERY/OTHER,2020/05/05 00:00:00+00,https://www.aer.ca/,DRAKE ENERGY LTD.,0TG7,DRAKE ENERGY LTD.,WITHIN 40 FEET,-999,-999,-999,-999,-999,-999,-999,-999,1970/01/01 00:00:00+00,-999,-999
-112.100672,49.7321820000001,1588,1588,GCOMP1588,DRUMLIN ENERGY CORP. (TABER),"NEAR RANGE ROAD 163 (0.6 KM SW); 05-15-009-16-W4",NOT AVAILABLE,AB,NOT AVAILABLE,NOT APPLICABLE,NATURAL GAS COMPRESSOR STATION,IN SERVICE,TABER,NOT APPLICABLE,CAN,49.732182,-112.100672,486210,PIPELINE TRANSPORTATION OF NATURAL GAS,ALBERTA ENERGY REGULATOR,2020/05/05 00:00:00+00,IMAGERY/OTHER,2020/05/05 00:00:00+00,https://www.aer.ca/,CANADIAN OIL & GAS INTERNATIONAL INC,A6L2,CANADIAN OIL & GAS INTERNATIONAL INC,WITHIN 40 FEET,-999,-999,-999,-999,-999,-999,-999,-999,1970/01/01 00:00:00+00,-999,-999
-112.24355,49.424763,1589,1589,GCOMP1589,DRUMLIN ENERGY CORP. (WARNER NO. 5),"17330 TOWNSHIP ROAD 55; 04-33-005-17-W4",NOT AVAILABLE,AB,NOT AVAILABLE,NOT APPLICABLE,NATURAL GAS COMPRESSOR STATION,IN SERVICE,WARNER NO. 5,NOT APPLICABLE,CAN,49.424763,-112.24355,486210,PIPELINE TRANSPORTATION OF NATURAL GAS,ALBERTA ENERGY REGULATOR,2020/05/05 00:00:00+00,IMAGERY/OTHER,2020/05/05 00:00:00+00,https://www.aer.ca/,CANADIAN OIL & GAS INTERNATIONAL INC,A6L2,CANADIAN OIL & GAS INTERNATIONAL INC,WITHIN 40 FEET,-999,-999,-999,-999,-999,-999,-999,-999,1970/01/01 00:00:00+00,-999,-999
-111.083498,49.406239,1590,1590,GCOMP1590,ECHOEX LTD,"54006 RANGE ROAD 90; 16-24-005-09-W4",NOT AVAILABLE,AB,NOT AVAILABLE,NOT APPLICABLE,NATURAL GAS COMPRESSOR STATION,IN SERVICE,FORTY MILE NO. 8,NOT APPLICABLE,CAN,49.406239,-111.083498,486210,PIPELINE TRANSPORTATION OF NATURAL GAS,ALBERTA ENERGY REGULATOR,2020/05/05 00:00:00+00,IMAGERY/OTHER,2020/05/05 00:00:00+00,https://www.aer.ca/,TAMARACK ACQUISITION CORP.,A5TT,TAMARACK ACQUISITION CORP.,WITHIN 40 FEET,-999,-999,-999,-999,-999,-999,-999,-999,1970/01/01 00:00:00+00,-999,-999
-112.070983,49.0388290000001,1591,1591,GCOMP1591,ELK POINT RESOURCES INC,"TOWNSHIP ROAD 13; 14-15-001-16-W4",NOT AVAILABLE,AB,NOT AVAILABLE,NOT APPLICABLE,NATURAL GAS COMPRESSOR STATION,IN SERVICE,WARNER NO. 5,NOT APPLICABLE,CAN,49.038829,-112.070983,486210,PIPELINE TRANSPORTATION OF NATURAL GAS,ALBERTA ENERGY REGULATOR,2020/05/05 00:00:00+00,IMAGERY/OTHER,2020/05/05 00:00:00+00,https://www.aer.ca/,OBSIDIAN ENERGY LTD.,0BP8,OBSIDIAN ENERGY LTD.,WITHIN 40 FEET,-999,-999,-999,-999,-999,-999,-999,-999,1970/01/01 00:00:00+00,-999,-999
-112.578762,49.0031280000001,1592,1592,GCOMP1592,ENCANA CORPORATION (CARDSTON A),"NEAR RANGE ROAD 201 (1.0 KM E); 06-02-001-20-W4",NOT AVAILABLE,AB,NOT AVAILABLE,NOT APPLICABLE,NATURAL GAS COMPRESSOR STATION,IN SERVICE,CARDSTON,NOT APPLICABLE,CAN,49.003128,-112.578762,486210,PIPELINE TRANSPORTATION OF NATURAL GAS,ALBERTA ENERGY REGULATOR,2020/05/05 00:00:00+00,IMAGERY/OTHER,2020/05/05 00:00:00+00,https://www.aer.ca/,OVINTIV CANADA ULC,0026,OVINTIV CANADA ULC,WITHIN 40 FEET,-999,-999,-999,-999,-999,-999,-999,-999,1970/01/01 00:00:00+00,-999,-999
-112.690567,49.2716760000001,1593,1593,GCOMP1593,ENCANA CORPORATION (CARDSTON B),"NEAR RANGE ROAD 211 (2.1 KM WNW); 12-06-004-20-W4",NOT AVAILABLE,AB,NOT AVAILABLE,NOT APPLICABLE,NATURAL GAS COMPRESSOR STATION,IN SERVICE,CARDSTON,NOT APPLICABLE,CAN,49.271676,-112.690567,486210,PIPELINE TRANSPORTATION OF NATURAL GAS,ALBERTA ENERGY REGULATOR,2020/05/05 00:00:00+00,IMAGERY/OTHER,2020/05/05 00:00:00+00,https://www.aer.ca/,GRANITE OIL CORP.,A2PJ,GRANITE OIL CORP.,WITHIN 40 FEET,-999,-999,-999,-999,-999,-999,-999,-999,1970/01/01 00:00:00+00,-999,-999
-111.053629,50.1655470000001,1594,1594,GCOMP1594,ENCANA CORPORATION (CYPRESS A),"RANGE ROAD 84; 01-17-014-08-W4",NOT AVAILABLE,AB,NOT AVAILABLE,NOT APPLICABLE,NATURAL GAS COMPRESSOR STATION,IN SERVICE,CYPRESS,NOT APPLICABLE,CAN,50.165547,-111.053629,486210,PIPELINE TRANSPORTATION OF NATURAL GAS,ALBERTA ENERGY REGULATOR,2020/05/05 00:00:00+00,IMAGERY/OTHER,2020/05/05 00:00:00+00,https://www.aer.ca/,IPC CANADA LTD.,A868,IPC CANADA LTD.,WITHIN 40 FEET,-999,-999,-999,-999,-999,-999,-999,-999,1970/01/01 00:00:00+00,-999,-999
-111.189237,50.1650210000001,1595,1595,GCOMP1595,ENCANA CORPORATION (CYPRESS B),"TOWNSHIP ROAD 142; 01-17-014-09-W4",NOT AVAILABLE,AB,NOT AVAILABLE,NOT APPLICABLE,NATURAL GAS COMPRESSOR STATION,IN SERVICE,CYPRESS,NOT APPLICABLE,CAN,50.165021,-111.189237,486210,PIPELINE TRANSPORTATION OF NATURAL GAS,ALBERTA ENERGY REGULATOR,2020/05/05 00:00:00+00,IMAGERY/OTHER,2020/05/05 00:00:00+00,https://www.aer.ca/,IPC CANADA LTD.,A868,IPC CANADA LTD.,WITHIN 40 FEET,-999,-999,-999,-999,-999,-999,-999,-999,1970/01/01 00:00:00+00,-999,-999
-110.480693,49.7577390000001,1596,1596,GCOMP1596,ENCANA CORPORATION (CYPRESS C),"TOWNSHIP ROAD 94; 01-28-009-04-W4",NOT AVAILABLE,AB,NOT AVAILABLE,NOT APPLICABLE,NATURAL GAS COMPRESSOR STATION,IN SERVICE,CYPRESS,NOT APPLICABLE,CAN,49.757739,-110.480693,486210,PIPELINE TRANSPORTATION OF NATURAL GAS,ALBERTA ENERGY REGULATOR,2020/05/05 00:00:00+00,IMAGERY/OTHER,2020/05/05 00:00:00+00,https://www.aer.ca/,OVINTIV CANADA ULC,0026,OVINTIV CANADA ULC,WITHIN 40 FEET,-999,-999,-999,-999,-999,-999,-999,-999,1970/01/01 00:00:00+00,-999,-999
-111.108869,50.097651,1597,1597,GCOMP1597,ENCANA CORPORATION (CYPRESS D),"NEAR RANGE ROAD 90 (1.0 KM E); 06-24-013-09-W4",NOT AVAILABLE,AB,NOT AVAILABLE,NOT APPLICABLE,NATURAL GAS COMPRESSOR STATION,IN SERVICE,CYPRESS,NOT APPLICABLE,CAN,50.097651,-111.108869,486210,PIPELINE TRANSPORTATION OF NATURAL GAS,ALBERTA ENERGY REGULATOR,2020/05/05 00:00:00+00,IMAGERY/OTHER,2020/05/05 00:00:00+00,https://www.aer.ca/,IPC CANADA LTD.,A868,IPC CANADA LTD.,WITHIN 40 FEET,-999,-999,-999,-999,-999,-999,-999,-999,1970/01/01 00:00:00+00,-999,-999
-111.165351,50.1870890000001,1598,1598,GCOMP1598,ENCANA CORPORATION (CYPRESS E),"RANGE ROAD 93; 09-21-014-09-W4",NOT AVAILABLE,AB,NOT AVAILABLE,NOT APPLICABLE,NATURAL GAS COMPRESSOR STATION,IN SERVICE,CYPRESS,NOT APPLICABLE,CAN,50.187089,-111.165351,486210,PIPELINE TRANSPORTATION OF NATURAL GAS,ALBERTA ENERGY REGULATOR,2020/05/05 00:00:00+00,IMAGERY/OTHER,2020/05/05 00:00:00+00,https://www.aer.ca/,IPC CANADA LTD.,A868,IPC CANADA LTD.,WITHIN 40 FEET,-999,-999,-999,-999,-999,-999,-999,-999,1970/01/01 00:00:00+00,-999,-999
-111.25243,50.1933740000001,1599,1599,GCOMP1599,ENCANA CORPORATION (CYPRESS F),"TOWNSHIP ROAD 144; 13-24-014-10-W4",NOT AVAILABLE,AB,NOT AVAILABLE,NOT APPLICABLE,NATURAL GAS COMPRESSOR STATION,IN SERVICE,CYPRESS,NOT APPLICABLE,CAN,50.193374,-111.25243,486210,PIPELINE TRANSPORTATION OF NATURAL GAS,ALBERTA ENERGY REGULATOR,2020/05/05 00:00:00+00,IMAGERY/OTHER,2020/05/05 00:00:00+00,https://www.aer.ca/,IPC CANADA LTD.,A868,IPC CANADA LTD.,WITHIN 40 FEET,-999,-999,-999,-999,-999,-999,-999,-999,1970/01/01 00:00:00+00,-999,-999
-111.038759,49.2021530000001,1600,1600,GCOMP1600,ENCANA CORPORATION (FORTY MILE NO. 8 A),"RANGE ROAD 84; 01-17-003-08-W4",NOT AVAILABLE,AB,NOT AVAILABLE,NOT APPLICABLE,NATURAL GAS COMPRESSOR STATION,IN SERVICE,FORTY MILE NO. 8,NOT APPLICABLE,CAN,49.202153,-111.038759,486210,PIPELINE TRANSPORTATION OF NATURAL GAS,ALBERTA ENERGY REGULATOR,2020/05/05 00:00:00+00,IMAGERY/OTHER,2020/05/05 00:00:00+00,https://www.aer.ca/,PINE CLIFF ENERGY LTD.,34617,PINE CLIFF ENERGY LTD.,WITHIN 40 FEET,-999,-999,-999,-999,-999,-999,-999,-999,1970/01/01 00:00:00+00,-999,-999
-110.986094,49.2187220000001,1601,1601,GCOMP1601,ENCANA CORPORATION (FORTY MILE NO. 8 B),"NEAR RANGE ROAD 82 (0.6 KM W); 03-23-003-08-W4",NOT AVAILABLE,AB,NOT AVAILABLE,NOT APPLICABLE,NATURAL GAS COMPRESSOR STATION,IN SERVICE,FORTY MILE NO. 8,NOT APPLICABLE,CAN,49.218722,-110.986094,486210,PIPELINE TRANSPORTATION OF NATURAL GAS,ALBERTA ENERGY REGULATOR,2020/05/05 00:00:00+00,IMAGERY/OTHER,2020/05/05 00:00:00+00,https://www.aer.ca/,PINE CLIFF ENERGY LTD.,34617,PINE CLIFF ENERGY LTD.,WITHIN 40 FEET,-999,-999,-999,-999,-999,-999,-999,-999,1970/01/01 00:00:00+00,-999,-999
-111.245951,49.076487,1602,1602,GCOMP1602,ENCANA CORPORATION (FORTY MILE NO. 8 C),"NEAR RANGE ROAD 102 (0.9 KM SW); 06-35-001-10-W4",NOT AVAILABLE,AB,NOT AVAILABLE,NOT APPLICABLE,NATURAL GAS COMPRESSOR STATION,IN SERVICE,FORTY MILE NO. 8,NOT APPLICABLE,CAN,49.076487,-111.245951,486210,PIPELINE TRANSPORTATION OF NATURAL GAS,ALBERTA ENERGY REGULATOR,2020/05/05 00:00:00+00,IMAGERY/OTHER,2020/05/05 00:00:00+00,https://www.aer.ca/,PINE CLIFF ENERGY LTD.,34617,PINE CLIFF ENERGY LTD.,WITHIN 40 FEET,-999,-999,-999,-999,-999,-999,-999,-999,1970/01/01 00:00:00+00,-999,-999
-111.373875,49.356884,1603,1603,GCOMP1603,ENCANA CORPORATION (FORTY MILE NO. 8 D),"50054 RANGE ROAD 111; 09-02-005-11-W4",NOT AVAILABLE,AB,NOT AVAILABLE,NOT APPLICABLE,NATURAL GAS COMPRESSOR STATION,IN SERVICE,FORTY MILE NO. 8,NOT APPLICABLE,CAN,49.356884,-111.373875,486210,PIPELINE TRANSPORTATION OF NATURAL GAS,ALBERTA ENERGY REGULATOR,2020/05/05 00:00:00+00,IMAGERY/OTHER,2020/05/05 00:00:00+00,https://www.aer.ca/,PINE CLIFF ENERGY LTD.,34617,PINE CLIFF ENERGY LTD.,WITHIN 40 FEET,-999,-999,-999,-999,-999,-999,-999,-999,1970/01/01 00:00:00+00,-999,-999
-110.904206,49.1532920000001,1604,1604,GCOMP1604,ENCANA CORPORATION (FORTY MILE NO. 8 E),"TOWNSHIP ROAD 24; 10-29-002-07-W4",NOT AVAILABLE,AB,NOT AVAILABLE,NOT APPLICABLE,NATURAL GAS COMPRESSOR STATION,IN SERVICE,FORTY MILE NO. 8,NOT APPLICABLE,CAN,49.153292,-110.904206,486210,PIPELINE TRANSPORTATION OF NATURAL GAS,ALBERTA ENERGY REGULATOR,2020/05/05 00:00:00+00,IMAGERY/OTHER,2020/05/05 00:00:00+00,https://www.aer.ca/,PINE CLIFF ENERGY LTD.,34617,PINE CLIFF ENERGY LTD.,WITHIN 40 FEET,-999,-999,-999,-999,-999,-999,-999,-999,1970/01/01 00:00:00+00,-999,-999
-111.16299,49.037296,1605,1605,GCOMP1605,ENCANA CORPORATION (FORTY MILE NO. 8 F),"95043 TOWNSHIP ROAD 12; 12-16-001-09-W4",NOT AVAILABLE,AB,NOT AVAILABLE,NOT APPLICABLE,NATURAL GAS COMPRESSOR STATION,IN SERVICE,FORTY MILE NO. 8,NOT APPLICABLE,CAN,49.037296,-111.16299,486210,PIPELINE TRANSPORTATION OF NATURAL GAS,ALBERTA ENERGY REGULATOR,2020/05/05 00:00:00+00,IMAGERY/OTHER,2020/05/05 00:00:00+00,https://www.aer.ca/,PINE CLIFF ENERGY LTD.,34617,PINE CLIFF ENERGY LTD.,WITHIN 40 FEET,-999,-999,-999,-999,-999,-999,-999,-999,1970/01/01 00:00:00+00,-999,-999
-110.812239,49.299294,1606,1606,GCOMP1606,ENCANA CORPORATION (FORTY MILE NO. 8 G),"42049 887 HIGHWAY; 12-18-004-06-W4",NOT AVAILABLE,AB,NOT AVAILABLE,NOT APPLICABLE,NATURAL GAS COMPRESSOR STATION,IN SERVICE,FORTY MILE NO. 8,NOT APPLICABLE,CAN,49.299294,-110.812239,486210,PIPELINE TRANSPORTATION OF NATURAL GAS,ALBERTA ENERGY REGULATOR,2020/05/05 00:00:00+00,IMAGERY/OTHER,2020/05/05 00:00:00+00,https://www.aer.ca/,PINE CLIFF ENERGY LTD.,34617,PINE CLIFF ENERGY LTD.,WITHIN 40 FEET,-999,-999,-999,-999,-999,-999,-999,-999,1970/01/01 00:00:00+00,-999,-999
-111.086276,49.172579,1607,1607,GCOMP1607,ENCANA CORPORATION (FORTY MILE NO. 8 H),"90041 TOWNSHIP ROAD 30; 14-36-002-09-W4",NOT AVAILABLE,AB,NOT AVAILABLE,NOT APPLICABLE,NATURAL GAS COMPRESSOR STATION,IN SERVICE,FORTY MILE NO. 8,NOT APPLICABLE,CAN,49.172579,-111.086276,486210,PIPELINE TRANSPORTATION OF NATURAL GAS,ALBERTA ENERGY REGULATOR,2020/05/05 00:00:00+00,IMAGERY/OTHER,2020/05/05 00:00:00+00,https://www.aer.ca/,PINE CLIFF ENERGY LTD.,34617,PINE CLIFF ENERGY LTD.,WITHIN 40 FEET,-999,-999,-999,-999,-999,-999,-999,-999,1970/01/01 00:00:00+00,-999,-999
-111.209015,49.581581,1608,1608,GCOMP1608,ENCANA CORPORATION (FORTY MILE NO. 8 I),"95031 TOWNSHIP ROAD 74; 15-19-007-09-W4",NOT AVAILABLE,AB,NOT AVAILABLE,NOT APPLICABLE,NATURAL GAS COMPRESSOR STATION,IN SERVICE,FORTY MILE NO. 8,NOT APPLICABLE,CAN,49.581581,-111.209015,486210,PIPELINE TRANSPORTATION OF NATURAL GAS,ALBERTA ENERGY REGULATOR,2020/05/05 00:00:00+00,IMAGERY/OTHER,2020/05/05 00:00:00+00,https://www.aer.ca/,PINE CLIFF ENERGY LTD.,34617,PINE CLIFF ENERGY LTD.,WITHIN 40 FEET,-999,-999,-999,-999,-999,-999,-999,-999,1970/01/01 00:00:00+00,-999,-999
-110.954154,49.4957180000001,1609,1609,GCOMP1609,ENCANA CORPORATION (FORTY MILE NO. 8 J),"8039 TOWNSHIP ROAD 64; 15-24-006-08-W4",NOT AVAILABLE,AB,NOT AVAILABLE,NOT APPLICABLE,NATURAL GAS COMPRESSOR STATION,IN SERVICE,FORTY MILE NO. 8,NOT APPLICABLE,CAN,49.495718,-110.954154,486210,PIPELINE TRANSPORTATION OF NATURAL GAS,ALBERTA ENERGY REGULATOR,2020/05/05 00:00:00+00,IMAGERY/OTHER,2020/05/05 00:00:00+00,https://www.aer.ca/,OVINTIV CANADA ULC,0026,OVINTIV CANADA ULC,WITHIN 40 FEET,-999,-999,-999,-999,-999,-999,-999,-999,1970/01/01 00:00:00+00,-999,-999
-112.695553,50.104479,1610,1610,GCOMP1610,ENCANA CORPORATION (LETHBRIDGE),"TOWNSHIP ROAD 34; 15-20-013-20-W4",NOT AVAILABLE,AB,NOT AVAILABLE,NOT APPLICABLE,NATURAL GAS COMPRESSOR STATION,IN SERVICE,LETHBRIDGE,NOT APPLICABLE,CAN,50.104479,-112.695553,486210,PIPELINE TRANSPORTATION OF NATURAL GAS,ALBERTA ENERGY REGULATOR,2020/05/05 00:00:00+00,IMAGERY/OTHER,2020/05/05 00:00:00+00,https://www.aer.ca/,OVINTIV CANADA ULC,0026,OVINTIV CANADA ULC,WITHIN 40 FEET,-999,-999,-999,-999,-999,-999,-999,-999,1970/01/01 00:00:00+00,-999,-999
-111.471841,50.339325,1611,1611,GCOMP1611,ENCANA CORPORATION (NEWELL NO. 4 A),"RANGE ROAD 114; 01-17-016-11-W4",NOT AVAILABLE,AB,NOT AVAILABLE,NOT APPLICABLE,NATURAL GAS COMPRESSOR STATION,IN SERVICE,NEWELL NO. 4,NOT APPLICABLE,CAN,50.339325,-111.471841,486210,PIPELINE TRANSPORTATION OF NATURAL GAS,ALBERTA ENERGY REGULATOR,2020/05/05 00:00:00+00,IMAGERY/OTHER,2020/05/05 00:00:00+00,https://www.aer.ca/,TORXEN ENERGY LTD.,A7NW,TORXEN ENERGY LTD.,WITHIN 40 FEET,-999,-999,-999,-999,-999,-999,-999,-999,1970/01/01 00:00:00+00,-999,-999
-111.567537,50.298613,1612,1612,GCOMP1612,ENCANA CORPORATION (NEWELL NO. 4 B),"NEAR TOWNHSHIP ROAD 160 (1.4 KM N); 01-34-015-12-W4",NOT AVAILABLE,AB,NOT AVAILABLE,NOT APPLICABLE,NATURAL GAS COMPRESSOR STATION,IN SERVICE,NEWELL NO. 4,NOT APPLICABLE,CAN,50.298613,-111.567537,486210,PIPELINE TRANSPORTATION OF NATURAL GAS,ALBERTA ENERGY REGULATOR,2020/05/05 00:00:00+00,IMAGERY/OTHER,2020/05/05 00:00:00+00,https://www.aer.ca/,TORXEN ENERGY LTD.,A7NW,TORXEN ENERGY LTD.,WITHIN 40 FEET,-999,-999,-999,-999,-999,-999,-999,-999,1970/01/01 00:00:00+00,-999,-999
-111.756463,50.4127020000001,1613,1613,GCOMP1613,ENCANA CORPORATION (NEWELL NO. 4 C),"NEAR RANGE ROAD 134 (0.6 KM E); 02-08-017-13-W4",NOT AVAILABLE,AB,NOT AVAILABLE,NOT APPLICABLE,NATURAL GAS COMPRESSOR STATION,IN SERVICE,NEWELL NO. 4,NOT APPLICABLE,CAN,50.412702,-111.756463,486210,PIPELINE TRANSPORTATION OF NATURAL GAS,ALBERTA ENERGY REGULATOR,2020/05/05 00:00:00+00,IMAGERY/OTHER,2020/05/05 00:00:00+00,https://www.aer.ca/,TORXEN ENERGY LTD.,A7NW,TORXEN ENERGY LTD.,WITHIN 40 FEET,-999,-999,-999,-999,-999,-999,-999,-999,1970/01/01 00:00:00+00,-999,-999
-111.69232,50.2821300000001,1614,1614,GCOMP1614,ENCANA CORPORATION (NEWELL NO. 4 D),"TOWNSHIP ROAD 14; 03-26-015-13-W4",NOT AVAILABLE,AB,NOT AVAILABLE,NOT APPLICABLE,NATURAL GAS COMPRESSOR STATION,IN SERVICE,NEWELL NO. 4,NOT APPLICABLE,CAN,50.28213,-111.69232,486210,PIPELINE TRANSPORTATION OF NATURAL GAS,ALBERTA ENERGY REGULATOR,2020/05/05 00:00:00+00,IMAGERY/OTHER,2020/05/05 00:00:00+00,https://www.aer.ca/,TORXEN ENERGY LTD.,A7NW,TORXEN ENERGY LTD.,WITHIN 40 FEET,-999,-999,-999,-999,-999,-999,-999,-999,1970/01/01 00:00:00+00,-999,-999
-111.699109,50.2531070000001,1615,1615,GCOMP1615,ENCANA CORPORATION (NEWELL NO. 4 E),"RANGE ROAD 132; 04-14-015-13-W4",NOT AVAILABLE,AB,NOT AVAILABLE,NOT APPLICABLE,NATURAL GAS COMPRESSOR STATION,IN SERVICE,NEWELL NO. 4,NOT APPLICABLE,CAN,50.253107,-111.699109,486210,PIPELINE TRANSPORTATION OF NATURAL GAS,ALBERTA ENERGY REGULATOR,2020/05/05 00:00:00+00,IMAGERY/OTHER,2020/05/05 00:00:00+00,https://www.aer.ca/,TORXEN ENERGY LTD.,A7NW,TORXEN ENERGY LTD.,WITHIN 40 FEET,-999,-999,-999,-999,-999,-999,-999,-999,1970/01/01 00:00:00+00,-999,-999
-111.694986,50.3423710000001,1616,1616,GCOMP1616,ENCANA CORPORATION (NEWELL NO. 4 F),"RANGE ROAD 132; 04-14-016-13-W4",NOT AVAILABLE,AB,NOT AVAILABLE,NOT APPLICABLE,NATURAL GAS COMPRESSOR STATION,IN SERVICE,NEWELL NO. 4,NOT APPLICABLE,CAN,50.342371,-111.694986,486210,PIPELINE TRANSPORTATION OF NATURAL GAS,ALBERTA ENERGY REGULATOR,2020/05/05 00:00:00+00,IMAGERY/OTHER,2020/05/05 00:00:00+00,https://www.aer.ca/,TORXEN ENERGY LTD.,A7NW,TORXEN ENERGY LTD.,WITHIN 40 FEET,-999,-999,-999,-999,-999,-999,-999,-999,1970/01/01 00:00:00+00,-999,-999
-112.042673,50.2553780000001,1617,1617,GCOMP1617,ENCANA CORPORATION (NEWELL NO. 4 G),"530 HIGHWAY; 04-17-015-15-W4",NOT AVAILABLE,AB,NOT AVAILABLE,NOT APPLICABLE,NATURAL GAS COMPRESSOR STATION,IN SERVICE,NEWELL NO. 4,NOT APPLICABLE,CAN,50.255378,-112.042673,486210,PIPELINE TRANSPORTATION OF NATURAL GAS,ALBERTA ENERGY REGULATOR,2020/05/05 00:00:00+00,IMAGERY/OTHER,2020/05/05 00:00:00+00,https://www.aer.ca/,TORXEN ENERGY LTD.,A7NW,TORXEN ENERGY LTD.,WITHIN 40 FEET,-999,-999,-999,-999,-999,-999,-999,-999,1970/01/01 00:00:00+00,-999,-999
-112.018988,50.2673610000001,1618,1618,GCOMP1618,ENCANA CORPORATION (NEWELL NO. 4 H),"153041 36 HIGHWAY; 04-21-015-15-W4",NOT AVAILABLE,AB,NOT AVAILABLE,NOT APPLICABLE,NATURAL GAS COMPRESSOR STATION,IN SERVICE,NEWELL NO. 4,NOT APPLICABLE,CAN,50.267361,-112.018988,486210,PIPELINE TRANSPORTATION OF NATURAL GAS,ALBERTA ENERGY REGULATOR,2020/05/05 00:00:00+00,IMAGERY/OTHER,2020/05/05 00:00:00+00,https://www.aer.ca/,TORXEN ENERGY LTD.,A7NW,TORXEN ENERGY LTD.,WITHIN 40 FEET,-999,-999,-999,-999,-999,-999,-999,-999,1970/01/01 00:00:00+00,-999,-999
-111.789526,50.2438090000001,1619,1619,GCOMP1619,ENCANA CORPORATION (NEWELL NO. 4 I),"150055 RANGE ROAD 140; 05-07-015-13-W4",NOT AVAILABLE,AB,NOT AVAILABLE,NOT APPLICABLE,NATURAL GAS COMPRESSOR STATION,IN SERVICE,NEWELL NO. 4,NOT APPLICABLE,CAN,50.243809,-111.789526,486210,PIPELINE TRANSPORTATION OF NATURAL GAS,ALBERTA ENERGY REGULATOR,2020/05/05 00:00:00+00,IMAGERY/OTHER,2020/05/05 00:00:00+00,https://www.aer.ca/,TORXEN ENERGY LTD.,A7NW,TORXEN ENERGY LTD.,WITHIN 40 FEET,-999,-999,-999,-999,-999,-999,-999,-999,1970/01/01 00:00:00+00,-999,-999
-111.968139,50.3165780000001,1620,1620,GCOMP1620,ENCANA CORPORATION (NEWELL NO. 4 J),"NEAR RANGE ROAD 152 (0.6 KM W); 06-02-016-15-W4",NOT AVAILABLE,AB,NOT AVAILABLE,NOT APPLICABLE,NATURAL GAS COMPRESSOR STATION,IN SERVICE,NEWELL NO. 4,NOT APPLICABLE,CAN,50.316578,-111.968139,486210,PIPELINE TRANSPORTATION OF NATURAL GAS,ALBERTA ENERGY REGULATOR,2020/05/05 00:00:00+00,IMAGERY/OTHER,2020/05/05 00:00:00+00,https://www.aer.ca/,TORXEN ENERGY LTD.,A7NW,TORXEN ENERGY LTD.,WITHIN 40 FEET,-999,-999,-999,-999,-999,-999,-999,-999,1970/01/01 00:00:00+00,-999,-999
-111.414164,50.4623980000001,1621,1621,GCOMP1621,ENCANA CORPORATION (NEWELL NO. 4 K),"NEAR TOWNSHIP ROAD 174 (0.6 KM S); 06-26-017-11-W4",NOT AVAILABLE,AB,NOT AVAILABLE,NOT APPLICABLE,NATURAL GAS COMPRESSOR STATION,IN SERVICE,NEWELL NO. 4,NOT APPLICABLE,CAN,50.462398,-111.414164,486210,PIPELINE TRANSPORTATION OF NATURAL GAS,ALBERTA ENERGY REGULATOR,2020/05/05 00:00:00+00,IMAGERY/OTHER,2020/05/05 00:00:00+00,https://www.aer.ca/,TORXEN ENERGY LTD.,A7NW,TORXEN ENERGY LTD.,WITHIN 40 FEET,-999,-999,-999,-999,-999,-999,-999,-999,1970/01/01 00:00:00+00,-999,-999
-112.120867,50.4456050000001,1622,1622,GCOMP1622,ENCANA CORPORATION (NEWELL NO. 4 L),"NEAR RANGE ROAD 162 (0.6 KM E); 07-22-017-16-W4",NOT AVAILABLE,AB,NOT AVAILABLE,NOT APPLICABLE,NATURAL GAS COMPRESSOR STATION,IN SERVICE,NEWELL NO. 4,NOT APPLICABLE,CAN,50.445605,-112.120867,486210,PIPELINE TRANSPORTATION OF NATURAL GAS,ALBERTA ENERGY REGULATOR,2020/05/05 00:00:00+00,IMAGERY/OTHER,2020/05/05 00:00:00+00,https://www.aer.ca/,TORXEN ENERGY LTD.,A7NW,TORXEN ENERGY LTD.,WITHIN 40 FEET,-999,-999,-999,-999,-999,-999,-999,-999,1970/01/01 00:00:00+00,-999,-999
-111.748971,50.319848,1623,1623,GCOMP1623,ENCANA CORPORATION (NEWELL NO. 4 M),"NEAR TOWNSHIP ROAD (0.6 KM NNE); 09-05-016-13-W4",NOT AVAILABLE,AB,NOT AVAILABLE,NOT APPLICABLE,NATURAL GAS COMPRESSOR STATION,IN SERVICE,NEWELL NO. 4,NOT APPLICABLE,CAN,50.319848,-111.748971,486210,PIPELINE TRANSPORTATION OF NATURAL GAS,ALBERTA ENERGY REGULATOR,2020/05/05 00:00:00+00,IMAGERY/OTHER,2020/05/05 00:00:00+00,https://www.aer.ca/,TORXEN ENERGY LTD.,A7NW,TORXEN ENERGY LTD.,WITHIN 40 FEET,-999,-999,-999,-999,-999,-999,-999,-999,1970/01/01 00:00:00+00,-999,-999
-112.032056,50.244942,1624,1624,GCOMP1624,ENCANA CORPORATION (NEWELL NO. 4 N),"NEAR RANGE ROAD 154 (0.6 KM E); 10-08-015-15-W4",NOT AVAILABLE,AB,NOT AVAILABLE,NOT APPLICABLE,NATURAL GAS COMPRESSOR STATION,IN SERVICE,NEWELL NO. 4,NOT APPLICABLE,CAN,50.244942,-112.032056,486210,PIPELINE TRANSPORTATION OF NATURAL GAS,ALBERTA ENERGY REGULATOR,2020/05/05 00:00:00+00,IMAGERY/OTHER,2020/05/05 00:00:00+00,https://www.aer.ca/,TORXEN ENERGY LTD.,A7NW,TORXEN ENERGY LTD.,WITHIN 40 FEET,-999,-999,-999,-999,-999,-999,-999,-999,1970/01/01 00:00:00+00,-999,-999
-111.846091,50.2756640000001,1625,1625,GCOMP1625,ENCANA CORPORATION (NEWELL NO. 4 O),"NEAR RANGE ROAD 142 (0.6 KM E); 10-22-015-14-W4",NOT AVAILABLE,AB,NOT AVAILABLE,NOT APPLICABLE,NATURAL GAS COMPRESSOR STATION,IN SERVICE,NEWELL NO. 4,NOT APPLICABLE,CAN,50.275664,-111.846091,486210,PIPELINE TRANSPORTATION OF NATURAL GAS,ALBERTA ENERGY REGULATOR,2020/05/05 00:00:00+00,IMAGERY/OTHER,2020/05/05 00:00:00+00,https://www.aer.ca/,TORXEN ENERGY LTD.,A7NW,TORXEN ENERGY LTD.,WITHIN 40 FEET,-999,-999,-999,-999,-999,-999,-999,-999,1970/01/01 00:00:00+00,-999,-999
-111.614833,50.291453,1626,1626,GCOMP1626,ENCANA CORPORATION (NEWELL NO. 4 P),"NEAR TOWNSHIP ROAD 154 (1.0 KM S); 10-29-015-12-W4",NOT AVAILABLE,AB,NOT AVAILABLE,NOT APPLICABLE,NATURAL GAS COMPRESSOR STATION,IN SERVICE,NEWELL NO. 4,NOT APPLICABLE,CAN,50.291453,-111.614833,486210,PIPELINE TRANSPORTATION OF NATURAL GAS,ALBERTA ENERGY REGULATOR,2020/05/05 00:00:00+00,IMAGERY/OTHER,2020/05/05 00:00:00+00,https://www.aer.ca/,TORXEN ENERGY LTD.,A7NW,TORXEN ENERGY LTD.,WITHIN 40 FEET,-999,-999,-999,-999,-999,-999,-999,-999,1970/01/01 00:00:00+00,-999,-999
-111.479566,50.4785440000001,1627,1627,GCOMP1627,ENCANA CORPORATION (NEWELL NO. 4 Q),"NEAR RANGE ROAD 114 (0.6 KM ENE); 10-32-017-11-W4",NOT AVAILABLE,AB,NOT AVAILABLE,NOT APPLICABLE,NATURAL GAS COMPRESSOR STATION,IN SERVICE,NEWELL NO. 4,NOT APPLICABLE,CAN,50.478544,-111.479566,486210,PIPELINE TRANSPORTATION OF NATURAL GAS,ALBERTA ENERGY REGULATOR,2020/05/05 00:00:00+00,IMAGERY/OTHER,2020/05/05 00:00:00+00,https://www.aer.ca/,TORXEN ENERGY LTD.,A7NW,TORXEN ENERGY LTD.,WITHIN 40 FEET,-999,-999,-999,-999,-999,-999,-999,-999,1970/01/01 00:00:00+00,-999,-999
-111.719843,50.322953,1628,1628,GCOMP1628,ENCANA CORPORATION (NEWELL NO. 4 R),"TOWNSHIP ROAD 61; 13-03-016-13-W4",NOT AVAILABLE,AB,NOT AVAILABLE,NOT APPLICABLE,NATURAL GAS COMPRESSOR STATION,IN SERVICE,NEWELL NO. 4,NOT APPLICABLE,CAN,50.322953,-111.719843,486210,PIPELINE TRANSPORTATION OF NATURAL GAS,ALBERTA ENERGY REGULATOR,2020/05/05 00:00:00+00,IMAGERY/OTHER,2020/05/05 00:00:00+00,https://www.aer.ca/,TORXEN ENERGY LTD.,A7NW,TORXEN ENERGY LTD.,WITHIN 40 FEET,-999,-999,-999,-999,-999,-999,-999,-999,1970/01/01 00:00:00+00,-999,-999
-111.446952,50.440547,1629,1629,GCOMP1629,ENCANA CORPORATION (NEWELL NO. 4 S),"RANGE ROAD 113; 13-15-017-11-W4",NOT AVAILABLE,AB,NOT AVAILABLE,NOT APPLICABLE,NATURAL GAS COMPRESSOR STATION,IN SERVICE,NEWELL NO. 4,NOT APPLICABLE,CAN,50.440547,-111.446952,486210,PIPELINE TRANSPORTATION OF NATURAL GAS,ALBERTA ENERGY REGULATOR,2020/05/05 00:00:00+00,IMAGERY/OTHER,2020/05/05 00:00:00+00,https://www.aer.ca/,TORXEN ENERGY LTD.,A7NW,TORXEN ENERGY LTD.,WITHIN 40 FEET,-999,-999,-999,-999,-999,-999,-999,-999,1970/01/01 00:00:00+00,-999,-999
-111.859275,50.4698520000001,1630,1630,GCOMP1630,ENCANA CORPORATION (NEWELL NO. 4 T),"RANGE ROAD 143; 13-27-017-14-W4",NOT AVAILABLE,AB,NOT AVAILABLE,NOT APPLICABLE,NATURAL GAS COMPRESSOR STATION,IN SERVICE,NEWELL NO. 4,NOT APPLICABLE,CAN,50.469852,-111.859275,486210,PIPELINE TRANSPORTATION OF NATURAL GAS,ALBERTA ENERGY REGULATOR,2020/05/05 00:00:00+00,IMAGERY/OTHER,2020/05/05 00:00:00+00,https://www.aer.ca/,TORXEN ENERGY LTD.,A7NW,TORXEN ENERGY LTD.,WITHIN 40 FEET,-999,-999,-999,-999,-999,-999,-999,-999,1970/01/01 00:00:00+00,-999,-999
-111.547486,50.2216460000001,1631,1631,GCOMP1631,ENCANA CORPORATION (NEWELL NO. 4 U),"TOWNSHIP ROAD 150; 13-35-014-12-W4",NOT AVAILABLE,AB,NOT AVAILABLE,NOT APPLICABLE,NATURAL GAS COMPRESSOR STATION,IN SERVICE,NEWELL NO. 4,NOT APPLICABLE,CAN,50.221646,-111.547486,486210,PIPELINE TRANSPORTATION OF NATURAL GAS,ALBERTA ENERGY REGULATOR,2020/05/05 00:00:00+00,IMAGERY/OTHER,2020/05/05 00:00:00+00,https://www.aer.ca/,TORXEN ENERGY LTD.,A7NW,TORXEN ENERGY LTD.,WITHIN 40 FEET,-999,-999,-999,-999,-999,-999,-999,-999,1970/01/01 00:00:00+00,-999,-999
-111.540040621,50.2805689370001,1632,1632,GCOMP1632,ENCANA CORPORATION (NEWELL NO. 4 V),"TOWNSHIP ROAD 154; 16-23-015-12-W4",NOT AVAILABLE,AB,NOT AVAILABLE,NOT APPLICABLE,NATURAL GAS COMPRESSOR STATION,IN SERVICE,NEWELL NO. 4,NOT APPLICABLE,CAN,50.2805689370001,-111.540040621,486210,PIPELINE TRANSPORTATION OF NATURAL GAS,ALBERTA ENERGY REGULATOR,2020/05/05 00:00:00+00,IMAGERY/OTHER,2020/05/05 00:00:00+00,https://www.aer.ca/,TORXEN ENERGY LTD.,A7NW,TORXEN ENERGY LTD.,WITHIN 166 FEET,-999,-999,-999,-999,-999,-999,-999,-999,1970/01/01 00:00:00+00,-999,-999
-111.540044747,50.2804699070001,1633,1633,GCOMP1633,ENCANA CORPORATION (NEWELL NO. 4 W),"TOWNSHIP ROAD 154; 16-23-015-12-W4",NOT AVAILABLE,AB,NOT AVAILABLE,NOT APPLICABLE,NATURAL GAS COMPRESSOR STATION,IN SERVICE,NEWELL NO. 4,NOT APPLICABLE,CAN,50.2804699070001,-111.540044747,486210,PIPELINE TRANSPORTATION OF NATURAL GAS,ALBERTA ENERGY REGULATOR,2020/05/05 00:00:00+00,IMAGERY/OTHER,2020/05/05 00:00:00+00,https://www.aer.ca/,TORXEN ENERGY LTD.,A7NW,TORXEN ENERGY LTD.,WITHIN 166 FEET,-999,-999,-999,-999,-999,-999,-999,-999,1970/01/01 00:00:00+00,-999,-999
-113.98925,49.1966170000001,1634,1634,GCOMP1634,ENCANA CORPORATION (PINCHER CREEK NO. 9),12-08-004-08-W4,NOT AVAILABLE,AB,NOT AVAILABLE,NOT APPLICABLE,NATURAL GAS COMPRESSOR STATION,IN SERVICE,PINCHER CREEK NO. 9,NOT APPLICABLE,CAN,49.196617,-113.98925,486210,PIPELINE TRANSPORTATION OF NATURAL GAS,ALBERTA ENERGY REGULATOR,2020/05/05 00:00:00+00,IMAGERY/OTHER,2020/05/05 00:00:00+00,https://www.aer.ca/,PINE CLIFF ENERGY LTD.,34617,PINE CLIFF ENERGY LTD.,WITHIN 40 FEET,-999,-999,-999,-999,-999,-999,-999,-999,1970/01/01 00:00:00+00,-999,-999
-113.322222,50.3728850000001,1635,1635,GCOMP1635,ENCANA CORPORATION (VULCAN),"164027 RANGE ROAD 251; 05-25-016-25-W4",NOT AVAILABLE,AB,NOT AVAILABLE,NOT APPLICABLE,NATURAL GAS COMPRESSOR STATION,IN SERVICE,VULCAN,NOT APPLICABLE,CAN,50.372885,-113.322222,486210,PIPELINE TRANSPORTATION OF NATURAL GAS,ALBERTA ENERGY REGULATOR,2020/05/05 00:00:00+00,IMAGERY/OTHER,2020/05/05 00:00:00+00,https://www.aer.ca/,OVINTIV CANADA ULC,0026,OVINTIV CANADA ULC,WITHIN 40 FEET,-999,-999,-999,-999,-999,-999,-999,-999,1970/01/01 00:00:00+00,-999,-999
-112.553833,49.4263520000001,1636,1636,GCOMP1636,ENCANA CORPORATION (WARNER NO. 5 A),"NEAR RANGE ROAD 200 (0.6 KM W); 06-31-005-19-W4",NOT AVAILABLE,AB,NOT AVAILABLE,NOT APPLICABLE,NATURAL GAS COMPRESSOR STATION,IN SERVICE,WARNER NO. 5,NOT APPLICABLE,CAN,49.426352,-112.553833,486210,PIPELINE TRANSPORTATION OF NATURAL GAS,ALBERTA ENERGY REGULATOR,2020/05/05 00:00:00+00,IMAGERY/OTHER,2020/05/05 00:00:00+00,https://www.aer.ca/,GRANITE OIL CORP.,A2PJ,GRANITE OIL CORP.,WITHIN 40 FEET,-999,-999,-999,-999,-999,-999,-999,-999,1970/01/01 00:00:00+00,-999,-999
-112.353174,49.4274360000001,1637,1637,GCOMP1637,ENCANA CORPORATION (WARNER NO. 5 B),"NEAR RANGE ROAD 183 (0.6 KM W); 06-34-005-18-W4",NOT AVAILABLE,AB,NOT AVAILABLE,NOT APPLICABLE,NATURAL GAS COMPRESSOR STATION,IN SERVICE,WARNER NO. 5,NOT APPLICABLE,CAN,49.427436,-112.353174,486210,PIPELINE TRANSPORTATION OF NATURAL GAS,ALBERTA ENERGY REGULATOR,2020/05/05 00:00:00+00,IMAGERY/OTHER,2020/05/05 00:00:00+00,https://www.aer.ca/,GRANITE OIL CORP.,A2PJ,GRANITE OIL CORP.,WITHIN 40 FEET,-999,-999,-999,-999,-999,-999,-999,-999,1970/01/01 00:00:00+00,-999,-999
-112.701904,49.3998800000001,1638,1638,GCOMP1638,ENCANA CORPORATION (WARNER NO. 5 C),"844 HIGHWAY; 08-24-005-21-W4",NOT AVAILABLE,AB,NOT AVAILABLE,NOT APPLICABLE,NATURAL GAS COMPRESSOR STATION,IN SERVICE,WARNER NO. 5,NOT APPLICABLE,CAN,49.39988,-112.701904,486210,PIPELINE TRANSPORTATION OF NATURAL GAS,ALBERTA ENERGY REGULATOR,2020/05/05 00:00:00+00,IMAGERY/OTHER,2020/05/05 00:00:00+00,https://www.aer.ca/,GRANITE OIL CORP.,A2PJ,GRANITE OIL CORP.,WITHIN 40 FEET,-999,-999,-999,-999,-999,-999,-999,-999,1970/01/01 00:00:00+00,-999,-999
-112.367941,49.3605410000001,1639,1639,GCOMP1639,ENCANA CORPORATION (WARNER NO. 5 D),"NEAR RANGE ROAD 183 (0.6 KM E); 15-04-005-18-W4",NOT AVAILABLE,AB,NOT AVAILABLE,NOT APPLICABLE,NATURAL GAS COMPRESSOR STATION,IN SERVICE,WARNER NO. 5,NOT APPLICABLE,CAN,49.360541,-112.367941,486210,PIPELINE TRANSPORTATION OF NATURAL GAS,ALBERTA ENERGY REGULATOR,2020/05/05 00:00:00+00,IMAGERY/OTHER,2020/05/05 00:00:00+00,https://www.aer.ca/,GRANITE OIL CORP.,A2PJ,GRANITE OIL CORP.,WITHIN 40 FEET,-999,-999,-999,-999,-999,-999,-999,-999,1970/01/01 00:00:00+00,-999,-999
-112.473376,49.3769050000001,1640,1640,GCOMP1640,ENCANA CORPORATION (WARNER NO. 5 E),"19205 TOWNSHIP ROAD 52; 16-10-005-19-W4",NOT AVAILABLE,AB,NOT AVAILABLE,NOT APPLICABLE,NATURAL GAS COMPRESSOR STATION,IN SERVICE,WARNER NO. 5,NOT APPLICABLE,CAN,49.376905,-112.473376,486210,PIPELINE TRANSPORTATION OF NATURAL GAS,ALBERTA ENERGY REGULATOR,2020/05/05 00:00:00+00,IMAGERY/OTHER,2020/05/05 00:00:00+00,https://www.aer.ca/,GRANITE OIL CORP.,A2PJ,GRANITE OIL CORP.,WITHIN 40 FEET,-999,-999,-999,-999,-999,-999,-999,-999,1970/01/01 00:00:00+00,-999,-999
-110.57457,50.448424,1641,1641,GCOMP1641,ENCANA CORPORATION ( STATION A),12-24-017-05-W4,NOT AVAILABLE,AB,NOT AVAILABLE,NOT APPLICABLE,NATURAL GAS COMPRESSOR STATION,IN SERVICE,NOT AVAILABLE,NOT APPLICABLE,CAN,50.448424,-110.57457,486210,PIPELINE TRANSPORTATION OF NATURAL GAS,ALBERTA ENERGY REGULATOR,2020/05/05 00:00:00+00,IMAGERY/OTHER,2020/05/05 00:00:00+00,https://www.aer.ca/,IPC CANADA LTD.,A868,IPC CANADA LTD.,WITHIN 40 FEET,-999,-999,-999,-999,-999,-999,-999,-999,1970/01/01 00:00:00+00,-999,-999
-112.685804,49.2585940000001,1642,1642,GCOMP1642,ENCANA CORPORATION (STATION B),14-31-003-20-W4,NOT AVAILABLE,AB,NOT AVAILABLE,NOT APPLICABLE,NATURAL GAS COMPRESSOR STATION,IN SERVICE,NOT AVAILABLE,NOT APPLICABLE,CAN,49.258594,-112.685804,486210,PIPELINE TRANSPORTATION OF NATURAL GAS,ALBERTA ENERGY REGULATOR,2020/05/05 00:00:00+00,IMAGERY/OTHER,2020/05/05 00:00:00+00,https://www.aer.ca/,GRANITE OIL CORP.,A2PJ,GRANITE OIL CORP.,WITHIN 40 FEET,-999,-999,-999,-999,-999,-999,-999,-999,1970/01/01 00:00:00+00,-999,-999
-111.086766,50.398578,1643,1643,GCOMP1643,ENCANA CORPORATION (STATION C),15-06-017-08-W4,NOT AVAILABLE,AB,NOT AVAILABLE,NOT APPLICABLE,NATURAL GAS COMPRESSOR STATION,IN SERVICE,NOT AVAILABLE,NOT APPLICABLE,CAN,50.398578,-111.086766,486210,PIPELINE TRANSPORTATION OF NATURAL GAS,ALBERTA ENERGY REGULATOR,2020/05/05 00:00:00+00,IMAGERY/OTHER,2020/05/05 00:00:00+00,https://www.aer.ca/,HARVEST OPERATIONS CORP.,0Z0H,HARVEST OPERATIONS CORP.,WITHIN 40 FEET,-999,-999,-999,-999,-999,-999,-999,-999,1970/01/01 00:00:00+00,-999,-999
-111.909554,50.2158610000001,1644,1644,GCOMP1644,ENCANA CORPORATION (STATION D),15-25-014-15-W4,NOT AVAILABLE,AB,NOT AVAILABLE,NOT APPLICABLE,NATURAL GAS COMPRESSOR STATION,IN SERVICE,NOT AVAILABLE,NOT APPLICABLE,CAN,50.215861,-111.909554,486210,PIPELINE TRANSPORTATION OF NATURAL GAS,ALBERTA ENERGY REGULATOR,2020/05/05 00:00:00+00,IMAGERY/OTHER,2020/05/05 00:00:00+00,https://www.aer.ca/,TORXEN ENERGY LTD.,A7NW,TORXEN ENERGY LTD.,WITHIN 40 FEET,-999,-999,-999,-999,-999,-999,-999,-999,1970/01/01 00:00:00+00,-999,-999
-110.450047,49.6004340000001,1645,1645,GCOMP1645,ENCANA OIL & GAS CO LTD (CYPRESS A),"RANCHVILLE ROAD; 06-35-007-04-W4",NOT AVAILABLE,AB,NOT AVAILABLE,NOT APPLICABLE,NATURAL GAS COMPRESSOR STATION,IN SERVICE,CYPRESS,NOT APPLICABLE,CAN,49.600434,-110.450047,486210,PIPELINE TRANSPORTATION OF NATURAL GAS,ALBERTA ENERGY REGULATOR,2020/05/05 00:00:00+00,IMAGERY/OTHER,2020/05/05 00:00:00+00,https://www.aer.ca/,PINE CLIFF ENERGY LTD.,34617,PINE CLIFF ENERGY LTD.,WITHIN 40 FEET,-999,-999,-999,-999,-999,-999,-999,-999,1970/01/01 00:00:00+00,-999,-999
-111.045776,50.309515,1646,1646,GCOMP1646,ENCANA OIL & GAS CO LTD (CYPRESS B),"TOWNSHIP ROAD 160; 15-33-015-08-W4",NOT AVAILABLE,AB,NOT AVAILABLE,NOT APPLICABLE,NATURAL GAS COMPRESSOR STATION,IN SERVICE,CYPRESS,NOT APPLICABLE,CAN,50.309515,-111.045776,486210,PIPELINE TRANSPORTATION OF NATURAL GAS,ALBERTA ENERGY REGULATOR,2020/05/05 00:00:00+00,IMAGERY/OTHER,2020/05/05 00:00:00+00,https://www.aer.ca/,ENCANA OIL & GAS CO. LTD.,0TT5,ENCANA OIL & GAS CO. LTD.,WITHIN 40 FEET,-999,-999,-999,-999,-999,-999,-999,-999,1970/01/01 00:00:00+00,-999,-999
-111.037713,50.224269,1647,1647,GCOMP1647,ENCANA OIL & GAS CO LTD (CYPRESS C),"TOWNSHIP ROAD 150; 01-04-015-08-W4",NOT AVAILABLE,AB,NOT AVAILABLE,NOT APPLICABLE,NATURAL GAS COMPRESSOR STATION,IN SERVICE,CYPRESS,NOT APPLICABLE,CAN,50.224269,-111.037713,486210,PIPELINE TRANSPORTATION OF NATURAL GAS,ALBERTA ENERGY REGULATOR,2020/05/05 00:00:00+00,IMAGERY/OTHER,2020/05/05 00:00:00+00,https://www.aer.ca/,IPC CANADA LTD.,A868,IPC CANADA LTD.,WITHIN 40 FEET,-999,-999,-999,-999,-999,-999,-999,-999,1970/01/01 00:00:00+00,-999,-999
-110.763205,50.2234520000001,1648,1648,GCOMP1648,ENCANA OIL & GAS CO LTD (CYPRESS C),"TOWNSHIP ROAD 150A; 01-04-015-06-W4",NOT AVAILABLE,AB,NOT AVAILABLE,NOT APPLICABLE,NATURAL GAS COMPRESSOR STATION,IN SERVICE,CYPRESS,NOT APPLICABLE,CAN,50.223452,-110.763205,486210,PIPELINE TRANSPORTATION OF NATURAL GAS,ALBERTA ENERGY REGULATOR,2020/05/05 00:00:00+00,IMAGERY/OTHER,2020/05/05 00:00:00+00,https://www.aer.ca/,IPC CANADA LTD.,A868,IPC CANADA LTD.,WITHIN 40 FEET,-999,-999,-999,-999,-999,-999,-999,-999,1970/01/01 00:00:00+00,-999,-999
-110.897862,50.2244680000001,1649,1649,GCOMP1649,ENCANA OIL & GAS CO LTD (CYPRESS D),"TOWNSHIP ROAD 150A; 01-04-015-07-W4",NOT AVAILABLE,AB,NOT AVAILABLE,NOT APPLICABLE,NATURAL GAS COMPRESSOR STATION,IN SERVICE,CYPRESS,NOT APPLICABLE,CAN,50.224468,-110.897862,486210,PIPELINE TRANSPORTATION OF NATURAL GAS,ALBERTA ENERGY REGULATOR,2020/05/05 00:00:00+00,IMAGERY/OTHER,2020/05/05 00:00:00+00,https://www.aer.ca/,IPC CANADA LTD.,A868,IPC CANADA LTD.,WITHIN 40 FEET,-999,-999,-999,-999,-999,-999,-999,-999,1970/01/01 00:00:00+00,-999,-999
-112.386707,49.984628,1650,1650,GCOMP1650,ENCANA OIL & GAS CO LTD (TABER),10-35-015-16-W4,NOT AVAILABLE,AB,NOT AVAILABLE,NOT APPLICABLE,NATURAL GAS COMPRESSOR STATION,IN SERVICE,TABER,NOT APPLICABLE,CAN,49.984628,-112.386707,486210,PIPELINE TRANSPORTATION OF NATURAL GAS,ALBERTA ENERGY REGULATOR,2020/05/05 00:00:00+00,IMAGERY/OTHER,2020/05/05 00:00:00+00,https://www.aer.ca/,TORXEN ENERGY LTD.,A7NW,TORXEN ENERGY LTD.,WITHIN 40 FEET,-999,-999,-999,-999,-999,-999,-999,-999,1970/01/01 00:00:00+00,-999,-999
-110.995183,50.208197,1651,1651,GCOMP1651,ENCANA OIL & GAS CO LTD (STATION A),15-26-014-08-W4,NOT AVAILABLE,AB,NOT AVAILABLE,NOT APPLICABLE,NATURAL GAS COMPRESSOR STATION,IN SERVICE,NOT AVAILABLE,NOT APPLICABLE,CAN,50.208197,-110.995183,486210,PIPELINE TRANSPORTATION OF NATURAL GAS,ALBERTA ENERGY REGULATOR,2020/05/05 00:00:00+00,IMAGERY/OTHER,2020/05/05 00:00:00+00,https://www.aer.ca/,ENCANA OIL & GAS CO. LTD.,0TT5,ENCANA OIL & GAS CO. LTD.,WITHIN 40 FEET,-999,-999,-999,-999,-999,-999,-999,-999,1970/01/01 00:00:00+00,-999,-999
-112.457472,50.4274320000001,1652,1652,GCOMP1652,ENDEV ENERGY INC (VULCAN A),"172006 RANGE ROAD 185; 01-18-017-18-W4",NOT AVAILABLE,AB,NOT AVAILABLE,NOT APPLICABLE,NATURAL GAS COMPRESSOR STATION,IN SERVICE,VULCAN,NOT APPLICABLE,CAN,50.427432,-112.457472,486210,PIPELINE TRANSPORTATION OF NATURAL GAS,ALBERTA ENERGY REGULATOR,2020/05/05 00:00:00+00,IMAGERY/OTHER,2020/05/05 00:00:00+00,https://www.aer.ca/,HOUSTON OIL & GAS LTD.,A74H,HOUSTON OIL & GAS LTD.,WITHIN 40 FEET,-999,-999,-999,-999,-999,-999,-999,-999,1970/01/01 00:00:00+00,-999,-999
-112.584323,50.4836270000001,1653,1653,GCOMP1653,ENDEV ENERGY INC (VULCAN B),"NEAR TOWNSHIP ROAD 180 (0.6 KM WNW); 14-32-017-19-W4",NOT AVAILABLE,AB,NOT AVAILABLE,NOT APPLICABLE,NATURAL GAS COMPRESSOR STATION,IN SERVICE,VULCAN,NOT APPLICABLE,CAN,50.483627,-112.584323,486210,PIPELINE TRANSPORTATION OF NATURAL GAS,ALBERTA ENERGY REGULATOR,2020/05/05 00:00:00+00,IMAGERY/OTHER,2020/05/05 00:00:00+00,https://www.aer.ca/,HOUSTON OIL & GAS LTD.,A74H,HOUSTON OIL & GAS LTD.,WITHIN 40 FEET,-999,-999,-999,-999,-999,-999,-999,-999,1970/01/01 00:00:00+00,-999,-999
-111.979645,49.786388,1654,1654,GCOMP1654,ENERMARK INC (TABER),"153072 TOWNSHIP ROAD 100; 02-04-010-15-W4",NOT AVAILABLE,AB,NOT AVAILABLE,NOT APPLICABLE,NATURAL GAS COMPRESSOR STATION,IN SERVICE,TABER,NOT APPLICABLE,CAN,49.786388,-111.979645,486210,PIPELINE TRANSPORTATION OF NATURAL GAS,ALBERTA ENERGY REGULATOR,2020/05/05 00:00:00+00,IMAGERY/OTHER,2020/05/05 00:00:00+00,https://www.aer.ca/,ENERPLUS CORPORATION,A5RD,ENERPLUS CORPORATION,WITHIN 40 FEET,-999,-999,-999,-999,-999,-999,-999,-999,1970/01/01 00:00:00+00,-999,-999
-110.418935,50.077588,1655,1655,GCOMP1655,ENERPLUS RESOURCES CORPORATION,"4017 TOWNSHIP ROAD 132; 02-13-013-04-W4",NOT AVAILABLE,AB,NOT AVAILABLE,NOT APPLICABLE,NATURAL GAS COMPRESSOR STATION,IN SERVICE,CYPRESS,NOT APPLICABLE,CAN,50.077588,-110.418935,486210,PIPELINE TRANSPORTATION OF NATURAL GAS,ALBERTA ENERGY REGULATOR,2020/05/05 00:00:00+00,IMAGERY/OTHER,2020/05/05 00:00:00+00,https://www.aer.ca/,CANADIAN NATURAL RESOURCES LIMITED,0HE9,CANADIAN NATURAL RESOURCES LIMITED,WITHIN 40 FEET,-999,-999,-999,-999,-999,-999,-999,-999,1970/01/01 00:00:00+00,-999,-999
-111.551591,49.435143,1656,1656,GCOMP1656,EOG RESOURCES CANADA INC (FORTY MILE NO. 8),"TOWNSHIP ROAD 60; 13-34-005-12-W4",NOT AVAILABLE,AB,NOT AVAILABLE,NOT APPLICABLE,NATURAL GAS COMPRESSOR STATION,IN SERVICE,FORTY MILE NO. 8,NOT APPLICABLE,CAN,49.435143,-111.551591,486210,PIPELINE TRANSPORTATION OF NATURAL GAS,ALBERTA ENERGY REGULATOR,2020/05/05 00:00:00+00,IMAGERY/OTHER,2020/05/05 00:00:00+00,https://www.aer.ca/,CANADIAN NATURAL RESOURCES LIMITED,0HE9,CANADIAN NATURAL RESOURCES LIMITED,WITHIN 40 FEET,-999,-999,-999,-999,-999,-999,-999,-999,1970/01/01 00:00:00+00,-999,-999
-111.309241,50.0470050000001,1657,1657,GCOMP1657,EOG RESOURCES CANADA INC,15-33-012-10-W4,NOT AVAILABLE,AB,NOT AVAILABLE,NOT APPLICABLE,NATURAL GAS COMPRESSOR STATION,IN SERVICE,NOT AVAILABLE,NOT APPLICABLE,CAN,50.047005,-111.309241,486210,PIPELINE TRANSPORTATION OF NATURAL GAS,ALBERTA ENERGY REGULATOR,2020/05/05 00:00:00+00,IMAGERY/OTHER,2020/05/05 00:00:00+00,https://www.aer.ca/,CANADIAN NATURAL RESOURCES LIMITED,0HE9,CANADIAN NATURAL RESOURCES LIMITED,WITHIN 40 FEET,-999,-999,-999,-999,-999,-999,-999,-999,1970/01/01 00:00:00+00,-999,-999
-113.513326,50.466393,1658,1658,GCOMP1658,ESPRIT EXPLORATION LTD,"NEAR 804 HIGHWAY (0.6 KKM E); 10-28-017-26-W4",NOT AVAILABLE,AB,NOT AVAILABLE,NOT APPLICABLE,NATURAL GAS COMPRESSOR STATION,IN SERVICE,VULCAN,NOT APPLICABLE,CAN,50.466393,-113.513326,486210,PIPELINE TRANSPORTATION OF NATURAL GAS,ALBERTA ENERGY REGULATOR,2020/05/05 00:00:00+00,IMAGERY/OTHER,2020/05/05 00:00:00+00,https://www.aer.ca/,CANLIN RESOURCES PARTNERSHIP,A68P,CANLIN RESOURCES PARTNERSHIP,WITHIN 40 FEET,-999,-999,-999,-999,-999,-999,-999,-999,1970/01/01 00:00:00+00,-999,-999
-113.472905,50.1775860000001,1659,1659,GCOMP1659,EXXONMOBIL CANADA ENERGY,"NEAR RANGE ROAD 263 (0.6 KM W); 14-15-014-26-W4",NOT AVAILABLE,AB,NOT AVAILABLE,NOT APPLICABLE,NATURAL GAS COMPRESSOR STATION,IN SERVICE,WILLOW CREEK NO. 26,NOT APPLICABLE,CAN,50.177586,-113.472905,486210,PIPELINE TRANSPORTATION OF NATURAL GAS,ALBERTA ENERGY REGULATOR,2020/05/05 00:00:00+00,IMAGERY/OTHER,2020/05/05 00:00:00+00,https://www.aer.ca/,LONG TERM ASSET MANAGEMENT INC.,A6JF,LONG TERM ASSET MANAGEMENT INC.,WITHIN 40 FEET,-999,-999,-999,-999,-999,-999,-999,-999,1970/01/01 00:00:00+00,-999,-999
-110.326305,50.433541,1660,1660,GCOMP1660,GEX RESOURCES LTD,"RANGE ROAD 32; 08-15-017-03-W4",NOT AVAILABLE,AB,NOT AVAILABLE,NOT APPLICABLE,NATURAL GAS COMPRESSOR STATION,IN SERVICE,CYPRESS,NOT APPLICABLE,CAN,50.433541,-110.326305,486210,PIPELINE TRANSPORTATION OF NATURAL GAS,ALBERTA ENERGY REGULATOR,2020/05/05 00:00:00+00,IMAGERY/OTHER,2020/05/05 00:00:00+00,https://www.aer.ca/,GEX RESOURCES LTD.,0BE8,GEX RESOURCES LTD.,WITHIN 40 FEET,-999,-999,-999,-999,-999,-999,-999,-999,1970/01/01 00:00:00+00,-999,-999
-112.172539,49.230575,1661,1661,GCOMP1661,GRANITE OIL CORP.,"17022 TOWNSHIP ROAD 34; 14-24-003-17-W4",NOT AVAILABLE,AB,NOT AVAILABLE,NOT APPLICABLE,NATURAL GAS COMPRESSOR STATION,IN SERVICE,WARNER NO. 5,NOT APPLICABLE,CAN,49.230575,-112.172539,486210,PIPELINE TRANSPORTATION OF NATURAL GAS,ALBERTA ENERGY REGULATOR,2020/05/05 00:00:00+00,IMAGERY/OTHER,2020/05/05 00:00:00+00,https://www.aer.ca/,GRANITE OIL CORP.,A2PJ,GRANITE OIL CORP.,WITHIN 40 FEET,-999,-999,-999,-999,-999,-999,-999,-999,1970/01/01 00:00:00+00,-999,-999
-112.378914,50.0713030000001,1662,1662,GCOMP1662,HARVARD INTERNATIONAL RESOURCES LTD.,10-10-013-18-W4,NOT AVAILABLE,AB,NOT AVAILABLE,NOT APPLICABLE,NATURAL GAS COMPRESSOR STATION,IN SERVICE,TABER,NOT APPLICABLE,CAN,50.071303,-112.378914,486210,PIPELINE TRANSPORTATION OF NATURAL GAS,ALBERTA ENERGY REGULATOR,2020/05/05 00:00:00+00,IMAGERY/OTHER,2020/05/05 00:00:00+00,https://www.aer.ca/,HARVARD INTERNATIONAL RESOURCES LTD,0AF4,HARVARD INTERNATIONAL RESOURCES LTD,WITHIN 40 FEET,-999,-999,-999,-999,-999,-999,-999,-999,1970/01/01 00:00:00+00,-999,-999
-112.007773,50.156344,1663,1663,GCOMP1663,"HUNT OIL COMPANY OF CANADA, INC",08-08-014-15-W4,NOT AVAILABLE,AB,NOT AVAILABLE,NOT APPLICABLE,NATURAL GAS COMPRESSOR STATION,IN SERVICE,NOT AVAILABLE,NOT APPLICABLE,CAN,50.156344,-112.007773,486210,PIPELINE TRANSPORTATION OF NATURAL GAS,ALBERTA ENERGY REGULATOR,2020/05/05 00:00:00+00,IMAGERY/OTHER,2020/05/05 00:00:00+00,https://www.aer.ca/,HARVEST OPERATIONS CORP.,0Z0H,HARVEST OPERATIONS CORP.,WITHIN 40 FEET,-999,-999,-999,-999,-999,-999,-999,-999,1970/01/01 00:00:00+00,-999,-999
-112.210207,50.127825,1664,1664,GCOMP1664,"HUNT OIL COMPANY OF CANADA, INC (TABER A)","RANGE ROAD 171; 05-36-013-17-W4",NOT AVAILABLE,AB,NOT AVAILABLE,NOT APPLICABLE,NATURAL GAS COMPRESSOR STATION,IN SERVICE,TABER,NOT APPLICABLE,CAN,50.127825,-112.210207,486210,PIPELINE TRANSPORTATION OF NATURAL GAS,ALBERTA ENERGY REGULATOR,2020/05/05 00:00:00+00,IMAGERY/OTHER,2020/05/05 00:00:00+00,https://www.aer.ca/,RAZOR ENERGY CORP.,A7L1,RAZOR ENERGY CORP.,WITHIN 40 FEET,-999,-999,-999,-999,-999,-999,-999,-999,1970/01/01 00:00:00+00,-999,-999
-112.223658,50.1871980000001,1665,1665,GCOMP1665,"HUNT OIL COMPANY OF CANADA, INC (TABER B)","NEAR RANGE ROAD 172 (0.6 KM W); 11-23-014-17-W4",NOT AVAILABLE,AB,NOT AVAILABLE,NOT APPLICABLE,NATURAL GAS COMPRESSOR STATION,IN SERVICE,TABER,NOT APPLICABLE,CAN,50.187198,-112.223658,486210,PIPELINE TRANSPORTATION OF NATURAL GAS,ALBERTA ENERGY REGULATOR,2020/05/05 00:00:00+00,IMAGERY/OTHER,2020/05/05 00:00:00+00,https://www.aer.ca/,RAZOR ENERGY CORP.,A7L1,RAZOR ENERGY CORP.,WITHIN 40 FEET,-999,-999,-999,-999,-999,-999,-999,-999,1970/01/01 00:00:00+00,-999,-999
-112.238786,50.1055830000001,1666,1666,GCOMP1666,"HUNT OIL COMPANY OF CANADA, INC (TABER C)","TOWNSHIP ROAD 134; 16-22-013-17-W4",NOT AVAILABLE,AB,NOT AVAILABLE,NOT APPLICABLE,NATURAL GAS COMPRESSOR STATION,IN SERVICE,TABER,NOT APPLICABLE,CAN,50.105583,-112.238786,486210,PIPELINE TRANSPORTATION OF NATURAL GAS,ALBERTA ENERGY REGULATOR,2020/05/05 00:00:00+00,IMAGERY/OTHER,2020/05/05 00:00:00+00,https://www.aer.ca/,RAZOR ENERGY CORP.,A7L1,RAZOR ENERGY CORP.,WITHIN 40 FEET,-999,-999,-999,-999,-999,-999,-999,-999,1970/01/01 00:00:00+00,-999,-999
-112.334012,50.3571940000001,1667,1667,GCOMP1667,"HUNT OIL COMPANY OF CANADA, INC (VULCAN)","NEAR RANGE ROAD 180 (0.6 KM W); 03-19-016-17-W4",NOT AVAILABLE,AB,NOT AVAILABLE,NOT APPLICABLE,NATURAL GAS COMPRESSOR STATION,IN SERVICE,VULCAN,NOT APPLICABLE,CAN,50.357194,-112.334012,486210,PIPELINE TRANSPORTATION OF NATURAL GAS,ALBERTA ENERGY REGULATOR,2020/05/05 00:00:00+00,IMAGERY/OTHER,2020/05/05 00:00:00+00,https://www.aer.ca/,RAZOR ENERGY CORP.,A7L1,RAZOR ENERGY CORP.,WITHIN 40 FEET,-999,-999,-999,-999,-999,-999,-999,-999,1970/01/01 00:00:00+00,-999,-999
-114.454103,50.1564770000001,1668,1668,GCOMP1668,HUSKY OIL OPERATIONS LIMITED (RANCHLAND NO. 66),"RANGE ROAD 41A; 05-11-014-04-W5",NOT AVAILABLE,AB,NOT AVAILABLE,NOT APPLICABLE,NATURAL GAS COMPRESSOR STATION,IN SERVICE,RANCHLAND NO. 66,NOT APPLICABLE,CAN,50.156477,-114.454103,486210,PIPELINE TRANSPORTATION OF NATURAL GAS,ALBERTA ENERGY REGULATOR,2020/05/05 00:00:00+00,IMAGERY/OTHER,2020/05/05 00:00:00+00,https://www.aer.ca/,CANLIN RESOURCES PARTNERSHIP,A68P,CANLIN RESOURCES PARTNERSHIP,WITHIN 40 FEET,-999,-999,-999,-999,-999,-999,-999,-999,1970/01/01 00:00:00+00,-999,-999
-112.13578,49.569147,1669,1669,GCOMP1669,HUSKY OIL OPERATIONS LIMITED (WARNER NO. 5),"TOWNSHIP ROAD 73; 02-20-007-16-W4",NOT AVAILABLE,AB,NOT AVAILABLE,NOT APPLICABLE,NATURAL GAS COMPRESSOR STATION,IN SERVICE,WARNER NO. 5,NOT APPLICABLE,CAN,49.569147,-112.13578,486210,PIPELINE TRANSPORTATION OF NATURAL GAS,ALBERTA ENERGY REGULATOR,2020/05/05 00:00:00+00,IMAGERY/OTHER,2020/05/05 00:00:00+00,https://www.aer.ca/,CANADIAN NATURAL RESOURCES LIMITED,0HE9,CANADIAN NATURAL RESOURCES LIMITED,WITHIN 40 FEET,-999,-999,-999,-999,-999,-999,-999,-999,1970/01/01 00:00:00+00,-999,-999
-112.523819845,50.396075625,1670,1670,GCOMP1670,INNOVA ENERGY LTD (VULCAN A),"TOWNSHIP ROAD 170; 13-35-016-19-W4",NOT AVAILABLE,AB,NOT AVAILABLE,NOT APPLICABLE,NATURAL GAS COMPRESSOR STATION,IN SERVICE,VULCAN,NOT APPLICABLE,CAN,50.396075625,-112.523819845,486210,PIPELINE TRANSPORTATION OF NATURAL GAS,ALBERTA ENERGY REGULATOR,2020/05/05 00:00:00+00,IMAGERY/OTHER,2020/05/05 00:00:00+00,https://www.aer.ca/,INNOVA ENERGY LTD.,0A2D,INNOVA ENERGY LTD.,WITHIN 166 FEET,-999,-999,-999,-999,-999,-999,-999,-999,1970/01/01 00:00:00+00,-999,-999
-112.52369712,50.396072668,1671,1671,GCOMP1671,INNOVA ENERGY LTD (VULCAN B),"TOWNSHIP ROAD 170; 13-35-016-19-W4",NOT AVAILABLE,AB,NOT AVAILABLE,NOT APPLICABLE,NATURAL GAS COMPRESSOR STATION,IN SERVICE,VULCAN,NOT APPLICABLE,CAN,50.396072668,-112.52369712,486210,PIPELINE TRANSPORTATION OF NATURAL GAS,ALBERTA ENERGY REGULATOR,2020/05/05 00:00:00+00,IMAGERY/OTHER,2020/05/05 00:00:00+00,https://www.aer.ca/,INNOVA ENERGY LTD.,0A2D,INNOVA ENERGY LTD.,WITHIN 166 FEET,-999,-999,-999,-999,-999,-999,-999,-999,1970/01/01 00:00:00+00,-999,-999
-112.359803,50.2449250000001,1672,1672,GCOMP1672,JARROD OILS LTD,"RANGE ROAD 181; 12-12-015-18-W4",NOT AVAILABLE,AB,NOT AVAILABLE,NOT APPLICABLE,NATURAL GAS COMPRESSOR STATION,IN SERVICE,TABER,NOT APPLICABLE,CAN,50.244925,-112.359803,486210,PIPELINE TRANSPORTATION OF NATURAL GAS,ALBERTA ENERGY REGULATOR,2020/05/05 00:00:00+00,IMAGERY/OTHER,2020/05/05 00:00:00+00,https://www.aer.ca/,JARRODS OILS LTD.,0GF7,JARRODS OILS LTD.,WITHIN 40 FEET,-999,-999,-999,-999,-999,-999,-999,-999,1970/01/01 00:00:00+00,-999,-999
-112.511868,50.0164260000001,1673,1673,GCOMP1673,JEFFCO HOLDINGS CORP,"25 HIGHWAY; 16-22-012-19-W4",NOT AVAILABLE,AB,NOT AVAILABLE,NOT APPLICABLE,NATURAL GAS COMPRESSOR STATION,IN SERVICE,LETHBRIDGE,NOT APPLICABLE,CAN,50.016426,-112.511868,486210,PIPELINE TRANSPORTATION OF NATURAL GAS,ALBERTA ENERGY REGULATOR,2020/05/05 00:00:00+00,IMAGERY/OTHER,2020/05/05 00:00:00+00,https://www.aer.ca/,JEFFCO HOLDINGS CORP.,0Y9W,JEFFCO HOLDINGS CORP.,WITHIN 40 FEET,-999,-999,-999,-999,-999,-999,-999,-999,1970/01/01 00:00:00+00,-999,-999
-113.815887,49.9662270000001,1674,1674,GCOMP1674,KANEX ENERGY CORP,"NEAR SHARPLES BOTTOM ROAD (0.6 KM SSW); 06-06-012-28-W4",NOT AVAILABLE,AB,NOT AVAILABLE,NOT APPLICABLE,NATURAL GAS COMPRESSOR STATION,IN SERVICE,WILLOW CREEK NO. 26,NOT APPLICABLE,CAN,49.966227,-113.815887,486210,PIPELINE TRANSPORTATION OF NATURAL GAS,ALBERTA ENERGY REGULATOR,2020/05/05 00:00:00+00,IMAGERY/OTHER,2020/05/05 00:00:00+00,https://www.aer.ca/,979968 ALBERTA LTD.,A6A9,979968 ALBERTA LTD.,WITHIN 40 FEET,-999,-999,-999,-999,-999,-999,-999,-999,1970/01/01 00:00:00+00,-999,-999
-111.988189751,49.94245284,1675,1675,GCOMP1675,KEYWEST ENERGY CORPORATION (TABER A),"NEAR TOWNSHIP ROAD 114 (1.0 KM S); 09-28-011-15-W4",NOT AVAILABLE,AB,NOT AVAILABLE,NOT APPLICABLE,NATURAL GAS COMPRESSOR STATION,IN SERVICE,TABER,NOT APPLICABLE,CAN,49.94245284,-111.988189751,486210,PIPELINE TRANSPORTATION OF NATURAL GAS,ALBERTA ENERGY REGULATOR,2020/05/05 00:00:00+00,IMAGERY/OTHER,2020/05/05 00:00:00+00,https://www.aer.ca/,HARVEST OPERATIONS CORP.,0Z0H,HARVEST OPERATIONS CORP.,WITHIN 1 MILE,-999,-999,-999,-999,-999,-999,-999,-999,1970/01/01 00:00:00+00,-999,-999
-111.988093048,49.942454479,1676,1676,GCOMP1676,KEYWEST ENERGY CORPORATION (TABER B),"NEAR TOWNSHIP ROAD 114 (1.0 KM S); 09-28-011-15-W4",NOT AVAILABLE,AB,NOT AVAILABLE,NOT APPLICABLE,NATURAL GAS COMPRESSOR STATION,IN SERVICE,TABER,NOT APPLICABLE,CAN,49.942454479,-111.988093048,486210,PIPELINE TRANSPORTATION OF NATURAL GAS,ALBERTA ENERGY REGULATOR,2020/05/05 00:00:00+00,IMAGERY/OTHER,2020/05/05 00:00:00+00,https://www.aer.ca/,HARVEST OPERATIONS CORP.,0Z0H,HARVEST OPERATIONS CORP.,WITHIN 1 MILE,-999,-999,-999,-999,-999,-999,-999,-999,1970/01/01 00:00:00+00,-999,-999
-112.723461,50.3359130000001,1677,1677,GCOMP1677,MAHALO ENERGY LTD.,"NEAR RANGE ROAD 204 (1.0 KM E); 14-08-016-20-W4",NOT AVAILABLE,AB,NOT AVAILABLE,NOT APPLICABLE,NATURAL GAS COMPRESSOR STATION,IN SERVICE,VULCAN,NOT APPLICABLE,CAN,50.335913,-112.723461,486210,PIPELINE TRANSPORTATION OF NATURAL GAS,ALBERTA ENERGY REGULATOR,2020/05/05 00:00:00+00,IMAGERY/OTHER,2020/05/05 00:00:00+00,https://www.aer.ca/,HAWTHORNE ENERGY LTD.,A0RD,HAWTHORNE ENERGY LTD.,WITHIN 40 FEET,-999,-999,-999,-999,-999,-999,-999,-999,1970/01/01 00:00:00+00,-999,-999
-110.687735,50.06928,1678,1678,GCOMP1678,"MEDICINE HAT, CITY OF","DIVISION AVENUE NORTH; 08-12-013-06-W4",NOT AVAILABLE,AB,NOT AVAILABLE,NOT APPLICABLE,NATURAL GAS COMPRESSOR STATION,IN SERVICE,MEDICINE HAT,NOT APPLICABLE,CAN,50.06928,-110.687735,486210,PIPELINE TRANSPORTATION OF NATURAL GAS,ALBERTA ENERGY REGULATOR,2020/05/05 00:00:00+00,IMAGERY/OTHER,2020/05/05 00:00:00+00,https://www.aer.ca/,CITY OF MEDICINE HAT,2706,CITY OF MEDICINE HAT,WITHIN 40 FEET,-999,-999,-999,-999,-999,-999,-999,-999,1970/01/01 00:00:00+00,-999,-999
-112.364405894,50.0958896230001,1679,1679,GCOMP1679,MEOTA RESOURCES CORP (TABER A),"NEAR RANGE ROAD 182 (0.6 KMW); 06-23-013-18-W4",NOT AVAILABLE,AB,NOT AVAILABLE,NOT APPLICABLE,NATURAL GAS COMPRESSOR STATION,IN SERVICE,TABER,NOT APPLICABLE,CAN,50.0958896230001,-112.364405894,486210,PIPELINE TRANSPORTATION OF NATURAL GAS,ALBERTA ENERGY REGULATOR,2020/05/05 00:00:00+00,IMAGERY/OTHER,2020/05/05 00:00:00+00,https://www.aer.ca/,SANLING ENERGY LTD.,A7AZ,SANLING ENERGY LTD.,WITHIN 40 FEET,-999,-999,-999,-999,-999,-999,-999,-999,1970/01/01 00:00:00+00,-999,-999
-112.280088,50.2069680000001,1680,1680,GCOMP1680,MEOTA RESOURCES CORP (TABER B),16-29-014-17-W4,NOT AVAILABLE,AB,NOT AVAILABLE,NOT APPLICABLE,NATURAL GAS COMPRESSOR STATION,IN SERVICE,TABER,NOT APPLICABLE,CAN,50.206968,-112.280088,486210,PIPELINE TRANSPORTATION OF NATURAL GAS,ALBERTA ENERGY REGULATOR,2020/05/05 00:00:00+00,IMAGERY/OTHER,2020/05/05 00:00:00+00,https://www.aer.ca/,SANLING ENERGY LTD.,A7AZ,SANLING ENERGY LTD.,WITHIN 40 FEET,-999,-999,-999,-999,-999,-999,-999,-999,1970/01/01 00:00:00+00,-999,-999
-112.682107,50.169228,1681,1681,GCOMP1681,MEOTA RESOURCES CORP (VULCAN),"TOWNSHIP ROAD 142; 06-16-014-20-W4",NOT AVAILABLE,AB,NOT AVAILABLE,NOT APPLICABLE,NATURAL GAS COMPRESSOR STATION,IN SERVICE,VULCAN,NOT APPLICABLE,CAN,50.169228,-112.682107,486210,PIPELINE TRANSPORTATION OF NATURAL GAS,ALBERTA ENERGY REGULATOR,2020/05/05 00:00:00+00,IMAGERY/OTHER,2020/05/05 00:00:00+00,https://www.aer.ca/,SANLING ENERGY LTD.,A7AZ,SANLING ENERGY LTD.,WITHIN 40 FEET,-999,-999,-999,-999,-999,-999,-999,-999,1970/01/01 00:00:00+00,-999,-999
-113.501954,50.226297,1682,1682,GCOMP1682,MURPHY OIL COMPANY LTD,04-03-015-26-W4,NOT AVAILABLE,AB,NOT AVAILABLE,NOT APPLICABLE,NATURAL GAS COMPRESSOR STATION,IN SERVICE,WILLOW CREEK NO. 26,NOT APPLICABLE,CAN,50.226297,-113.501954,486210,PIPELINE TRANSPORTATION OF NATURAL GAS,ALBERTA ENERGY REGULATOR,2020/05/05 00:00:00+00,IMAGERY/OTHER,2020/05/05 00:00:00+00,https://www.aer.ca/,LONG TERM ASSET MANAGEMENT INC.,A6JF,LONG TERM ASSET MANAGEMENT INC.,WITHIN 40 FEET,-999,-999,-999,-999,-999,-999,-999,-999,1970/01/01 00:00:00+00,-999,-999
-112.840657,49.4654360000001,1683,1683,GCOMP1683,NCE RESOURCES GROUP INC (CARDSTON A),"TOWNSHIP ROAD 62; 02-13-006-22-W4",NOT AVAILABLE,AB,NOT AVAILABLE,NOT APPLICABLE,NATURAL GAS COMPRESSOR STATION,IN SERVICE,CARDSTON,NOT APPLICABLE,CAN,49.465436,-112.840657,486210,PIPELINE TRANSPORTATION OF NATURAL GAS,ALBERTA ENERGY REGULATOR,2020/05/05 00:00:00+00,IMAGERY/OTHER,2020/05/05 00:00:00+00,https://www.aer.ca/,OBSIDIAN ENERGY LTD.,0BP8,OBSIDIAN ENERGY LTD.,WITHIN 40 FEET,-999,-999,-999,-999,-999,-999,-999,-999,1970/01/01 00:00:00+00,-999,-999
-112.841869,49.4362870000001,1684,1684,GCOMP1684,NCE RESOURCES GROUP INC (CARDSTON B),"60057 5 HIGHWAY; 03-01-006-22-W4",NOT AVAILABLE,AB,NOT AVAILABLE,NOT APPLICABLE,NATURAL GAS COMPRESSOR STATION,IN SERVICE,CARDSTON,NOT APPLICABLE,CAN,49.436287,-112.841869,486210,PIPELINE TRANSPORTATION OF NATURAL GAS,ALBERTA ENERGY REGULATOR,2020/05/05 00:00:00+00,IMAGERY/OTHER,2020/05/05 00:00:00+00,https://www.aer.ca/,OBSIDIAN ENERGY LTD.,0BP8,OBSIDIAN ENERGY LTD.,WITHIN 40 FEET,-999,-999,-999,-999,-999,-999,-999,-999,1970/01/01 00:00:00+00,-999,-999
-112.780084,49.236071,1685,1685,GCOMP1685,NCE RESOURCES GROUP INC (CARDSTON C),"NEAR RANGE ROAD 213 (1.6 KM ESE); 04-28-003-21-W4",NOT AVAILABLE,AB,NOT AVAILABLE,NOT APPLICABLE,NATURAL GAS COMPRESSOR STATION,IN SERVICE,CARDSTON,NOT APPLICABLE,CAN,49.236071,-112.780084,486210,PIPELINE TRANSPORTATION OF NATURAL GAS,ALBERTA ENERGY REGULATOR,2020/05/05 00:00:00+00,IMAGERY/OTHER,2020/05/05 00:00:00+00,https://www.aer.ca/,OBSIDIAN ENERGY LTD.,0BP8,OBSIDIAN ENERGY LTD.,WITHIN 40 FEET,-999,-999,-999,-999,-999,-999,-999,-999,1970/01/01 00:00:00+00,-999,-999
-112.82928,49.49395,1686,1686,GCOMP1686,NCE RESOURCES GROUP INC (CARDSTON D),"63041 RANGE ROAD 220; 13-19-006-21-W4",NOT AVAILABLE,AB,NOT AVAILABLE,NOT APPLICABLE,NATURAL GAS COMPRESSOR STATION,IN SERVICE,CARDSTON,NOT APPLICABLE,CAN,49.49395,-112.82928,486210,PIPELINE TRANSPORTATION OF NATURAL GAS,ALBERTA ENERGY REGULATOR,2020/05/05 00:00:00+00,IMAGERY/OTHER,2020/05/05 00:00:00+00,https://www.aer.ca/,OBSIDIAN ENERGY LTD.,0BP8,OBSIDIAN ENERGY LTD.,WITHIN 40 FEET,-999,-999,-999,-999,-999,-999,-999,-999,1970/01/01 00:00:00+00,-999,-999
-112.887221,49.4939430000001,1687,1687,GCOMP1687,NCE RESOURCES GROUP INC (CARDSTON E),"TOWNSHIP ROAD 64; 14-22-006-22-W4",NOT AVAILABLE,AB,NOT AVAILABLE,NOT APPLICABLE,NATURAL GAS COMPRESSOR STATION,IN SERVICE,CARDSTON,NOT APPLICABLE,CAN,49.493943,-112.887221,486210,PIPELINE TRANSPORTATION OF NATURAL GAS,ALBERTA ENERGY REGULATOR,2020/05/05 00:00:00+00,IMAGERY/OTHER,2020/05/05 00:00:00+00,https://www.aer.ca/,OBSIDIAN ENERGY LTD.,0BP8,OBSIDIAN ENERGY LTD.,WITHIN 40 FEET,-999,-999,-999,-999,-999,-999,-999,-999,1970/01/01 00:00:00+00,-999,-999
-112.791764,49.287717,1688,1688,GCOMP1688,NCE RESOURCES GROUP INC (CARDSTON F),"TOWNSHIP ROAD 42; 15-08-004-21-W4",NOT AVAILABLE,AB,NOT AVAILABLE,NOT APPLICABLE,NATURAL GAS COMPRESSOR STATION,IN SERVICE,CARDSTON,NOT APPLICABLE,CAN,49.287717,-112.791764,486210,PIPELINE TRANSPORTATION OF NATURAL GAS,ALBERTA ENERGY REGULATOR,2020/05/05 00:00:00+00,IMAGERY/OTHER,2020/05/05 00:00:00+00,https://www.aer.ca/,OBSIDIAN ENERGY LTD.,0BP8,OBSIDIAN ENERGY LTD.,WITHIN 40 FEET,-999,-999,-999,-999,-999,-999,-999,-999,1970/01/01 00:00:00+00,-999,-999
-112.7461,49.5002400000001,1689,1689,GCOMP1689,NCE RESOURCES GROUP INC (CARDSTON G),"RANGE ROAD 212; 08-27-006-21-W4",NOT AVAILABLE,AB,NOT AVAILABLE,NOT APPLICABLE,NATURAL GAS COMPRESSOR STATION,IN SERVICE,WARNER NO. 5,NOT APPLICABLE,CAN,49.50024,-112.7461,486210,PIPELINE TRANSPORTATION OF NATURAL GAS,ALBERTA ENERGY REGULATOR,2020/05/05 00:00:00+00,IMAGERY/OTHER,2020/05/05 00:00:00+00,https://www.aer.ca/,OBSIDIAN ENERGY LTD.,0BP8,OBSIDIAN ENERGY LTD.,WITHIN 40 FEET,-999,-999,-999,-999,-999,-999,-999,-999,1970/01/01 00:00:00+00,-999,-999
-111.10896,49.1511550000001,1690,1690,GCOMP1690,NEO EXPLORATION INC.,06-26-002-09-W4,NOT AVAILABLE,AB,NOT AVAILABLE,NOT APPLICABLE,NATURAL GAS COMPRESSOR STATION,IN SERVICE,NOT AVAILABLE,NOT APPLICABLE,CAN,49.151155,-111.10896,486210,PIPELINE TRANSPORTATION OF NATURAL GAS,ALBERTA ENERGY REGULATOR,2020/05/05 00:00:00+00,IMAGERY/OTHER,2020/05/05 00:00:00+00,https://www.aer.ca/,NEO EXPLORATION INC.,A1JJ,NEO EXPLORATION INC.,WITHIN 40 FEET,-999,-999,-999,-999,-999,-999,-999,-999,1970/01/01 00:00:00+00,-999,-999
-110.199888,50.1358680000001,1691,1691,GCOMP1691,NEXEN CANADA LTD (CYPRESS A),"TOWNSHIP ROAD 140; 03-03-014-02-W4",NOT AVAILABLE,AB,NOT AVAILABLE,NOT APPLICABLE,NATURAL GAS COMPRESSOR STATION,IN SERVICE,CYPRESS,NOT APPLICABLE,CAN,50.135868,-110.199888,486210,PIPELINE TRANSPORTATION OF NATURAL GAS,ALBERTA ENERGY REGULATOR,2020/05/05 00:00:00+00,IMAGERY/OTHER,2020/05/05 00:00:00+00,https://www.aer.ca/,PINE CLIFF ENERGY LTD.,34617,PINE CLIFF ENERGY LTD.,WITHIN 40 FEET,-999,-999,-999,-999,-999,-999,-999,-999,1970/01/01 00:00:00+00,-999,-999
-110.119664,50.0848700000001,1692,1692,GCOMP1692,NEXEN CANADA LTD (CYPRESS B),"NEAR TOWNSHIP ROAD 132 (1.0 KMS); 09-18-013-01-W4",NOT AVAILABLE,AB,NOT AVAILABLE,NOT APPLICABLE,NATURAL GAS COMPRESSOR STATION,IN SERVICE,CYPRESS,NOT APPLICABLE,CAN,50.08487,-110.119664,486210,PIPELINE TRANSPORTATION OF NATURAL GAS,ALBERTA ENERGY REGULATOR,2020/05/05 00:00:00+00,IMAGERY/OTHER,2020/05/05 00:00:00+00,https://www.aer.ca/,PINE CLIFF ENERGY LTD.,34617,PINE CLIFF ENERGY LTD.,WITHIN 40 FEET,-999,-999,-999,-999,-999,-999,-999,-999,1970/01/01 00:00:00+00,-999,-999
-110.092792,50.1665860000001,1693,1693,GCOMP1693,NEXEN CANADA LTD,04-16-014-01-W4,NOT AVAILABLE,AB,NOT AVAILABLE,NOT APPLICABLE,NATURAL GAS COMPRESSOR STATION,IN SERVICE,NOT AVAILABLE,NOT APPLICABLE,CAN,50.166586,-110.092792,486210,PIPELINE TRANSPORTATION OF NATURAL GAS,ALBERTA ENERGY REGULATOR,2020/05/05 00:00:00+00,IMAGERY/OTHER,2020/05/05 00:00:00+00,https://www.aer.ca/,PINE CLIFF ENERGY LTD.,34617,PINE CLIFF ENERGY LTD.,WITHIN 40 FEET,-999,-999,-999,-999,-999,-999,-999,-999,1970/01/01 00:00:00+00,-999,-999
-114.427457,49.7299560000001,1694,1694,GCOMP1694,NORTHSTAR ENERGY CORPORATION,04-13-009-04-W5,NOT AVAILABLE,AB,NOT AVAILABLE,NOT APPLICABLE,NATURAL GAS COMPRESSOR STATION,IN SERVICE,RANCHLAND NO. 66,NOT APPLICABLE,CAN,49.729956,-114.427457,486210,PIPELINE TRANSPORTATION OF NATURAL GAS,ALBERTA ENERGY REGULATOR,2020/05/05 00:00:00+00,IMAGERY/OTHER,2020/05/05 00:00:00+00,https://www.aer.ca/,CANADIAN NATURAL RESOURCES LIMITED,0HE9,CANADIAN NATURAL RESOURCES LIMITED,WITHIN 40 FEET,-999,-999,-999,-999,-999,-999,-999,-999,1970/01/01 00:00:00+00,-999,-999
-112.771035533,50.12341,1695,1695,GCOMP1695,NYCAN ENERGY CORP (LETHBRIDGE A),"NEAR RANGE ROAD 212 (0.6 KM W); 03-35-013-21-W4",NOT AVAILABLE,AB,NOT AVAILABLE,NOT APPLICABLE,NATURAL GAS COMPRESSOR STATION,IN SERVICE,LETHBRIDGE,NOT APPLICABLE,CAN,50.12341,-112.771035533,486210,PIPELINE TRANSPORTATION OF NATURAL GAS,ALBERTA ENERGY REGULATOR,2020/05/05 00:00:00+00,IMAGERY/OTHER,2020/05/05 00:00:00+00,https://www.aer.ca/,TUSCANY ENERGY LTD.,0H94,TUSCANY ENERGY LTD.,WITHIN 166 FEET,-999,-999,-999,-999,-999,-999,-999,-999,1970/01/01 00:00:00+00,-999,-999
-112.770957292,50.123407555,1696,1696,GCOMP1696,NYCAN ENERGY CORP (LETHBRIDGE B),"NEAR RANGE ROAD 212 (0.6 KM W); 03-35-013-21-W4",NOT AVAILABLE,AB,NOT AVAILABLE,NOT APPLICABLE,NATURAL GAS COMPRESSOR STATION,IN SERVICE,LETHBRIDGE,NOT APPLICABLE,CAN,50.123407555,-112.770957292,486210,PIPELINE TRANSPORTATION OF NATURAL GAS,ALBERTA ENERGY REGULATOR,2020/05/05 00:00:00+00,IMAGERY/OTHER,2020/05/05 00:00:00+00,https://www.aer.ca/,TUSCANY ENERGY LTD.,0H94,TUSCANY ENERGY LTD.,WITHIN 166 FEET,-999,-999,-999,-999,-999,-999,-999,-999,1970/01/01 00:00:00+00,-999,-999
-112.679463,49.8950760000001,1697,1697,GCOMP1697,NYCAN ENERGY CORP (LETHBRIDGE C),"NEAR RANGE ROAD 204 (0.6 KM W); 06-09-011-20-W4",NOT AVAILABLE,AB,NOT AVAILABLE,NOT APPLICABLE,NATURAL GAS COMPRESSOR STATION,IN SERVICE,LETHBRIDGE,NOT APPLICABLE,CAN,49.895076,-112.679463,486210,PIPELINE TRANSPORTATION OF NATURAL GAS,ALBERTA ENERGY REGULATOR,2020/05/05 00:00:00+00,IMAGERY/OTHER,2020/05/05 00:00:00+00,https://www.aer.ca/,HOUSTON OIL & GAS LTD.,A74H,HOUSTON OIL & GAS LTD.,WITHIN 40 FEET,-999,-999,-999,-999,-999,-999,-999,-999,1970/01/01 00:00:00+00,-999,-999
-112.540915,49.952905,1698,1698,GCOMP1698,PARAMOUNT RESOURCES LTD (LETHBRIDGE A),"NEAR RANGE ROAD 193 (0.6 KM E); 07-33-011-19-W4",NOT AVAILABLE,AB,NOT AVAILABLE,NOT APPLICABLE,NATURAL GAS COMPRESSOR STATION,IN SERVICE,LETHBRIDGE,NOT APPLICABLE,CAN,49.952905,-112.540915,486210,PIPELINE TRANSPORTATION OF NATURAL GAS,ALBERTA ENERGY REGULATOR,2020/05/05 00:00:00+00,IMAGERY/OTHER,2020/05/05 00:00:00+00,https://www.aer.ca/,PARAMOUNT RESOURCES LTD.,0AW4,PARAMOUNT RESOURCES LTD.,WITHIN 40 FEET,-999,-999,-999,-999,-999,-999,-999,-999,1970/01/01 00:00:00+00,-999,-999
-112.528191,49.9163610000001,1699,1699,GCOMP1699,PARAMOUNT RESOURCES LTD (LETHBRIDGE B),"113049 RANGE ROAD 193; 13-15-011-19-W4",NOT AVAILABLE,AB,NOT AVAILABLE,NOT APPLICABLE,NATURAL GAS COMPRESSOR STATION,IN SERVICE,LETHBRIDGE,NOT APPLICABLE,CAN,49.916361,-112.528191,486210,PIPELINE TRANSPORTATION OF NATURAL GAS,ALBERTA ENERGY REGULATOR,2020/05/05 00:00:00+00,IMAGERY/OTHER,2020/05/05 00:00:00+00,https://www.aer.ca/,PARAMOUNT RESOURCES LTD.,0AW4,PARAMOUNT RESOURCES LTD.,WITHIN 40 FEET,-999,-999,-999,-999,-999,-999,-999,-999,1970/01/01 00:00:00+00,-999,-999
-112.643647,49.6423310000001,1700,1700,GCOMP1700,PENGROWTH CORPORATION (LETHBRIDGE A),"82011 RANGE ROAD 203; 04-15-008-20-W4",NOT AVAILABLE,AB,NOT AVAILABLE,NOT APPLICABLE,NATURAL GAS COMPRESSOR STATION,IN SERVICE,LETHBRIDGE,NOT APPLICABLE,CAN,49.642331,-112.643647,486210,PIPELINE TRANSPORTATION OF NATURAL GAS,ALBERTA ENERGY REGULATOR,2020/05/05 00:00:00+00,IMAGERY/OTHER,2020/05/05 00:00:00+00,https://www.aer.ca/,ALPHABOW ENERGY LTD.,A7H2,ALPHABOW ENERGY LTD.,WITHIN 40 FEET,-999,-999,-999,-999,-999,-999,-999,-999,1970/01/01 00:00:00+00,-999,-999
-112.524714,49.574009,1701,1701,GCOMP1701,PENGROWTH CORPORATION (LETHBRIDGE B),"NEAR RANGE ROAD 194 (0.6 KMW); 06-21-007-19-W4",NOT AVAILABLE,AB,NOT AVAILABLE,NOT APPLICABLE,NATURAL GAS COMPRESSOR STATION,IN SERVICE,LETHBRIDGE,NOT APPLICABLE,CAN,49.574009,-112.524714,486210,PIPELINE TRANSPORTATION OF NATURAL GAS,ALBERTA ENERGY REGULATOR,2020/05/05 00:00:00+00,IMAGERY/OTHER,2020/05/05 00:00:00+00,https://www.aer.ca/,ALPHABOW ENERGY LTD.,A7H2,ALPHABOW ENERGY LTD.,WITHIN 40 FEET,-999,-999,-999,-999,-999,-999,-999,-999,1970/01/01 00:00:00+00,-999,-999
-110.326519,50.328151,1702,1702,GCOMP1702,PETRO-CANADA (CYPRESS A),"NEAR RANGE ROAD 33 (1.4 KM W); 01-10-016-03-W4",NOT AVAILABLE,AB,NOT AVAILABLE,NOT APPLICABLE,NATURAL GAS COMPRESSOR STATION,IN SERVICE,CYPRESS,NOT APPLICABLE,CAN,50.328151,-110.326519,486210,PIPELINE TRANSPORTATION OF NATURAL GAS,ALBERTA ENERGY REGULATOR,2020/05/05 00:00:00+00,IMAGERY/OTHER,2020/05/05 00:00:00+00,https://www.aer.ca/,CANLIN RESOURCES PARTNERSHIP,A68P,CANLIN RESOURCES PARTNERSHIP,WITHIN 40 FEET,-999,-999,-999,-999,-999,-999,-999,-999,1970/01/01 00:00:00+00,-999,-999
-110.469743,50.28148,1703,1703,GCOMP1703,PETRO-CANADA (CYPRESS B),"TOWNSHIP ROAD 154; 02-27-015-04-W4",NOT AVAILABLE,AB,NOT AVAILABLE,NOT APPLICABLE,NATURAL GAS COMPRESSOR STATION,IN SERVICE,CYPRESS,NOT APPLICABLE,CAN,50.28148,-110.469743,486210,PIPELINE TRANSPORTATION OF NATURAL GAS,ALBERTA ENERGY REGULATOR,2020/05/05 00:00:00+00,IMAGERY/OTHER,2020/05/05 00:00:00+00,https://www.aer.ca/,CANLIN RESOURCES PARTNERSHIP,A68P,CANLIN RESOURCES PARTNERSHIP,WITHIN 40 FEET,-999,-999,-999,-999,-999,-999,-999,-999,1970/01/01 00:00:00+00,-999,-999
-111.301412,50.339839,1704,1704,GCOMP1704,PETRO-CANADA (CYPRESS C),"TOWNSHIP ROAD 162; 03-15-016-10-W4",NOT AVAILABLE,AB,NOT AVAILABLE,NOT APPLICABLE,NATURAL GAS COMPRESSOR STATION,IN SERVICE,CYPRESS,NOT APPLICABLE,CAN,50.339839,-111.301412,486210,PIPELINE TRANSPORTATION OF NATURAL GAS,ALBERTA ENERGY REGULATOR,2020/05/05 00:00:00+00,IMAGERY/OTHER,2020/05/05 00:00:00+00,https://www.aer.ca/,CANLIN RESOURCES PARTNERSHIP,A68P,CANLIN RESOURCES PARTNERSHIP,WITHIN 40 FEET,-999,-999,-999,-999,-999,-999,-999,-999,1970/01/01 00:00:00+00,-999,-999
-111.332702,50.269706,1705,1705,GCOMP1705,PETRO-CANADA (CYPRESS D),"RANGE ROAD 104; 04-21-015-10-W4",NOT AVAILABLE,AB,NOT AVAILABLE,NOT APPLICABLE,NATURAL GAS COMPRESSOR STATION,IN SERVICE,CYPRESS,NOT APPLICABLE,CAN,50.269706,-111.332702,486210,PIPELINE TRANSPORTATION OF NATURAL GAS,ALBERTA ENERGY REGULATOR,2020/05/05 00:00:00+00,IMAGERY/OTHER,2020/05/05 00:00:00+00,https://www.aer.ca/,CANLIN RESOURCES PARTNERSHIP,A68P,CANLIN RESOURCES PARTNERSHIP,WITHIN 40 FEET,-999,-999,-999,-999,-999,-999,-999,-999,1970/01/01 00:00:00+00,-999,-999
-110.377899,50.2727130000001,1706,1706,GCOMP1706,PETRO-CANADA (CYPRESS E),"NEAR RANGE ROAD 35 (1.0 KM W); 07-20-015-03-W4",NOT AVAILABLE,AB,NOT AVAILABLE,NOT APPLICABLE,NATURAL GAS COMPRESSOR STATION,IN SERVICE,CYPRESS,NOT APPLICABLE,CAN,50.272713,-110.377899,486210,PIPELINE TRANSPORTATION OF NATURAL GAS,ALBERTA ENERGY REGULATOR,2020/05/05 00:00:00+00,IMAGERY/OTHER,2020/05/05 00:00:00+00,https://www.aer.ca/,CANLIN RESOURCES PARTNERSHIP,A68P,CANLIN RESOURCES PARTNERSHIP,WITHIN 40 FEET,-999,-999,-999,-999,-999,-999,-999,-999,1970/01/01 00:00:00+00,-999,-999
-110.509642,50.3347130000001,1707,1707,GCOMP1707,PETRO-CANADA (CYPRESS F),"RANGE ROAD 44; 09-08-016-04-W4",NOT AVAILABLE,AB,NOT AVAILABLE,NOT APPLICABLE,NATURAL GAS COMPRESSOR STATION,IN SERVICE,CYPRESS,NOT APPLICABLE,CAN,50.334713,-110.509642,486210,PIPELINE TRANSPORTATION OF NATURAL GAS,ALBERTA ENERGY REGULATOR,2020/05/05 00:00:00+00,IMAGERY/OTHER,2020/05/05 00:00:00+00,https://www.aer.ca/,CANLIN RESOURCES PARTNERSHIP,A68P,CANLIN RESOURCES PARTNERSHIP,WITHIN 40 FEET,-999,-999,-999,-999,-999,-999,-999,-999,1970/01/01 00:00:00+00,-999,-999
-110.509804,50.3633510000001,1708,1708,GCOMP1708,PETRO-CANADA (CYPRESS G),"RANGE ROAD 44; 09-20-016-04-W4",NOT AVAILABLE,AB,NOT AVAILABLE,NOT APPLICABLE,NATURAL GAS COMPRESSOR STATION,IN SERVICE,CYPRESS,NOT APPLICABLE,CAN,50.363351,-110.509804,486210,PIPELINE TRANSPORTATION OF NATURAL GAS,ALBERTA ENERGY REGULATOR,2020/05/05 00:00:00+00,IMAGERY/OTHER,2020/05/05 00:00:00+00,https://www.aer.ca/,CANLIN RESOURCES PARTNERSHIP,A68P,CANLIN RESOURCES PARTNERSHIP,WITHIN 40 FEET,-999,-999,-999,-999,-999,-999,-999,-999,1970/01/01 00:00:00+00,-999,-999
-110.486502,50.2905200000001,1709,1709,GCOMP1709,PETRO-CANADA (CYPRESS H),"RANGE ROAD 43; 09-28-015-04-W4",NOT AVAILABLE,AB,NOT AVAILABLE,NOT APPLICABLE,NATURAL GAS COMPRESSOR STATION,IN SERVICE,CYPRESS,NOT APPLICABLE,CAN,50.29052,-110.486502,486210,PIPELINE TRANSPORTATION OF NATURAL GAS,ALBERTA ENERGY REGULATOR,2020/05/05 00:00:00+00,IMAGERY/OTHER,2020/05/05 00:00:00+00,https://www.aer.ca/,CANLIN RESOURCES PARTNERSHIP,A68P,CANLIN RESOURCES PARTNERSHIP,WITHIN 40 FEET,-999,-999,-999,-999,-999,-999,-999,-999,1970/01/01 00:00:00+00,-999,-999
-110.357949,50.2464840000001,1710,1710,GCOMP1710,PETRO-CANADA (CYPRESS I),"NEAR RANGE ROAD 33 (0.9 KM SE); 10-09-015-03-W4",NOT AVAILABLE,AB,NOT AVAILABLE,NOT APPLICABLE,NATURAL GAS COMPRESSOR STATION,IN SERVICE,CYPRESS,NOT APPLICABLE,CAN,50.246484,-110.357949,486210,PIPELINE TRANSPORTATION OF NATURAL GAS,ALBERTA ENERGY REGULATOR,2020/05/05 00:00:00+00,IMAGERY/OTHER,2020/05/05 00:00:00+00,https://www.aer.ca/,CANLIN RESOURCES PARTNERSHIP,A68P,CANLIN RESOURCES PARTNERSHIP,WITHIN 40 FEET,-999,-999,-999,-999,-999,-999,-999,-999,1970/01/01 00:00:00+00,-999,-999
-111.273518,50.245418,1711,1711,GCOMP1711,PETRO-CANADA (CYPRESS J),"OLD TRANSCANADA HIGHWAY; 10-11-015-10-W4",NOT AVAILABLE,AB,NOT AVAILABLE,NOT APPLICABLE,NATURAL GAS COMPRESSOR STATION,IN SERVICE,CYPRESS,NOT APPLICABLE,CAN,50.245418,-111.273518,486210,PIPELINE TRANSPORTATION OF NATURAL GAS,ALBERTA ENERGY REGULATOR,2020/05/05 00:00:00+00,IMAGERY/OTHER,2020/05/05 00:00:00+00,https://www.aer.ca/,CANLIN RESOURCES PARTNERSHIP,A68P,CANLIN RESOURCES PARTNERSHIP,WITHIN 40 FEET,-999,-999,-999,-999,-999,-999,-999,-999,1970/01/01 00:00:00+00,-999,-999
-110.489286,50.2180960000001,1712,1712,GCOMP1712,PETRO-CANADA (CYPRESS K),"NEAR RANGE ROAD 43 (0.6 KM E); 10-33-014-04-W4",NOT AVAILABLE,AB,NOT AVAILABLE,NOT APPLICABLE,NATURAL GAS COMPRESSOR STATION,IN SERVICE,CYPRESS,NOT APPLICABLE,CAN,50.218096,-110.489286,486210,PIPELINE TRANSPORTATION OF NATURAL GAS,ALBERTA ENERGY REGULATOR,2020/05/05 00:00:00+00,IMAGERY/OTHER,2020/05/05 00:00:00+00,https://www.aer.ca/,CANLIN RESOURCES PARTNERSHIP,A68P,CANLIN RESOURCES PARTNERSHIP,WITHIN 40 FEET,-999,-999,-999,-999,-999,-999,-999,-999,1970/01/01 00:00:00+00,-999,-999
-111.264124,50.321378,1713,1713,GCOMP1713,PETRO-CANADA (CYPRESS L),"RANGE ROAD 101; 12-01-016-10-W4",NOT AVAILABLE,AB,NOT AVAILABLE,NOT APPLICABLE,NATURAL GAS COMPRESSOR STATION,IN SERVICE,CYPRESS,NOT APPLICABLE,CAN,50.321378,-111.264124,486210,PIPELINE TRANSPORTATION OF NATURAL GAS,ALBERTA ENERGY REGULATOR,2020/05/05 00:00:00+00,IMAGERY/OTHER,2020/05/05 00:00:00+00,https://www.aer.ca/,CANLIN RESOURCES PARTNERSHIP,A68P,CANLIN RESOURCES PARTNERSHIP,WITHIN 40 FEET,-999,-999,-999,-999,-999,-999,-999,-999,1970/01/01 00:00:00+00,-999,-999
-110.5005,50.2165460000001,1714,1714,GCOMP1714,PETRO-CANADA (CYPRESS M),"NEAR TOWNSHIP ROAD 150 (1.3 KM ENE); 12-33-014-04-W4",NOT AVAILABLE,AB,NOT AVAILABLE,NOT APPLICABLE,NATURAL GAS COMPRESSOR STATION,IN SERVICE,CYPRESS,NOT APPLICABLE,CAN,50.216546,-110.5005,486210,PIPELINE TRANSPORTATION OF NATURAL GAS,ALBERTA ENERGY REGULATOR,2020/05/05 00:00:00+00,IMAGERY/OTHER,2020/05/05 00:00:00+00,https://www.aer.ca/,CANLIN RESOURCES PARTNERSHIP,A68P,CANLIN RESOURCES PARTNERSHIP,WITHIN 40 FEET,-999,-999,-999,-999,-999,-999,-999,-999,1970/01/01 00:00:00+00,-999,-999
-110.39326,50.23634,1715,1715,GCOMP1715,PETRO-CANADA (CYPRESS N),"RANGE ROAD 35; 13-05-015-03-W4",NOT AVAILABLE,AB,NOT AVAILABLE,NOT APPLICABLE,NATURAL GAS COMPRESSOR STATION,IN SERVICE,CYPRESS,NOT APPLICABLE,CAN,50.23634,-110.39326,486210,PIPELINE TRANSPORTATION OF NATURAL GAS,ALBERTA ENERGY REGULATOR,2020/05/05 00:00:00+00,IMAGERY/OTHER,2020/05/05 00:00:00+00,https://www.aer.ca/,CANLIN RESOURCES PARTNERSHIP,A68P,CANLIN RESOURCES PARTNERSHIP,WITHIN 40 FEET,-999,-999,-999,-999,-999,-999,-999,-999,1970/01/01 00:00:00+00,-999,-999
-110.21057,50.4553230000001,1716,1716,GCOMP1716,PETRO-CANADA (CYPRESS O),"17329 RANGE ROAD 23; 13-22-017-02-W4",NOT AVAILABLE,AB,NOT AVAILABLE,NOT APPLICABLE,NATURAL GAS COMPRESSOR STATION,IN SERVICE,CYPRESS,NOT APPLICABLE,CAN,50.455323,-110.21057,486210,PIPELINE TRANSPORTATION OF NATURAL GAS,ALBERTA ENERGY REGULATOR,2020/05/05 00:00:00+00,IMAGERY/OTHER,2020/05/05 00:00:00+00,https://www.aer.ca/,CANLIN RESOURCES PARTNERSHIP,A68P,CANLIN RESOURCES PARTNERSHIP,WITHIN 40 FEET,-999,-999,-999,-999,-999,-999,-999,-999,1970/01/01 00:00:00+00,-999,-999
-110.323643,50.4672550000001,1717,1717,GCOMP1717,PETRO-CANADA (CYPRESS P),"RANGE ROAD 32; 13-26-017-03-W4",NOT AVAILABLE,AB,NOT AVAILABLE,NOT APPLICABLE,NATURAL GAS COMPRESSOR STATION,IN SERVICE,CYPRESS,NOT APPLICABLE,CAN,50.467255,-110.323643,486210,PIPELINE TRANSPORTATION OF NATURAL GAS,ALBERTA ENERGY REGULATOR,2020/05/05 00:00:00+00,IMAGERY/OTHER,2020/05/05 00:00:00+00,https://www.aer.ca/,CANLIN RESOURCES PARTNERSHIP,A68P,CANLIN RESOURCES PARTNERSHIP,WITHIN 40 FEET,-999,-999,-999,-999,-999,-999,-999,-999,1970/01/01 00:00:00+00,-999,-999
-110.506544,50.3094620000001,1718,1718,GCOMP1718,PETRO-CANADA (CYPRESS Q),"TOWNSHIP ROAD 160; 13-33-015-04-W4",NOT AVAILABLE,AB,NOT AVAILABLE,NOT APPLICABLE,NATURAL GAS COMPRESSOR STATION,IN SERVICE,CYPRESS,NOT APPLICABLE,CAN,50.309462,-110.506544,486210,PIPELINE TRANSPORTATION OF NATURAL GAS,ALBERTA ENERGY REGULATOR,2020/05/05 00:00:00+00,IMAGERY/OTHER,2020/05/05 00:00:00+00,https://www.aer.ca/,CANLIN RESOURCES PARTNERSHIP,A68P,CANLIN RESOURCES PARTNERSHIP,WITHIN 40 FEET,-999,-999,-999,-999,-999,-999,-999,-999,1970/01/01 00:00:00+00,-999,-999
-110.560787,50.2773500000001,1719,1719,GCOMP1719,PETRO-CANADA (STATION A),10-24-015-05-W4,NOT AVAILABLE,AB,NOT AVAILABLE,NOT APPLICABLE,NATURAL GAS COMPRESSOR STATION,IN SERVICE,NOT AVAILABLE,NOT APPLICABLE,CAN,50.27735,-110.560787,486210,PIPELINE TRANSPORTATION OF NATURAL GAS,ALBERTA ENERGY REGULATOR,2020/05/05 00:00:00+00,IMAGERY/OTHER,2020/05/05 00:00:00+00,https://www.aer.ca/,CANLIN RESOURCES PARTNERSHIP,A68P,CANLIN RESOURCES PARTNERSHIP,WITHIN 40 FEET,-999,-999,-999,-999,-999,-999,-999,-999,1970/01/01 00:00:00+00,-999,-999
-110.354769,50.394439,1720,1720,GCOMP1720,PETRO-CANADA (STATION B),15-33-016-03-W4,NOT AVAILABLE,AB,NOT AVAILABLE,NOT APPLICABLE,NATURAL GAS COMPRESSOR STATION,IN SERVICE,NOT AVAILABLE,NOT APPLICABLE,CAN,50.394439,-110.354769,486210,PIPELINE TRANSPORTATION OF NATURAL GAS,ALBERTA ENERGY REGULATOR,2020/05/05 00:00:00+00,IMAGERY/OTHER,2020/05/05 00:00:00+00,https://www.aer.ca/,CANLIN RESOURCES PARTNERSHIP,A68P,CANLIN RESOURCES PARTNERSHIP,WITHIN 40 FEET,-999,-999,-999,-999,-999,-999,-999,-999,1970/01/01 00:00:00+00,-999,-999
-111.1121,49.5351020000001,1721,1721,GCOMP1721,PINE CLIFF ENERGY LTD.,"70066 885 HIGHWAY; 16-02-007-09-W4",NOT AVAILABLE,AB,NOT AVAILABLE,NOT APPLICABLE,NATURAL GAS COMPRESSOR STATION,IN SERVICE,FORTY MILE NO. 8,NOT APPLICABLE,CAN,49.535102,-111.1121,486210,PIPELINE TRANSPORTATION OF NATURAL GAS,ALBERTA ENERGY REGULATOR,2020/05/05 00:00:00+00,IMAGERY/OTHER,2020/05/05 00:00:00+00,https://www.aer.ca/,PINE CLIFF ENERGY LTD.,34617,PINE CLIFF ENERGY LTD.,WITHIN 40 FEET,-999,-999,-999,-999,-999,-999,-999,-999,1970/01/01 00:00:00+00,-999,-999
-111.006271,49.8750830000001,1722,1722,GCOMP1722,PIPER ENERGY INC (FORTY MILE NO. 8 A),"3 HIGHWAY; 01-03-011-08-W4",NOT AVAILABLE,AB,NOT AVAILABLE,NOT APPLICABLE,NATURAL GAS COMPRESSOR STATION,IN SERVICE,FORTY MILE NO. 8,NOT APPLICABLE,CAN,49.875083,-111.006271,486210,PIPELINE TRANSPORTATION OF NATURAL GAS,ALBERTA ENERGY REGULATOR,2020/05/05 00:00:00+00,IMAGERY/OTHER,2020/05/05 00:00:00+00,https://www.aer.ca/,BELLATRIX EXPLORATION LTD.,8850,BELLATRIX EXPLORATION LTD.,WITHIN 40 FEET,-999,-999,-999,-999,-999,-999,-999,-999,1970/01/01 00:00:00+00,-999,-999
-110.963223,49.7775930000001,1723,1723,GCOMP1723,PIPER ENERGY INC (FORTY MILE NO. 8 B),"RANGE ROAD 75; 09-31-009-07-W4",NOT AVAILABLE,AB,NOT AVAILABLE,NOT APPLICABLE,NATURAL GAS COMPRESSOR STATION,IN SERVICE,FORTY MILE NO. 8,NOT APPLICABLE,CAN,49.777593,-110.963223,486210,PIPELINE TRANSPORTATION OF NATURAL GAS,ALBERTA ENERGY REGULATOR,2020/05/05 00:00:00+00,IMAGERY/OTHER,2020/05/05 00:00:00+00,https://www.aer.ca/,BELLATRIX EXPLORATION LTD.,8850,BELLATRIX EXPLORATION LTD.,WITHIN 40 FEET,-999,-999,-999,-999,-999,-999,-999,-999,1970/01/01 00:00:00+00,-999,-999
-111.165193,49.9584580000001,1724,1724,GCOMP1724,PIPER ENERGY INC (FORTY MILE NO. 8 C),"TOWNSHIP ROAD 120; 16-33-011-09-W4",NOT AVAILABLE,AB,NOT AVAILABLE,NOT APPLICABLE,NATURAL GAS COMPRESSOR STATION,IN SERVICE,FORTY MILE NO. 8,NOT APPLICABLE,CAN,49.958458,-111.165193,486210,PIPELINE TRANSPORTATION OF NATURAL GAS,ALBERTA ENERGY REGULATOR,2020/05/05 00:00:00+00,IMAGERY/OTHER,2020/05/05 00:00:00+00,https://www.aer.ca/,BELLATRIX EXPLORATION LTD.,8850,BELLATRIX EXPLORATION LTD.,WITHIN 40 FEET,-999,-999,-999,-999,-999,-999,-999,-999,1970/01/01 00:00:00+00,-999,-999
-110.300831,50.3114350000001,1725,1725,GCOMP1725,PRIMEWEST ENERGY INC (CYPRESS),"RANGE ROAD 31; 04-01-016-03-W4",NOT AVAILABLE,AB,NOT AVAILABLE,NOT APPLICABLE,NATURAL GAS COMPRESSOR STATION,IN SERVICE,CYPRESS,NOT APPLICABLE,CAN,50.311435,-110.300831,486210,PIPELINE TRANSPORTATION OF NATURAL GAS,ALBERTA ENERGY REGULATOR,2020/05/05 00:00:00+00,IMAGERY/OTHER,2020/05/05 00:00:00+00,https://www.aer.ca/,TAQA NORTH LTD.,A2TG,TAQA NORTH LTD.,WITHIN 40 FEET,-999,-999,-999,-999,-999,-999,-999,-999,1970/01/01 00:00:00+00,-999,-999
-111.596063,49.8733960000001,1726,1726,GCOMP1726,PRIMEWEST ENERGY INC (FORTY MILE NO. 8 A),"TOWNSHIP ROAD 110; 04-04-011-12-W4",NOT AVAILABLE,AB,NOT AVAILABLE,NOT APPLICABLE,NATURAL GAS COMPRESSOR STATION,IN SERVICE,FORTY MILE NO. 8,NOT APPLICABLE,CAN,49.873396,-111.596063,486210,PIPELINE TRANSPORTATION OF NATURAL GAS,ALBERTA ENERGY REGULATOR,2020/05/05 00:00:00+00,IMAGERY/OTHER,2020/05/05 00:00:00+00,https://www.aer.ca/,TAQA NORTH LTD.,A2TG,TAQA NORTH LTD.,WITHIN 40 FEET,-999,-999,-999,-999,-999,-999,-999,-999,1970/01/01 00:00:00+00,-999,-999
-111.013705,49.501137,1727,1727,GCOMP1727,PRIMEWEST ENERGY INC (FORTY MILE NO. 8 B),"64045 RANGE ROAD 83; 05-27-006-08-W4",NOT AVAILABLE,AB,NOT AVAILABLE,NOT APPLICABLE,NATURAL GAS COMPRESSOR STATION,IN SERVICE,FORTY MILE NO. 8,NOT APPLICABLE,CAN,49.501137,-111.013705,486210,PIPELINE TRANSPORTATION OF NATURAL GAS,ALBERTA ENERGY REGULATOR,2020/05/05 00:00:00+00,IMAGERY/OTHER,2020/05/05 00:00:00+00,https://www.aer.ca/,TAQA NORTH LTD.,A2TG,TAQA NORTH LTD.,WITHIN 40 FEET,-999,-999,-999,-999,-999,-999,-999,-999,1970/01/01 00:00:00+00,-999,-999
-112.431793,50.2988260000001,1728,1728,GCOMP1728,PROVIDENT ENERGY LTD (TABER),"RANGE ROAD 184; 04-33-015-18-W4",NOT AVAILABLE,AB,NOT AVAILABLE,NOT APPLICABLE,NATURAL GAS COMPRESSOR STATION,IN SERVICE,TABER,NOT APPLICABLE,CAN,50.298826,-112.431793,486210,PIPELINE TRANSPORTATION OF NATURAL GAS,ALBERTA ENERGY REGULATOR,2020/05/05 00:00:00+00,IMAGERY/OTHER,2020/05/05 00:00:00+00,https://www.aer.ca/,SANLING ENERGY LTD.,A7AZ,SANLING ENERGY LTD.,WITHIN 40 FEET,-999,-999,-999,-999,-999,-999,-999,-999,1970/01/01 00:00:00+00,-999,-999
-112.309725,50.4238960000001,1729,1729,GCOMP1729,PROVIDENT ENERGY LTD (VULCAN),"539 HIGHWAY; 14-08-017-17-W4",NOT AVAILABLE,AB,NOT AVAILABLE,NOT APPLICABLE,NATURAL GAS COMPRESSOR STATION,IN SERVICE,VULCAN,NOT APPLICABLE,CAN,50.423896,-112.309725,486210,PIPELINE TRANSPORTATION OF NATURAL GAS,ALBERTA ENERGY REGULATOR,2020/05/05 00:00:00+00,IMAGERY/OTHER,2020/05/05 00:00:00+00,https://www.aer.ca/,SANLING ENERGY LTD.,A7AZ,SANLING ENERGY LTD.,WITHIN 40 FEET,-999,-999,-999,-999,-999,-999,-999,-999,1970/01/01 00:00:00+00,-999,-999
-110.18522,50.456486,1730,1730,GCOMP1730,RAMARRO RESOURCES INC,"RANGE ROAD 224; 04-26-017-02-W4",NOT AVAILABLE,AB,NOT AVAILABLE,NOT APPLICABLE,NATURAL GAS COMPRESSOR STATION,IN SERVICE,CYPRESS,NOT APPLICABLE,CAN,50.456486,-110.18522,486210,PIPELINE TRANSPORTATION OF NATURAL GAS,ALBERTA ENERGY REGULATOR,2020/05/05 00:00:00+00,IMAGERY/OTHER,2020/05/05 00:00:00+00,https://www.aer.ca/,RAMARRO RESOURCES INC.,0GG4,RAMARRO RESOURCES INC.,WITHIN 40 FEET,-999,-999,-999,-999,-999,-999,-999,-999,1970/01/01 00:00:00+00,-999,-999
-110.665498,50.155109,1731,1731,GCOMP1731,RAN DEVELOPMENTS (1977) LTD,"NEAR TOWNSHIP ROAD 141 (0.6 KM S); 08-07-014-05-W4",NOT AVAILABLE,AB,NOT AVAILABLE,NOT APPLICABLE,NATURAL GAS COMPRESSOR STATION,IN SERVICE,CYPRESS,NOT APPLICABLE,CAN,50.155109,-110.665498,486210,PIPELINE TRANSPORTATION OF NATURAL GAS,ALBERTA ENERGY REGULATOR,2020/05/05 00:00:00+00,IMAGERY/OTHER,2020/05/05 00:00:00+00,https://www.aer.ca/,RAN DEVELOPMENTS (1977) LTD.,0BT4,RAN DEVELOPMENTS (1977) LTD.,WITHIN 40 FEET,-999,-999,-999,-999,-999,-999,-999,-999,1970/01/01 00:00:00+00,-999,-999
-112.186212,50.29929,1732,1732,GCOMP1732,REAL,"NEAR RANGE ROAD 170 (1.4 KM W); 01-31-015-16-W4",NOT AVAILABLE,AB,NOT AVAILABLE,NOT APPLICABLE,NATURAL GAS COMPRESSOR STATION,IN SERVICE,TABER,NOT APPLICABLE,CAN,50.29929,-112.186212,486210,PIPELINE TRANSPORTATION OF NATURAL GAS,ALBERTA ENERGY REGULATOR,2020/05/05 00:00:00+00,IMAGERY/OTHER,2020/05/05 00:00:00+00,https://www.aer.ca/,CANADIAN NATURAL RESOURCES LIMITED,0HE9,CANADIAN NATURAL RESOURCES LIMITED,WITHIN 40 FEET,-999,-999,-999,-999,-999,-999,-999,-999,1970/01/01 00:00:00+00,-999,-999
-112.41089,49.0871010000001,1733,1733,GCOMP1733,REGENT RESOURCES LTD,"501 HIGHWAY; 01-01-002-19-W4",NOT AVAILABLE,AB,NOT AVAILABLE,NOT APPLICABLE,NATURAL GAS COMPRESSOR STATION,IN SERVICE,CARDSTON,NOT APPLICABLE,CAN,49.087101,-112.41089,486210,PIPELINE TRANSPORTATION OF NATURAL GAS,ALBERTA ENERGY REGULATOR,2020/05/05 00:00:00+00,IMAGERY/OTHER,2020/05/05 00:00:00+00,https://www.aer.ca/,REGENT RESOURCES LTD.,0NC3,REGENT RESOURCES LTD.,WITHIN 40 FEET,-999,-999,-999,-999,-999,-999,-999,-999,1970/01/01 00:00:00+00,-999,-999
-111.597954,50.1203110000001,1734,1734,GCOMP1734,RESOLUTE ENERGY INC,"NEAR 525 HIGHWAY (0.6 KM SSW); 16-29-013-12-W4",NOT AVAILABLE,AB,NOT AVAILABLE,NOT APPLICABLE,NATURAL GAS COMPRESSOR STATION,IN SERVICE,CYPRESS,NOT APPLICABLE,CAN,50.120311,-111.597954,486210,PIPELINE TRANSPORTATION OF NATURAL GAS,ALBERTA ENERGY REGULATOR,2020/05/05 00:00:00+00,IMAGERY/OTHER,2020/05/05 00:00:00+00,https://www.aer.ca/,ALPHABOW ENERGY LTD.,A7H2,ALPHABOW ENERGY LTD.,WITHIN 40 FEET,-999,-999,-999,-999,-999,-999,-999,-999,1970/01/01 00:00:00+00,-999,-999
-112.892869,49.9527830000001,1735,1735,GCOMP1735,ROZSA PETROLEUM LTD,"115043 RANGE ROAD 221; 05-36-011-22-W4",NOT AVAILABLE,AB,NOT AVAILABLE,NOT APPLICABLE,NATURAL GAS COMPRESSOR STATION,IN SERVICE,LETHBRIDGE,NOT APPLICABLE,CAN,49.952783,-112.892869,486210,PIPELINE TRANSPORTATION OF NATURAL GAS,ALBERTA ENERGY REGULATOR,2020/05/05 00:00:00+00,IMAGERY/OTHER,2020/05/05 00:00:00+00,https://www.aer.ca/,ROZSA PETROLEUM LTD.,0DP3,ROZSA PETROLEUM LTD.,WITHIN 40 FEET,-999,-999,-999,-999,-999,-999,-999,-999,1970/01/01 00:00:00+00,-999,-999
-111.058957,49.2863410000001,1736,1736,GCOMP1736,SHELL CANADA LIMITED,"41023 RANGE ROAD 85; 12-09-003-30-W4",NOT AVAILABLE,AB,NOT AVAILABLE,NOT APPLICABLE,NATURAL GAS COMPRESSOR STATION,IN SERVICE,FORTY MILE NO. 8,NOT APPLICABLE,CAN,49.286341,-111.058957,486210,PIPELINE TRANSPORTATION OF NATURAL GAS,ALBERTA ENERGY REGULATOR,2020/05/05 00:00:00+00,IMAGERY/OTHER,2020/05/05 00:00:00+00,https://www.aer.ca/,PIERIDAE ALBERTA PRODUCTION LTD.,A5C4,PIERIDAE ALBERTA PRODUCTION LTD.,WITHIN 40 FEET,-999,-999,-999,-999,-999,-999,-999,-999,1970/01/01 00:00:00+00,-999,-999
-114.143484,49.319867,1737,1737,GCOMP1737,SHELL CANADA LIMITED (STATION A),02-25-004-02-W5,NOT AVAILABLE,AB,NOT AVAILABLE,NOT APPLICABLE,NATURAL GAS COMPRESSOR STATION,IN SERVICE,NOT AVAILABLE,NOT APPLICABLE,CAN,49.319867,-114.143484,486210,PIPELINE TRANSPORTATION OF NATURAL GAS,ALBERTA ENERGY REGULATOR,2020/05/05 00:00:00+00,IMAGERY/OTHER,2020/05/05 00:00:00+00,https://www.aer.ca/,PIERIDAE ALBERTA PRODUCTION LTD.,A5C4,PIERIDAE ALBERTA PRODUCTION LTD.,WITHIN 40 FEET,-999,-999,-999,-999,-999,-999,-999,-999,1970/01/01 00:00:00+00,-999,-999
-114.044252,49.2561660000001,1738,1738,GCOMP1738,SHELL CANADA LIMITED (STATION B),09-34-003-01-W5,NOT AVAILABLE,AB,NOT AVAILABLE,NOT APPLICABLE,NATURAL GAS COMPRESSOR STATION,IN SERVICE,NOT AVAILABLE,NOT APPLICABLE,CAN,49.256166,-114.044252,486210,PIPELINE TRANSPORTATION OF NATURAL GAS,ALBERTA ENERGY REGULATOR,2020/05/05 00:00:00+00,IMAGERY/OTHER,2020/05/05 00:00:00+00,https://www.aer.ca/,PIERIDAE ALBERTA PRODUCTION LTD.,A5C4,PIERIDAE ALBERTA PRODUCTION LTD.,WITHIN 40 FEET,-999,-999,-999,-999,-999,-999,-999,-999,1970/01/01 00:00:00+00,-999,-999
-114.184245,49.3526790000001,1739,1739,GCOMP1739,SHELL CANADA LIMITED (PINCHER CREEK NO. 9 A),01-03-005-02-W5,NOT AVAILABLE,AB,NOT AVAILABLE,NOT APPLICABLE,NATURAL GAS COMPRESSOR STATION,IN SERVICE,PINCHER CREEK NO. 9,NOT APPLICABLE,CAN,49.352679,-114.184245,486210,PIPELINE TRANSPORTATION OF NATURAL GAS,ALBERTA ENERGY REGULATOR,2020/05/05 00:00:00+00,IMAGERY/OTHER,2020/05/05 00:00:00+00,https://www.aer.ca/,PIERIDAE ALBERTA PRODUCTION LTD.,A5C4,PIERIDAE ALBERTA PRODUCTION LTD.,WITHIN 40 FEET,-999,-999,-999,-999,-999,-999,-999,-999,1970/01/01 00:00:00+00,-999,-999
-114.076939,49.3065,1740,1740,GCOMP1740,SHELL CANADA LIMITED (PINCHER CREEK NO. 9 B),02-21-004-01-W5,NOT AVAILABLE,AB,NOT AVAILABLE,NOT APPLICABLE,NATURAL GAS COMPRESSOR STATION,IN SERVICE,PINCHER CREEK NO. 9,NOT APPLICABLE,CAN,49.3065,-114.076939,486210,PIPELINE TRANSPORTATION OF NATURAL GAS,ALBERTA ENERGY REGULATOR,2020/05/05 00:00:00+00,IMAGERY/OTHER,2020/05/05 00:00:00+00,https://www.aer.ca/,PIERIDAE ALBERTA PRODUCTION LTD.,A5C4,PIERIDAE ALBERTA PRODUCTION LTD.,WITHIN 40 FEET,-999,-999,-999,-999,-999,-999,-999,-999,1970/01/01 00:00:00+00,-999,-999
-114.086946419,49.4381065810001,1741,1741,GCOMP1741,SHELL CANADA LIMITED (PINCHER CREEK NO. 9 C),"RANGE ROAD 14; 04-04-006-01-W5",NOT AVAILABLE,AB,NOT AVAILABLE,NOT APPLICABLE,NATURAL GAS COMPRESSOR STATION,IN SERVICE,PINCHER CREEK NO. 9,NOT APPLICABLE,CAN,49.4381065810001,-114.086946419,486210,PIPELINE TRANSPORTATION OF NATURAL GAS,ALBERTA ENERGY REGULATOR,2020/05/05 00:00:00+00,IMAGERY/OTHER,2020/05/05 00:00:00+00,https://www.aer.ca/,SHELL CANADA LIMITED,0T03,SHELL CANADA LIMITED,WITHIN 40 FEET,-999,-999,-999,-999,-999,-999,-999,-999,1970/01/01 00:00:00+00,-999,-999
-114.086561384,49.4380967920001,1742,1742,GCOMP1742,SHELL CANADA LIMITED (PINCHER CREEK NO. 9 D),"RANGE ROAD 14; 04-04-006-01-W5",NOT AVAILABLE,AB,NOT AVAILABLE,NOT APPLICABLE,NATURAL GAS COMPRESSOR STATION,IN SERVICE,PINCHER CREEK NO. 9,NOT APPLICABLE,CAN,49.4380967920001,-114.086561384,486210,PIPELINE TRANSPORTATION OF NATURAL GAS,ALBERTA ENERGY REGULATOR,2020/05/05 00:00:00+00,IMAGERY/OTHER,2020/05/05 00:00:00+00,https://www.aer.ca/,PIERIDAE ALBERTA PRODUCTION LTD.,A5C4,PIERIDAE ALBERTA PRODUCTION LTD.,WITHIN 40 FEET,-999,-999,-999,-999,-999,-999,-999,-999,1970/01/01 00:00:00+00,-999,-999
-114.200889,49.3654460000001,1743,1743,GCOMP1743,SHELL CANADA LIMITED (PINCHER CREEK NO. 9 E),"NEAR RANGE ROAD 22B (1.5 KM NNW); 04-10-005-02-W5",NOT AVAILABLE,AB,NOT AVAILABLE,NOT APPLICABLE,NATURAL GAS COMPRESSOR STATION,IN SERVICE,PINCHER CREEK NO. 9,NOT APPLICABLE,CAN,49.365446,-114.200889,486210,PIPELINE TRANSPORTATION OF NATURAL GAS,ALBERTA ENERGY REGULATOR,2020/05/05 00:00:00+00,IMAGERY/OTHER,2020/05/05 00:00:00+00,https://www.aer.ca/,PIERIDAE ALBERTA PRODUCTION LTD.,A5C4,PIERIDAE ALBERTA PRODUCTION LTD.,WITHIN 40 FEET,-999,-999,-999,-999,-999,-999,-999,-999,1970/01/01 00:00:00+00,-999,-999
-114.089255,49.30728,1744,1744,GCOMP1744,SHELL CANADA LIMITED (PINCHER CREEK NO. 9 F),"1329 TOWNSHIP ROAD 43A; 04-21-004-01-W5",NOT AVAILABLE,AB,NOT AVAILABLE,NOT APPLICABLE,NATURAL GAS COMPRESSOR STATION,IN SERVICE,PINCHER CREEK NO. 9,NOT APPLICABLE,CAN,49.30728,-114.089255,486210,PIPELINE TRANSPORTATION OF NATURAL GAS,ALBERTA ENERGY REGULATOR,2020/05/05 00:00:00+00,IMAGERY/OTHER,2020/05/05 00:00:00+00,https://www.aer.ca/,PIERIDAE ALBERTA PRODUCTION LTD.,A5C4,PIERIDAE ALBERTA PRODUCTION LTD.,WITHIN 40 FEET,-999,-999,-999,-999,-999,-999,-999,-999,1970/01/01 00:00:00+00,-999,-999
-114.285745,49.4560520000001,1745,1745,GCOMP1745,SHELL CANADA LIMITED (PINCHER CREEK NO. 9 G),06-12-006-03-W5,NOT AVAILABLE,AB,NOT AVAILABLE,NOT APPLICABLE,NATURAL GAS COMPRESSOR STATION,IN SERVICE,PINCHER CREEK NO. 9,NOT APPLICABLE,CAN,49.456052,-114.285745,486210,PIPELINE TRANSPORTATION OF NATURAL GAS,ALBERTA ENERGY REGULATOR,2020/05/05 00:00:00+00,IMAGERY/OTHER,2020/05/05 00:00:00+00,https://www.aer.ca/,PIERIDAE ALBERTA PRODUCTION LTD.,A5C4,PIERIDAE ALBERTA PRODUCTION LTD.,WITHIN 40 FEET,-999,-999,-999,-999,-999,-999,-999,-999,1970/01/01 00:00:00+00,-999,-999
-114.059718,49.296298,1746,1746,GCOMP1746,SHELL CANADA LIMITED (PINCHER CREEK NO. 9 H),06-15-004-01-W5,NOT AVAILABLE,AB,NOT AVAILABLE,NOT APPLICABLE,NATURAL GAS COMPRESSOR STATION,IN SERVICE,PINCHER CREEK NO. 9,NOT APPLICABLE,CAN,49.296298,-114.059718,486210,PIPELINE TRANSPORTATION OF NATURAL GAS,ALBERTA ENERGY REGULATOR,2020/05/05 00:00:00+00,IMAGERY/OTHER,2020/05/05 00:00:00+00,https://www.aer.ca/,PIERIDAE ALBERTA PRODUCTION LTD.,A5C4,PIERIDAE ALBERTA PRODUCTION LTD.,WITHIN 40 FEET,-999,-999,-999,-999,-999,-999,-999,-999,1970/01/01 00:00:00+00,-999,-999
-114.160232,49.358599,1747,1747,GCOMP1747,SHELL CANADA LIMITED (PINCHER CREEK NO. 9 I),09-02-005-02-W5,NOT AVAILABLE,AB,NOT AVAILABLE,NOT APPLICABLE,NATURAL GAS COMPRESSOR STATION,IN SERVICE,PINCHER CREEK NO. 9,NOT APPLICABLE,CAN,49.358599,-114.160232,486210,PIPELINE TRANSPORTATION OF NATURAL GAS,ALBERTA ENERGY REGULATOR,2020/05/05 00:00:00+00,IMAGERY/OTHER,2020/05/05 00:00:00+00,https://www.aer.ca/,PIERIDAE ALBERTA PRODUCTION LTD.,A5C4,PIERIDAE ALBERTA PRODUCTION LTD.,WITHIN 40 FEET,-999,-999,-999,-999,-999,-999,-999,-999,1970/01/01 00:00:00+00,-999,-999
-114.030844,49.269373,1748,1748,GCOMP1748,SHELL CANADA LIMITED (PINCHER CREEK NO. 9 J),10-02-004-01-W5,NOT AVAILABLE,AB,NOT AVAILABLE,NOT APPLICABLE,NATURAL GAS COMPRESSOR STATION,IN SERVICE,PINCHER CREEK NO. 9,NOT APPLICABLE,CAN,49.269373,-114.030844,486210,PIPELINE TRANSPORTATION OF NATURAL GAS,ALBERTA ENERGY REGULATOR,2020/05/05 00:00:00+00,IMAGERY/OTHER,2020/05/05 00:00:00+00,https://www.aer.ca/,PIERIDAE ALBERTA PRODUCTION LTD.,A5C4,PIERIDAE ALBERTA PRODUCTION LTD.,WITHIN 40 FEET,-999,-999,-999,-999,-999,-999,-999,-999,1970/01/01 00:00:00+00,-999,-999
-114.235934,49.3869040000001,1749,1749,GCOMP1749,SHELL CANADA LIMITED (PINCHER CREEK NO. 9 K),"2436 TOWNSHIP ROAD 53; 10-17-005-02-W5",NOT AVAILABLE,AB,NOT AVAILABLE,NOT APPLICABLE,NATURAL GAS COMPRESSOR STATION,IN SERVICE,PINCHER CREEK NO. 9,NOT APPLICABLE,CAN,49.386904,-114.235934,486210,PIPELINE TRANSPORTATION OF NATURAL GAS,ALBERTA ENERGY REGULATOR,2020/05/05 00:00:00+00,IMAGERY/OTHER,2020/05/05 00:00:00+00,https://www.aer.ca/,PIERIDAE ALBERTA PRODUCTION LTD.,A5C4,PIERIDAE ALBERTA PRODUCTION LTD.,WITHIN 40 FEET,-999,-999,-999,-999,-999,-999,-999,-999,1970/01/01 00:00:00+00,-999,-999
-114.02841,49.2305840000001,1750,1750,GCOMP1750,SHELL CANADA LIMITED (PINCHER CREEK NO. 9 L),16-23-003-01-W5,NOT AVAILABLE,AB,NOT AVAILABLE,NOT APPLICABLE,NATURAL GAS COMPRESSOR STATION,IN SERVICE,PINCHER CREEK NO. 9,NOT APPLICABLE,CAN,49.230584,-114.02841,486210,PIPELINE TRANSPORTATION OF NATURAL GAS,ALBERTA ENERGY REGULATOR,2020/05/05 00:00:00+00,IMAGERY/OTHER,2020/05/05 00:00:00+00,https://www.aer.ca/,PIERIDAE ALBERTA PRODUCTION LTD.,A5C4,PIERIDAE ALBERTA PRODUCTION LTD.,WITHIN 40 FEET,-999,-999,-999,-999,-999,-999,-999,-999,1970/01/01 00:00:00+00,-999,-999
-113.547534,50.2632130000001,1751,1751,GCOMP1751,SIGNALTA RESOURCES LIMITED,"152005 RANGE ROAD 265; 13-17-015-26-W4",NOT AVAILABLE,AB,NOT AVAILABLE,NOT APPLICABLE,NATURAL GAS COMPRESSOR STATION,IN SERVICE,WILLOW CREEK NO. 26,NOT APPLICABLE,CAN,50.263213,-113.547534,486210,PIPELINE TRANSPORTATION OF NATURAL GAS,ALBERTA ENERGY REGULATOR,2020/05/05 00:00:00+00,IMAGERY/OTHER,2020/05/05 00:00:00+00,https://www.aer.ca/,LONG TERM ASSET MANAGEMENT INC.,A6JF,LONG TERM ASSET MANAGEMENT INC.,WITHIN 40 FEET,-999,-999,-999,-999,-999,-999,-999,-999,1970/01/01 00:00:00+00,-999,-999
-112.70689,50.1962340000001,1752,1752,GCOMP1752,TERCERO ENERGY INC,"NEAR RANGE ROAD 210 (1.8 M W); 04-29-014-20-W4",NOT AVAILABLE,AB,NOT AVAILABLE,NOT APPLICABLE,NATURAL GAS COMPRESSOR STATION,IN SERVICE,VULCAN,NOT APPLICABLE,CAN,50.196234,-112.70689,486210,PIPELINE TRANSPORTATION OF NATURAL GAS,ALBERTA ENERGY REGULATOR,2020/05/05 00:00:00+00,IMAGERY/OTHER,2020/05/05 00:00:00+00,https://www.aer.ca/,DELPHI ENERGY CORP.,0CT7,DELPHI ENERGY CORP.,WITHIN 40 FEET,-999,-999,-999,-999,-999,-999,-999,-999,1970/01/01 00:00:00+00,-999,-999
-112.792144,49.92393,1753,1753,GCOMP1753,TERRAQUEST ENERGY CORPORATION (LETHBRIDGE),"NEAR RANGE ROAD 213 (0.6 KMW); 06-22-011-21-W4",NOT AVAILABLE,AB,NOT AVAILABLE,NOT APPLICABLE,NATURAL GAS COMPRESSOR STATION,IN SERVICE,LETHBRIDGE,NOT APPLICABLE,CAN,49.92393,-112.792144,486210,PIPELINE TRANSPORTATION OF NATURAL GAS,ALBERTA ENERGY REGULATOR,2020/05/05 00:00:00+00,IMAGERY/OTHER,2020/05/05 00:00:00+00,https://www.aer.ca/,ZARGON OIL & GAS LTD.,0MP9,ZARGON OIL & GAS LTD.,WITHIN 40 FEET,-999,-999,-999,-999,-999,-999,-999,-999,1970/01/01 00:00:00+00,-999,-999
-112.714087,50.1273200000001,1754,1754,GCOMP1754,TERRAQUEST ENERGY CORPORATION (VULCAN),"NEAR 522 HIGHWAY (1.0 KM N); 08-31-013-20-W4",NOT AVAILABLE,AB,NOT AVAILABLE,NOT APPLICABLE,NATURAL GAS COMPRESSOR STATION,IN SERVICE,VULCAN,NOT APPLICABLE,CAN,50.12732,-112.714087,486210,PIPELINE TRANSPORTATION OF NATURAL GAS,ALBERTA ENERGY REGULATOR,2020/05/05 00:00:00+00,IMAGERY/OTHER,2020/05/05 00:00:00+00,https://www.aer.ca/,ZARGON OIL & GAS LTD.,0MP9,ZARGON OIL & GAS LTD.,WITHIN 40 FEET,-999,-999,-999,-999,-999,-999,-999,-999,1970/01/01 00:00:00+00,-999,-999
-111.466085,49.0110550000001,1755,1755,GCOMP1755,TEXALTA PETROLEUM LTD,14-06-001-11-W4,NOT AVAILABLE,AB,NOT AVAILABLE,NOT APPLICABLE,NATURAL GAS COMPRESSOR STATION,IN SERVICE,NOT AVAILABLE,NOT APPLICABLE,CAN,49.011055,-111.466085,486210,PIPELINE TRANSPORTATION OF NATURAL GAS,ALBERTA ENERGY REGULATOR,2020/05/05 00:00:00+00,IMAGERY/OTHER,2020/05/05 00:00:00+00,https://www.aer.ca/,TEXALTA PETROLEUM LTD.,0RK5,TEXALTA PETROLEUM LTD.,WITHIN 40 FEET,-999,-999,-999,-999,-999,-999,-999,-999,1970/01/01 00:00:00+00,-999,-999
-112.234883,50.0493060000001,1756,1756,GCOMP1756,TRILOCH RESOURCES INC,"TOWNSHIP ROAD 130; 04-02-013-17-W4",NOT AVAILABLE,AB,NOT AVAILABLE,NOT APPLICABLE,NATURAL GAS COMPRESSOR STATION,IN SERVICE,TABER,NOT APPLICABLE,CAN,50.049306,-112.234883,486210,PIPELINE TRANSPORTATION OF NATURAL GAS,ALBERTA ENERGY REGULATOR,2020/05/05 00:00:00+00,IMAGERY/OTHER,2020/05/05 00:00:00+00,https://www.aer.ca/,ENERPLUS CORPORATION,A5RD,ENERPLUS CORPORATION,WITHIN 40 FEET,-999,-999,-999,-999,-999,-999,-999,-999,1970/01/01 00:00:00+00,-999,-999
-112.399258,49.9115850000001,1757,1757,GCOMP1757,TURIN N. 10-16-11-18 COMP.,10-16-011-18-W4,NOT AVAILABLE,AB,NOT AVAILABLE,NOT APPLICABLE,NATURAL GAS COMPRESSOR STATION,IN SERVICE,TABER,NOT APPLICABLE,CAN,49.911585,-112.399258,486210,PIPELINE TRANSPORTATION OF NATURAL GAS,ALBERTA ENERGY REGULATOR,2020/05/05 00:00:00+00,IMAGERY/OTHER,2020/05/05 00:00:00+00,https://www.aer.ca/,BAYTEX ENERGY LTD.,0RL9,BAYTEX ENERGY LTD.,WITHIN 40 FEET,-999,-999,-999,-999,-999,-999,-999,-999,1970/01/01 00:00:00+00,-999,-999
-111.895854,49.775026,1758,1758,GCOMP1758,VAL VISTA ENERGY INC (TABER),"NEAR RANGE ROAD 150 (0.6 KM W); 06-31-009-14-W4",NOT AVAILABLE,AB,NOT AVAILABLE,NOT APPLICABLE,NATURAL GAS COMPRESSOR STATION,IN SERVICE,TABER,NOT APPLICABLE,CAN,49.775026,-111.895854,486210,PIPELINE TRANSPORTATION OF NATURAL GAS,ALBERTA ENERGY REGULATOR,2020/05/05 00:00:00+00,IMAGERY/OTHER,2020/05/05 00:00:00+00,https://www.aer.ca/,SANLING ENERGY LTD.,A7AZ,SANLING ENERGY LTD.,WITHIN 40 FEET,-999,-999,-999,-999,-999,-999,-999,-999,1970/01/01 00:00:00+00,-999,-999
-112.069712,49.4655680000001,1759,1759,GCOMP1759,VAL VISTA ENERGY INC (WARNER NO. 5),"6210 RANGE ROAD 162; 01-15-006-16-W4",NOT AVAILABLE,AB,NOT AVAILABLE,NOT APPLICABLE,NATURAL GAS COMPRESSOR STATION,IN SERVICE,WARNER NO. 5,NOT APPLICABLE,CAN,49.465568,-112.069712,486210,PIPELINE TRANSPORTATION OF NATURAL GAS,ALBERTA ENERGY REGULATOR,2020/05/05 00:00:00+00,IMAGERY/OTHER,2020/05/05 00:00:00+00,https://www.aer.ca/,SPYGLASS RESOURCES CORP.,A6J4,SPYGLASS RESOURCES CORP.,WITHIN 40 FEET,-999,-999,-999,-999,-999,-999,-999,-999,1970/01/01 00:00:00+00,-999,-999
-111.442262,49.110932,1760,1760,GCOMP1760,VISTA MIDSTREAM SOLUTIONS LTD,11-10-012-18-W4,NOT AVAILABLE,AB,NOT AVAILABLE,NOT APPLICABLE,NATURAL GAS COMPRESSOR STATION,IN SERVICE,NOT AVAILABLE,NOT APPLICABLE,CAN,49.110932,-111.442262,486210,PIPELINE TRANSPORTATION OF NATURAL GAS,ALBERTA ENERGY REGULATOR,2020/05/05 00:00:00+00,IMAGERY/OTHER,2020/05/05 00:00:00+00,https://www.aer.ca/,CAMPUS ENERGY PARTNERS OPERATION,A81C,CAMPUS ENERGY PARTNERS OPERATION,WITHIN 40 FEET,-999,-999,-999,-999,-999,-999,-999,-999,1970/01/01 00:00:00+00,-999,-999
-112.225955,50.051863,1761,1761,GCOMP1761,VISTA MIDSTREAM SOLUTIONS LTD (TABER A),"TOWNSHIP ROAD 130; 03-02-013-17-W4",NOT AVAILABLE,AB,NOT AVAILABLE,NOT APPLICABLE,NATURAL GAS COMPRESSOR STATION,IN SERVICE,TABER,NOT APPLICABLE,CAN,50.051863,-112.225955,486210,PIPELINE TRANSPORTATION OF NATURAL GAS,ALBERTA ENERGY REGULATOR,2020/05/05 00:00:00+00,IMAGERY/OTHER,2020/05/05 00:00:00+00,https://www.aer.ca/,CAMPUS ENERGY PARTNERS OPERATION,A81C,CAMPUS ENERGY PARTNERS OPERATION,WITHIN 40 FEET,-999,-999,-999,-999,-999,-999,-999,-999,1970/01/01 00:00:00+00,-999,-999
-112.319332,49.8041940000001,1762,1762,GCOMP1762,VISTA MIDSTREAM SOLUTIONS LTD (TABER B),"NEAR RANGE ROAD 180 (1.0 KM E); 06-12-010-18-W4",NOT AVAILABLE,AB,NOT AVAILABLE,NOT APPLICABLE,NATURAL GAS COMPRESSOR STATION,IN SERVICE,TABER,NOT APPLICABLE,CAN,49.804194,-112.319332,486210,PIPELINE TRANSPORTATION OF NATURAL GAS,ALBERTA ENERGY REGULATOR,2020/05/05 00:00:00+00,IMAGERY/OTHER,2020/05/05 00:00:00+00,https://www.aer.ca/,CAMPUS ENERGY PARTNERS OPERATION,A81C,CAMPUS ENERGY PARTNERS OPERATION,WITHIN 40 FEET,-999,-999,-999,-999,-999,-999,-999,-999,1970/01/01 00:00:00+00,-999,-999
-112.278374,49.916461,1763,1763,GCOMP1763,VISTA MIDSTREAM SOLUTIONS LTD (TABER C),"RANGE ROAD 174; 13-16-011-17-W4",NOT AVAILABLE,AB,NOT AVAILABLE,NOT APPLICABLE,NATURAL GAS COMPRESSOR STATION,IN SERVICE,TABER,NOT APPLICABLE,CAN,49.916461,-112.278374,486210,PIPELINE TRANSPORTATION OF NATURAL GAS,ALBERTA ENERGY REGULATOR,2020/05/05 00:00:00+00,IMAGERY/OTHER,2020/05/05 00:00:00+00,https://www.aer.ca/,CAMPUS ENERGY PARTNERS OPERATION,A81C,CAMPUS ENERGY PARTNERS OPERATION,WITHIN 40 FEET,-999,-999,-999,-999,-999,-999,-999,-999,1970/01/01 00:00:00+00,-999,-999
-112.328079,50.0885000000001,1764,1764,GCOMP1764,VISTA MIDSTREAM SOLUTIONS LTD (TABER D),"RANGE ROAD 180; 16-13-013-18-W4",NOT AVAILABLE,AB,NOT AVAILABLE,NOT APPLICABLE,NATURAL GAS COMPRESSOR STATION,IN SERVICE,TABER,NOT APPLICABLE,CAN,50.0885,-112.328079,486210,PIPELINE TRANSPORTATION OF NATURAL GAS,ALBERTA ENERGY REGULATOR,2020/05/05 00:00:00+00,IMAGERY/OTHER,2020/05/05 00:00:00+00,https://www.aer.ca/,CAMPUS ENERGY PARTNERS OPERATION,A81C,CAMPUS ENERGY PARTNERS OPERATION,WITHIN 40 FEET,-999,-999,-999,-999,-999,-999,-999,-999,1970/01/01 00:00:00+00,-999,-999
-112.716511,50.1239,1765,1765,GCOMP1765,VISTA MIDSTREAM SOLUTIONS LTD (VULCAN),"NEAR 522 HIGHWAY (1.4 KM N); 01-31-013-20-W4",NOT AVAILABLE,AB,NOT AVAILABLE,NOT APPLICABLE,NATURAL GAS COMPRESSOR STATION,IN SERVICE,VULCAN,NOT APPLICABLE,CAN,50.1239,-112.716511,486210,PIPELINE TRANSPORTATION OF NATURAL GAS,ALBERTA ENERGY REGULATOR,2020/05/05 00:00:00+00,IMAGERY/OTHER,2020/05/05 00:00:00+00,https://www.aer.ca/,CAMPUS ENERGY PARTNERS OPERATION,A81C,CAMPUS ENERGY PARTNERS OPERATION,WITHIN 40 FEET,-999,-999,-999,-999,-999,-999,-999,-999,1970/01/01 00:00:00+00,-999,-999
-112.364336664,50.0958906880001,1766,1766,GCOMP1766,PROVIDENT RETLAW 06-23 GGS,"NEAR RANGE ROAD 182 (0.6 KM W); 06-23-013-18-W4",NOT AVAILABLE,AB,NOT AVAILABLE,NOT APPLICABLE,NATURAL GAS COMPRESSOR STATION,IN SERVICE,TABER,NOT APPLICABLE,CAN,50.0958906880001,-112.364336664,486210,PIPELINE TRANSPORTATION OF NATURAL GAS,ALBERTA ENERGY REGULATOR,2020/05/05 00:00:00+00,IMAGERY/OTHER,2020/05/05 00:00:00+00,https://www.aer.ca/,SANLING ENERGY LTD.,A7AZ,SANLING ENERGY LTD.,WITHIN 40 FEET,-999,-999,-999,-999,-999,-999,-999,-999,1970/01/01 00:00:00+00,-999,-999
-110.700046,49.7627870000001,1767,1767,GCOMP1767,YANGARRA RESOURCES CORP.,"9305 BLACK & WHITE TRAIL; 05-25-009-06-W4",NOT AVAILABLE,AB,NOT AVAILABLE,NOT APPLICABLE,NATURAL GAS COMPRESSOR STATION,IN SERVICE,CYPRESS,NOT APPLICABLE,CAN,49.762787,-110.700046,486210,PIPELINE TRANSPORTATION OF NATURAL GAS,ALBERTA ENERGY REGULATOR,2020/05/05 00:00:00+00,IMAGERY/OTHER,2020/05/05 00:00:00+00,https://www.aer.ca/,YANGARRA RESOURCES CORP.,0LN7,YANGARRA RESOURCES CORP.,WITHIN 40 FEET,-999,-999,-999,-999,-999,-999,-999,-999,1970/01/01 00:00:00+00,-999,-999
-112.359616842,50.089673561,1768,1768,GCOMP1768,WOLF COULEE RESOURCES INC.,"NEAR RANGE ROAD 182 (0.6 KM W); 14-14-013-18-W4",NOT AVAILABLE,AB,NOT AVAILABLE,NOT APPLICABLE,NATURAL GAS COMPRESSOR STATION,IN SERVICE,TABER,NOT APPLICABLE,CAN,50.089673561,-112.359616842,486210,PIPELINE TRANSPORTATION OF NATURAL GAS,ALBERTA ENERGY REGULATOR,2020/05/05 00:00:00+00,IMAGERY/OTHER,2020/05/05 00:00:00+00,https://www.aer.ca/,WOLF COULEE RESOURCES INC.,A16L,WOLF COULEE RESOURCES INC.,WITHIN 166 FEET,-999,-999,-999,-999,-999,-999,-999,-999,1970/01/01 00:00:00+00,-999,-999
